[*] Frida v4 — BF Key Finder — 2026-03-29T21:21:09.578Z
[*] Hooked BF_cfb64_encrypt
[*] Hooked DoReceiveShakeHand

[SCAN] ===== SCANNING .rdata FOR KEY CANDIDATES =====
[SCAN] Conquer.exe base: 0x400000 size: 28258304
[SCAN] Section: .text addr=0x401000 size=17533952
[SCAN] Section: .rdata addr=0x14ba000 size=5080064
[SCAN] Section: .data addr=0x1993000 size=443392
[SCAN] Section: _RDATA addr=0x1a28000 size=1536
[SCAN] Section: .rsrc addr=0x1a29000 size=1129472
[SCAN] Section: .vlizer addr=0x1b3d000 size=3891200

[SCAN] Scanning .rdata (5080064 bytes)...
[SCAN] Found 4492 key candidates in .rdata
[SCAN] 0x14ba845: "u;o@4;opA;o" (11 chars)
[SCAN] 0x14bae9d: "\[^P\[^p" (8 chars)
[SCAN] 0x14baf91: "tU^@uU^8&a^`0H^P" (16 chars)
[SCAN] 0x14bb039: "YZ^@YZ^@YZ^8%a^" (15 chars)
[SCAN] 0x14bb0d1: "eZ^p^Z^PfZ^p" (12 chars)
[SCAN] 0x14bb1e6: "[^`YS^pQS^" (10 chars)
[SCAN] 0x14bb235: "+H^psU^@" (8 chars)
[SCAN] 0x14bd7df: "SAFE_DELETE(%s)" (15 chars)
[SCAN] 0x14bd825: "Reference" (9 chars)
[SCAN] 0x14bd82f: "Detected" (8 chars)
[SCAN] 0x14bd994: "Version:" (8 chars)
[SCAN] 0x14bd9a0: "\MyShell\MyShell.cpp" (20 chars)
[SCAN] 0x14bd9b8: "e:\cqclient\gzsu2kc5\0\cqclient\cqclient\myshell\myshell.cpp" (60 chars)
[SCAN] 0x14bd9f8: "VersionInfo" (11 chars)
[SCAN] 0x14bda2c: "./debug/%04u_%02u_%02u__%02u_%02u_%02u_%04u.dmp" (47 chars)
[SCAN] 0x14bda70: "CGameDataSet" (12 chars)
[SCAN] 0x14bdabc: "tqpOnInitProcess" (16 chars)
[SCAN] 0x14bdad8: "tqpOnInitProcess()" (18 chars)
[SCAN] 0x14bdb04: "TQNDP_Initialize" (16 chars)
[SCAN] 0x14bdb20: "TQNDP_Initialize()" (18 chars)
[SCAN] 0x14bdb90: "g_pBkWnd" (8 chars)
[SCAN] 0x14bdb9c: "TQNDP_Destroy()" (15 chars)
[SCAN] 0x14bdbc4: "tqpOnExitProcess()" (18 chars)
[SCAN] 0x14bdc38: "PirateJX_BG28" (13 chars)
[SCAN] 0x14bdc48: "PirateJX_BG29" (13 chars)
[SCAN] 0x14bdc58: "PirateJX_BG30" (13 chars)
[SCAN] 0x14bdc68: "PirateJX_ui36" (13 chars)
[SCAN] 0x14bdc78: "PirateJX_ui37" (13 chars)
[SCAN] 0x14bdc88: "PirateJX_ui38" (13 chars)
[SCAN] 0x14bdc98: "PirateJX_ui39" (13 chars)
[SCAN] 0x14bdca8: "PirateJX_Pic19" (14 chars)
[SCAN] 0x14bdcb8: "PirateJX_Pic20" (14 chars)
[SCAN] 0x14bdd78: "vector<T>" (9 chars)
[SCAN] 0x14c4010: "msctls_progress32" (17 chars)
[SCAN] 0x14c4024: "msctls_trackbar32" (17 chars)
[SCAN] 0x14c4040: "UseSkinMode" (11 chars)
[SCAN] 0x14c4158: "Button555" (9 chars)
[SCAN] 0x14c4164: "Openhole_CancelBtn" (18 chars)
[SCAN] 0x14c43bc: "Faction_AddrewardBG" (19 chars)
[SCAN] 0x14c43fc: "Faction_SetrewardBG" (19 chars)
[SCAN] 0x14c457c: "CDlgBoYiActivity7Day" (20 chars)
[SCAN] 0x14c4678: "moneyDes" (8 chars)
[SCAN] 0x14c4684: "activity_task_GetSeventDayTaskCfg" (33 chars)
[SCAN] 0x14c46c0: "activity_task_GetTaskBtnCfg" (27 chars)
[SCAN] 0x14c46f0: "sevenday_Day7_get" (17 chars)
[SCAN] 0x14c4808: "activity_task_GetAutoRunPos" (27 chars)
[SCAN] 0x14c4824: "CDlgCommanderFace" (17 chars)
[SCAN] 0x14c48d0: "MagicSkillType%d" (16 chars)
[SCAN] 0x14c48e4: "pFontSetInfo" (12 chars)
[SCAN] 0x14c48fc: "Commander_GetNoramlTalk" (23 chars)
[SCAN] 0x14c4b34: "CDlgDragonSkinRank" (18 chars)
[SCAN] 0x14c4b48: "ini/DragonSkin.lua" (18 chars)
[SCAN] 0x14c4b5c: "DummyOffsetX" (12 chars)
[SCAN] 0x14c4b74: "DragonSkin_GetRankInfo" (22 chars)
[SCAN] 0x14c4b8c: "DummyOffsetY" (12 chars)
[SCAN] 0x14c4b9c: "MountRotate" (11 chars)
[SCAN] 0x14c4ba8: "DummyScale" (10 chars)
[SCAN] 0x14c4bbc: "EquipShow" (9 chars)
[SCAN] 0x14c4bc8: "TitleOffsetY" (12 chars)
[SCAN] 0x14c4bd8: "TitleScale" (10 chars)
[SCAN] 0x14c4c40: "SoldierServant_GetBodyEffLevByLev" (33 chars)
[SCAN] 0x14c4cb0: "m_pDummy" (8 chars)
[SCAN] 0x14c4cf4: "NewJiuGong_SeePic" (17 chars)
[SCAN] 0x14c4d08: "CDlgEnemyInvadeExpedition" (25 chars)
[SCAN] 0x14c4dd8: "WaiDiRuQin_KSYZBtn" (18 chars)
[SCAN] 0x14c4dec: "EnemyInvade_GetDestinationAreaAni" (33 chars)
[SCAN] 0x14c4e10: "WaiDiRuQin_WZyzz" (16 chars)
[SCAN] 0x14c4e24: "EnemyInvade_GetExpeditionEffect" (31 chars)
[SCAN] 0x14c4ea8: "EnemyInvade_GetExpeditionTimeLen" (32 chars)
[SCAN] 0x14c5260: "Button540" (9 chars)
[SCAN] 0x14c5284: "Button541" (9 chars)
[SCAN] 0x14c5290: "e:\cqclient\gzsu2kc5\0\cqclient\cqclient\myshell\dlgfuse.cpp" (60 chars)
[SCAN] 0x14c52d0: "gpDlgShell" (10 chars)
[SCAN] 0x14c5318: "Sound/BtnClick.wav" (18 chars)
[SCAN] 0x14c5368: "CDlgGiftRankDetail" (18 chars)
[SCAN] 0x14c53e8: "RankTOP3LBG" (11 chars)
[SCAN] 0x14c53f4: "RankItemBG" (10 chars)
[SCAN] 0x14c54ec: "CDlgGuideUniversal" (18 chars)
[SCAN] 0x14c5538: "EscEnable" (9 chars)
[SCAN] 0x14c5544: "GuideUniversal_GetInfoData1" (27 chars)
[SCAN] 0x14c5560: "CoverDlg" (8 chars)
[SCAN] 0x14c557c: "GuideUniversal_GetInfoData2" (27 chars)
[SCAN] 0x14c5598: "TitleText" (9 chars)
[SCAN] 0x14c55bc: "FontColor" (9 chars)
[SCAN] 0x14c55c8: "FontSize" (8 chars)
[SCAN] 0x14c55e8: "SendMessage" (11 chars)
[SCAN] 0x14c55f4: "CDlgHundredWeaponsSkillCd" (25 chars)
[SCAN] 0x14c5630: "HundredWeapons_GetChangeTipsTime" (32 chars)
[SCAN] 0x14c588c: "CDlgLotteryProbability" (22 chars)
[SCAN] 0x14c5af4: "!m_vecViceID.empty()" (20 chars)
[SCAN] 0x14c5b0c: "pDlgFrame" (9 chars)
[SCAN] 0x14c5b26: "!vecViceID.empty()" (18 chars)
[SCAN] 0x14c5bb4: "CDlgNewLotteryRank" (18 chars)
[SCAN] 0x14c5cdc: "NewLottery_GetRankRewardText" (28 chars)
[SCAN] 0x14c5e78: "shipbang_%dBG" (13 chars)
[SCAN] 0x14c5e88: "shichoujiang_p%dPic" (19 chars)
[SCAN] 0x14c5eac: "shichoujiang_chou1Pic" (21 chars)
[SCAN] 0x14c5ec4: "SeeButton" (9 chars)
[SCAN] 0x14c5ed0: "shipbang_Btn2" (13 chars)
[SCAN] 0x14c5f20: "TipButton" (9 chars)
[SCAN] 0x14c5f2c: "GotoButton" (10 chars)
[SCAN] 0x14c5f38: "xinlunpan_Btn8" (14 chars)
[SCAN] 0x14c6034: "CDlgNinjaSkillIdentity" (22 chars)
[SCAN] 0x14c608c: "NinjaSkill_GetIdentityData" (26 chars)
[SCAN] 0x14c6104: "ItemMonopoly" (12 chars)
[SCAN] 0x14c6114: "NextCount" (9 chars)
[SCAN] 0x14c6120: "NextHeight" (10 chars)
[SCAN] 0x14c612c: "NinjaSkill_GetIdentityNextData" (30 chars)
[SCAN] 0x14c614c: "CDlgOrderSalary" (15 chars)
[SCAN] 0x14c6430: "CDlgPirateLotteryGetItem" (24 chars)
[SCAN] 0x14c64a0: "TYXJ_Lottery_GetXianYuanLotteryIndexByType" (42 chars)
[SCAN] 0x14c64cc: "KuangTime" (9 chars)
[SCAN] 0x14c64d8: "PirateLottery_GetPirateOneLotteryAnimationInfo" (46 chars)
[SCAN] 0x14c6508: "ItemAfterEffectTime" (19 chars)
[SCAN] 0x14c6520: "PirateLottery_GetFruitInfoById" (30 chars)
[SCAN] 0x14c6540: "PirateJX_ui33" (13 chars)
[SCAN] 0x14c6550: "SSRAfterEffectTime" (18 chars)
[SCAN] 0x14c656c: "PirateLottery_GetPirateLotterySSRInfo" (37 chars)
[SCAN] 0x14c6594: "TitleAni" (8 chars)
[SCAN] 0x14c65a8: "SSRShowTime" (11 chars)
[SCAN] 0x14c65bc: "PirateLottery_GetTongYongSuiPianInfo" (36 chars)
[SCAN] 0x14c65f4: "FruitImgOffsetX" (15 chars)
[SCAN] 0x14c6604: "PirateLottery_GetPirateLotteryReslutBaseInfo" (44 chars)
[SCAN] 0x14c6634: "FruitImgOffsetY" (15 chars)
[SCAN] 0x14c6644: "YZHImgAni" (9 chars)
[SCAN] 0x14c6660: "PirateLottery_GetFuWenById" (26 chars)
[SCAN] 0x14c667c: "FuWenImgOffsetX" (15 chars)
[SCAN] 0x14c668c: "FuWenImgOffsetY" (15 chars)
[SCAN] 0x14c669c: "NoItemBkImgOffsetX" (18 chars)
[SCAN] 0x14c66b0: "NoItemBkImgOffsetY" (18 chars)
[SCAN] 0x14c66c4: "ItemBkImgOffsetX" (16 chars)
[SCAN] 0x14c66d8: "ItemBkImgOffsetY" (16 chars)
[SCAN] 0x14c6740: "ItemImgOffsetX" (14 chars)
[SCAN] 0x14c6750: "ItemImgOffsetY" (14 chars)
[SCAN] 0x14c6760: "ini/ProUpgradeTitle.lua" (23 chars)
[SCAN] 0x14c6830: "ProUpgradeTitle_GetOpenTitleGrade" (33 chars)
[SCAN] 0x14c690c: "ProUpgradeTitle_GetOpenUpgradeDlgInterval" (41 chars)
[SCAN] 0x14c6938: "ProUpgradeTitle_GetProUpgradeAni" (32 chars)
[SCAN] 0x14c695c: "ProUpgradeTitle_GetProLevAni" (28 chars)
[SCAN] 0x14c69c4: "ProUpgradeTitle_GetTitleTopAni" (30 chars)
[SCAN] 0x14c6a20: "ProAdvanced_HookPic" (19 chars)
[SCAN] 0x14c6a34: "ProAdvanced_ForkPic" (19 chars)
[SCAN] 0x14c6ac8: "ProUpgradeTitle_GetProUpgradeMagic" (34 chars)
[SCAN] 0x14c6af0: "ProUpgradeTitle_GetUpgradeDlgEffect" (35 chars)
[SCAN] 0x14c6b14: "CDlgQuickBackServerBtn" (22 chars)
[SCAN] 0x14c6c50: "ND_Ready" (8 chars)
[SCAN] 0x14c6c5c: "CDlgRechargeReward" (18 chars)
[SCAN] 0x14c6d80: "ini/RechargeReward.rgn" (22 chars)
[SCAN] 0x14c6de0: "pchRgnData" (10 chars)
[SCAN] 0x14c6df7: "SAFE_DELETE_EX(%s)" (18 chars)
[SCAN] 0x14c6e1c: "Player_GetFirstRecharge" (23 chars)
[SCAN] 0x14c6e7c: "Player_GetPreviewFirstRecharge" (30 chars)
[SCAN] 0x14c6fc4: "KuangEffect" (11 chars)
[SCAN] 0x14c6fe0: "Recharge_Bg2" (12 chars)
[SCAN] 0x14c6ff0: "Recharge_Bg1" (12 chars)
[SCAN] 0x14c7040: "xItemNum%d" (10 chars)
[SCAN] 0x14c704c: "yItemNum%d" (10 chars)
[SCAN] 0x14c7058: "wItemNum%d" (10 chars)
[SCAN] 0x14c7064: "hItemNum%d" (10 chars)
[SCAN] 0x14c7388: "RuneSys_GetRuneBagLine" (22 chars)
[SCAN] 0x14c73a0: "RuneSys_GetRuneBagRow" (21 chars)
[SCAN] 0x14c73b8: "RuneSys_GetRuneBagMaxCount" (26 chars)
[SCAN] 0x14c7438: "e:\cqclient\gzsu2kc5\0\cqclient\cqclient\myshell\dlgrunebag.cpp" (63 chars)
[SCAN] 0x14c7558: "RuneSys_GetResolveDataID" (24 chars)
[SCAN] 0x14c7574: "RuneSys_GetResolveDataExp" (25 chars)
[SCAN] 0x14c7590: "RuneSys_GetResolveDataPercent" (29 chars)
[SCAN] 0x14c78a4: "Fuwens_Fuwenbg1Btn" (18 chars)
[SCAN] 0x14c78c0: "CoatStor_LockPic" (16 chars)
[SCAN] 0x14c78d4: "shenwenhc_btn1" (14 chars)
[SCAN] 0x14c78e4: "Operating_PromptPic" (19 chars)
[SCAN] 0x14c78f8: "Fuwens_FuwenbgBtn" (17 chars)
[SCAN] 0x14c790c: "Fuwens_FufuwenPic" (17 chars)
[SCAN] 0x14c7920: "Fuwens_ZhufuwenPic" (18 chars)
[SCAN] 0x14c7934: "CoatStor_ChangeBtn" (18 chars)
[SCAN] 0x14c7948: "fgui_shenwen_pf5" (16 chars)
[SCAN] 0x14c795c: "fgui_shenwen_pf4" (16 chars)
[SCAN] 0x14c79f8: "CDlgShopExeEntrance" (19 chars)
[SCAN] 0x14c7b08: "isShopOpen" (10 chars)
[SCAN] 0x14c7b74: "\ShopStart.dll" (14 chars)
[SCAN] 0x14c7b84: "startShop" (9 chars)
[SCAN] 0x14c7bec: "closeShop" (9 chars)
[SCAN] 0x14c7c74: "ini/SmeltColor.lua" (18 chars)
[SCAN] 0x14c7c88: "RankTimeColor" (13 chars)
[SCAN] 0x14c7c98: "SmeltColor_GetColor" (19 chars)
[SCAN] 0x14c7d08: "StoveColor" (10 chars)
[SCAN] 0x14c7d14: "CDlgSynGoodBuy" (14 chars)
[SCAN] 0x14c8030: "CDlgTexasMFunTopLeft" (20 chars)
[SCAN] 0x14c8100: "Dialogbusiness-shuxing" (22 chars)
[SCAN] 0x14c823c: "Friend_WZ17" (11 chars)
[SCAN] 0x14c8428: "CDlgTYXJLotteryYMZ" (18 chars)
[SCAN] 0x14c8520: "ini/TYXJ_Lottery.lua" (20 chars)
[SCAN] 0x14c8540: "TYXJ_Lottery_GetEffectOffset" (28 chars)
[SCAN] 0x14c8560: "TYXJ_Lottery_GetEffectScale" (27 chars)
[SCAN] 0x14c8584: "TYXJ_Lottery_GetPrevPageButtonEffect" (36 chars)
[SCAN] 0x14c85c0: "TYXJ_Lottery_GetIslandLotteryDate" (33 chars)
[SCAN] 0x14c85ec: "TYXJ_Lottery_GetIslandStatus" (28 chars)
[SCAN] 0x14c8614: "TYXJ_Lottery_GetIslandTime" (26 chars)
[SCAN] 0x14c863c: "TYXJ_Lottery_GetIslandDateColor" (31 chars)
[SCAN] 0x14c8698: "CDlgWarFlagResultMain" (21 chars)
[SCAN] 0x14c8718: "Faction_WZkfzqzbs" (17 chars)
[SCAN] 0x14c872c: "Faction_WZzqzbs" (15 chars)
[SCAN] 0x14c882c: "XuanBao_GetXuanBaoFuseInfo" (26 chars)
[SCAN] 0x14c8848: "Artifacts_WZsgsqrh" (18 chars)
[SCAN] 0x14c8898: "Artifacts_tips1" (15 chars)
[SCAN] 0x14c88d8: "GodRefine_Num%dPic" (18 chars)
[SCAN] 0x14c88ec: "GodRefine_PointPic" (18 chars)
[SCAN] 0x14c89d8: "pItemSelect" (11 chars)
[SCAN] 0x14c8a54: "m_pMainItem" (11 chars)
[SCAN] 0x14c8a63: "m_pViceItem" (11 chars)
[SCAN] 0x14c8a98: "m_idSelected" (12 chars)
[SCAN] 0x14c8b44: "PointEffect" (11 chars)
[SCAN] 0x14c8b50: "GuideBubble_GetXuanBaoFuseInfo" (30 chars)
[SCAN] 0x14c8b79: "pItem->IsXuanBao()" (18 chars)
[SCAN] 0x14c8bf1: "m_pViceItem" (11 chars)
[SCAN] 0x14c8c60: "XuanBao_GetXuanBaoGoldLimitAttri" (32 chars)
[SCAN] 0x14c8d38: "MysteriousColor" (15 chars)
[SCAN] 0x14c8dc0: "SelectEffectOffX%d" (18 chars)
[SCAN] 0x14c8f00: "XuanBao_GetXuanBaoFuseCost" (26 chars)
[SCAN] 0x14c8fac: "CMyButton::Lua_EnableWindow" (27 chars)
[SCAN] 0x14c8fc8: "Catch:%s" (8 chars)
[SCAN] 0x14c8fd4: "CMyButton::Lua_GetAlpha" (23 chars)
[SCAN] 0x14c8fec: "CMyButton::Lua_GetInitClientRect" (32 chars)
[SCAN] 0x14c9010: "CMyButton::Lua_IsEnable" (23 chars)
[SCAN] 0x14c9028: "CMyButton::Lua_IsVisible" (24 chars)
[SCAN] 0x14c9044: "CMyButton::Lua_MoveWindow" (25 chars)
[SCAN] 0x14c9060: "CMyButton::Lua_RegisterEvent" (28 chars)
[SCAN] 0x14c9080: "CMyButton::Lua_SetAlpha" (23 chars)
[SCAN] 0x14c9098: "CMyButton::Lua_ShowWindow" (25 chars)
[SCAN] 0x14c90b4: "CMyButton::Lua_AddFgEffect" (26 chars)
[SCAN] 0x14c90d0: "CMyButton::Lua_GetCheckStatus" (29 chars)
[SCAN] 0x14c90f0: "CMyButton::Lua_GetCurFrame" (26 chars)
[SCAN] 0x14c910c: "CMyButton::Lua_GetWindowText" (28 chars)
[SCAN] 0x14c912c: "CMyButton::Lua_LockFrame" (24 chars)
[SCAN] 0x14c9148: "CMyButton::Lua_RemoveFgEffect" (29 chars)
[SCAN] 0x14c9168: "CMyButton::Lua_SetAniSection" (28 chars)
[SCAN] 0x14c9188: "CMyButton::Lua_SetCurFrame" (26 chars)
[SCAN] 0x14c91a4: "CMyButton::Lua_SetFgEffectOffset" (32 chars)
[SCAN] 0x14c91c8: "CMyButton::Lua_SetFgImage" (25 chars)
[SCAN] 0x14c91e4: "CMyButton::Lua_SetFgImageOffset" (31 chars)
[SCAN] 0x14c9204: "CMyButton::Lua_SetImageOffset" (29 chars)
[SCAN] 0x14c9224: "CMyButton::Lua_SetMouseMoveEffect" (33 chars)
[SCAN] 0x14c9248: "CMyButton::Lua_SetTextOffset" (28 chars)
[SCAN] 0x14c9268: "CMyButton::Lua_SetTip" (21 chars)
[SCAN] 0x14c9280: "CMyButton::Lua_Init" (19 chars)
[SCAN] 0x14c9294: "CMyButton::Lua_SetWindowText" (28 chars)
[SCAN] 0x14c92b4: "CMyButton::Lua_GetClientRect" (28 chars)
[SCAN] 0x14c92d4: "CMyButton::Lua_SetFontColor" (27 chars)
[SCAN] 0x14c92f0: "CMyButton::Lua_SetFontSize" (26 chars)
[SCAN] 0x14c930c: "CMyRenderWidget::Lua_EnableWindow" (33 chars)
[SCAN] 0x14c9330: "CMyRenderWidget::Lua_GetAlpha" (29 chars)
[SCAN] 0x14c9350: "CMyRenderWidget::Lua_GetInitClientRect" (38 chars)
[SCAN] 0x14c9378: "CMyRenderWidget::Lua_IsEnable" (29 chars)
[SCAN] 0x14c9398: "CMyRenderWidget::Lua_IsVisible" (30 chars)
[SCAN] 0x14c93b8: "CMyRenderWidget::Lua_MoveWindow" (31 chars)
[SCAN] 0x14c93d8: "CMyRenderWidget::Lua_RegisterEvent" (34 chars)
[SCAN] 0x14c93fc: "CMyRenderWidget::Lua_SetAlpha" (29 chars)
[SCAN] 0x14c941c: "CMyRenderWidget::Lua_ShowWindow" (31 chars)
[SCAN] 0x14c943c: "CMyRenderWidget::Lua_SetAni" (27 chars)
[SCAN] 0x14c9458: "CMyRenderWidget::Lua_DelEffect" (30 chars)
[SCAN] 0x14c9478: "CMyRenderWidget::Lua_SetScale" (29 chars)
[SCAN] 0x14c94ac: "LineSpace" (9 chars)
[SCAN] 0x14c94b8: "e:\cqclient\gzsu2kc5\0\cqclient\cqclient\myshell\ownerstatic.cpp" (64 chars)
[SCAN] 0x14c9504: "FontSecondColor" (15 chars)
[SCAN] 0x14c9514: "FontStyle" (9 chars)
[SCAN] 0x14c9520: "EmotionType" (11 chars)
[SCAN] 0x14c952c: "EmotionWidth" (12 chars)
[SCAN] 0x14c953c: "StyleOffsetX" (12 chars)
[SCAN] 0x14c954c: "StyleOffsetY" (12 chars)
[SCAN] 0x14c955c: "DigitHorAlign" (13 chars)
[SCAN] 0x14c956c: "LinefeedEnable" (14 chars)
[SCAN] 0x14c959c: "BkImgAppendX" (12 chars)
[SCAN] 0x14c95ac: "BkImgAppendY" (12 chars)
[SCAN] 0x14c95bc: "EmotionOffsetX" (14 chars)
[SCAN] 0x14c95cc: "EmotionOffsetY" (14 chars)
[SCAN] 0x14c95ec: "9BackAppendX" (12 chars)
[SCAN] 0x14c95fc: "9BackAppendY" (12 chars)
[SCAN] 0x14c960c: "9BackOffsetX" (12 chars)
[SCAN] 0x14c961c: "9BackOffsetY" (12 chars)
[SCAN] 0x14c964c: "DigitSepX" (9 chars)
[SCAN] 0x14c9658: "DigitNum%d" (10 chars)
[SCAN] 0x14c9664: "SymbolCount" (11 chars)
[SCAN] 0x14c9670: "SymbolSepX" (10 chars)
[SCAN] 0x14c967c: "Symbol%d" (8 chars)
[SCAN] 0x14c9694: "DelLineColor1" (13 chars)
[SCAN] 0x14c96a4: "DelLineColor2" (13 chars)
[SCAN] 0x14c96b4: "DelLineColor3" (13 chars)
[SCAN] 0x14c96c4: "DelLineColor4" (13 chars)
[SCAN] 0x14c96d4: "DelLineOffsetX" (14 chars)
[SCAN] 0x14c96e4: "DelLineOffsetY" (14 chars)
[SCAN] 0x14c96f4: "DelLineHeight" (13 chars)
[SCAN] 0x14c9741: "static_cast<int>(vecStr[0].size())" (34 chars)
[SCAN] 0x14c9778: "e:\cqclient\gzsu2kc5\0\cqclient\cqclient\extend\myfguidialog.cpp" (64 chars)
[SCAN] 0x14c97c8: "CMyFGUIDialog::CreateWindowOnly()," (34 chars)
[SCAN] 0x14c97eb: "Dialog(ID:%d)" (13 chars)
[SCAN] 0x14c9800: "Failed:%u," (10 chars)
[SCAN] 0x14c9890: "CDlgAddPrestige" (15 chars)
[SCAN] 0x14c9a00: "Info_GetMagicWeaponData" (23 chars)
[SCAN] 0x14c9a5c: "DragonCityAddPrestige" (21 chars)
[SCAN] 0x14c9a74: "Info_GetScatteredData" (21 chars)
[SCAN] 0x14c9a8c: "DragonCityAddMorateRatio" (24 chars)
[SCAN] 0x14c9b5c: "DragonCityWar_GetMorate" (23 chars)
[SCAN] 0x14c9ba0: "CDlgPrimordialSpiritUpgrade" (27 chars)
[SCAN] 0x14c9e70: "CardIcon" (8 chars)
[SCAN] 0x14c9e7c: "CardQualityBg" (13 chars)
[SCAN] 0x14c9e8c: "main_yuanshen_6xl2" (18 chars)
[SCAN] 0x14c9eac: "ui://ui_yuanshen/com_yuanshen_4beibao1" (38 chars)
[SCAN] 0x14c9ed4: "ui://ui_yuanshen/com_yuanshen_4beibao5" (38 chars)
[SCAN] 0x14c9efc: "ui://interface/btn_shucai1" (26 chars)
[SCAN] 0x14c9f18: "com_yuanshen_6xl2" (17 chars)
[SCAN] 0x14c9f2c: "btn_gantanhao3" (14 chars)
[SCAN] 0x14c9f68: "btn_gouxuan1" (12 chars)
[SCAN] 0x14c9f78: "btn_gouxuan2" (12 chars)
[SCAN] 0x14c9fa8: "com_yuanshen_7tp3" (17 chars)
[SCAN] 0x14c9ffc: "btn_gantanhao2" (14 chars)
[SCAN] 0x14ca048: "com_yuanshen_4beibao1" (21 chars)
[SCAN] 0x14ca060: "com_yuanshen_4beibao5" (21 chars)
[SCAN] 0x14ca078: "com_yuanshen_6xl9" (17 chars)
[SCAN] 0x14ca094: "com_yuanshen_6xl3" (17 chars)
[SCAN] 0x14ca0b4: "com_yuanshen_6xl6" (17 chars)
[SCAN] 0x14ca1d8: "com_yuanshen_7tp5" (17 chars)
[SCAN] 0x14ca1f8: "yuanshen_btn35" (14 chars)
[SCAN] 0x14ca29c: "ProIcon%d" (9 chars)
[SCAN] 0x14ca2a8: "PrimordialSpirit_GetBaseInfo" (28 chars)
[SCAN] 0x14ca2cc: "ProIndex" (8 chars)
[SCAN] 0x14ca2d8: "com_yuanshen_6xl5" (17 chars)
[SCAN] 0x14ca300: "QualityBg" (9 chars)
[SCAN] 0x14ca320: "QualityName" (11 chars)
[SCAN] 0x14ca644: "yuanshen6" (9 chars)
[SCAN] 0x14ca700: "PrimordialSpirit_GetSpiritScoreExByExp" (38 chars)
[SCAN] 0x14ca73c: "com_yuanshen_4beibao4" (21 chars)
[SCAN] 0x14caccc: "CDlgPinnacleRaceRank" (20 chars)
[SCAN] 0x14cad00: "ui://ui_caifubang/com_rank_1" (28 chars)
[SCAN] 0x14cad20: "ui://ui_caifubang/com_rank_2" (28 chars)
[SCAN] 0x14cae14: "GlobalPoint_IsHaveRankReward" (28 chars)
[SCAN] 0x14cae34: "GlobalPoint_GetMaxShowRankCount" (31 chars)
[SCAN] 0x14cb08c: "GlobalPoint_GetRankReward" (25 chars)
[SCAN] 0x14cb0e4: "CDlgTournamentAllMain" (21 chars)
[SCAN] 0x14cb5c8: "CDlgDominoPointTableResult" (26 chars)
[SCAN] 0x14cb824: "Domino_GetDominoInfo" (20 chars)
[SCAN] 0x14cb8a8: "ui://ui_domino/com_defeat3" (26 chars)
[SCAN] 0x14cb8c4: "ui://ui_domino/com_victory3" (27 chars)
[SCAN] 0x14cb918: "com_victory3" (12 chars)
[SCAN] 0x14cb928: "com_defeat3" (11 chars)
[SCAN] 0x14cb934: "sound/domino_game_bgm.mp3" (25 chars)
[SCAN] 0x14cbd24: "CDlgSwordsmanAwakenPurchaseQuickly" (34 chars)
[SCAN] 0x14cbdec: "vector<T>" (9 chars)
[SCAN] 0x14cbe08: "bitset<N>" (9 chars)
[SCAN] 0x14cbe1c: "CLuaBase::call()" (16 chars)
[SCAN] 0x14cbe5c: "CQConfigRead" (12 chars)
[SCAN] 0x14cbe6c: "CLuaVM::call()" (14 chars)
[SCAN] 0x14cc154: "map/set<T>" (10 chars)
[SCAN] 0x14d1d90: "CDlgAddRepairNum" (16 chars)
[SCAN] 0x14d1e34: "ini/DaoistWords.lua" (19 chars)
[SCAN] 0x14d27fc: "CDlgBoYiActivityRebate" (22 chars)
[SCAN] 0x14d284c: "MaxProcess" (10 chars)
[SCAN] 0x14d2858: "Statisticactive_GetActiveData" (29 chars)
[SCAN] 0x14d29d4: "Sqboyi_%dPic" (12 chars)
[SCAN] 0x14d29e4: "AwardRequestID" (14 chars)
[SCAN] 0x14d2a04: "GotoGameId" (10 chars)
[SCAN] 0x14d2a10: "CDlgCServerConfirm" (18 chars)
[SCAN] 0x14d2b48: "ini/DragonSoulShop.lua" (22 chars)
[SCAN] 0x14d2c60: "DragonSoulShop_GetDragonSoulShopInfo" (36 chars)
[SCAN] 0x14d2c90: "CDlgEnemyInvadeExpeditionAward" (30 chars)
[SCAN] 0x14d2d00: "CDlgEquipRefineSubRank" (22 chars)
[SCAN] 0x14d2f30: "MagicList_itemtBPic" (19 chars)
[SCAN] 0x14d2f44: "MagicList_itemtSPic" (19 chars)
[SCAN] 0x14d2f58: "spphb_no1" (9 chars)
[SCAN] 0x14d2f64: "spphb_no2" (9 chars)
[SCAN] 0x14d2f70: "spphb_no3" (9 chars)
[SCAN] 0x14d2f7c: "CDlgFactionEnrolling" (20 chars)
[SCAN] 0x14d312c: "Faction_NBgou" (13 chars)
[SCAN] 0x14d313c: "Faction_NBcha" (13 chars)
[SCAN] 0x14d314c: "Faction_NBbg19" (14 chars)
[SCAN] 0x14d3190: "CDlgFamilyRaceQualify" (21 chars)
[SCAN] 0x14d3228: "Dialog21" (8 chars)
[SCAN] 0x14d32a4: "ini/FamilyRace.lua" (18 chars)
[SCAN] 0x14d32b8: "FamilyRace_GetRaceTitleImage" (28 chars)
[SCAN] 0x14d32d8: "AvailableEffect" (15 chars)
[SCAN] 0x14d32e8: "CountDownBg32" (13 chars)
[SCAN] 0x14d32f8: "CountDownBg8" (12 chars)
[SCAN] 0x14d3308: "JoinRaceTag32" (13 chars)
[SCAN] 0x14d3318: "JoinRaceTag8" (12 chars)
[SCAN] 0x14d3328: "RaceTip32" (9 chars)
[SCAN] 0x14d3334: "RaceTip8" (8 chars)
[SCAN] 0x14d3340: "QualifyBg" (9 chars)
[SCAN] 0x14d334c: "RaceListTip32" (13 chars)
[SCAN] 0x14d335c: "RaceListTip8" (12 chars)
[SCAN] 0x14d336c: "QualifyWin" (10 chars)
[SCAN] 0x14d3378: "QualifyLost" (11 chars)
[SCAN] 0x14d3384: "SingleBg" (8 chars)
[SCAN] 0x14d3398: "LostMaskLeft" (12 chars)
[SCAN] 0x14d33a8: "LostMaskRight" (13 chars)
[SCAN] 0x14d33b8: "BlankHeader" (11 chars)
[SCAN] 0x14d3444: "QualifyNameWidth" (16 chars)
[SCAN] 0x14d3458: "QualifyServerWidth" (18 chars)
[SCAN] 0x14d34c0: "MyRaceTag" (9 chars)
[SCAN] 0x14d3620: "CDlgGambleConfirm" (17 chars)
[SCAN] 0x14d36e8: "CDlgGuildGate" (13 chars)
[SCAN] 0x14d3718: "100wp_yjzb" (10 chars)
[SCAN] 0x14d3724: "CDlgHundredWeaponsSkillSet" (26 chars)
[SCAN] 0x14d37c0: "ini/HundredWeapons.lua" (22 chars)
[SCAN] 0x14d38e0: "HundredWeapons_GetSkillTypeInfo" (31 chars)
[SCAN] 0x14d3950: "HundredWeapon%u" (15 chars)
[SCAN] 0x14d3a04: "HundredWeapons_GetSkillRecommendName" (36 chars)
[SCAN] 0x14d3e84: "CDlgLotteryRankReview" (21 chars)
[SCAN] 0x14d3ed4: "ini/TexasRaffle.lua" (19 chars)
[SCAN] 0x14d3ee8: "TexasRaffle_GetRankRewardRivew" (30 chars)
[SCAN] 0x14d3f08: "TexasRaffle_GetRankRewardText" (29 chars)
[SCAN] 0x14d3f8c: "RewardImg" (9 chars)
[SCAN] 0x14d3fa0: "shijiangli_douPic" (17 chars)
[SCAN] 0x14d3fb4: "shijiangli_juPic" (16 chars)
[SCAN] 0x14d3fc8: "shijiangli_%cPic" (16 chars)
[SCAN] 0x14d3ffc: "PowerShow_FullGuageBG" (21 chars)
[SCAN] 0x14d4084: "CDlgNewLotteryRankChange" (24 chars)
[SCAN] 0x14d4110: "xinlunpan_pai%uBG" (17 chars)
[SCAN] 0x14d4124: "xinlunpan_pai%uPic" (18 chars)
[SCAN] 0x14d4138: "xinlunpan_pai4BG" (16 chars)
[SCAN] 0x14d41ec: "xinlunpan_txkPic" (16 chars)
[SCAN] 0x14d4200: "xinlunpan_pai5BG" (16 chars)
[SCAN] 0x14d4214: "xinlunpan1" (10 chars)
[SCAN] 0x14d4220: "EquMagic3" (9 chars)
[SCAN] 0x14d422c: "CDlgNinjaSkillMagic" (19 chars)
[SCAN] 0x14d4260: "Info_GetMagicQuickSingle" (24 chars)
[SCAN] 0x14d4348: "e:\cqclient\gzsu2kc5\0\cqclient\cqclient\myshell\dlgorganize.cpp" (64 chars)
[SCAN] 0x14d4394: "CDlgPirateLotteryPreview" (24 chars)
[SCAN] 0x14d4490: "ini/PirateLottery.lua" (21 chars)
[SCAN] 0x14d44a8: "PirateLottery_GetPreviewInfoAmount" (34 chars)
[SCAN] 0x14d44d4: "PirateLottery_GetPirateLotteryPreview" (37 chars)
[SCAN] 0x14d45dc: "PirateLottery_GetPirateLotteryPreviewItemInfo" (45 chars)
[SCAN] 0x14d461c: "FruitPreviewImgOffsetX" (22 chars)
[SCAN] 0x14d4634: "FruitPreviewImgOffsetY" (22 chars)
[SCAN] 0x14d464c: "FuWenPreviewImgOffsetX" (22 chars)
[SCAN] 0x14d4664: "FuWenPreviewImgOffsetY" (22 chars)
[SCAN] 0x14d467c: "Monopoly" (8 chars)
[SCAN] 0x14d4740: "ProAdvanced_WSCH1" (17 chars)
[SCAN] 0x14d4754: "ProUpgradeTitle_GetProTitleAni" (30 chars)
[SCAN] 0x14d47cc: "CDlgQuickBuidCostItem" (21 chars)
[SCAN] 0x14d4880: "ReduceTime" (10 chars)
[SCAN] 0x14d488c: "PrincesWar_GetBuildingFunctionItemInfo" (38 chars)
[SCAN] 0x14d48b4: "ItemType" (8 chars)
[SCAN] 0x14d4a4c: "CDlgRuneBagAddition" (19 chars)
[SCAN] 0x14d4bf8: "NewSqu_PlayerListABtn" (21 chars)
[SCAN] 0x14d4c10: "NewSqu_PlayerListDBtn" (21 chars)
[SCAN] 0x14d4c28: "CDlgSoldierHeart" (16 chars)
[SCAN] 0x14d4cb8: "Unlock%d" (8 chars)
[SCAN] 0x14d4cc4: "SoldierServant_GetSoldierHeartDlgInfo" (37 chars)
[SCAN] 0x14d4cf4: "SoldierServant_GetSoldierHeartInfo" (34 chars)
[SCAN] 0x14d4e44: "NewRefBreath_UpPic" (18 chars)
[SCAN] 0x14d4e58: "NewRefBreath_downPic" (20 chars)
[SCAN] 0x14d4ecc: "CDlgSynMaterials" (16 chars)
[SCAN] 0x14d4fa8: "ini/SynCollect.lua" (18 chars)
[SCAN] 0x14d4fc4: "SynCollect_GetDlgInfo" (21 chars)
[SCAN] 0x14d5080: "SynCollect_GetFormualId" (23 chars)
[SCAN] 0x14d5098: "SynCollect_GetFormualInfo" (25 chars)
[SCAN] 0x14d50bc: "Faction_NBbg2" (13 chars)
[SCAN] 0x14d5118: "SynCollect_GetGoodInfo" (22 chars)
[SCAN] 0x14d5148: "unMonopoly" (10 chars)
[SCAN] 0x14d5180: "Faction_NBbg3" (13 chars)
[SCAN] 0x14d5190: "Faction_NBjt" (12 chars)
[SCAN] 0x14d51a0: "Faction_NBadd" (13 chars)
[SCAN] 0x14d525c: "Sound/ui_gang_1.wav" (19 chars)
[SCAN] 0x14d556c: "CDlgTexasMFunTopLeftMenu" (24 chars)
[SCAN] 0x14d5640: "Button250" (9 chars)
[SCAN] 0x14d56a0: "businesskaocha1" (15 chars)
[SCAN] 0x14d56b0: "businesskaocha2" (15 chars)
[SCAN] 0x14d56c0: "businesskaocha3" (15 chars)
[SCAN] 0x14d57c8: "Task_UpBtn" (10 chars)
[SCAN] 0x14d57d4: "Task_DownBtn" (12 chars)
[SCAN] 0x14d57e4: "Task_DragBtn" (12 chars)
[SCAN] 0x14d57f4: "UpdBullt_HisNoteBtn" (19 chars)
[SCAN] 0x14d5808: "UpdBullt_SlidePic" (17 chars)
[SCAN] 0x14d5840: "ini/Compatible.ini" (18 chars)
[SCAN] 0x14d5854: "CDlgWarFlagResultPlayer" (23 chars)
[SCAN] 0x14d58f0: "ShareSynColor" (13 chars)
[SCAN] 0x14d5900: "WarFlag_GetShowDataSingle" (25 chars)
[SCAN] 0x14d591c: "ShareWorldColor" (15 chars)
[SCAN] 0x14d5930: "PlayerData" (10 chars)
[SCAN] 0x14d593c: "WarFlag_GetShowData" (19 chars)
[SCAN] 0x14d5954: "WarFlag_GetPlayerDetailCount" (28 chars)
[SCAN] 0x14d597c: "WarFlag_GetPlayerDetailData" (27 chars)
[SCAN] 0x14d5998: "Describe" (8 chars)
[SCAN] 0x14d5a48: "ShareLevel" (10 chars)
[SCAN] 0x14d5b58: "LevelSmall" (10 chars)
[SCAN] 0x14d5b64: "ini/XuanBaoInfo.lua" (19 chars)
[SCAN] 0x14d5b78: "CostNumNormalColor" (18 chars)
[SCAN] 0x14d5b8c: "XuanBao_GetXuanBaoRepairInfo" (28 chars)
[SCAN] 0x14d5bac: "CostNumNotEnoughColor" (21 chars)
[SCAN] 0x14d5c78: "m_pCostItem" (11 chars)
[SCAN] 0x14d5dcc: "e:\cqclient\gzsu2kc5\0\cqclient\cqclient\myshell\mycheck.cpp" (60 chars)
[SCAN] 0x14d5e0c: "TextOffsetX" (11 chars)
[SCAN] 0x14d5e18: "TextOffsetY" (11 chars)
[SCAN] 0x14d5e2c: "FgImageOffsetX" (14 chars)
[SCAN] 0x14d5e3c: "FgImageOffsetY" (14 chars)
[SCAN] 0x14d5e4c: "ImageOffsetX" (12 chars)
[SCAN] 0x14d5e5c: "ImageOffsetY" (12 chars)
[SCAN] 0x14d5ed0: "m_mapRotateAngle.end()" (22 chars)
[SCAN] 0x14d5ee8: "COwnerStatic::Lua_EnableWindow" (30 chars)
[SCAN] 0x14d5f08: "COwnerStatic::Lua_GetAlpha" (26 chars)
[SCAN] 0x14d5f24: "COwnerStatic::Lua_GetInitClientRect" (35 chars)
[SCAN] 0x14d5f48: "COwnerStatic::Lua_IsEnable" (26 chars)
[SCAN] 0x14d5f64: "COwnerStatic::Lua_IsVisible" (27 chars)
[SCAN] 0x14d5f80: "COwnerStatic::Lua_MoveWindow" (28 chars)
[SCAN] 0x14d5fa0: "COwnerStatic::Lua_RegisterEvent" (31 chars)
[SCAN] 0x14d5fc0: "COwnerStatic::Lua_SetAlpha" (26 chars)
[SCAN] 0x14d5fdc: "COwnerStatic::Lua_ShowWindow" (28 chars)
[SCAN] 0x14d5ffc: "COwnerStatic::Lua_GetWindowText" (31 chars)
[SCAN] 0x14d601c: "COwnerStatic::Lua_GetTextSize" (29 chars)
[SCAN] 0x14d603c: "COwnerStatic::Lua_SetWindowText" (31 chars)
[SCAN] 0x14d605c: "COwnerStatic::Lua_GetClientRect" (31 chars)
[SCAN] 0x14d607c: "COwnerStatic::Lua_SetFontColor" (30 chars)
[SCAN] 0x14d609c: "COwnerStatic::Lua_SetFontSize" (29 chars)
[SCAN] 0x14d60c4: "CDlgDragonCityWarCurentEventInfo" (32 chars)
[SCAN] 0x14d6558: "DragonCityEventBuffsTipWidth" (28 chars)
[SCAN] 0x14d69b0: "CDlgPrimordialSpiritUpgradeSuc" (30 chars)
[SCAN] 0x14d69d0: "main_yuanshen_6xl3" (18 chars)
[SCAN] 0x14d69e4: "com_yuanshen_6xl8" (17 chars)
[SCAN] 0x14d6a08: "com_yuanshen_6xl8_1" (19 chars)
[SCAN] 0x14d6a34: "txt_lev1" (8 chars)
[SCAN] 0x14d6b8c: "com_yuanshen_7tp10" (18 chars)
[SCAN] 0x14d6bc4: "ModelEff" (8 chars)
[SCAN] 0x14d71a0: "CDlgFriendRoomTexas" (19 chars)
[SCAN] 0x14d7714: "CDlgWarriorMonkAwakenHomePage" (29 chars)
[SCAN] 0x14d81cc: "CDlgOSSynWarResult" (18 chars)
[SCAN] 0x14d8b5c: "CDlgFlowerRankMainNew" (21 chars)
[SCAN] 0x14d8d48: "ui://ui_xianhuabang/com_nv1" (27 chars)
[SCAN] 0x14d8d70: "ui://ui_xianhuabang/com_nan1" (28 chars)
[SCAN] 0x14d91f8: "CDlgSwordsmanAwakenUpgrade" (26 chars)
[SCAN] 0x14d9c6c: "xiake_ui_jy1" (12 chars)
[SCAN] 0x14d9c7c: "xkjm_jianying1" (14 chars)
[SCAN] 0x14d9c8c: "xiake_ui_jy2" (12 chars)
[SCAN] 0x14d9c9c: "xkjm_jianying2" (14 chars)
[SCAN] 0x14d9cac: "xiake_ui_jy3" (12 chars)
[SCAN] 0x14d9cbc: "xkjm_jianying3" (14 chars)
[SCAN] 0x14da937: "COptionBk" (9 chars)
[SCAN] 0x14da94c: "EffectFace" (10 chars)
[SCAN] 0x14da958: "TimeKeeper" (10 chars)
[SCAN] 0x14da98c: "Bidding_fqK" (11 chars)
[SCAN] 0x14da998: "zsl_guid1" (9 chars)
[SCAN] 0x14da9a4: "zsl_guid2" (9 chars)
[SCAN] 0x14daa38: "ini/TexasChatGUI.ini" (20 chars)
[SCAN] 0x14daa50: "ini/TexasChatGUI800X600.ini" (27 chars)
[SCAN] 0x14daac9: "(x86)\microsoft" (15 chars)
[SCAN] 0x14dab2c: "Exception" (9 chars)
[SCAN] 0x14dab50: "(%Ts:%d)" (8 chars)
[SCAN] 0x14dab64: "(%Ts:%d)" (8 chars)
[SCAN] 0x14db301: "CEducationMgr::OFFER_UPLEVTIME" (30 chars)
[SCAN] 0x14db32c: "CEducationMgr::OFFER_ITEMADDITION" (33 chars)
[SCAN] 0x14e0f74: "CDlgAnnualHeroDetail" (20 chars)
[SCAN] 0x14e0fe0: "BattlePass_JDT" (14 chars)
[SCAN] 0x14e10ec: "BattlePass_GetIconOffset" (24 chars)
[SCAN] 0x14e1110: "AnnWelfare_HPleased1Pic" (23 chars)
[SCAN] 0x14e1128: "AnnWelfare_HPleased2Pic" (23 chars)
[SCAN] 0x14e1140: "AnnWelfare_HPleased3Pic" (23 chars)
[SCAN] 0x14e11c0: "Arena_CheerBtn" (14 chars)
[SCAN] 0x14e11d0: "Arena_DetailBtn" (15 chars)
[SCAN] 0x14e1264: "Arena_CheerImg" (14 chars)
[SCAN] 0x14e1274: "ini/ChallengeBoss.lua" (21 chars)
[SCAN] 0x14e12c4: "ChallengeBoss_GetTreeCount" (26 chars)
[SCAN] 0x14e12e0: "ChallengeBoss_GetTreeInstance" (29 chars)
[SCAN] 0x14e1300: "MainName" (8 chars)
[SCAN] 0x14e1324: "CDlgCountryAdministration" (25 chars)
[SCAN] 0x14e17c0: "Nationalwar_Salary" (18 chars)
[SCAN] 0x14e18a8: "CDlgDaoistWordsGuide" (20 chars)
[SCAN] 0x14e190c: "GuideImg%d" (10 chars)
[SCAN] 0x14e1918: "DaoistWords_GetDlgInfo" (22 chars)
[SCAN] 0x14e1930: "GuideBGOffsetX%d" (16 chars)
[SCAN] 0x14e1944: "GuideBGOffsetY%d" (16 chars)
[SCAN] 0x14e1958: "GuideStr%d" (10 chars)
[SCAN] 0x14e1964: "GuideStrOffsetX%d" (17 chars)
[SCAN] 0x14e1978: "GuideStrOffsetY%d" (17 chars)
[SCAN] 0x14e198c: "GuideBtn%d" (10 chars)
[SCAN] 0x14e1998: "GuideBtnOffsetX%d" (17 chars)
[SCAN] 0x14e19ac: "GuideBtnOffsetY%d" (17 chars)
[SCAN] 0x14e19c0: "GuideBtnEff%d" (13 chars)
[SCAN] 0x14e19d0: "GuideBtnEffX%d" (14 chars)
[SCAN] 0x14e19e0: "GuideBtnEffY%d" (14 chars)
[SCAN] 0x14e19f0: "GuideWidth" (10 chars)
[SCAN] 0x14e19fc: "GuideHeight" (11 chars)
[SCAN] 0x14e1b48: "Ectype_AcceptBtn" (16 chars)
[SCAN] 0x14e1b5c: "Ectype_RefuseBtn" (16 chars)
[SCAN] 0x14e1b70: "ExerciseClose" (13 chars)
[SCAN] 0x14e1b80: "Ectype_MiniBtn" (14 chars)
[SCAN] 0x14e1b90: "Ectype_EctyInvBtn" (17 chars)
[SCAN] 0x14e1cf8: "CDlgEquFrame" (12 chars)
[SCAN] 0x14e1f68: "Compose_CoverPic" (16 chars)
[SCAN] 0x14e1fb8: "ini/Info.lua" (12 chars)
[SCAN] 0x14e2000: "DragonSoul_box" (14 chars)
[SCAN] 0x14e2010: "DragonSoul_title" (16 chars)
[SCAN] 0x14e203c: "Spirit_GetEffectOffset" (22 chars)
[SCAN] 0x14e2054: "DefaultIDD" (10 chars)
[SCAN] 0x14e2060: "Item_GetSpecialEffect" (21 chars)
[SCAN] 0x14e2078: "e:\cqclient\gzsu2kc5\0\cqclient\cqclient\myshell\dlgequframe.cpp" (64 chars)
[SCAN] 0x14e20c8: "GetRegionByPage(nPage," (22 chars)
[SCAN] 0x14e20df: "&nStart," (8 chars)
[SCAN] 0x14e20f0: "pItemProcess" (12 chars)
[SCAN] 0x14e211d: "GetPageMax()" (12 chars)
[SCAN] 0x14e232c: "IsWindowVisible()" (17 chars)
[SCAN] 0x14e2384: "m_vecFrameItemID.end()" (22 chars)
[SCAN] 0x14e239c: "m_vecFrameItemID.empty()" (24 chars)
[SCAN] 0x14e23b8: "!m_vecFrameItemID.empty()" (25 chars)
[SCAN] 0x14e23df: "pDialog->IsWindowVisible()" (26 chars)
[SCAN] 0x14e23fc: "IsWindowVisible()" (17 chars)
[SCAN] 0x14e241c: "nIconIndex" (10 chars)
[SCAN] 0x14e242f: "nIconIndex" (10 chars)
[SCAN] 0x14e25e0: "GetRegionByPage(GetPage()," (26 chars)
[SCAN] 0x14e25fb: "&nStart," (8 chars)
[SCAN] 0x14e260c: "nDlgIDDOpen" (11 chars)
[SCAN] 0x14e261c: "nDialogID" (9 chars)
[SCAN] 0x14e262c: "pViceItem" (9 chars)
[SCAN] 0x14e2639: "IsFrameItemEnable()" (19 chars)
[SCAN] 0x14e2650: "std::find(m_vecFrameItemID.begin()," (35 chars)
[SCAN] 0x14e2674: "m_vecFrameItemID.end()," (23 chars)
[SCAN] 0x14e268c: "pViceItem->GetID())" (19 chars)
[SCAN] 0x14e26a3: "m_vecFrameItemID.end()" (22 chars)
[SCAN] 0x14e2744: "m_pItemXBRepair" (15 chars)
[SCAN] 0x14e2780: "Info_GetEquipFrameOpenLev" (25 chars)
[SCAN] 0x14e27e0: "Info_GetEquipBuild" (18 chars)
[SCAN] 0x14e27f4: "DiamondCompose" (14 chars)
[SCAN] 0x14e2804: "ComposeGem" (10 chars)
[SCAN] 0x14e2810: "EquipAppend" (11 chars)
[SCAN] 0x14e2850: "CDlgEquSpecialEffectUpgrade" (27 chars)
[SCAN] 0x14e29b8: "UpgradeApplyEffect" (18 chars)
[SCAN] 0x14e29cc: "UpgradeViceRateNumType" (22 chars)
[SCAN] 0x14e29e4: "UpgradeViceRateX" (16 chars)
[SCAN] 0x14e29f8: "UpgradeViceRateY" (16 chars)
[SCAN] 0x14e2a0c: "UpgradeViceRateZ" (16 chars)
[SCAN] 0x14e2b29: "pMainItem" (9 chars)
[SCAN] 0x14e2b34: "UpgradeFailEffect" (17 chars)
[SCAN] 0x14e2b48: "UpgradeSucEffect" (16 chars)
[SCAN] 0x14e2c08: "UpgradeProgressEffectPercent" (28 chars)
[SCAN] 0x14e2c28: "UpgradeNumIncEffect" (19 chars)
[SCAN] 0x14e2c3c: "m_i64ExpPreview" (15 chars)
[SCAN] 0x14e2c4e: "m_i64ExpPreviewNext" (19 chars)
[SCAN] 0x14e2ed4: "Item_GetSpeEffectEnergeDesc" (27 chars)
[SCAN] 0x14e2f58: "pMainItem" (9 chars)
[SCAN] 0x14e2f64: "UpgradePreviewProgressEffect" (28 chars)
[SCAN] 0x14e2f90: "UpgradeProgressEffect" (21 chars)
[SCAN] 0x14e2fb8: "m_i64ExpNext" (12 chars)
[SCAN] 0x14e2fcc: "m_i64Exp" (8 chars)
[SCAN] 0x14e2fd7: "m_i64ExpNext" (12 chars)
[SCAN] 0x14e2fe4: "m_pPreviewItem" (14 chars)
[SCAN] 0x14e2ffd: "pInfo->i64NextExp" (17 chars)
[SCAN] 0x14e3014: "UpgradeAddExpMaxRate" (20 chars)
[SCAN] 0x14e3084: "UpgradeImmeRate" (15 chars)
[SCAN] 0x14e3394: "CDlgFastBuy" (11 chars)
[SCAN] 0x14e3468: "e:\cqclient\gzsu2kc5\0\cqclient\cqclient\myshell\dlgfastbuy.cpp" (63 chars)
[SCAN] 0x14e34b5: "m_stParam.nType" (15 chars)
[SCAN] 0x14e34c8: "m_stParam.pItem" (15 chars)
[SCAN] 0x14e34e4: "m_stParam.nItemPrice" (20 chars)
[SCAN] 0x14e3500: "m_stParam.nLimitPackNum" (23 chars)
[SCAN] 0x14e3524: "TYXJ_Lottery_GetAwardTenInfo" (28 chars)
[SCAN] 0x14e3544: "pItem->GetEmoneySellPrice()" (27 chars)
[SCAN] 0x14e3564: "pItem->GetPresentEmoneySellPrice()" (34 chars)
[SCAN] 0x14e3588: "pItem->GetGroupPriceByEmoney()" (30 chars)
[SCAN] 0x14e35ac: "pItem->GetPriceByRacePoint()" (28 chars)
[SCAN] 0x14e35d0: "pItem->GetPriceByGoldenLeaguePoint()" (36 chars)
[SCAN] 0x14e35fc: "pItem->GetPrice()" (17 chars)
[SCAN] 0x14e3614: "pItem->GetPriceByBattlePassPoint()" (34 chars)
[SCAN] 0x14e3644: "NinjaSkill_GetEssenceInfo" (25 chars)
[SCAN] 0x14e3ad0: "idItemType" (10 chars)
[SCAN] 0x14e3af5: "nPaymentType" (12 chars)
[SCAN] 0x14e3b1a: "nPaymentType)" (13 chars)
[SCAN] 0x14e3b3b: "nMsgAction" (10 chars)
[SCAN] 0x14e3b63: "nMsgAction)" (11 chars)
[SCAN] 0x14e3b78: "idItemType" (10 chars)
[SCAN] 0x14e3b84: "CDlgGameWithQuickTalk" (21 chars)
[SCAN] 0x14e3c34: "QuickVoice_GetCount" (19 chars)
[SCAN] 0x14e3c48: "QuickVoice_GetText" (18 chars)
[SCAN] 0x14e3c5c: "Tbliaotian_DuanyulanPic" (23 chars)
[SCAN] 0x14e3c98: "CDlgGlobalLotteryManage" (23 chars)
[SCAN] 0x14e3d00: "FullSerDraw_TreePic" (19 chars)
[SCAN] 0x14e3da0: "JiuGong_CloseFirst1Btn" (22 chars)
[SCAN] 0x14e3e74: "CDlgInstanceAuction" (19 chars)
[SCAN] 0x14e4088: "Bidding_jdtht2" (14 chars)
[SCAN] 0x14e4098: "Bidding_jdtht1" (14 chars)
[SCAN] 0x14e40a8: "BiddingBtn" (10 chars)
[SCAN] 0x14e40b4: "Bidding_picK" (12 chars)
[SCAN] 0x14e40c4: "Bidding_cjcjK" (13 chars)
[SCAN] 0x14e40d4: "Bidding_chuiziPic" (17 chars)
[SCAN] 0x14e40e8: "Bidding_touziPic" (16 chars)
[SCAN] 0x14e4138: "ini/GUI800X600.ini" (18 chars)
[SCAN] 0x14e414c: "ini/GUI.ini" (11 chars)
[SCAN] 0x14e4168: "Bidding_BG5" (11 chars)
[SCAN] 0x14e4174: "Bidding_BG4" (11 chars)
[SCAN] 0x14e43a0: "Bidding_ykjK" (12 chars)
[SCAN] 0x14e43f8: "Bidding_slK" (11 chars)
[SCAN] 0x14e4450: "Bidding_itemK2" (14 chars)
[SCAN] 0x14e44d4: "Bidding_tzjg" (12 chars)
[SCAN] 0x14e44e4: "CDlgLeagueRename" (16 chars)
[SCAN] 0x14e4994: "(dwMagicType" (12 chars)
[SCAN] 0x14e49f0: "RenameOKBtn" (11 chars)
[SCAN] 0x14e49fc: "RenameBtn" (9 chars)
[SCAN] 0x14e4a08: "m_nSelectIndex" (14 chars)
[SCAN] 0x14e4a1f: "m_nSelectIndex" (14 chars)
[SCAN] 0x14e4a88: "m_dwMagicType" (13 chars)
[SCAN] 0x14e4bd8: "CDlgMsgBoxName" (14 chars)
[SCAN] 0x14e4c94: "!m_infoParam.strSection.empty()" (31 chars)
[SCAN] 0x14e4d80: "my_swscanf(m_infoParam.strText.c_str()," (39 chars)
[SCAN] 0x14e4db8: "&strEditInit," (13 chars)
[SCAN] 0x14e4dc6: "&wstrAni," (9 chars)
[SCAN] 0x14e4dd0: "&nOfficalType," (14 chars)
[SCAN] 0x14e4e00: "my_swscanf(m_infoParam.strText.c_str()," (39 chars)
[SCAN] 0x14e4e32: "&strEditInit," (13 chars)
[SCAN] 0x14e4e40: "&nOfficalType)" (14 chars)
[SCAN] 0x14e4e58: "my_swscanf(m_infoParam.strText.c_str()," (39 chars)
[SCAN] 0x14e4e90: "&strEditInit," (13 chars)
[SCAN] 0x14e4e9e: "&strAniImg," (11 chars)
[SCAN] 0x14e4eaa: "&nOfficalType," (14 chars)
[SCAN] 0x14e4f08: "my_swscanf(m_infoParam.strText.c_str()," (39 chars)
[SCAN] 0x14e4f40: "&strEditInit," (13 chars)
[SCAN] 0x14e4f4e: "&strAniImg," (11 chars)
[SCAN] 0x14e4f5a: "&nOfficalType," (14 chars)
[SCAN] 0x14e4f78: "CDlgNewSynWarDoorBtn" (20 chars)
[SCAN] 0x14e5068: "CDlgNinjaTruingOpen" (19 chars)
[SCAN] 0x14e50d0: "OpenTitle" (9 chars)
[SCAN] 0x14e50dc: "NinjaSkill_GetTruingDetailInfo" (30 chars)
[SCAN] 0x14e51c4: "UpEffect" (8 chars)
[SCAN] 0x14e51d0: "NinjaSkill_GetTruingInfo" (24 chars)
[SCAN] 0x14e5218: "ExUpEffect" (10 chars)
[SCAN] 0x14e52e8: "CDlgOwnKongfuImproveAutoHint" (28 chars)
[SCAN] 0x14e553c: "CDlgQLPrizeTip" (14 chars)
[SCAN] 0x14e56fc: "pItemVirtual" (12 chars)
[SCAN] 0x14e5730: "ini/Spirit.lua" (14 chars)
[SCAN] 0x14e5740: "ExsitTime" (9 chars)
[SCAN] 0x14e574c: "DlgQLPrizeTip" (13 chars)
[SCAN] 0x14e575c: "Spirit_GetDlgInfo" (17 chars)
[SCAN] 0x14e5770: "StandTime" (9 chars)
[SCAN] 0x14e577c: "MoveSpeed" (9 chars)
[SCAN] 0x14e57d8: "Comp_CloseSBtn" (14 chars)
[SCAN] 0x14e57e8: "Comp_MinBtn" (11 chars)
[SCAN] 0x14e57f4: "Comp_EncouragementSBG" (21 chars)
[SCAN] 0x14e580c: "Comp_EncouragementBG" (20 chars)
[SCAN] 0x14e5872: "ReduceDmgValue" (14 chars)
[SCAN] 0x14e5990: "m_pItemPV" (9 chars)
[SCAN] 0x14e5b7c: "nNextNeedGem" (12 chars)
[SCAN] 0x14e5d00: "CDlgShowHandRaceInfoExpand" (26 chars)
[SCAN] 0x14e5d54: "CDlgSoldierServantUpgrade" (25 chars)
[SCAN] 0x14e5f10: "UseEffect" (9 chars)
[SCAN] 0x14e5f1c: "SoldierServant_GetDlgInfo" (25 chars)
[SCAN] 0x14e5f40: "GuidEff1" (8 chars)
[SCAN] 0x14e5f4c: "GuidEff2" (8 chars)
[SCAN] 0x14e5f58: "SelectEff1" (10 chars)
[SCAN] 0x14e5f64: "SelectEff2" (10 chars)
[SCAN] 0x14e5f70: "ini/SoldierWeaponRank.lua" (25 chars)
[SCAN] 0x14e5f94: "RankLimit" (9 chars)
[SCAN] 0x14e5fa0: "SoldierWeaponRank_GetDlgInfo" (28 chars)
[SCAN] 0x14e5fc8: "PageCount" (9 chars)
[SCAN] 0x14e5fd4: "SoldierServant_GetUpgradeInfo" (29 chars)
[SCAN] 0x14e5ff4: "SoldierServant_GetGuidItem" (26 chars)
[SCAN] 0x14e6010: "SoldierServant_IsForbidentItem" (30 chars)
[SCAN] 0x14e6030: "SoldierServant_IsCouldUseItem" (29 chars)
[SCAN] 0x14e608c: "CouldUseSkill" (13 chars)
[SCAN] 0x14e609c: "SoldierServant_GetData" (22 chars)
[SCAN] 0x14e60b4: "GodOfWar_WZwkq" (14 chars)
[SCAN] 0x14e60c4: "BtnClick" (8 chars)
[SCAN] 0x14e6124: "OneKeyBtnClick" (14 chars)
[SCAN] 0x14e6134: "SoldierServant_IsEnoughtExp" (27 chars)
[SCAN] 0x14e6190: "SoldierServant_GetEquipExp" (26 chars)
[SCAN] 0x14e61ac: "SoldierServant_GetItemExp" (25 chars)
[SCAN] 0x14e61d8: "SoldierServant_GetCurExp" (24 chars)
[SCAN] 0x14e61f4: "SoldierServant_GetMaxExp" (24 chars)
[SCAN] 0x14e6210: "LevMaxBtn" (9 chars)
[SCAN] 0x14e621c: "LevUpBtn" (8 chars)
[SCAN] 0x14e6424: "TipLevelBegin" (13 chars)
[SCAN] 0x14e6434: "TipLevelEnd" (11 chars)
[SCAN] 0x14e65a8: "UsingAni" (8 chars)
[SCAN] 0x14e67e8: "e:\cqclient\gzsu2kc5\0\cqclient\cqclient\myshell\dlgtalk.cpp" (60 chars)
[SCAN] 0x14e6828: "Chitchat_ChitchatxkPic" (22 chars)
[SCAN] 0x14e6840: "NameBgAni" (9 chars)
[SCAN] 0x14e6870: "EnableFocus" (11 chars)
[SCAN] 0x14e687c: "ReloadFGUI" (10 chars)
[SCAN] 0x14e6888: "ResetGuide" (10 chars)
[SCAN] 0x14e6894: "ini\GuideUniversal.lua" (22 chars)
[SCAN] 0x14e68ac: "LogSysInfo" (10 chars)
[SCAN] 0x14e68b8: "DisableFocus" (12 chars)
[SCAN] 0x14e68f4: "3deffect" (8 chars)
[SCAN] 0x14e6900: "3dRotateEffect" (14 chars)
[SCAN] 0x14e6910: "SendPingTestResult" (18 chars)
[SCAN] 0x14e6924: "ShowMePerformance" (17 chars)
[SCAN] 0x14e6938: "ShowMeGameVersion" (17 chars)
[SCAN] 0x14e694c: "EnableMapLayer" (14 chars)
[SCAN] 0x14e6968: "EnablePuzzleGrid" (16 chars)
[SCAN] 0x14e6a10: "ClearInvalidGui" (15 chars)
[SCAN] 0x14e6a54: "SetResetMode" (12 chars)
[SCAN] 0x14e6a65: "Complete" (8 chars)
[SCAN] 0x14e6a70: "OpenWindow" (10 chars)
[SCAN] 0x14e6a7c: "CloseWindow" (11 chars)
[SCAN] 0x14e6a88: "EnableGMMode" (12 chars)
[SCAN] 0x14e6aac: "\MyShell\DlgTalk.cpp" (20 chars)
[SCAN] 0x14e6ac4: "TrimWorkingSet" (14 chars)
[SCAN] 0x14e6ad4: "TrimWorkingSetImm" (17 chars)
[SCAN] 0x14e6ae8: "ResetGui" (8 chars)
[SCAN] 0x14e6b0c: "WriteNewGUI" (11 chars)
[SCAN] 0x14e6b18: "EnableSimplifyOnMapScale" (24 chars)
[SCAN] 0x14e6b34: "PrintTrainningRange" (19 chars)
[SCAN] 0x14e6b48: "Trainning" (9 chars)
[SCAN] 0x14e6b58: "EnableArabicLike" (16 chars)
[SCAN] 0x14e6b6c: "DisableArabicLike" (17 chars)
[SCAN] 0x14e6cd0: "Button50" (8 chars)
[SCAN] 0x14e6cdc: "CJZYZ_Btn20" (11 chars)
[SCAN] 0x14e6ce8: "AniSectionAdd2" (14 chars)
[SCAN] 0x14e6cf8: "Button59" (8 chars)
[SCAN] 0x14e6d04: "AniSectionAdd1" (14 chars)
[SCAN] 0x14e6d14: "Button58" (8 chars)
[SCAN] 0x14e6d20: "AniSectionAppend" (16 chars)
[SCAN] 0x14e6d34: "Button57" (8 chars)
[SCAN] 0x14e6d60: "AniSection" (10 chars)
[SCAN] 0x14e6d74: "CDlgTalk::SetChatItemByDrop" (27 chars)
[SCAN] 0x14e6d90: "Error:pItem" (11 chars)
[SCAN] 0x14e6e40: "CDlgTalk::SetChatItemByClick" (28 chars)
[SCAN] 0x14e6e60: "pItemName" (9 chars)
[SCAN] 0x14e70ac: "AniSection%d" (12 chars)
[SCAN] 0x14e71e4: "TZSB_bq_newjthPic" (17 chars)
[SCAN] 0x14e71f8: "Button510_1" (11 chars)
[SCAN] 0x14e7204: "Button510" (9 chars)
[SCAN] 0x14e7218: "EmotLose" (8 chars)
[SCAN] 0x14e7350: "CDlgTexasReloadMask" (19 chars)
[SCAN] 0x14e7578: "CDlgVassalWarResult" (19 chars)
[SCAN] 0x14e75c4: "ZHWar_BG44" (10 chars)
[SCAN] 0x14e75d0: "ZHWar_BG45" (10 chars)
[SCAN] 0x14e7704: "VassalWarAttack_GetVasssWarAwardInfo" (36 chars)
[SCAN] 0x14e77b8: "ini/WarriorAwake.lua" (20 chars)
[SCAN] 0x14e77d8: "WarriorAwake_GetAwakeInfo" (25 chars)
[SCAN] 0x14e77fc: "CartoonIndex" (12 chars)
[SCAN] 0x14e78a8: "e:\cqclient\gzsu2kc5\0\cqclient\cqclient\myshell\imagenumber.cpp" (64 chars)
[SCAN] 0x14e78f4: "TagOffset" (9 chars)
[SCAN] 0x14e794c: "pParentWnd" (10 chars)
[SCAN] 0x14e7958: "CMyDialog::Lua_ClearChildren" (28 chars)
[SCAN] 0x14e7978: "CMyDialog::Lua_AddCtrl" (22 chars)
[SCAN] 0x14e7990: "CMyDialog::Lua_AddShowCtrl" (26 chars)
[SCAN] 0x14e79ac: "CMyDialog::Lua_ClearShowCtrl" (28 chars)
[SCAN] 0x14e79cc: "CMyDialog::Lua_ShowWindow" (25 chars)
[SCAN] 0x14e79e8: "CMyDialog::Lua_MoveWindow" (25 chars)
[SCAN] 0x14e7a04: "CMyDialog::Lua_EnableWindow" (27 chars)
[SCAN] 0x14e7a20: "CMyDialog::Lua_GetInitClientRect" (32 chars)
[SCAN] 0x14e7a44: "CMyDialog::Lua_RegisterEvent" (28 chars)
[SCAN] 0x14e7a64: "CMyDialog::Lua_SetAlpha" (23 chars)
[SCAN] 0x14e7a7c: "CMyDialog::Lua_IsVisible" (24 chars)
[SCAN] 0x14e7a98: "CMyDialog::Lua_IsEnable" (23 chars)
[SCAN] 0x14e7ab0: "CMyDialog::Lua_GetAlpha" (23 chars)
[SCAN] 0x14e7ac8: "CMyDialog::Lua_GetClientRect" (28 chars)
[SCAN] 0x14e7ae8: "CMyDialog::Lua_ResetGUI" (23 chars)
[SCAN] 0x14e7b00: "CMyDialog::Lua_SetAniSection" (28 chars)
[SCAN] 0x14e7b20: "CMyDialog::Lua_SetBGShowType" (28 chars)
[SCAN] 0x14e7b40: "CMyDialog::Lua_Init" (19 chars)
[SCAN] 0x14e7b54: "CMyDialog::Lua_SetEscEnable" (27 chars)
[SCAN] 0x14e7c2a: "s_dwSecLeftLimit" (16 chars)
[SCAN] 0x14e7c54: "CDlgNewTexasMTTHallMain" (23 chars)
[SCAN] 0x14e7d64: "mttdating_ka%sPic" (17 chars)
[SCAN] 0x14e7e58: "mttdating_menpiao%sPic" (22 chars)
[SCAN] 0x14e7e70: "mttdatingyh_timePic" (19 chars)
[SCAN] 0x14e7eb8: "mttdatingyh_timeBG" (18 chars)
[SCAN] 0x14e7ecc: "mttdatingyh_renPic" (18 chars)
[SCAN] 0x14e7f7c: "xintongy_btn3" (13 chars)
[SCAN] 0x14e7ff8: "xintongy_btn6" (13 chars)
[SCAN] 0x14e8008: "mttdating_kazheBG" (17 chars)
[SCAN] 0x14e804c: "mttdatingyh_freePic" (19 chars)
[SCAN] 0x14e8060: "mttdating_maoPic" (16 chars)
[SCAN] 0x14e80d4: "squeezermtt3" (12 chars)
[SCAN] 0x14e80e4: "squeezermtt2" (12 chars)
[SCAN] 0x14e8164: "jieshu2_s%dPic" (14 chars)
[SCAN] 0x14e8174: "jieshu2_x%dPic" (14 chars)
[SCAN] 0x14e8184: "jieshu1_s%dPic" (14 chars)
[SCAN] 0x14e8194: "jieshu1_x%dPic" (14 chars)
[SCAN] 0x14e81a4: "CDlgDragonCityWarCampList" (25 chars)
[SCAN] 0x14e8328: "LCZ_Btn1" (8 chars)
[SCAN] 0x14e8384: "CJZYZ_Btn3" (10 chars)
[SCAN] 0x14e839c: "newjiugong_Btn18" (16 chars)
[SCAN] 0x14e8430: "CDlgFightDragonCityOrganRank" (28 chars)
[SCAN] 0x14e85d4: "ini/DragonCityWar.lua" (21 chars)
[SCAN] 0x14e85ec: "GameTypeNumRank" (15 chars)
[SCAN] 0x14e85fc: "DragonCityWar_GetRewardNum" (26 chars)
[SCAN] 0x14e8648: "GameTypeNum" (11 chars)
[SCAN] 0x14e8654: "JiuGong_fenyeBtn" (16 chars)
[SCAN] 0x14e8704: "SessionTime%d" (13 chars)
[SCAN] 0x14e8b90: "CDlgSurvivorResult" (18 chars)
[SCAN] 0x14e8ba4: "main_xingcunzhewanfa7" (21 chars)
[SCAN] 0x14e8bd0: "InstanceCostItem" (16 chars)
[SCAN] 0x14e8be4: "Survivor_GetSurvivorGameTypeBaseInfo" (36 chars)
[SCAN] 0x14e8c0c: "InstanceCostNum" (15 chars)
[SCAN] 0x14e8c60: "com_xingcunzhewanfa7" (20 chars)
[SCAN] 0x14e92c0: "CDlgActionWrapPackage" (21 chars)
[SCAN] 0x14e932c: "CostVIPLev" (10 chars)
[SCAN] 0x14e9338: "ActionPackageCollect_GetActionPackageConditionById" (50 chars)
[SCAN] 0x14e9574: "ActionWrapPackageType" (21 chars)
[SCAN] 0x14e958c: "DefaultDlgType" (14 chars)
[SCAN] 0x14e959c: "ActionPackageCollect_GetActionPackageInfo" (41 chars)
[SCAN] 0x14e9adc: "CDlgOSSynWarWaiting" (19 chars)
[SCAN] 0x14e9ff8: "CDlgSkillCoatView" (17 chars)
[SCAN] 0x14ea018: "btn_3deffect" (12 chars)
[SCAN] 0x14ea104: "Player_GetSkillCoatInfo" (23 chars)
[SCAN] 0x14ea11c: "nOffsetX" (8 chars)
[SCAN] 0x14ea128: "Player_GetSkillCoatEffectConfig" (31 chars)
[SCAN] 0x14ea148: "nOffsetY" (8 chars)
[SCAN] 0x14ea15c: "fRotateX" (8 chars)
[SCAN] 0x14ea168: "fRotateY" (8 chars)
[SCAN] 0x14ea174: "fRotateZ" (8 chars)
[SCAN] 0x14ea320: "MagicDef" (8 chars)
[SCAN] 0x14ea3b4: "Concubines_RewardBtn" (20 chars)
[SCAN] 0x14ea3cc: "Concubines_DismissBtn" (21 chars)
[SCAN] 0x14ea410: "Squeezer_BetSPic" (16 chars)
[SCAN] 0x14ea424: "Squeezer_RaiseSPic" (18 chars)
[SCAN] 0x14ea438: "Sound/SHMedia.mp3" (17 chars)
[SCAN] 0x14ea44c: "Texasholdts" (11 chars)
[SCAN] 0x14ea678: "DlgHundredWeaponBaptize" (23 chars)
[SCAN] 0x14f0b00: "CDlgAnnualReward" (16 chars)
[SCAN] 0x14f0b60: "AnnWelfare_Yellow%d" (19 chars)
[SCAN] 0x14f0b74: "AnnWelfare_gray%d" (17 chars)
[SCAN] 0x14f0b88: "AnnWelfare_WZji2" (16 chars)
[SCAN] 0x14f0b9c: "AnnWelfare_WZji3" (16 chars)
[SCAN] 0x14f0da0: "BattlePass_GetRewardCount" (25 chars)
[SCAN] 0x14f0dbc: "ini/BattlePass.lua" (18 chars)
[SCAN] 0x14f0dd0: "RewardCanOpenIconEffect" (23 chars)
[SCAN] 0x14f0de8: "BattlePass_GetVIPInfo" (21 chars)
[SCAN] 0x14f0e00: "AnnWelfare_CompletedPic" (23 chars)
[SCAN] 0x14f0e40: "AnnWelfare_ArrowPic" (19 chars)
[SCAN] 0x14f0e54: "AnnWelfare_WZshengdao1" (22 chars)
[SCAN] 0x14f0e6c: "AnnWelfare_WZshengdao" (21 chars)
[SCAN] 0x14f0e94: "BattlePass_WZylq1" (17 chars)
[SCAN] 0x14f0ea8: "BattlePass_BG10" (15 chars)
[SCAN] 0x14f0eb8: "BattlePass_BG11" (15 chars)
[SCAN] 0x14f0ec8: "BattlePass_BG9" (14 chars)
[SCAN] 0x14f0f40: "CDlgChallengeGangBoss" (21 chars)
[SCAN] 0x14f1050: "CDlgCountryConcubinesList" (25 chars)
[SCAN] 0x14f1340: "Nationalwar_Queen1" (18 chars)
[SCAN] 0x14f1354: "Nationalwar_Queen" (17 chars)
[SCAN] 0x14f1368: "Nationalwar_ImperialConcubine1" (30 chars)
[SCAN] 0x14f1388: "Nationalwar_ImperialConcubine" (29 chars)
[SCAN] 0x14f13a8: "Nationalwar_Concubine1" (22 chars)
[SCAN] 0x14f13c0: "Nationalwar_Concubine" (21 chars)
[SCAN] 0x14f1444: "wcslen(szName)" (14 chars)
[SCAN] 0x14f14c4: "CDlgDealerChipBtn" (17 chars)
[SCAN] 0x14f14d8: "Play3PosX" (9 chars)
[SCAN] 0x14f14e4: "ShowHand_GetChipToDealerInfo" (28 chars)
[SCAN] 0x14f1504: "Play3PosY" (9 chars)
[SCAN] 0x14f1510: "ini/ShowHand.lua" (16 chars)
[SCAN] 0x14f1524: "Play1Time" (9 chars)
[SCAN] 0x14f1530: "Play2Time" (9 chars)
[SCAN] 0x14f153c: "Play3Time" (9 chars)
[SCAN] 0x14f15b8: "Play1PosX" (9 chars)
[SCAN] 0x14f15c4: "Play1PosY" (9 chars)
[SCAN] 0x14f15d0: "Play2PosX" (9 chars)
[SCAN] 0x14f15dc: "Play2PosY" (9 chars)
[SCAN] 0x14f16b8: "ChatSkin_GetDealerChatSkin" (26 chars)
[SCAN] 0x14f16d4: "ShowFHTime" (10 chars)
[SCAN] 0x14f19c8: "Debase_DebaseBtn" (16 chars)
[SCAN] 0x14f19dc: "Public_HelpSignBtn" (18 chars)
[SCAN] 0x14f19f0: "Public_CloseSignBtn" (19 chars)
[SCAN] 0x14f1bd8: "pPreviewItem" (12 chars)
[SCAN] 0x14f1c7d: "g_objPickUpMgr.GetLastOperateDlgID()" (36 chars)
[SCAN] 0x14f1ca4: "CDlgEquSpecialEffectVariant" (27 chars)
[SCAN] 0x14f1fb4: "YLbianyi6" (9 chars)
[SCAN] 0x14f2340: "VariantBurstEffect" (18 chars)
[SCAN] 0x14f2354: "VariantFailEffect" (17 chars)
[SCAN] 0x14f2368: "VariantReplaceEffect" (20 chars)
[SCAN] 0x14f2380: "VariantSucEffect" (16 chars)
[SCAN] 0x14f2394: "VariantSecTempAppEffect" (23 chars)
[SCAN] 0x14f23ac: "CItem::IsSpecialEffect(dwData)" (30 chars)
[SCAN] 0x14f23cc: "m_pSpecialEffectSecondTemp" (26 chars)
[SCAN] 0x14f23e8: "m_pSpecialEffectSecondTemp->Create(VIRTUAL_SECOND_ID_TEMP," (58 chars)
[SCAN] 0x14f242c: "m_pSpecialEffectSecondTempTip" (29 chars)
[SCAN] 0x14f244c: "m_idMainItemForEsc" (18 chars)
[SCAN] 0x14f2466: "!m_strConfirmTextForEsc.empty()" (31 chars)
[SCAN] 0x14f24e4: "VariantIntro" (12 chars)
[SCAN] 0x14f24f4: "m_pSpecialEffectSecondTip" (25 chars)
[SCAN] 0x14f2510: "m_pSpecialEffectSecond" (22 chars)
[SCAN] 0x14f2528: "m_pSpecialEffectSecond->Create(VIRTUAL_SECOND_ID," (49 chars)
[SCAN] 0x14f255a: "nSpecialEffect)" (15 chars)
[SCAN] 0x14f256c: "YLfeisheng5" (11 chars)
[SCAN] 0x14f288a: "IF_NOT(%s)" (10 chars)
[SCAN] 0x14f28c0: "CDlgFastBuyConfirm" (18 chars)
[SCAN] 0x14f2ac8: "CDlgFastBuy::ITEM_TYPE" (22 chars)
[SCAN] 0x14f2ae2: "m_stParam.nType" (15 chars)
[SCAN] 0x14f2af5: "m_stParam.pItem" (15 chars)
[SCAN] 0x14f2b08: "CDlgGangActivities" (18 chars)
[SCAN] 0x14f2be8: "Info_GetGangActAmount" (21 chars)
[SCAN] 0x14f2c08: "Info_GetGangActInfo" (19 chars)
[SCAN] 0x14f2c24: "SwitchDialogId" (14 chars)
[SCAN] 0x14f2ca8: "CDlgGlobalLotteryResult" (23 chars)
[SCAN] 0x14f2da4: "CDlgHeroAttriPoker" (18 chars)
[SCAN] 0x14f2eb0: "PokerVip_GetCurShowExp" (22 chars)
[SCAN] 0x14f2f50: "copvipxx_vip%dPic" (17 chars)
[SCAN] 0x14f2f78: "CDlgInstanceReborn" (18 chars)
[SCAN] 0x14f3028: "ini/InstanceReborn.lua" (22 chars)
[SCAN] 0x14f3040: "InstanceReborn_GetCostData" (26 chars)
[SCAN] 0x14f3064: "Special1" (8 chars)
[SCAN] 0x14f3070: "Special2" (8 chars)
[SCAN] 0x14f307c: "InstanceReborn_GetWinHeight" (27 chars)
[SCAN] 0x14f3098: "InstanceReborn_GetRebornItem" (28 chars)
[SCAN] 0x14f33f0: "CDlgLeagueRobRelation" (21 chars)
[SCAN] 0x14f35f4: "Alliance_Plunder1Pic" (20 chars)
[SCAN] 0x14f3670: "Alliance_HostilePic" (19 chars)
[SCAN] 0x14f36fc: "CDlgMagicWeaponRank" (19 chars)
[SCAN] 0x14f39c8: "LXLJX_pic2%d" (12 chars)
[SCAN] 0x14f39d8: "LXLJX_pic20" (11 chars)
[SCAN] 0x14f3aa4: "RankTypeNum" (11 chars)
[SCAN] 0x14f3ab0: "Info_GetWeaponCoatFlauntInfo" (28 chars)
[SCAN] 0x14f3ad0: "OpenDlgMode" (11 chars)
[SCAN] 0x14f3b48: "Present_UsestoneBtn" (19 chars)
[SCAN] 0x14f3b5c: "Present_UsestonepBtn" (20 chars)
[SCAN] 0x14f3b74: "WrapShop_CancelBtn" (18 chars)
[SCAN] 0x14f3bd0: "CDlgNewSynWarInfo" (17 chars)
[SCAN] 0x14f3cc8: "Faction_ZFPHBBG" (15 chars)
[SCAN] 0x14f3e00: "Faction_ZFNO%d" (14 chars)
[SCAN] 0x14f3f10: "Faction_CMZBtn" (14 chars)
[SCAN] 0x14f3f20: "Faction_SHCMZBtn" (16 chars)
[SCAN] 0x14f3f3c: "NewSynWar_GetNormalData" (23 chars)
[SCAN] 0x14f3f58: "Faction_CMYBtn" (14 chars)
[SCAN] 0x14f3f68: "Faction_SHCMYBtn" (16 chars)
[SCAN] 0x14f4074: "NewSynWar_GetShowTypeData" (25 chars)
[SCAN] 0x14f43d8: "Faction_bossjswz" (16 chars)
[SCAN] 0x14f4490: "NewSynWar_GetCommanderActTalk" (29 chars)
[SCAN] 0x14f44f4: "CDlgNinjaTruingTip" (18 chars)
[SCAN] 0x14f46dc: "InvalidColor" (12 chars)
[SCAN] 0x14f46ec: "ValidColor" (10 chars)
[SCAN] 0x14f47c4: "CDlgOwnKongfuImproveForce" (25 chars)
[SCAN] 0x14f48d0: "pReqInfo" (8 chars)
[SCAN] 0x14f4910: "CDlgPKNotice" (12 chars)
[SCAN] 0x14f4970: "e:\cqclient\gzsu2kc5\0\cqclient\cqclient\myshell\dlgpknotice.cpp" (64 chars)
[SCAN] 0x14f49c4: "Info_GetPKNoticeReward" (22 chars)
[SCAN] 0x14f49dc: "Monopoly%d" (10 chars)
[SCAN] 0x14f49e8: "Overlay%d" (9 chars)
[SCAN] 0x14f49fc: "Info_GetPKNotice" (16 chars)
[SCAN] 0x14f4a20: "GroupNum" (8 chars)
[SCAN] 0x14f4a2c: "RoleLevLower%d" (14 chars)
[SCAN] 0x14f4a3c: "RoleLevUpper%d" (14 chars)
[SCAN] 0x14f4a54: "Reward%d" (8 chars)
[SCAN] 0x14f4a60: "Entrance" (8 chars)
[SCAN] 0x14f4a7c: "Info_GetPKWeeklyNoticeId" (24 chars)
[SCAN] 0x14f4a98: "CDlgQLReforge" (13 chars)
[SCAN] 0x14f4b70: "TipMaskColor" (12 chars)
[SCAN] 0x14f4b80: "DlgQLReforge" (12 chars)
[SCAN] 0x14f4b90: "TipExSpace" (10 chars)
[SCAN] 0x14f4b9c: "ProgressTime" (12 chars)
[SCAN] 0x14f4bf4: "Spirit_GetReforgeInfo" (21 chars)
[SCAN] 0x14f4c44: "turnEffX" (8 chars)
[SCAN] 0x14f4c50: "turnEffY" (8 chars)
[SCAN] 0x14f4c5c: "DragonSoul_noturn" (17 chars)
[SCAN] 0x14f4db8: "Error:Item(%d)" (14 chars)
[SCAN] 0x14f4e24: "Spirit_GetReforgeEffectInfo" (27 chars)
[SCAN] 0x14f5350: "e:\cqclient\gzsu2kc5\0\cqclient\cqclient\myshell\dlgrunesys.cpp" (63 chars)
[SCAN] 0x14f5390: "Fuwens_Pgbarnum%dPic" (20 chars)
[SCAN] 0x14f5428: "ShowHand_GetPropType" (20 chars)
[SCAN] 0x14f571c: "MaxPlayer" (9 chars)
[SCAN] 0x14f5774: "nSeatIndexInClient" (18 chars)
[SCAN] 0x14f578f: "nSeatIndexInClient" (18 chars)
[SCAN] 0x14f57a4: "nMaxPlayer" (10 chars)
[SCAN] 0x14f57b8: "NewSqu_CancelTrustBtn" (21 chars)
[SCAN] 0x14f57d0: "NewSqu_TrustBtn" (15 chars)
[SCAN] 0x14f57e0: "mgr.IsHeroInTable()" (19 chars)
[SCAN] 0x14f5818: "LimitCall" (9 chars)
[SCAN] 0x14f5880: "BGSHChip2" (9 chars)
[SCAN] 0x14f588c: "Squeezer_PlayWayBtn" (19 chars)
[SCAN] 0x14f58a0: "BtnSHStat" (9 chars)
[SCAN] 0x14f58ac: "Squeezer_LeaveBtn" (17 chars)
[SCAN] 0x14f58c0: "NewSqu_ViewBtn" (14 chars)
[SCAN] 0x14f58d0: "Squeezer_YinviteBtn" (19 chars)
[SCAN] 0x14f58e4: "BtnSHBet" (8 chars)
[SCAN] 0x14f58f0: "BtnSHCall" (9 chars)
[SCAN] 0x14f58fc: "BtnSHFold" (9 chars)
[SCAN] 0x14f5908: "BtnSHBridgeWard" (15 chars)
[SCAN] 0x14f5918: "BtnSHRaise" (10 chars)
[SCAN] 0x14f5924: "BtnSHAllin" (10 chars)
[SCAN] 0x14f5930: "Squeezer_HideBtn" (16 chars)
[SCAN] 0x14f5944: "Squeezer_ShowBtn" (16 chars)
[SCAN] 0x14f5958: "PicSHNoletterShort" (18 chars)
[SCAN] 0x14f596c: "ChipsEdit" (9 chars)
[SCAN] 0x14f5978: "PicSHDrag" (9 chars)
[SCAN] 0x14f5984: "CardsHeld" (9 chars)
[SCAN] 0x14f5990: "PublicBtn_HdragBtn" (18 chars)
[SCAN] 0x14f59c4: "Squeezer_CoinSPic" (17 chars)
[SCAN] 0x14f59d8: "PicSHNoletter" (13 chars)
[SCAN] 0x14f59e8: "PKDetain_GemIco" (15 chars)
[SCAN] 0x14f59f8: "pBtnJoin" (8 chars)
[SCAN] 0x14f5a04: "NewSqu_JoinBtn" (14 chars)
[SCAN] 0x14f5a94: "m_pBtnSubscribe" (15 chars)
[SCAN] 0x14f5aa4: "xindezhoumap_btn11" (18 chars)
[SCAN] 0x14f5ab8: "m_pBtnUnSubscribe" (17 chars)
[SCAN] 0x14f5acc: "xindezhoumap_btn10" (18 chars)
[SCAN] 0x14f5b18: "InteractiveBgX" (14 chars)
[SCAN] 0x14f5b28: "InteractiveBgY" (14 chars)
[SCAN] 0x14f5b38: "InteractiveBgWidth" (18 chars)
[SCAN] 0x14f5b4c: "idTarget" (8 chars)
[SCAN] 0x14f5c7c: "TargetEffect" (12 chars)
[SCAN] 0x14f5c8c: "ShowHand_GetPropMotion" (22 chars)
[SCAN] 0x14f5cb4: "CDlgSoldierServantUpgradeEff" (28 chars)
[SCAN] 0x14f5cf4: "StartEffectOverTime" (19 chars)
[SCAN] 0x14f5d08: "UpLevelStartEffect" (18 chars)
[SCAN] 0x14f5e78: "Button444" (9 chars)
[SCAN] 0x14f5e84: "Button500" (9 chars)
[SCAN] 0x14f5e90: "Button501" (9 chars)
[SCAN] 0x14f5ea4: "ani/EmotionIco.ani" (18 chars)
[SCAN] 0x14f5ee4: "ini/EmotionIco.ini" (18 chars)
[SCAN] 0x14f5f04: "CDlgTexasResult" (15 chars)
[SCAN] 0x14f5f4c: "ani/ShowHandCardOS.ani" (22 chars)
[SCAN] 0x14f5f64: "CDlgTrainingVitalityProtectInfo" (31 chars)
[SCAN] 0x14f62b4: "CDlgVassalWarSelect" (19 chars)
[SCAN] 0x14f63c8: "VassalWarAttack_GetSoldierInfo" (30 chars)
[SCAN] 0x14f6438: "100wea_jmzy" (11 chars)
[SCAN] 0x14f6444: "HundredWeapons_GetStaticSizeWidth" (33 chars)
[SCAN] 0x14f6468: "HundredWeapons_GetStaticSizeHeight" (34 chars)
[SCAN] 0x14f648c: "HundredWeapons_GetImgWidth" (26 chars)
[SCAN] 0x14f64a8: "HundredWeapons_GetImgheight" (27 chars)
[SCAN] 0x14f64c4: "100Weapons_tipsBG" (17 chars)
[SCAN] 0x14f64d8: "HundredWeapons_GetBgColor" (25 chars)
[SCAN] 0x14f64f4: "HundredWeapons_GetOpenGuide" (27 chars)
[SCAN] 0x14f6510: "100Weapons_Main1Btn" (19 chars)
[SCAN] 0x14f6524: "100Weapons_rightjt" (18 chars)
[SCAN] 0x14f6538: "100Weapons_downjt" (17 chars)
[SCAN] 0x14f654c: "HundredWeapons_GetGuideImproveTip" (33 chars)
[SCAN] 0x14f66b0: "HundredWeapons_GetBaptizeGuideTip" (33 chars)
[SCAN] 0x14f6794: "HundredWeapons_GetGuideShowTip" (30 chars)
[SCAN] 0x14f685c: "HundredWeapons_GetGuideSkillTip" (31 chars)
[SCAN] 0x14f696c: "100Weapons_zhuangbeibtn" (23 chars)
[SCAN] 0x14f69c0: "HundredWeapons_GetEffectLevByScore" (34 chars)
[SCAN] 0x14f69e4: "HundredWeapons_GetWeaponProfEffect" (34 chars)
[SCAN] 0x14f6a14: "Eff_Scale" (9 chars)
[SCAN] 0x14f6a20: "HundredWeapons_GetDlgInfo" (25 chars)
[SCAN] 0x14f6a3c: "Eff_Rotate_X" (12 chars)
[SCAN] 0x14f6a4c: "Eff_Rotate_Y" (12 chars)
[SCAN] 0x14f6a5c: "Eff_Rotate_Z" (12 chars)
[SCAN] 0x14f6a6c: "e:\cqclient\gzsu2kc5\0\cqclient\cqclient\myshell\imagesum.cpp" (61 chars)
[SCAN] 0x14f6aac: "CommaWidth" (10 chars)
[SCAN] 0x14f6ab8: "DigitWidth" (10 chars)
[SCAN] 0x14f6ac4: "CommaAniSection" (15 chars)
[SCAN] 0x14f6ad4: "Digit%dAniSection" (17 chars)
[SCAN] 0x14f6cf8: "e:\cqclient\gzsu2kc5\0\cqclient\cqclient\myshell\myeditex.cpp" (61 chars)
[SCAN] 0x14f6d58: "CMyEditEx::Init()," (18 chars)
[SCAN] 0x14f6d6b: "m_EditRect" (10 chars)
[SCAN] 0x14f6d9c: "m_pScrUpBtn" (11 chars)
[SCAN] 0x14f6dab: "m_pScrDownBtn" (13 chars)
[SCAN] 0x14f6dc8: "ChiEngNumOnly" (13 chars)
[SCAN] 0x14f6dd8: "LimitText" (9 chars)
[SCAN] 0x14f6de4: "LimitTextW" (10 chars)
[SCAN] 0x14f6df0: "EditSelBlockColor" (17 chars)
[SCAN] 0x14f6e04: "EditLineHeight" (14 chars)
[SCAN] 0x14f6e14: "DefaultText" (11 chars)
[SCAN] 0x14f6e20: "DefaultTextX" (12 chars)
[SCAN] 0x14f6e30: "DefaultTextY" (12 chars)
[SCAN] 0x14f6e40: "DefaultFontColor" (16 chars)
[SCAN] 0x14f6e54: "ShowCaret" (9 chars)
[SCAN] 0x14f6e60: "nMaxLength" (10 chars)
[SCAN] 0x14f6e70: "pszBuffer" (9 chars)
[SCAN] 0x14f6e7c: "pszStringBuf" (12 chars)
[SCAN] 0x14f6e8c: "nMaxCount" (9 chars)
[SCAN] 0x14f6e9c: "GetParent()" (11 chars)
[SCAN] 0x14f6f60: "e:\cqclient\gzsu2kc5\0\cqclient\cqclient\myshell\mytree.cpp" (59 chars)
[SCAN] 0x14f6f9c: "ParentHorAlign" (14 chars)
[SCAN] 0x14f6fac: "ChildHorAlign" (13 chars)
[SCAN] 0x14f6fbc: "Task_PlusBtn" (12 chars)
[SCAN] 0x14f6fcc: "AddBtnAni" (9 chars)
[SCAN] 0x14f6fd8: "Task_ReduceBtn" (14 chars)
[SCAN] 0x14f6fe8: "SubBtnAni" (9 chars)
[SCAN] 0x14f6ff4: "Task_DownLineSPic" (17 chars)
[SCAN] 0x14f7008: "SmallLineAni" (12 chars)
[SCAN] 0x14f7018: "Task_DownLinePic" (16 chars)
[SCAN] 0x14f702c: "BigLineAni" (10 chars)
[SCAN] 0x14f7038: "Task_TaskCapPic" (15 chars)
[SCAN] 0x14f7048: "SelectBGAni" (11 chars)
[SCAN] 0x14f7054: "BtnWidth" (8 chars)
[SCAN] 0x14f7060: "NoneLineOffsetX" (15 chars)
[SCAN] 0x14f7070: "Icon1Ani" (8 chars)
[SCAN] 0x14f707c: "Icon2Ani" (8 chars)
[SCAN] 0x14f7088: "Icon1OffsetX" (12 chars)
[SCAN] 0x14f7098: "Icon1OffsetY" (12 chars)
[SCAN] 0x14f70a8: "Icon2OffsetX" (12 chars)
[SCAN] 0x14f70b8: "Icon2OffsetY" (12 chars)
[SCAN] 0x14f70c8: "SelectFontColor" (15 chars)
[SCAN] 0x14f70d8: "ParentBGAni" (11 chars)
[SCAN] 0x14f70e4: "ChildBGAni" (10 chars)
[SCAN] 0x14f70f0: "ParentOffsetX" (13 chars)
[SCAN] 0x14f7100: "ParentOffsetY" (13 chars)
[SCAN] 0x14f7110: "ChildOffsetX" (12 chars)
[SCAN] 0x14f7120: "ChildOffsetY" (12 chars)
[SCAN] 0x14f7130: "SelectBGOffsetX" (15 chars)
[SCAN] 0x14f7140: "SelectBGOffsetY" (15 chars)
[SCAN] 0x14f7150: "AddBtnOffsetX" (13 chars)
[SCAN] 0x14f7160: "AddBtnOffsetY" (13 chars)
[SCAN] 0x14f7170: "ParentTextFontSize" (18 chars)
[SCAN] 0x14f7184: "ParentTextOffsetX" (17 chars)
[SCAN] 0x14f7198: "ParentTextOffsetY" (17 chars)
[SCAN] 0x14f71ac: "ChildTextFontSize" (17 chars)
[SCAN] 0x14f71c0: "ChildTextOffsetX" (16 chars)
[SCAN] 0x14f71d4: "ChildTextOffsetY" (16 chars)
[SCAN] 0x14f71e8: "ChildHeightOffset" (17 chars)
[SCAN] 0x14f7227: "SLine[%s]," (10 chars)
[SCAN] 0x14f723e: "SelectBg" (8 chars)
[SCAN] 0x14f724d: "CheckBox" (8 chars)
[SCAN] 0x14f725c: "Achievement_FirstPaginationBtn" (30 chars)
[SCAN] 0x14f727c: "AniParentBtn" (12 chars)
[SCAN] 0x14f728c: "Achievement_SecondPaginationBtn" (31 chars)
[SCAN] 0x14f72ac: "AniChildBtn" (11 chars)
[SCAN] 0x14f72b8: "AniWidth" (8 chars)
[SCAN] 0x14f72c4: "ChildAniWidth" (13 chars)
[SCAN] 0x14f72d4: "ChildeTextOffsetX" (17 chars)
[SCAN] 0x14f72e8: "ChildeTextOffsetY" (17 chars)
[SCAN] 0x14f72fc: "ExpandShowSelectFrame" (21 chars)
[SCAN] 0x14f7314: "ParentItemColor" (15 chars)
[SCAN] 0x14f7324: "ChildItemColor" (14 chars)
[SCAN] 0x14f7334: "ParentItemSelectColor" (21 chars)
[SCAN] 0x14f734c: "ChildItemSelectColor" (20 chars)
[SCAN] 0x14f7364: "ChildFontSize" (13 chars)
[SCAN] 0x14f7378: "CDlgDragonCityWarEventFrame" (27 chars)
[SCAN] 0x14f7448: "CDlgFightDragonCityRewardDetail" (31 chars)
[SCAN] 0x14f7470: "DragonCityWar_GetDlgInfo" (24 chars)
[SCAN] 0x14f7538: "itemType" (8 chars)
[SCAN] 0x14f7544: "DragonCityWar_GetRewardInfo" (27 chars)
[SCAN] 0x14f75b4: "ExcellentRewardNum" (18 chars)
[SCAN] 0x14f7afc: "CDlgSurvivorReward" (18 chars)
[SCAN] 0x14f7b10: "Survivor_GetRankRewardInfo" (26 chars)
[SCAN] 0x14f7b2c: "main_xingcunzhewanfa5" (21 chars)
[SCAN] 0x14f7b44: "ui://ui_xingcunzhewanfa/com_xingcunzhewanfa6" (44 chars)
[SCAN] 0x14f7b74: "com_xingcunzhewanfa5" (20 chars)
[SCAN] 0x14f80c8: "CDlgFootEffectView" (18 chars)
[SCAN] 0x14f8240: "FootEffectCollect_GetFootEffectInfo" (35 chars)
[SCAN] 0x14f8278: "PlayTime" (8 chars)
[SCAN] 0x14f864c: "CDlgWarriorMonkAwakenAnimalIntro" (32 chars)
[SCAN] 0x14f8df4: "CDlgTalkSkinPackage" (19 chars)
[SCAN] 0x14f8f38: "TalkSkinPackageType" (19 chars)
[SCAN] 0x14f8f4c: "Player_GetTalkSkinWrapPackage" (29 chars)
[SCAN] 0x14f93b8: "CDlgRunePoFeng" (14 chars)
[SCAN] 0x14f93e0: "btn_tab2" (8 chars)
[SCAN] 0x14f9404: "list_item_0" (11 chars)
[SCAN] 0x14f9550: "fgui_shenwen_pf1" (16 chars)
[SCAN] 0x14f9564: "fgui_shenwen_pf2" (16 chars)
[SCAN] 0x14f9664: "MaterialSel%d" (13 chars)
[SCAN] 0x14f9678: "RuneSys_GetPoFengMeterial" (25 chars)
[SCAN] 0x14f9a80: "NingfaTie_Fenye2Btn" (19 chars)
[SCAN] 0x14f9aa4: "SHTwinkle4Active" (16 chars)
[SCAN] 0x14f9ab8: "ini/ShowHandRule.ini" (20 chars)
[SCAN] 0x14f9ad0: "ini/ShowHandSHRule.ini" (22 chars)
[SCAN] 0x14f9ae8: "ini/ShowHandOMARule.ini" (23 chars)
[SCAN] 0x14fa164: "CDlgAnnualRewardGetAll::E_ITEM_MAX" (34 chars)
[SCAN] 0x14fa188: "ani/ItemMinIcon.Ani" (19 chars)
[SCAN] 0x14fa1a4: "BattlePass_GetGetAllItemShowTiem" (32 chars)
[SCAN] 0x14fa1c8: "!m_vecItemType.empty()" (22 chars)
[SCAN] 0x14fa2b0: "CDlgAnnualRewardGetAll" (22 chars)
[SCAN] 0x14fa57c: "CDlgBattlePassShop" (18 chars)
[SCAN] 0x14fa7d0: "ZNFL_hot" (8 chars)
[SCAN] 0x14fa7dc: "ZNFL_new" (8 chars)
[SCAN] 0x14faa7c: "CDlgChangeColorPreview" (22 chars)
[SCAN] 0x14faad4: "CoatData_GetColorToModel" (24 chars)
[SCAN] 0x14faaf0: "PreviewMountScale" (17 chars)
[SCAN] 0x14fab04: "Info_GetCoatChangeColorItem" (27 chars)
[SCAN] 0x14fadb4: "CDlgCountryMemList" (18 chars)
[SCAN] 0x14fb3d8: "CDlgDelGiftLog" (14 chars)
[SCAN] 0x14fb9f0: "dwMinutes" (9 chars)
[SCAN] 0x14fba02: "dwMinutes" (9 chars)
[SCAN] 0x14fba14: "dwSeconds" (9 chars)
[SCAN] 0x14fba26: "dwSeconds" (9 chars)
[SCAN] 0x14fbae8: "pInfo->usIndex" (14 chars)
[SCAN] 0x14fbb18: "ini/ElitePkReward.lua" (21 chars)
[SCAN] 0x14fbb70: "ElitePKReward_GetGroupInfo" (26 chars)
[SCAN] 0x14fbb94: "ElitePKReward_GetCrossOpenInfo" (30 chars)
[SCAN] 0x14fbbb4: "ElitePKReward_GetOpenInfo" (25 chars)
[SCAN] 0x14fc4d4: "CDlgFactionShop" (15 chars)
[SCAN] 0x14fc650: "Faction_NBWZysc" (15 chars)
[SCAN] 0x14fcbd8: "RankTOP3BG" (10 chars)
[SCAN] 0x14fcc60: "2025_xhb_gh2" (12 chars)
[SCAN] 0x1500f38: "CDlgGangBeast" (13 chars)
[SCAN] 0x150103c: "CDlgGodWeaponBtn" (16 chars)
[SCAN] 0x1501088: "shenbing7" (9 chars)
[SCAN] 0x15010b0: "WeaponType" (10 chars)
[SCAN] 0x15010bc: "MagicalWeapon_GetRedPointInfo" (29 chars)
[SCAN] 0x15011d8: "CDlgInstanceTip" (15 chars)
[SCAN] 0x15013b4: "InstanceMgr_GetInsAwardPos" (26 chars)
[SCAN] 0x15013d4: "TowerWin" (8 chars)
[SCAN] 0x15013ec: "BtnCotinueText" (14 chars)
[SCAN] 0x15013fc: "BtnExitText" (11 chars)
[SCAN] 0x1501408: "BtnContinuAni" (13 chars)
[SCAN] 0x1501418: "BtnExitAni" (10 chars)
[SCAN] 0x1501424: "CountTime" (9 chars)
[SCAN] 0x1501430: "CountType" (9 chars)
[SCAN] 0x150143c: "InstanceSweep" (13 chars)
[SCAN] 0x150144c: "TowerLose" (9 chars)
[SCAN] 0x1501458: "CDlgLeagueRobRelationBtn" (24 chars)
[SCAN] 0x1501500: "CDlgMailContent" (15 chars)
[SCAN] 0x1501510: "com_youjian2" (12 chars)
[SCAN] 0x15016e0: "Money_Gold" (10 chars)
[SCAN] 0x1501734: "Item_GetCopItem" (15 chars)
[SCAN] 0x1501744: "Email_ActionIco" (15 chars)
[SCAN] 0x150184c: "WebCfg_GetWebInfo" (17 chars)
[SCAN] 0x1501860: "BGShowType" (10 chars)
[SCAN] 0x15018dc: "CDlgNewSynWarInfoFace" (21 chars)
[SCAN] 0x1501a28: "ShowCount" (9 chars)
[SCAN] 0x1501ac4: "CDlgNinjutsuRank" (16 chars)
[SCAN] 0x1501ad8: "ini/NinjutsuRank.lua" (20 chars)
[SCAN] 0x1501af0: "NinjutsuRank_GetDlgInfo" (23 chars)
[SCAN] 0x1501b08: "NormalType" (10 chars)
[SCAN] 0x1501b1c: "SelectedType" (12 chars)
[SCAN] 0x1501c54: "JingXiuEff" (10 chars)
[SCAN] 0x1501c60: "Info_GetDlgInfo" (15 chars)
[SCAN] 0x1501c70: "CountNum" (8 chars)
[SCAN] 0x1501cc8: "NingfaTie_CKXBtn" (16 chars)
[SCAN] 0x1501cdc: "RFT_phbsg" (9 chars)
[SCAN] 0x1501ce8: "MyRankEff" (9 chars)
[SCAN] 0x1501cf4: "MyRankSpace" (11 chars)
[SCAN] 0x1501da4: "NinjutsuRank_GetNinSuitId" (25 chars)
[SCAN] 0x1501df0: "NinjutsuRank_GetNinJaRankUI" (27 chars)
[SCAN] 0x1501e1c: "CDlgOwnKongfuImproveForceFree" (29 chars)
[SCAN] 0x1501f3c: "PKProtocol_Bg" (13 chars)
[SCAN] 0x1501fe8: "PKProtocol_AgreeBtn" (19 chars)
[SCAN] 0x1501ffc: "PKProtocol_DisagreeBtn" (22 chars)
[SCAN] 0x1502014: "ini/PKProtocol.ini" (18 chars)
[SCAN] 0x1502028: "CDlgQLResolve" (13 chars)
[SCAN] 0x150216c: "DragonSoul_fjcg" (15 chars)
[SCAN] 0x150218c: "m_vecViceID.end()" (17 chars)
[SCAN] 0x15021a0: "Spirit_GetSpiritAmount" (22 chars)
[SCAN] 0x15021b8: "Spirit_GetSpiritTypeID" (22 chars)
[SCAN] 0x1502310: "Ride_NumOnePic" (14 chars)
[SCAN] 0x1502320: "Ride_NumTwoPic" (14 chars)
[SCAN] 0x1502330: "Ride_NumThreePic" (16 chars)
[SCAN] 0x1502344: "Ride_NumFourPic" (15 chars)
[SCAN] 0x1502354: "Ride_NumFivePic" (15 chars)
[SCAN] 0x15023b0: "m_pOimgHotKey[i]" (16 chars)
[SCAN] 0x15023fc: "m_pStcCover[i]" (14 chars)
[SCAN] 0x150240c: "m_pStcProp[i]" (13 chars)
[SCAN] 0x150241c: "m_pStcLeaveTimes[i]" (19 chars)
[SCAN] 0x1502430: "RaceTrackProp_CoverPic" (22 chars)
[SCAN] 0x1502448: "m_pStcTip[i]" (12 chars)
[SCAN] 0x1502460: "pszAniSection" (13 chars)
[SCAN] 0x1502471: "strlen(pszAniSection)" (21 chars)
[SCAN] 0x1502560: "nMsgType" (8 chars)
[SCAN] 0x1502580: "nMsgType" (8 chars)
[SCAN] 0x1502730: "e:\cqclient\gzsu2kc5\0\cqclient\cqclient\myshell\dlgrename.cpp" (62 chars)
[SCAN] 0x1502778: "CDlgSaleShop" (12 chars)
[SCAN] 0x1502788: "ini/ChuXiaoShop.lua" (19 chars)
[SCAN] 0x15027a0: "e:\cqclient\gzsu2kc5\0\cqclient\cqclient\myshell\dlgsaleshop.cpp" (64 chars)
[SCAN] 0x15027e4: "SuperGratia_%d" (14 chars)
[SCAN] 0x15027f4: "ChuXiaoShop_GetInfoId" (21 chars)
[SCAN] 0x150280c: "ItemAmount%d" (12 chars)
[SCAN] 0x150281c: "ItemMonopoly%d" (14 chars)
[SCAN] 0x150282c: "ItemTime%d" (10 chars)
[SCAN] 0x1502838: "salePrice" (9 chars)
[SCAN] 0x1502954: "ChuXiaoShop_GetShopStyle" (24 chars)
[SCAN] 0x1502970: "BtnBuyAni" (9 chars)
[SCAN] 0x150297c: "BtnCloseAni" (11 chars)
[SCAN] 0x1502988: "BtnPageAni" (10 chars)
[SCAN] 0x1502994: "ItemEffect" (10 chars)
[SCAN] 0x15029a0: "CXshop_B%d" (10 chars)
[SCAN] 0x15029ac: "CXshop_H%d" (10 chars)
[SCAN] 0x15029b8: "CXshop_%dZ" (10 chars)
[SCAN] 0x1502b04: "bgResPath" (9 chars)
[SCAN] 0x1502b10: "buyBtnOffsetPosX" (16 chars)
[SCAN] 0x1502b24: "buyBtnOffsetPosY" (16 chars)
[SCAN] 0x1502b38: "cutdownDesOffsetPosX" (20 chars)
[SCAN] 0x1502b50: "cutdownDesOffsetPosY" (20 chars)
[SCAN] 0x1502b68: "cutdownOffsetPosX" (17 chars)
[SCAN] 0x1502b7c: "cutdownOffsetPosY" (17 chars)
[SCAN] 0x1502b90: "closeBtnOffsetPosX" (18 chars)
[SCAN] 0x1502ba4: "closeBtnOffsetPosY" (18 chars)
[SCAN] 0x1502bb8: "titleEffectOffsetPosX" (21 chars)
[SCAN] 0x1502bd0: "titleEffectOffsetPosY" (21 chars)
[SCAN] 0x1502be8: "goldEffectOffsetPosX" (20 chars)
[SCAN] 0x1502c00: "goldEffectOffsetPosY" (20 chars)
[SCAN] 0x1502c18: "item%dOffsetPosX" (16 chars)
[SCAN] 0x1502c2c: "item%dOffsetPosY" (16 chars)
[SCAN] 0x1502c40: "ChuXiaoShop_GetTitleEffectResPath" (33 chars)
[SCAN] 0x1502c64: "ChuXiaoShop_GetGoldEffectResPath" (32 chars)
[SCAN] 0x1502c88: "ChuXiaoShop_GetShopData" (23 chars)
[SCAN] 0x1502ca0: "ShowDiscount" (12 chars)
[SCAN] 0x1502cb0: "Discount" (8 chars)
[SCAN] 0x1502ec8: "Squeezer_BasicPlaBtn" (20 chars)
[SCAN] 0x1502ee0: "Squeezer_ComRuleBtn" (19 chars)
[SCAN] 0x1502ef4: "Squeezer_GameFlowBtn" (20 chars)
[SCAN] 0x1502f0c: "Squeezer_GameCaseBtn" (20 chars)
[SCAN] 0x1502f24: "Squeezer_GuiIntBtn" (18 chars)
[SCAN] 0x1502f38: "Squeezer_NonExpBtn" (18 chars)
[SCAN] 0x1502f4c: "Squeezer_GameHelpBtn" (20 chars)
[SCAN] 0x1502f64: "Squeezer_CloseBtn" (17 chars)
[SCAN] 0x1502fc0: "SHR_UpBtn" (9 chars)
[SCAN] 0x1502fcc: "SHR_DownBtn" (11 chars)
[SCAN] 0x1502fd8: "SHR_dragBtn" (11 chars)
[SCAN] 0x1503174: "Info_GetShowHandRuleBG" (22 chars)
[SCAN] 0x150318c: "CDlgSoldierWeaponRank" (21 chars)
[SCAN] 0x1503590: "SoldierWeaponRank_GetTop3Color" (30 chars)
[SCAN] 0x1503884: "SoldierWeaponRank_GetWeaponScallByRank" (38 chars)
[SCAN] 0x15038ac: "SoldierWeaponRank_GetArcherWeaponScallByRank" (44 chars)
[SCAN] 0x15039a4: "CDlgTalkEmotionPackage" (22 chars)
[SCAN] 0x1503bf8: "Info_GetBigEmotionLeftTimeTipTime" (33 chars)
[SCAN] 0x1503c68: "ItemType_Need" (13 chars)
[SCAN] 0x1503c80: "BigEmotion" (10 chars)
[SCAN] 0x1503c8c: "EmotionNewFlag" (14 chars)
[SCAN] 0x1503c9c: "ini/EmotionPackage.ini" (22 chars)
[SCAN] 0x1503e2c: "CDlgTexasResultSP" (17 chars)
[SCAN] 0x1503e90: "Settlementb" (11 chars)
[SCAN] 0x1503ec0: "ScreenShot" (10 chars)
[SCAN] 0x1503fb0: "CDlgTrainingVitalityRank" (24 chars)
[SCAN] 0x1504100: "NewRefBreath_RankingNum%d" (25 chars)
[SCAN] 0x1504348: "CDlgVassalWarVsInfo" (19 chars)
[SCAN] 0x15044b8: "ZHWar_WZ8" (9 chars)
[SCAN] 0x15044c4: "SmaillIcon" (10 chars)
[SCAN] 0x15044d0: "VassalWarAttack_GetVasswarDivisionIcon" (38 chars)
[SCAN] 0x1504578: "JiuGong_newredBtn" (17 chars)
[SCAN] 0x150458c: "ZHWar_tzWZ1" (11 chars)
[SCAN] 0x1504598: "ZHWar_tzWZ2" (11 chars)
[SCAN] 0x15045a4: "CDlgWeaponCoatPackage" (21 chars)
[SCAN] 0x1504780: "YiGui_Pic4" (10 chars)
[SCAN] 0x15047dc: "YiGui_WZ1" (9 chars)
[SCAN] 0x15047e8: "YiGui_WZ2" (9 chars)
[SCAN] 0x15047f4: "YiGui_BG27" (10 chars)
[SCAN] 0x1504800: "CoatStor_TryOn" (14 chars)
[SCAN] 0x1504810: "e:\cqclient\gzsu2kc5\0\cqclient\cqclient\myshell\imagetime.cpp" (62 chars)
[SCAN] 0x1504850: "ColonWidth" (10 chars)
[SCAN] 0x150485c: "DaysWidth" (9 chars)
[SCAN] 0x1504868: "DaysOffsetX" (11 chars)
[SCAN] 0x1504874: "ColonAniSection" (15 chars)
[SCAN] 0x1504884: "DaysAniSection" (14 chars)
[SCAN] 0x1504894: "CMyEditEx::Lua_EnableWindow" (27 chars)
[SCAN] 0x15048b0: "CMyEditEx::Lua_GetAlpha" (23 chars)
[SCAN] 0x15048c8: "CMyEditEx::Lua_GetInitClientRect" (32 chars)
[SCAN] 0x15048ec: "CMyEditEx::Lua_IsEnable" (23 chars)
[SCAN] 0x1504904: "CMyEditEx::Lua_IsVisible" (24 chars)
[SCAN] 0x1504920: "CMyEditEx::Lua_MoveWindow" (25 chars)
[SCAN] 0x150493c: "CMyEditEx::Lua_RegisterEvent" (28 chars)
[SCAN] 0x150495c: "CMyEditEx::Lua_SetAlpha" (23 chars)
[SCAN] 0x1504974: "CMyEditEx::Lua_ShowWindow" (25 chars)
[SCAN] 0x1504990: "CMyEditEx::Lua_GetWindowText" (28 chars)
[SCAN] 0x15049b0: "CMyEditEx::Lua_SetWindowText" (28 chars)
[SCAN] 0x15049d0: "CMyEditEx::Lua_SetDefaultText" (29 chars)
[SCAN] 0x15049f0: "CMyEditEx::Lua_SetDefaultFontColor" (34 chars)
[SCAN] 0x1504a14: "CMyEditEx::Lua_SetNumOnly" (25 chars)
[SCAN] 0x1504a30: "CMyEditEx::Lua_GetClientRect" (28 chars)
[SCAN] 0x1504a50: "pszContent" (10 chars)
[SCAN] 0x1504a5e: "wcslen(pszContent)" (18 chars)
[SCAN] 0x1504a78: "IConfigMgr::Instance()->GetIntBase16(_INI_MYANIMATE," (52 chars)
[SCAN] 0x1504ab5: "szTitle," (8 chars)
[SCAN] 0x1504abe: "&nColor)" (8 chars)
[SCAN] 0x1504ac8: "IConfigMgr::Instance()->GetInt(_INI_MYANIMATE," (46 chars)
[SCAN] 0x1504aff: "szTitle," (8 chars)
[SCAN] 0x1504b08: "&nFontSize)" (11 chars)
[SCAN] 0x1504b1c: "EndOffset" (9 chars)
[SCAN] 0x1504b28: "PixelsPerLine" (13 chars)
[SCAN] 0x1504b38: "IConfigMgr::Instance()->GetInt(_INI_MYANIMATE," (46 chars)
[SCAN] 0x1504b6f: "szTitle," (8 chars)
[SCAN] 0x1504b78: "&nPixelsPerLine)" (16 chars)
[SCAN] 0x1504b8c: "VSpacing" (8 chars)
[SCAN] 0x1504b98: "IConfigMgr::Instance()->GetInt(_INI_MYANIMATE," (46 chars)
[SCAN] 0x1504bcf: "szTitle," (8 chars)
[SCAN] 0x1504bd8: "&nVSpacing)" (11 chars)
[SCAN] 0x1504be8: "!m_strContent.empty()" (21 chars)
[SCAN] 0x1504c00: "CDlgNewTexasMTTInviteCode" (25 chars)
[SCAN] 0x1504c70: "CDlgDragonCityWarFrame" (22 chars)
[SCAN] 0x1504d20: "CDlgNewLevStageGoal" (19 chars)
[SCAN] 0x1504e18: "DaXiaZhuan_jdt" (14 chars)
[SCAN] 0x1504e28: "DaXiaZhuan_BG3" (14 chars)
[SCAN] 0x1504e38: "DaXiaZhuan_BG4" (14 chars)
[SCAN] 0x1504e48: "DaXiaZhuan_Pic3" (15 chars)
[SCAN] 0x1504e58: "DaXiaZhuan_Pic2" (15 chars)
[SCAN] 0x1504e68: "DaXiaZhuan2" (11 chars)
[SCAN] 0x1504e74: "DaXiaZhuan_Pic4" (15 chars)
[SCAN] 0x1504f98: "LXLJX_wz7" (9 chars)
[SCAN] 0x1504fa4: "DaXiaZhuan_Btn21" (16 chars)
[SCAN] 0x1504fb8: "DaXiaZhuan_Btn22" (16 chars)
[SCAN] 0x1504fcc: "NewJiuGong_Item5Pic" (19 chars)
[SCAN] 0x1505048: "DaXiaZhuan_Scene%d" (18 chars)
[SCAN] 0x150505c: "DaXiaZhuan_Pic1" (15 chars)
[SCAN] 0x150506c: "DaXiaZhuan1" (11 chars)
[SCAN] 0x15050c4: "DaXiaZhuan_Pic5" (15 chars)
[SCAN] 0x15054ac: "CDlgSngFirst" (12 chars)
[SCAN] 0x15054bc: "main_paizhuo2" (13 chars)
[SCAN] 0x15058a8: "CDlgSurvivorStatus" (18 chars)
[SCAN] 0x15058bc: "main_xingcunzhewanfa4" (21 chars)
[SCAN] 0x15058d4: "AutoMagicTime" (13 chars)
[SCAN] 0x15058e4: "com_xingcunzhewanfa4" (20 chars)
[SCAN] 0x1505ee4: "CDlgFootEffectPackage" (21 chars)
[SCAN] 0x1505efc: "FootEffectCollect_GetFootEffectCollectConditionById" (51 chars)
[SCAN] 0x1505fd0: "FootEffectWrapPackageType" (25 chars)
[SCAN] 0x1505fec: "FootEffectCollect_GetFootEffectCollectInfo" (42 chars)
[SCAN] 0x1506090: "FootEffectCollect_GetFootEffectScore" (36 chars)
[SCAN] 0x150655c: "CDlgWrapPackageBtnSub" (21 chars)
[SCAN] 0x1506678: "Player_IsSocialCardFuncOpen" (27 chars)
[SCAN] 0x1506b38: "CDlgHeadPackage" (15 chars)
[SCAN] 0x1506fd4: "CDlgSwordsmanAwakenUpgradeContinue" (34 chars)
[SCAN] 0x1507280: "Eliterace_Countdown0Pic" (23 chars)
[SCAN] 0x1507298: "Eliterace_Countdown1Pic" (23 chars)
[SCAN] 0x15072b0: "Eliterace_Countdown2Pic" (23 chars)
[SCAN] 0x15072c8: "Eliterace_Countdown3Pic" (23 chars)
[SCAN] 0x15072e0: "Eliterace_Countdown4Pic" (23 chars)
[SCAN] 0x15072f8: "Eliterace_Countdown5Pic" (23 chars)
[SCAN] 0x1507310: "Eliterace_Countdown6Pic" (23 chars)
[SCAN] 0x1507328: "Eliterace_Countdown7Pic" (23 chars)
[SCAN] 0x1507340: "Eliterace_Countdown8Pic" (23 chars)
[SCAN] 0x1507358: "Eliterace_Countdown9Pic" (23 chars)
[SCAN] 0x1507370: "ChooseBg" (8 chars)
[SCAN] 0x150737c: "ini/MyAnimate" (13 chars)
[SCAN] 0x150738c: "ini/MyAnimate800X600" (20 chars)
[SCAN] 0x15073a4: "ini/SlotMachine.ini" (19 chars)
[SCAN] 0x15073c0: "SlotUnit" (8 chars)
[SCAN] 0x15073d0: "BlastEffect" (11 chars)
[SCAN] 0x15073e4: "GrayTitleBG" (11 chars)
[SCAN] 0x15073f0: "GrayTitle" (9 chars)
[SCAN] 0x15073fc: "LineEffect" (10 chars)
[SCAN] 0x1507408: "JiangHuFame4" (12 chars)
[SCAN] 0x1507418: "JiangHuFame6" (12 chars)
[SCAN] 0x1507430: "JiangHuFame9" (12 chars)
[SCAN] 0x1507440: "TitleEffect" (11 chars)
[SCAN] 0x150744c: "TopEffect" (9 chars)
[SCAN] 0x15078f0: "Friend_BG5" (10 chars)
[SCAN] 0x15078fc: "Friend_BG15" (11 chars)
[SCAN] 0x1507970: "Friend_9Btn" (11 chars)
[SCAN] 0x150797c: "Friend_BG6" (10 chars)
[SCAN] 0x1507988: "Friend_BG20" (11 chars)
[SCAN] 0x1507c58: "CDlgArenaInfoBtn" (16 chars)
[SCAN] 0x150da68: "CDlgBattlePassVIP" (17 chars)
[SCAN] 0x150db18: "static_cast<int>(m_vecPrice.size())" (35 chars)
[SCAN] 0x150db3c: "pCtrlPrice" (10 chars)
[SCAN] 0x150db60: "static_cast<int>(m_vecBuy.size())" (33 chars)
[SCAN] 0x150db84: "pCtrlBuy" (8 chars)
[SCAN] 0x150db90: "BattlePass_YGM" (14 chars)
[SCAN] 0x150dcf8: "nRealIndex" (10 chars)
[SCAN] 0x150dd0b: "nRealIndex" (10 chars)
[SCAN] 0x150dd18: "static_cast<int>(m_vecBuy.size())" (33 chars)
[SCAN] 0x150dd3d: "nRealIndex" (10 chars)
[SCAN] 0x150dd54: "nRealIndex" (10 chars)
[SCAN] 0x150dd61: "static_cast<int>(m_vecPrice.size())" (35 chars)
[SCAN] 0x150de44: "BattlePass_GetVIPPartBigAwardInfoCount" (38 chars)
[SCAN] 0x150de6c: "BattlePass_GetVIPPartBigAwardInfo" (33 chars)
[SCAN] 0x150df10: "ExerciseHelp" (12 chars)
[SCAN] 0x150e024: "CDlgCountryName" (15 chars)
[SCAN] 0x150e13c: "Vigor_GetDemonicRuneImprove" (27 chars)
[SCAN] 0x150e22c: "CDlgDemonicRuneImprove" (22 chars)
[SCAN] 0x150e350: "NextLevRuneType" (15 chars)
[SCAN] 0x150e360: "PirateJX_ui14" (13 chars)
[SCAN] 0x150e3b8: "UniversalRunePartType" (21 chars)
[SCAN] 0x150e41c: "idRuneType" (10 chars)
[SCAN] 0x150e42c: "CostItemIntro" (13 chars)
[SCAN] 0x150e43c: "CostMoneyIntro" (14 chars)
[SCAN] 0x150e44c: "IsImproveEnable" (15 chars)
[SCAN] 0x150e45c: "PartAniSection" (14 chars)
[SCAN] 0x150e474: "PirateJX_Pic22" (14 chars)
[SCAN] 0x150e484: "RuneSortName" (12 chars)
[SCAN] 0x150e4dc: "RuneSortAmount" (14 chars)
[SCAN] 0x150e4fc: "PirateJX_BG23" (13 chars)
[SCAN] 0x150eabc: "CDlgEquipEffIdentify" (20 chars)
[SCAN] 0x150eb3c: "CDlgExchangeMultipleItem" (24 chars)
[SCAN] 0x150ec58: "m_stParam.pItem" (15 chars)
[SCAN] 0x150ec68: "idItemType" (10 chars)
[SCAN] 0x150f2dc: "CDlgFlowerRankDetail" (20 chars)
[SCAN] 0x150f494: "s_dwLevelAlphaTime" (18 chars)
[SCAN] 0x150f4ac: "Info_GetGangBuildingUpLevelEffectTime" (37 chars)
[SCAN] 0x150f4d4: "Faction_NBywnum%c" (17 chars)
[SCAN] 0x150f4e8: "CDlgGangBuildingUpgrade" (23 chars)
[SCAN] 0x150f5e0: "Info_GetGangBuilding" (20 chars)
[SCAN] 0x150f5f8: "UpgradeType" (11 chars)
[SCAN] 0x150f728: "sound/ui_gang_3.wav" (19 chars)
[SCAN] 0x150f740: "sound/ui_gang_2.wav" (19 chars)
[SCAN] 0x150f754: "shenbing6" (9 chars)
[SCAN] 0x150fce0: "InstanceMgr_GetTrackConfig" (26 chars)
[SCAN] 0x150fd84: "InsTypeName" (11 chars)
[SCAN] 0x150fe48: "InstanceMgr_GetLevelInfo" (24 chars)
[SCAN] 0x150fe64: "levelNum" (8 chars)
[SCAN] 0x150fe70: "InstanceMgr_GetInfo" (19 chars)
[SCAN] 0x150feb4: "RoundColor" (10 chars)
[SCAN] 0x150fef8: "InstanceMgr_GetLevelMulInfo" (27 chars)
[SCAN] 0x150ff18: "ControlPos" (10 chars)
[SCAN] 0x150ff24: "CDlgLeagueRobRelationCollumn2" (29 chars)
[SCAN] 0x151006c: "Alliance_LootedPic" (18 chars)
[SCAN] 0x15100b0: "Alliance_FriendshipPic" (22 chars)
[SCAN] 0x1510158: "e:\cqclient\gzsu2kc5\0\cqclient\cqclient\myshell\dlgmailicon.cpp" (64 chars)
[SCAN] 0x151019c: "FgEffectPosX" (12 chars)
[SCAN] 0x15101ac: "FgEffectPosY" (12 chars)
[SCAN] 0x15101bc: "FgEffectPosZ" (12 chars)
[SCAN] 0x15101cc: "FgEffectAni" (11 chars)
[SCAN] 0x15101fc: "CDlgMythologicalBeasts" (22 chars)
[SCAN] 0x1510434: "SoldierServant_GetMythologicalBeasts" (36 chars)
[SCAN] 0x1510464: "LXLJX_wz20" (10 chars)
[SCAN] 0x1510470: "LXLJX_wz22" (10 chars)
[SCAN] 0x151047c: "LXLJX_wz21" (10 chars)
[SCAN] 0x1510490: "LXLJX_pic32" (11 chars)
[SCAN] 0x151049c: "LXLJX_pic34" (11 chars)
[SCAN] 0x15104a8: "LXLJX_pic33" (11 chars)
[SCAN] 0x15104cc: "UnsealPos" (9 chars)
[SCAN] 0x15104d8: "ExpDenominator" (14 chars)
[SCAN] 0x15104e8: "ExpNumerator" (12 chars)
[SCAN] 0x1510500: "SoldierServant_GetMythologicalBeastsSacrifice" (45 chars)
[SCAN] 0x1510530: "NextExpShortFall" (16 chars)
[SCAN] 0x1510544: "LXLJX_pic29" (11 chars)
[SCAN] 0x1510550: "LXLJX_pic26" (11 chars)
[SCAN] 0x151055c: "LXLJX_pic31" (11 chars)
[SCAN] 0x1510568: "LXLJX_pic28" (11 chars)
[SCAN] 0x1510574: "LXLJX_pic30" (11 chars)
[SCAN] 0x1510580: "LXLJX_pic27" (11 chars)
[SCAN] 0x1510664: "SacrificeExpNumerator" (21 chars)
[SCAN] 0x151067c: "SacrificePower" (14 chars)
[SCAN] 0x151068c: "SkillNeedBeastLev" (17 chars)
[SCAN] 0x15106a0: "UnsealCondition" (15 chars)
[SCAN] 0x15106b0: "ItemTypeId" (10 chars)
[SCAN] 0x15106bc: "LXLJX_bg26" (10 chars)
[SCAN] 0x1510760: "LXLJX_bg19" (10 chars)
[SCAN] 0x151077c: "MagicSkillType%u" (16 chars)
[SCAN] 0x15107ac: "ini/GouYu.lua" (13 chars)
[SCAN] 0x1510838: "PowerCmp" (8 chars)
[SCAN] 0x15108dc: "CDlgNewSynWarRank" (17 chars)
[SCAN] 0x15109cc: "NewSynWarResult_GetRankInfo" (27 chars)
[SCAN] 0x15109e8: "RankIcon" (8 chars)
[SCAN] 0x1510a84: "NewSynWarResult_GetDlgInfo" (26 chars)
[SCAN] 0x1510ae8: "QueryIcon" (9 chars)
[SCAN] 0x1510b48: "CDlgOwnKongfuImproveProtect" (27 chars)
[SCAN] 0x1510f50: "ucQuality" (9 chars)
[SCAN] 0x1510f62: "ucQuality" (9 chars)
[SCAN] 0x1511090: "ini/PkDetainReward.lua" (22 chars)
[SCAN] 0x15110a8: "RansomIco" (9 chars)
[SCAN] 0x15110d4: "PkDetainReward_GetAddress" (25 chars)
[SCAN] 0x1511108: "CDlgQLUpLev" (11 chars)
[SCAN] 0x15111e0: "MaxLevItem" (10 chars)
[SCAN] 0x15111ec: "DlgQLUpLev" (10 chars)
[SCAN] 0x1511230: "e:\cqclient\gzsu2kc5\0\cqclient\cqclient\myshell\dlgqluplev.cpp" (63 chars)
[SCAN] 0x15112d4: "m_pMainItemOrg" (14 chars)
[SCAN] 0x151139c: "Spirit_GetServerConfig" (22 chars)
[SCAN] 0x15113b4: "m_pMainItemTarget" (17 chars)
[SCAN] 0x15113c8: "Error:Item(%d)" (14 chars)
[SCAN] 0x1511500: "Spirit_GetPrizeInfo" (19 chars)
[SCAN] 0x1511514: "CDlgRaffleActivity" (18 chars)
[SCAN] 0x1511560: "CDlgRenown" (10 chars)
[SCAN] 0x151156c: "e:\cqclient\gzsu2kc5\0\cqclient\cqclient\myshell\dlgrenown.cpp" (62 chars)
[SCAN] 0x1511660: "DiamondNum" (10 chars)
[SCAN] 0x151166c: "Info_GetRenownType" (18 chars)
[SCAN] 0x1511680: "DiamondNumTop" (13 chars)
[SCAN] 0x1511690: "SingleOffset" (12 chars)
[SCAN] 0x15116a8: "JiangHuFame_Line4" (17 chars)
[SCAN] 0x15116bc: "JiangHuFame_Line2" (17 chars)
[SCAN] 0x15116d0: "JiangHuFame_Line3" (17 chars)
[SCAN] 0x15116e4: "JiangHuFame_Line1" (17 chars)
[SCAN] 0x15116f8: "JiangHuFame_BG3" (15 chars)
[SCAN] 0x1511708: "JiangHuFame_Pic%u_%d" (20 chars)
[SCAN] 0x1511720: "JiangHuFameLev%u_2_s" (20 chars)
[SCAN] 0x1511738: "JiangHuFameLev%u_1_s" (20 chars)
[SCAN] 0x1511750: "JiangHuFame_WZjdsy%s%u" (22 chars)
[SCAN] 0x1511768: "EffectDesc" (10 chars)
[SCAN] 0x1511774: "EffectDescGray" (14 chars)
[SCAN] 0x1511784: "JiangHuFame_Pic1" (16 chars)
[SCAN] 0x1511798: "JiangHuFame_Pic2" (16 chars)
[SCAN] 0x15117ac: "JiangHuFame1" (12 chars)
[SCAN] 0x1511840: "JiangHuFameLev%u_2" (18 chars)
[SCAN] 0x1511854: "JiangHuFame_WZjd%u" (18 chars)
[SCAN] 0x1511868: "JiangHuFameLev%u_1" (18 chars)
[SCAN] 0x151187c: "Reminder" (8 chars)
[SCAN] 0x1511888: "UpLevEffect" (11 chars)
[SCAN] 0x1511894: "Info_GetRenownGuideRollSpeed" (28 chars)
[SCAN] 0x15118b4: "JiangHuFame_WZjdsy%u" (20 chars)
[SCAN] 0x15118cc: "CDlgSaleShopBtn" (15 chars)
[SCAN] 0x1511a44: "BroadcastBtn" (12 chars)
[SCAN] 0x1511a58: "e:\cqclient\gzsu2kc5\0\cqclient\cqclient\myshell\dlgsolidify.cpp" (64 chars)
[SCAN] 0x1511b88: "DragBaAffu_ProcessPic" (21 chars)
[SCAN] 0x1511d70: "std::find(m_vecViceID.begin()," (30 chars)
[SCAN] 0x1511d8f: "m_vecViceID.end()," (18 chars)
[SCAN] 0x1511da2: "pItem->GetID())" (15 chars)
[SCAN] 0x1511db5: "m_vecViceID.end()" (17 chars)
[SCAN] 0x1511df8: "pViceItem" (9 chars)
[SCAN] 0x1511f80: "nQuenchStatusLevel" (18 chars)
[SCAN] 0x1511f9b: "nQuenchStatusLevel" (18 chars)
[SCAN] 0x1511fc4: "nQuenchStatusLevel" (18 chars)
[SCAN] 0x1511fe0: "nSolidifyStatusLevel" (20 chars)
[SCAN] 0x1511ffd: "nSolidifyStatusLevel" (20 chars)
[SCAN] 0x1512078: "pMainItem" (9 chars)
[SCAN] 0x1512085: "pMainItem->GetQuenchStatusValue()" (33 chars)
[SCAN] 0x15120aa: "CHero::E_ITEM_STATUS_VALUE_MIN" (30 chars)
[SCAN] 0x151211d: "infoStatus)" (11 chars)
[SCAN] 0x15121b7: "infoStatus)" (11 chars)
[SCAN] 0x1512200: "CDlgTalkEmotionPackageGet" (25 chars)
[SCAN] 0x1512370: "CDlgTexasRules" (14 chars)
[SCAN] 0x151245c: "VisibleHeight" (13 chars)
[SCAN] 0x151246c: "ScrollStep" (10 chars)
[SCAN] 0x1512478: "pBtnClicked" (11 chars)
[SCAN] 0x1512484: "TabIndex" (8 chars)
[SCAN] 0x1512490: "ContentAni" (10 chars)
[SCAN] 0x151249c: "ContentScrollAni" (16 chars)
[SCAN] 0x15124b0: "ContentAniTitle" (15 chars)
[SCAN] 0x15124c0: "CDlgTrainingVitalitySetting" (27 chars)
[SCAN] 0x15124dc: "ini/TrainingVitality.ini" (24 chars)
[SCAN] 0x15124f8: "SettingColor" (12 chars)
[SCAN] 0x1512510: "HighLight" (9 chars)
[SCAN] 0x1512a20: "Spirit_GetSpiritTipsInfo" (24 chars)
[SCAN] 0x1512a3c: "CDlgWeaponIllusion" (18 chars)
[SCAN] 0x1512c98: "GodOfWar_jy%d" (13 chars)
[SCAN] 0x1512ca8: "ini/SoldierServant.lua" (22 chars)
[SCAN] 0x1512cc0: "dwEquipIndex" (12 chars)
[SCAN] 0x1512cd5: "dwEquipIndex" (12 chars)
[SCAN] 0x1512ce4: "CWeaponIllusionMgr::E_DRAGON_SOUL_MAX" (37 chars)
[SCAN] 0x1512d24: "IntervalMilliSec" (16 chars)
[SCAN] 0x1512d38: "e:\cqclient\gzsu2kc5\0\cqclient\cqclient\myshell\imyanimate.cpp" (63 chars)
[SCAN] 0x1512d78: "IConfigMgr::Instance()->GetInt(_INI_MYANIMATE," (46 chars)
[SCAN] 0x1512daf: "szTitle," (8 chars)
[SCAN] 0x1512db8: "&nValue)" (8 chars)
[SCAN] 0x1512dc4: "LastingMilliSec" (15 chars)
[SCAN] 0x1512dd4: "IMyAnimate::GetLastingTime()" (28 chars)
[SCAN] 0x1512f08: "LastingTime4Show" (16 chars)
[SCAN] 0x1512f1c: "LastingTime4Inertia" (19 chars)
[SCAN] 0x1512f30: "Amount4Show" (11 chars)
[SCAN] 0x1512f3c: "Amount4Inertia" (14 chars)
[SCAN] 0x1512fb0: "!m_vecUnitApplyShow.empty()" (27 chars)
[SCAN] 0x1512fd8: "static_cast<int>(m_vecUnitApplyShow.size())" (43 chars)
[SCAN] 0x1513004: "sound/SlotDecelerated.wav" (25 chars)
[SCAN] 0x1513020: "SoundDecelerated" (16 chars)
[SCAN] 0x1513034: "sound/SlotKa.wav" (16 chars)
[SCAN] 0x1513098: "SoundUniform" (12 chars)
[SCAN] 0x15130b0: "UnitIndexUseless" (16 chars)
[SCAN] 0x15130c4: "CDlgNewTexasMTTPause" (20 chars)
[SCAN] 0x15131b0: "CDlgDragonCityWarEventPlay" (26 chars)
[SCAN] 0x1513268: "DragonCityWar_GetEventPlayInfo" (30 chars)
[SCAN] 0x15137c8: "CDlgSngHall" (11 chars)
[SCAN] 0x1513990: "btn_tongyong8" (13 chars)
[SCAN] 0x15139a0: "btn_tongyong9" (13 chars)
[SCAN] 0x15139e0: "btn_3card" (9 chars)
[SCAN] 0x15139ec: "SngMatchType" (12 chars)
[SCAN] 0x1513e90: "CDlgSurvivorInstance" (20 chars)
[SCAN] 0x1513ea8: "Survivor_GetInstanceDlgRewardInfo" (33 chars)
[SCAN] 0x1513ecc: "main_xingcunzhewanfa10" (22 chars)
[SCAN] 0x1513ee4: "ini/SurvivorMgr.lua" (19 chars)
[SCAN] 0x1513ef8: "ui://ui_xingcunzhewanfa/com_xingcunzhewanfa11" (45 chars)
[SCAN] 0x15140ac: "CDlgEquipEmotionQuickSend" (25 chars)
[SCAN] 0x151451c: "CDlgWarriorMonkAwakenAnimalUpgrade" (34 chars)
[SCAN] 0x1515120: "CDlgOSSynWarAction" (18 chars)
[SCAN] 0x15155bc: "CDlgHeroAttriPokerHelp" (22 chars)
[SCAN] 0x15155f0: "CQConfigCallTableSize" (21 chars)
[SCAN] 0x1515608: "CQConfigCallTableKey" (20 chars)
[SCAN] 0x1515620: "CLuaVM::callTableKey()" (22 chars)
[SCAN] 0x1515908: "ani/ItemMinIcon.Ani" (19 chars)
[SCAN] 0x1515ff0: "info.nType" (10 chars)
[SCAN] 0x1515ffe: "CEducationMgr::OFFER_UPLEVTIME" (30 chars)
[SCAN] 0x1516020: "info.nType" (10 chars)
[SCAN] 0x151602e: "CEducationMgr::OFFER_ITEMADDITION" (33 chars)
[SCAN] 0x151b8c0: "e:\cqclient\gzsu2kc5\0\cqclient\cqclient\myshell\dlgattach.cpp" (62 chars)
[SCAN] 0x151ba40: "pItem->GetID()" (14 chars)
[SCAN] 0x151bb8c: "ini/BattlePK.lua" (16 chars)
[SCAN] 0x151bc50: "BattlePK_GetAutoRunTargetInfo" (29 chars)
[SCAN] 0x151bc70: "BattlePK_GetIndexByBattle" (25 chars)
[SCAN] 0x151bc8c: "BattlePK_GetPKDescByIndex" (25 chars)
[SCAN] 0x151bca8: "BattlePK_GetAllPKInfo" (21 chars)
[SCAN] 0x151bd74: "BattlePK_GetBattleRangeByIndex" (30 chars)
[SCAN] 0x151bd94: "BattlePK_GetBattlePKText" (24 chars)
[SCAN] 0x151bdb4: "BattlePK_GetRewardNum" (21 chars)
[SCAN] 0x151bdcc: "BattlePK_GetReward" (18 chars)
[SCAN] 0x151bde8: "e:\cqclient\gzsu2kc5\0\cqclient\cqclient\myshell\dlgbattlepk.cpp" (64 chars)
[SCAN] 0x151be2c: "BattlePK_GetBeginTimeByIndex" (28 chars)
[SCAN] 0x151be84: "CDlgChangeShopBtn" (17 chars)
[SCAN] 0x151be98: "ini/EmoneySaleShop.lua" (22 chars)
[SCAN] 0x151beb0: "EmoneySaleShop_GetCanChangeShopByIndex" (38 chars)
[SCAN] 0x151bf28: "CDlgCountryOfficial" (19 chars)
[SCAN] 0x151c190: "e:\cqclient\gzsu2kc5\0\cqclient\cqclient\myshell\dlgdepot.cpp" (61 chars)
[SCAN] 0x151c1d0: "pPackage" (8 chars)
[SCAN] 0x151c2d8: "Eliterace_No101Pic" (18 chars)
[SCAN] 0x151c2ec: "Eliterace_No102Pic" (18 chars)
[SCAN] 0x151c300: "Eliterace_No103Pic" (18 chars)
[SCAN] 0x151c314: "Eliterace_EightstrongPic" (24 chars)
[SCAN] 0x151c330: "ElitePKReward_GetCrossInfo" (26 chars)
[SCAN] 0x151c34c: "ElitePKReward_GetInfo" (21 chars)
[SCAN] 0x151c4b4: "AttrLimitRule" (13 chars)
[SCAN] 0x151c4c4: "CDlgEquipEffRecommend" (21 chars)
[SCAN] 0x151c5dc: "YLbag_BG1" (9 chars)
[SCAN] 0x151c5e8: "Newfuwens_fwnbg" (15 chars)
[SCAN] 0x151c600: "EquipEffSys_GetRecommendInfo" (28 chars)
[SCAN] 0x151c650: "Login_xOrangeBtn" (16 chars)
[SCAN] 0x151c698: "Login_xRedBtn" (13 chars)
[SCAN] 0x151c6d4: "Newfuwens_XiuGaiBtn" (19 chars)
[SCAN] 0x151c6e8: "NewRefBreath_PitchOn" (20 chars)
[SCAN] 0x151c700: "Button120" (9 chars)
[SCAN] 0x151c7a4: "AuctionEMoneyIcon" (17 chars)
[SCAN] 0x151c82c: "CDlgExchangeMultipleItemConfirm" (31 chars)
[SCAN] 0x151cae8: "Home_wjsrk" (10 chars)
[SCAN] 0x151ceb0: "Japanese" (8 chars)
[SCAN] 0x151d074: "Update%d" (8 chars)
[SCAN] 0x151d080: "FamilyHome_GetDlgInfo" (21 chars)
[SCAN] 0x151d098: "OffsetX%d" (9 chars)
[SCAN] 0x151d0a4: "OffsetY%d" (9 chars)
[SCAN] 0x151d0f0: "pszPlayer" (9 chars)
[SCAN] 0x151d1d8: "CDlgGangBuildingUpgradeConfirm" (30 chars)
[SCAN] 0x151d2a8: "CDlgGodWeaponMain" (17 chars)
[SCAN] 0x151d484: "MagicalWeapon_GetGodWeaponInfo" (30 chars)
[SCAN] 0x151d4f0: "ShenBingBall_UnLock_%u" (22 chars)
[SCAN] 0x151d520: "ShenBingBall_Lock_%u" (20 chars)
[SCAN] 0x151d550: "shenbing38" (10 chars)
[SCAN] 0x151d56c: "ShenBing_Pic17" (14 chars)
[SCAN] 0x151d57c: "ShenBing_Pic%u" (14 chars)
[SCAN] 0x151d58c: "ShenBingBall_Acitve_%u" (22 chars)
[SCAN] 0x151d5a4: "shenbing40" (10 chars)
[SCAN] 0x151d698: "CDlgHeroReturn" (14 chars)
[SCAN] 0x151d710: "Regression_WZhghl" (17 chars)
[SCAN] 0x151d724: "Regression_WZczhl" (17 chars)
[SCAN] 0x151d770: "Mutual_StopBtn" (14 chars)
[SCAN] 0x151d780: "Mutual_DubDanceBtn" (18 chars)
[SCAN] 0x151d794: "CDlgLeagueSynList" (17 chars)
[SCAN] 0x151d998: "NewRefBreath_WZgantanhao" (24 chars)
[SCAN] 0x151d9d8: "CDlgMailInbox" (13 chars)
[SCAN] 0x151da00: "Email_ItemMailIco" (17 chars)
[SCAN] 0x151da14: "Email_MailIco" (13 chars)
[SCAN] 0x151da24: "Email_Emptyreel" (15 chars)
[SCAN] 0x151daa0: "HaveCopMail" (11 chars)
[SCAN] 0x151daac: "CDlgNanGClothesExquisite" (24 chars)
[SCAN] 0x151db00: "AwardItem" (9 chars)
[SCAN] 0x151db0c: "NanGClothes_GetExquisiteData1" (29 chars)
[SCAN] 0x151dbc4: "NanGClothes_GetExquisiteData2" (29 chars)
[SCAN] 0x151dbf4: "CDlgNewSynWarResult" (19 chars)
[SCAN] 0x151dc08: "ini/NewSynWarResult.lua" (23 chars)
[SCAN] 0x151dcbc: "TipWidth" (8 chars)
[SCAN] 0x151dcc8: "NewSynWarResult_GetTitleInfo" (28 chars)
[SCAN] 0x151dce8: "DescribeColor" (13 chars)
[SCAN] 0x151dcf8: "tipColor" (8 chars)
[SCAN] 0x151de00: "Equipsolid_PlanPic" (18 chars)
[SCAN] 0x151deca: "pItem->GetTempGodEquiptypeID()" (30 chars)
[SCAN] 0x151e0e0: "nGodEquipSolidifyLevel" (22 chars)
[SCAN] 0x151e0ff: "nGodEquipSolidifyLevel" (22 chars)
[SCAN] 0x151e138: "nGodEquipTempLevel" (18 chars)
[SCAN] 0x151e153: "nGodEquipTempLevel" (18 chars)
[SCAN] 0x151e184: "nGodEquipTempLevel" (18 chars)
[SCAN] 0x151e19c: "CDlgOwnKongfuImproveProtectConfirm" (34 chars)
[SCAN] 0x151e580: "DragonSkin_Up" (13 chars)
[SCAN] 0x151e590: "DragonSkin_Down" (15 chars)
[SCAN] 0x151e5a0: "CDlgRaiderBankerEnter" (21 chars)
[SCAN] 0x151e5b8: "MinMoney" (8 chars)
[SCAN] 0x151e5c4: "BankerConfig" (12 chars)
[SCAN] 0x151e60c: "RaidersOfTLA_RProgressBarPic" (28 chars)
[SCAN] 0x151e74c: "CDlgSceneChat" (13 chars)
[SCAN] 0x151e7c4: "pStaChat" (8 chars)
[SCAN] 0x151e7d0: "ShowLimit" (9 chars)
[SCAN] 0x151e7dc: "SceneChat" (9 chars)
[SCAN] 0x151e7f8: "DelayInterval" (13 chars)
[SCAN] 0x151ea38: "CDlgTalkEmotionPackageInfo" (26 chars)
[SCAN] 0x151ebf8: "FireLight" (9 chars)
[SCAN] 0x151ec04: "RedLight" (8 chars)
[SCAN] 0x151ec10: "BlueLight" (9 chars)
[SCAN] 0x151ec1c: "RoyalBlueLight" (14 chars)
[SCAN] 0x151ec2c: "Aspirit_%d" (10 chars)
[SCAN] 0x151ec38: "YellowLight" (11 chars)
[SCAN] 0x151ec44: "Extractive_Exp" (14 chars)
[SCAN] 0x151ed34: "Extractive_Money" (16 chars)
[SCAN] 0x151ed84: "Extractive_EMoney" (17 chars)
[SCAN] 0x151edd4: "Extractive_PreEMoney" (20 chars)
[SCAN] 0x151ee38: "Extractive_Merit" (16 chars)
[SCAN] 0x151eea0: "CDlgTexasScoreReward" (20 chars)
[SCAN] 0x151ef20: "RotationPointX" (14 chars)
[SCAN] 0x151ef30: "RotationPointY" (14 chars)
[SCAN] 0x151f1b4: "AniSection1" (11 chars)
[SCAN] 0x151f1c0: "nRewardIndex" (12 chars)
[SCAN] 0x151f1d5: "nRewardIndex" (12 chars)
[SCAN] 0x151f250: "CDlgTrainingVitalityStatus" (26 chars)
[SCAN] 0x151f26c: "ini/TrainVitalityCfg.lua" (24 chars)
[SCAN] 0x151f288: "TrainVitalityCfg_GetTVScoreGrade" (32 chars)
[SCAN] 0x151f2ac: "TrainVitalityCfg_GetTVLevelGrade" (32 chars)
[SCAN] 0x151f518: "NewRefBreath_KYNum%d" (20 chars)
[SCAN] 0x151f530: "NewRefBreath_Num%d" (18 chars)
[SCAN] 0x151f614: "NewRefBreath_qinglongPic" (24 chars)
[SCAN] 0x151f630: "TrainVitalityCfg_GetDefaultIcon" (31 chars)
[SCAN] 0x151f744: "NewRefBreathBG" (14 chars)
[SCAN] 0x151f760: "m_pBgEffectRender" (17 chars)
[SCAN] 0x151f780: "TrainVitalityCfg_GetEffectPos" (29 chars)
[SCAN] 0x151f7a0: "NewRefBreath1" (13 chars)
[SCAN] 0x151f7b0: "TrainVitalityCfg_GetTVEffect" (28 chars)
[SCAN] 0x151f7d0: "TrainVitalityCfg_GetTVBoxEffect" (31 chars)
[SCAN] 0x151f7f4: "CDlgVideo" (9 chars)
[SCAN] 0x151f838: "Info_GetCloseVideoLua" (21 chars)
[SCAN] 0x151f850: "ini/Video.lua" (13 chars)
[SCAN] 0x151f860: "Video_GetVideoName" (18 chars)
[SCAN] 0x151f874: "CDlgWeaponsHall" (15 chars)
[SCAN] 0x151fa24: "pAnimation" (10 chars)
[SCAN] 0x151fa34: "CDlgNewTexasMTTReady" (20 chars)
[SCAN] 0x151faa0: "CDlgDragonCityWarMyCamp" (23 chars)
[SCAN] 0x15202ec: "CDlgSngInfo" (11 chars)
[SCAN] 0x1520304: "txt_mangzhu2" (12 chars)
[SCAN] 0x1520314: "txt_mangzhu4" (12 chars)
[SCAN] 0x1520324: "txt_rank2" (9 chars)
[SCAN] 0x1520330: "txt_rank3" (9 chars)
[SCAN] 0x1520400: "txt_mangzhu1" (12 chars)
[SCAN] 0x152044c: "txt_mangzhu3" (12 chars)
[SCAN] 0x152049c: "txt_rank1" (9 chars)
[SCAN] 0x15208f8: "CDlgSurvivorChooseNode" (22 chars)
[SCAN] 0x1520910: "main_xingcunzhewanfa1" (21 chars)
[SCAN] 0x1520928: "com_xingcunzhewanfa1" (20 chars)
[SCAN] 0x1520c20: "xingcunzhewanfa_bg7" (19 chars)
[SCAN] 0x1520c34: "xingcunzhewanfa_bg6" (19 chars)
[SCAN] 0x1520c48: "xingcunzhewanfa_bg8" (19 chars)
[SCAN] 0x1520c5c: "xingcunzhewanfa_bg5" (19 chars)
[SCAN] 0x1521038: "CDlgPirateFruitYYSD" (19 chars)
[SCAN] 0x1521090: "ssgs_skill1_ljsh" (16 chars)
[SCAN] 0x1521100: "ssgs_skill1_uidjs" (17 chars)
[SCAN] 0x15214dc: "CDlgConfirm" (11 chars)
[SCAN] 0x15214e8: "main_yuanshen_tyts1" (19 chars)
[SCAN] 0x15218e0: "CDlgWarriorMonkAwakenAnimalUpgradeSuc" (37 chars)
[SCAN] 0x1521ec8: "CDlgOSSynWarMerit" (17 chars)
[SCAN] 0x1522454: "CDlgTravelRenownIncrease" (24 chars)
[SCAN] 0x1522918: "CDlgOSSynWarMeritRanking" (24 chars)
[SCAN] 0x1522e18: "CDlgSocialCardView" (18 chars)
[SCAN] 0x1522e38: "txt_title2" (10 chars)
[SCAN] 0x1522e50: "ldr_effect2" (11 chars)
[SCAN] 0x1523244: "CDlgCoatAttr" (12 chars)
[SCAN] 0x1523338: "txt_shuxing1" (12 chars)
[SCAN] 0x15237d0: "Nationalwar_AppointBtn" (22 chars)
[SCAN] 0x15237e8: "Nationalwar_DismissBtn" (22 chars)
[SCAN] 0x1523800: "Nationalwar_ResignBtn" (21 chars)
[SCAN] 0x1523820: "RaidersOfTLA_IwantInBtn" (23 chars)
[SCAN] 0x1523838: "RaidersOfTLA_GooutBtn" (21 chars)
[SCAN] 0x1523850: "NanGong_BG24" (12 chars)
[SCAN] 0x1523860: "NanGong3" (8 chars)
[SCAN] 0x1524000: "xinshop_btn1" (12 chars)
[SCAN] 0x1524010: "xinshop_btn2" (12 chars)
[SCAN] 0x15242b4: "CDlgBigEmotionBuy" (17 chars)
[SCAN] 0x1524378: "Info_GetBigEmotionBuyInfo" (25 chars)
[SCAN] 0x152439c: "MoneyType" (9 chars)
[SCAN] 0x1524400: "CurPrice" (8 chars)
[SCAN] 0x1524500: "BeforePrice" (11 chars)
[SCAN] 0x152453c: "Recommend" (9 chars)
[SCAN] 0x1524548: "TZSB_bq_wz1" (11 chars)
[SCAN] 0x1524c78: "CDlgCountryOfficialList" (23 chars)
[SCAN] 0x15252c8: "Button150" (9 chars)
[SCAN] 0x15252d4: "Button151" (9 chars)
[SCAN] 0x15252e0: "Public_LeftBtn" (14 chars)
[SCAN] 0x15252f0: "Public_RightBtn" (15 chars)
[SCAN] 0x1525a98: "Eliterace_WaittingIco" (21 chars)
[SCAN] 0x1525ab0: "Eliterace_FightingIco" (21 chars)
[SCAN] 0x1525ac8: "Eliterace_FailureIco" (20 chars)
[SCAN] 0x1525ae0: "Eliterace_PromotionIco" (22 chars)
[SCAN] 0x1525dd0: "CDlgEquipEffRecommendName" (25 chars)
[SCAN] 0x152ab50: "pExcMatItem" (11 chars)
[SCAN] 0x152ac40: "FamilyHome_IsOpenFamilyEsortCart" (32 chars)
[SCAN] 0x152ac64: "CDlgFamilyEscortCart" (20 chars)
[SCAN] 0x152add4: "FamilyHome_GetEscortCartInfo" (28 chars)
[SCAN] 0x152b1fc: "s_iPicCount" (11 chars)
[SCAN] 0x152b290: "/data2/interface/Style01/AntiFraud/" (35 chars)
[SCAN] 0x152b2b4: "%swarning1-%d.bmp" (17 chars)
[SCAN] 0x152b2c8: "%swarning2-%d.bmp" (17 chars)
[SCAN] 0x152b2dc: "Iknow1.bmp" (10 chars)
[SCAN] 0x152b2f0: "Iknow2.bmp" (10 chars)
[SCAN] 0x152b2fc: "MutexForAssist" (14 chars)
[SCAN] 0x152b30c: "CDlgGangGuard" (13 chars)
[SCAN] 0x152b4b4: "CDlgGodWeaponSkill" (18 chars)
[SCAN] 0x152b4e8: "CDlgHeroReturnFreeGift" (22 chars)
[SCAN] 0x152b56c: "Regression_BG2" (14 chars)
[SCAN] 0x152b580: "HeroReturn_GetReturnShopDayInfo" (31 chars)
[SCAN] 0x152b5a0: "Regression_Item" (15 chars)
[SCAN] 0x152b5b0: "Regression_LQBtn" (16 chars)
[SCAN] 0x152b5c4: "Regression_WZwdc" (16 chars)
[SCAN] 0x152b5d8: "Regression_WZylq" (16 chars)
[SCAN] 0x152b668: "Mutual_AgreeBtn" (15 chars)
[SCAN] 0x152b678: "Mutual_RefuseBtn" (16 chars)
[SCAN] 0x152b6b4: "Mutual_SweetheartRidePic" (24 chars)
[SCAN] 0x152b72c: "Mutual_SweetKissPic" (19 chars)
[SCAN] 0x152b740: "Mutual_CenturyKissPic" (21 chars)
[SCAN] 0x152b758: "Mutual_PureKissPic" (18 chars)
[SCAN] 0x152b76c: "Mutual_CrazyKissPic" (19 chars)
[SCAN] 0x152b780: "Mutual_HoldHandPic" (18 chars)
[SCAN] 0x152b794: "Mutual_EmbracePic" (17 chars)
[SCAN] 0x152b7a8: "Mutual_HugWalkPic" (17 chars)
[SCAN] 0x152b7ec: "Mutual_UmbrellaPic" (18 chars)
[SCAN] 0x152b800: "Mutual_DoubleRidePic" (20 chars)
[SCAN] 0x152b818: "Mutual_DoubleDanceExDBG" (23 chars)
[SCAN] 0x152b830: "gensuiqichong_bg1" (17 chars)
[SCAN] 0x152b844: "CDlgLegendaryBeastRank" (22 chars)
[SCAN] 0x152bd2c: "Progress40" (10 chars)
[SCAN] 0x152bd40: "HPHeight" (8 chars)
[SCAN] 0x152bd4c: "HPHWidth" (8 chars)
[SCAN] 0x152bd58: "Progress41" (10 chars)
[SCAN] 0x152bd6c: "MPHeight" (8 chars)
[SCAN] 0x152bd78: "Progress42" (10 chars)
[SCAN] 0x152bd8c: "XPHeight" (8 chars)
[SCAN] 0x152bd98: "Progress46" (10 chars)
[SCAN] 0x152bdac: "SPHeight" (8 chars)
[SCAN] 0x152bdb8: "Progress47" (10 chars)
[SCAN] 0x152bdc4: "Progress44" (10 chars)
[SCAN] 0x152bdd0: "QianKun_NumBox1pic" (18 chars)
[SCAN] 0x152bde4: "Ini/ProgressXp.rgn" (18 chars)
[SCAN] 0x152bdf8: "e:\cqclient\gzsu2kc5\0\cqclient\cqclient\myshell\dlgmain.cpp" (60 chars)
[SCAN] 0x152be38: "Ini/ProgressMp.rgn" (18 chars)
[SCAN] 0x152be4c: "Ini/ProgressHp.rgn" (18 chars)
[SCAN] 0x152bec4: "PKpack_s" (8 chars)
[SCAN] 0x152bed8: "fwXPEnhance_cf" (14 chars)
[SCAN] 0x152bee8: "fwXPEnhance_cf_s" (16 chars)
[SCAN] 0x152befc: "fwXPInhibition_cf" (17 chars)
[SCAN] 0x152bf10: "fwXPInhibition_cf_s" (19 chars)
[SCAN] 0x152bf24: "fwXPEnhance_xh" (14 chars)
[SCAN] 0x152bf34: "fwXPEnhance_xh_s" (16 chars)
[SCAN] 0x152bf48: "fwXPInhibition_xh" (17 chars)
[SCAN] 0x152bf5c: "fwXPInhibition_xh_s" (19 chars)
[SCAN] 0x152bf70: "Main3_FaimlyRaceBtn" (19 chars)
[SCAN] 0x152bf84: "Button47" (8 chars)
[SCAN] 0x152bf90: "Button49" (8 chars)
[SCAN] 0x152bf9c: "Button48" (8 chars)
[SCAN] 0x152bfa8: "Button412" (9 chars)
[SCAN] 0x152bfb4: "Main3_RevengeBtn" (16 chars)
[SCAN] 0x152bfc8: "Main3_BgangBtn" (14 chars)
[SCAN] 0x152bfd8: "PKGangHoodBtn" (13 chars)
[SCAN] 0x152bfe8: "Warcar_PKserviceBtn" (19 chars)
[SCAN] 0x152bffc: "Main3_PlunderBtn" (16 chars)
[SCAN] 0x152c010: "Main3_AllianceBtn1" (18 chars)
[SCAN] 0x152c024: "pkmoshi_btn1" (12 chars)
[SCAN] 0x152c034: "CJZYZ_Btn19" (11 chars)
[SCAN] 0x152c044: "PirateJX_BG26" (13 chars)
[SCAN] 0x152c054: "Progress47_1" (12 chars)
[SCAN] 0x152c0f4: "ItemUse_s" (9 chars)
[SCAN] 0x152c1ac: "MagicGrid" (9 chars)
[SCAN] 0x152c1b8: "LicdingGrid" (11 chars)
[SCAN] 0x152c1c4: "MagicImage" (10 chars)
[SCAN] 0x152c1d0: "LicdingImage" (12 chars)
[SCAN] 0x152c3b8: "FrozenEffect" (12 chars)
[SCAN] 0x152c3c8: "zszx_skill1_xt%d" (16 chars)
[SCAN] 0x152c3dc: "zszx_skill1_xtcf" (16 chars)
[SCAN] 0x152c3f0: "bbj_skill1xtcf" (14 chars)
[SCAN] 0x152c400: "bbj_skill1xtxh" (14 chars)
[SCAN] 0x152c410: "blueshenwen_xiake3" (18 chars)
[SCAN] 0x152c424: "yellowshenwen26" (15 chars)
[SCAN] 0x152c434: "CDlgNanGClothesFind" (19 chars)
[SCAN] 0x152c5b8: "CenterImg" (9 chars)
[SCAN] 0x152c5c4: "NanGClothes_GetFindTypeInfo" (27 chars)
[SCAN] 0x152c6b4: "NeedItemImg" (11 chars)
[SCAN] 0x152c6c0: "NeedItem" (8 chars)
[SCAN] 0x152c720: "NanGClothes_GetDlgInfo" (22 chars)
[SCAN] 0x152c748: "drawOffsetX" (11 chars)
[SCAN] 0x152c754: "drawOffsetY" (11 chars)
[SCAN] 0x152c760: "NanGong_Btn30" (13 chars)
[SCAN] 0x152c770: "NanGong_Btn8" (12 chars)
[SCAN] 0x152c7e0: "NanGong_Btn9" (12 chars)
[SCAN] 0x152c940: "CDlgNanGClothesGetItem" (22 chars)
[SCAN] 0x152c990: "NanGClothes_GetItemGetMethodInfo" (32 chars)
[SCAN] 0x152c9e4: "NanGong_BG30" (12 chars)
[SCAN] 0x152c9fc: "NanGong_Btn40" (13 chars)
[SCAN] 0x152ca28: "CDlgNanGClothesReward" (21 chars)
[SCAN] 0x152caa8: "NanGClothes_GetCoatRewardInfo" (29 chars)
[SCAN] 0x152cac8: "CDlgNanGClothesWish" (19 chars)
[SCAN] 0x152cba8: "NanGong_BG25" (12 chars)
[SCAN] 0x152cbb8: "NanGong_WZ7" (11 chars)
[SCAN] 0x152cc14: "ScaleCoat" (9 chars)
[SCAN] 0x152cc20: "ScaleMount" (10 chars)
[SCAN] 0x152cc68: "NanGong_Btn25" (13 chars)
[SCAN] 0x152cc78: "NanGong_Btn26" (13 chars)
[SCAN] 0x152cc88: "CDlgNewSynWarResultDetail" (25 chars)
[SCAN] 0x152d058: "CDlgOwnKongfuImproveQ5" (22 chars)
[SCAN] 0x152d1e8: "CDlgPlayerAttriPoker" (20 chars)
[SCAN] 0x152d33c: "cop_luoma1%d" (12 chars)
[SCAN] 0x152d364: "BoYiTip_GetBoYiGameType" (23 chars)
[SCAN] 0x152d3d0: "cop_logo10" (10 chars)
[SCAN] 0x152d3dc: "BoYiTip_GetMoreThanLev" (22 chars)
[SCAN] 0x152d3f4: "CDlgQRCodeAwardsGetSuccess" (26 chars)
[SCAN] 0x152d448: "Activity_GetScanQCCodeLoginAward" (32 chars)
[SCAN] 0x152d560: "CDlgRaiderBankerOpt" (19 chars)
[SCAN] 0x152d7a8: "CDlgSceneChatInput" (18 chars)
[SCAN] 0x152d978: "Button230" (9 chars)
[SCAN] 0x152d984: "Dialog23" (8 chars)
[SCAN] 0x152d990: "e:\cqclient\gzsu2kc5\0\cqclient\cqclient\myshell\dlgtask.cpp" (60 chars)
[SCAN] 0x152d9d8: "CDlgTexasServerTime" (19 chars)
[SCAN] 0x152da44: "CDlgTrainingVitalityTaskAward" (29 chars)
[SCAN] 0x152db78: "CDlgVideoSmallWindow" (20 chars)
[SCAN] 0x152dc10: "VideoFP_tv" (10 chars)
[SCAN] 0x152dc24: "Video_GetMyVideoInfo" (20 chars)
[SCAN] 0x152dce8: "CDlgWeaponsHallAttachConfirm" (28 chars)
[SCAN] 0x152dd70: "e:\cqclient\gzsu2kc5\0\cqclient\cqclient\myshell\itemprocess.cpp" (64 chars)
[SCAN] 0x152ddb4: "!strItem.empty()" (16 chars)
[SCAN] 0x152ddc8: "SetGridItemMode(nGridItemMode)" (30 chars)
[SCAN] 0x152dde8: "nGridItemMode" (13 chars)
[SCAN] 0x152ddfe: "nGridItemMode" (13 chars)
[SCAN] 0x152de24: "pDlgRuneFrame" (13 chars)
[SCAN] 0x152de34: "m_nOwnerID" (10 chars)
[SCAN] 0x152de44: "GetMainItemID()" (15 chars)
[SCAN] 0x152de6c: "pDlg->IsWindowVisible()" (23 chars)
[SCAN] 0x152de84: "GetMainItemID()" (15 chars)
[SCAN] 0x152de9c: "idViceItem" (10 chars)
[SCAN] 0x152df90: "idShoppingGuideViceItemType" (27 chars)
[SCAN] 0x152dfb0: "m_pShoppingGuideItem" (20 chars)
[SCAN] 0x152dfcd: "GetMainItemID()" (15 chars)
[SCAN] 0x152dfe0: "GetDialogIDByOtherButton()" (26 chars)
[SCAN] 0x152e000: "GetGridItemMode()" (17 chars)
[SCAN] 0x152e034: "idMainItem" (10 chars)
[SCAN] 0x152e044: "ItemProcessRedDotEnable" (23 chars)
[SCAN] 0x152e070: "e:\cqclient\gzsu2kc5\0\cqclient\cqclient\myshell\mygameinput.cpp" (64 chars)
[SCAN] 0x152e0cc: "m_pKeyboard" (11 chars)
[SCAN] 0x152e0e3: "sizeof(szStr)" (13 chars)
[SCAN] 0x152e0f8: "e:\cqclient\gzsu2kc5\0\cqclient\cqclient\myshell\mywidget.cpp" (61 chars)
[SCAN] 0x152e138: "CMyWidget" (9 chars)
[SCAN] 0x152e1f8: "CDlgNewTexasMTTRebuy" (20 chars)
[SCAN] 0x152e414: "CDlgDragonCityWarMyCampMem" (26 chars)
[SCAN] 0x152e654: "DragonCityWar_GetPrestigeColor" (30 chars)
[SCAN] 0x152ec88: "CDlgSngResult" (13 chars)
[SCAN] 0x152ec98: "com_jiesuan1" (12 chars)
[SCAN] 0x152eca8: "com_jiesuan2" (12 chars)
[SCAN] 0x152f298: "CDlgSurvivorRank" (16 chars)
[SCAN] 0x152f2bc: "tongyong_pic3" (13 chars)
[SCAN] 0x152f2cc: "tongyong_pic4" (13 chars)
[SCAN] 0x152f2dc: "tongyong_pic5" (13 chars)
[SCAN] 0x152f2ec: "tongyong_bg8" (12 chars)
[SCAN] 0x152f2fc: "tongyong_bg9" (12 chars)
[SCAN] 0x152f30c: "tongyong_bg10" (13 chars)
[SCAN] 0x152f3ac: "main_xingcunzhewanfa8" (21 chars)
[SCAN] 0x152f3c4: "ui://ui_xingcunzhewanfa/com_xingcunzhewanfa9" (44 chars)
[SCAN] 0x152f3f4: "com_xingcunzhewanfa8" (20 chars)
[SCAN] 0x152f440: "fgui.EventContext" (17 chars)
[SCAN] 0x152f454: "fgui.GObject:setFaceByLua" (25 chars)
[SCAN] 0x152f48e: "'lua_cq_fairygui_GObject_setFaceByLua'" (38 chars)
[SCAN] 0x152f4f4: "fgui.GObject:setCopFaceByLua" (28 chars)
[SCAN] 0x152f536: "'lua_cq_fairygui_GObject_setCopFaceByLua'" (41 chars)
[SCAN] 0x152f560: "fgui.GObject:playActionByLua" (28 chars)
[SCAN] 0x152f59e: "'LuaFairyGui_GObject_PlayActionByLua'" (37 chars)
[SCAN] 0x152f5c4: "fgui.GObject:setItemNumByLua" (28 chars)
[SCAN] 0x152f606: "'lua_cq_fairygui_GObject_setItemNumByLua'" (41 chars)
[SCAN] 0x152f630: "fgui.GObject:setItemInfoByLua" (29 chars)
[SCAN] 0x152f66e: "'lua_cq_fairygui_GObject_setItemInfoByLua'" (42 chars)
[SCAN] 0x152f69c: "fgui.GObject:setItemQualityShow" (31 chars)
[SCAN] 0x152f6de: "'lua_cq_fairygui_GObject_setItemQualityShow'" (44 chars)
[SCAN] 0x152f70c: "fgui.GObject:setItemRealIdByLua" (31 chars)
[SCAN] 0x152f74e: "'lua_cq_fairygui_GObject_setItemRealIdByLua'" (44 chars)
[SCAN] 0x152f77c: "fgui.GObject:initItemByLua" (26 chars)
[SCAN] 0x152f7b6: "'lua_cq_fairygui_GObject_initItemByLua'" (39 chars)
[SCAN] 0x152f7e0: "fgui.GObject:setPlayerActionTypeNotifyByLua" (43 chars)
[SCAN] 0x152f82e: "'lua_cq_fairygui_GObject_setPlayerActionTypeNotifyByLua'" (56 chars)
[SCAN] 0x152f868: "fgui.GObject:setPlayerActionTypeByLua" (37 chars)
[SCAN] 0x152f8ae: "'lua_cq_fairygui_GObject_setPlayerActionTypeByLua'" (50 chars)
[SCAN] 0x152f8e4: "fgui.GObject:setVariableByLua" (29 chars)
[SCAN] 0x152f926: "'lua_cq_fairygui_GObject_setVariableByLua'" (42 chars)
[SCAN] 0x152f954: "fgui.GObject:initPlayerByLua" (28 chars)
[SCAN] 0x152f996: "'lua_cq_fairygui_GObject_initPlayerByLua'" (41 chars)
[SCAN] 0x152f9c0: "fgui.GObject:initNpcByLua" (25 chars)
[SCAN] 0x152f9fe: "'lua_cq_fairygui_GObject_initNpcByLua'" (38 chars)
[SCAN] 0x152fa28: "fgui.GObject:setFrameIntervalByLua" (34 chars)
[SCAN] 0x152fa6e: "'lua_cq_fairygui_GObject_setFrameIntervalByLua'" (47 chars)
[SCAN] 0x152faa0: "fgui.GObject:initMonsterByLua" (29 chars)
[SCAN] 0x152fade: "'lua_cq_fairygui_GObject_initMonsterByLua'" (42 chars)
[SCAN] 0x152fb0c: "fgui.GObject:InitMonsterViewByLua" (33 chars)
[SCAN] 0x152fb4e: "'lua_cq_fairygui_GObject_InitMonsterViewByLua'" (46 chars)
[SCAN] 0x152fb80: "fgui.GObject:setRotateByLua" (27 chars)
[SCAN] 0x152fbbe: "'lua_cq_fairygui_GObject_setRotateByLua'" (40 chars)
[SCAN] 0x152fbe8: "fgui.GObject:setPartActionTypeByLua" (35 chars)
[SCAN] 0x152fc2e: "'lua_cq_fairygui_GObject_setPartActionTypeByLua'" (48 chars)
[SCAN] 0x152fc60: "fgui.GObject:setPartActionTypeNotifyByLua" (41 chars)
[SCAN] 0x152fcae: "'lua_cq_fairygui_GObject_setPartActionTypeNotifyByLua'" (54 chars)
[SCAN] 0x152fce8: "fgui.GObject:initMountByLua" (27 chars)
[SCAN] 0x152fd26: "'lua_cq_fairygui_GObject_initMountByLua'" (40 chars)
[SCAN] 0x152fd50: "fgui.GObject:initPart" (21 chars)
[SCAN] 0x152fd86: "'lua_cq_fairygui_GObject_initPart'" (34 chars)
[SCAN] 0x152fdac: "fgui.GObject:setOnlyShowValid" (29 chars)
[SCAN] 0x152fdee: "'lua_cq_fairygui_GObject_setOnlyShowValid'" (42 chars)
[SCAN] 0x152fe1c: "fgui.GObject:setMoneyType" (25 chars)
[SCAN] 0x152fe56: "'lua_cq_fairygui_GObject_setCurrencyBarMoneyType'" (49 chars)
[SCAN] 0x152fe88: "fgui.GObject:initLuaItemByLua" (29 chars)
[SCAN] 0x152fec6: "'lua_cq_fairygui_GObject_initLuaItemByLua'" (42 chars)
[SCAN] 0x152fef4: "fgui.GObject" (12 chars)
[SCAN] 0x152ff04: "setFaceByLua" (12 chars)
[SCAN] 0x152ff14: "setCopFaceByLua" (15 chars)
[SCAN] 0x152ff24: "setLookFaceByLua" (16 chars)
[SCAN] 0x152ff38: "playActionByLua" (15 chars)
[SCAN] 0x152ff48: "initItemByLua" (13 chars)
[SCAN] 0x152ff58: "setItemNumByLua" (15 chars)
[SCAN] 0x152ff68: "setItemInfoByLua" (16 chars)
[SCAN] 0x152ff7c: "setItemQualityShow" (18 chars)
[SCAN] 0x152ff90: "setItemRealIdByLua" (18 chars)
[SCAN] 0x152ffa4: "initLuaItemByLua" (16 chars)
[SCAN] 0x152ffb8: "initPlayerByLua" (15 chars)
[SCAN] 0x152ffc8: "initNpcByLua" (12 chars)
[SCAN] 0x152ffd8: "initMonsterByLua" (16 chars)
[SCAN] 0x152ffec: "initMonsterViewByLua" (20 chars)
[SCAN] 0x1530004: "setPlayerActionTypeNotifyByLua" (30 chars)
[SCAN] 0x1530024: "setPlayerActionTypeByLua" (24 chars)
[SCAN] 0x1530040: "setVariableByLua" (16 chars)
[SCAN] 0x1530054: "setFrameIntervalByLua" (21 chars)
[SCAN] 0x153006c: "initPart" (8 chars)
[SCAN] 0x1530078: "initMountByLua" (14 chars)
[SCAN] 0x1530088: "setRotateByLua" (14 chars)
[SCAN] 0x1530098: "setPartActionTypeByLua" (22 chars)
[SCAN] 0x15300b0: "setPartActionTypeNotifyByLua" (28 chars)
[SCAN] 0x15300d0: "setOnlyShowValid" (16 chars)
[SCAN] 0x15300e4: "setCurrencyBarMoneyType" (23 chars)
[SCAN] 0x15304c8: "CDlgWarriorMonkAwakenConfirm" (28 chars)
[SCAN] 0x15308cc: "CDlgOSSynWarSituation1SynRanking" (32 chars)
[SCAN] 0x1530e24: "CDlgTravelEventDetail" (21 chars)
[SCAN] 0x1531314: "CDlgSwordsmanAwakenRanking" (26 chars)
[SCAN] 0x1531908: "CDlgSwordsmanLightAsASwallow" (28 chars)
[SCAN] 0x1531d18: "CDlgOtherRunePoFeng" (19 chars)
[SCAN] 0x1531d2c: "com_2_lb" (8 chars)
[SCAN] 0x1531fb0: "Mutual_SweetKissDPic" (20 chars)
[SCAN] 0x1531fc8: "Mutual_PureKissDPic" (19 chars)
[SCAN] 0x1531fdc: "Mutual_HugWalkDPic" (18 chars)
[SCAN] 0x1531ff0: "Mutual_HoldHandDPic" (19 chars)
[SCAN] 0x1532004: "Mutual_EmbraceDPic" (18 chars)
[SCAN] 0x1532018: "Mutual_CrazyKissDPic" (20 chars)
[SCAN] 0x1532030: "Mutual_CenturyKissDPic" (22 chars)
[SCAN] 0x1532048: "Mutual_DoubleRideDPic" (21 chars)
[SCAN] 0x1532060: "Mutual_SweetheartRideDPic" (25 chars)
[SCAN] 0x153207c: "Mutual_ShareRideDPic" (20 chars)
[SCAN] 0x1532094: "Mutual_DoubleDanceExDPic" (24 chars)
[SCAN] 0x15320c0: "yellowshenwen7_2" (16 chars)
[SCAN] 0x15320d4: "ND_Continue" (11 chars)
[SCAN] 0x15320e8: "Nationalwar_AppointBtn" (22 chars)
[SCAN] 0x1532100: "Nationalwar_DismissBtn" (22 chars)
[SCAN] 0x1532118: "Nationalwar_ResignBtn" (21 chars)
[SCAN] 0x1532c4c: "CoatStor_OpenBtn" (16 chars)
[SCAN] 0x1532c60: "CoatStor_GoToBtn" (16 chars)
[SCAN] 0x1532dec: "e:\cqclient\gzsu2kc5\0\cqclient\cqclient\3drole\dummy.h" (55 chars)
[SCAN] 0x1532e24: "nPosition-1>=0" (14 chars)
[SCAN] 0x1532e36: "nPosition-1<_MAX_EQUIPMENT" (26 chars)
[SCAN] 0x1533410: "CDlgAuctionApply" (16 chars)
[SCAN] 0x15334a8: "Auction_GetAuctionApplyItemCount" (32 chars)
[SCAN] 0x15334d4: "Auction_GetAuctionApplyInfo" (27 chars)
[SCAN] 0x1533524: "ini/Auction.lua" (15 chars)
[SCAN] 0x1533704: "Auction_GetAuctionApplyItemInfo" (31 chars)
[SCAN] 0x15339b8: "CDlgBigRewardBtn" (16 chars)
[SCAN] 0x1533a04: "BtnEffect" (9 chars)
[SCAN] 0x1533a10: "BattlePass_GetBigAwardStyle" (27 chars)
[SCAN] 0x1538c04: "CDlgChangeWordsSetName" (22 chars)
[SCAN] 0x1538d90: "CDlgCountryPalaceGuardsList" (27 chars)
[SCAN] 0x1539230: "CDlgDevilFruitAwake" (19 chars)
[SCAN] 0x1539480: "CDlgEquipEffRecommendSel" (24 chars)
[SCAN] 0x15395c8: "Newfuwens_swxz" (14 chars)
[SCAN] 0x1539898: "CDlgFamilyArcUplev" (18 chars)
[SCAN] 0x1539918: "ArcUplevEff" (11 chars)
[SCAN] 0x1539924: "UpLevOffsetX" (12 chars)
[SCAN] 0x1539934: "UpLevOffsetY" (12 chars)
[SCAN] 0x153994c: "FamilyHome_GetArchitectureInfo" (30 chars)
[SCAN] 0x15399ec: "NeedValue" (9 chars)
[SCAN] 0x1539b98: "CurLevBg" (8 chars)
[SCAN] 0x1539bac: "FamilyHome_GetArcAttrInfo" (25 chars)
[SCAN] 0x1539bc8: "UpLevNeedInfo" (13 chars)
[SCAN] 0x1539c28: "For_ConfirmBtn" (14 chars)
[SCAN] 0x1539c38: "For_BusinessBtn" (15 chars)
[SCAN] 0x1539c48: "CDlgGangGuardSkill" (18 chars)
[SCAN] 0x1539ea0: "GangGuard_GetGangGuardCD" (24 chars)
[SCAN] 0x1539f10: "CDlgGodWeaponTask" (17 chars)
[SCAN] 0x153a108: "ShenBing_TaskWeapon_%u" (22 chars)
[SCAN] 0x153a1a4: "MagicalWeapon_GetTaskInfo" (25 chars)
[SCAN] 0x153a1c0: "ShenBing_BG4" (12 chars)
[SCAN] 0x153a1f4: "CDlgHeroReturnShopGift" (22 chars)
[SCAN] 0x153a27c: "Regression_%dz" (14 chars)
[SCAN] 0x153a28c: "HeroReturn_GetReturnGiftDayInfo" (31 chars)
[SCAN] 0x153a2ac: "Regression_GMBtn" (16 chars)
[SCAN] 0x153a2c0: "Regression_WZygm" (16 chars)
[SCAN] 0x153a340: "Regression_fgx" (14 chars)
[SCAN] 0x153a4f8: "IsMapCanAct" (11 chars)
[SCAN] 0x153a504: "Info_GetInfoMap" (15 chars)
[SCAN] 0x153a560: "HeadMutualIndex" (15 chars)
[SCAN] 0x153a570: "Info_SetDynamicCmdData" (22 chars)
[SCAN] 0x153a588: "HeadMutualTitle" (15 chars)
[SCAN] 0x153a5dc: "CDlgLevelRank" (13 chars)
[SCAN] 0x153a8ec: "Score_PlacePic1" (15 chars)
[SCAN] 0x153a8fc: "Score_PlacePic2" (15 chars)
[SCAN] 0x153a90c: "Score_PlacePic3" (15 chars)
[SCAN] 0x153a91c: "Score_PlacePic4" (15 chars)
[SCAN] 0x153a974: "CDlgMainOrder" (13 chars)
[SCAN] 0x153aa80: "Warcar_NineDragonBtn" (20 chars)
[SCAN] 0x153ac1c: "Warcar_ConveneBtn" (17 chars)
[SCAN] 0x153ac30: "Warcar_DispatchBtn" (18 chars)
[SCAN] 0x153ad04: "CDlgNanGClothesMade" (19 chars)
[SCAN] 0x153adf0: "MaterialNum" (11 chars)
[SCAN] 0x153adfc: "NanGClothes_GetCoatMakeInfo" (27 chars)
[SCAN] 0x153ae18: "NanGong_BG9" (11 chars)
[SCAN] 0x153ae54: "madeTime" (8 chars)
[SCAN] 0x153ae60: "madeOffsetX" (11 chars)
[SCAN] 0x153ae6c: "madeOffsetY" (11 chars)
[SCAN] 0x153ae78: "NanGong9" (8 chars)
[SCAN] 0x153afc8: "CDlgNoticeBoard" (15 chars)
[SCAN] 0x153b0e8: "NoticeBoardMapWeb" (17 chars)
[SCAN] 0x153b1dc: "CDlgOwnKongfuMain" (17 chars)
[SCAN] 0x153b598: "OwnKongfuMain_GreenBar" (22 chars)
[SCAN] 0x153b968: "pTimesLimit" (11 chars)
[SCAN] 0x153b9cc: "PracticeBall" (12 chars)
[SCAN] 0x153bd98: "pReqInfoNext" (12 chars)
[SCAN] 0x153c330: "SelectedBall" (12 chars)
[SCAN] 0x153c348: "Comic%02d" (9 chars)
[SCAN] 0x153c354: "Jianghu_BallFrame1" (18 chars)
[SCAN] 0x153c3ac: "Ball%02d" (8 chars)
[SCAN] 0x153c3b8: "SkillBallPic%02u" (16 chars)
[SCAN] 0x153c3cc: "Jianghu_BallFrame%d" (19 chars)
[SCAN] 0x153c5bc: "Repairable" (10 chars)
[SCAN] 0x153c5d0: "SkillBallPic" (12 chars)
[SCAN] 0x153c6c4: "m_pAddedNode" (12 chars)
[SCAN] 0x153c74c: "Arena_Rank%dPic" (15 chars)
[SCAN] 0x153c75c: "Arena_HeadbigPic" (16 chars)
[SCAN] 0x153c7a8: "Arena_HeadsmallPic" (18 chars)
[SCAN] 0x153c994: "Arenic_OsIco" (12 chars)
[SCAN] 0x153ce54: "CDlgRaiderBankers" (17 chars)
[SCAN] 0x153cfb8: "CDlgReplaceSpecialEffectSecond" (30 chars)
[SCAN] 0x153d028: "CDlgSceneChatShortcut" (21 chars)
[SCAN] 0x153d090: "CDlgSimpleUiBtn" (15 chars)
[SCAN] 0x153d0d8: "Sqjianhua_Jianhua1btn" (21 chars)
[SCAN] 0x153d0f0: "Sqjianhua_Huanyuan8001btn" (25 chars)
[SCAN] 0x153d10c: "Sqjianhua_Jianhua8001btn" (24 chars)
[SCAN] 0x153d128: "Sqjianhua_Huanyuan1btn" (22 chars)
[SCAN] 0x153d140: "InitHideWindow" (14 chars)
[SCAN] 0x153d150: "Info_GetTexasSimpleUIInfo" (25 chars)
[SCAN] 0x153d170: "HideWindow" (10 chars)
[SCAN] 0x153d17c: "MoveWindow" (10 chars)
[SCAN] 0x153d1cc: "WindowsNewPos" (13 chars)
[SCAN] 0x153d1dc: "CDlgStorage" (11 chars)
[SCAN] 0x153d4f8: "e:\cqclient\gzsu2kc5\0\cqclient\cqclient\myshell\dlgstorage.cpp" (63 chars)
[SCAN] 0x153d72c: "ini/TileWingInfo.lua" (20 chars)
[SCAN] 0x153d744: "ImgOffsetX" (10 chars)
[SCAN] 0x153d750: "TitleWingInfo_GetTitleEffInfo" (29 chars)
[SCAN] 0x153d770: "ImgOffsetY" (10 chars)
[SCAN] 0x153d77c: "BgImageOffsetX" (14 chars)
[SCAN] 0x153d78c: "BgImageOffsetY" (14 chars)
[SCAN] 0x153d79c: "FontColor2" (10 chars)
[SCAN] 0x153d7a8: "Warehouse_TitleK3Pic" (20 chars)
[SCAN] 0x153d7c0: "YiGui_Pic2" (10 chars)
[SCAN] 0x153d7cc: "TitleStor_EquipBtn" (18 chars)
[SCAN] 0x153d7e0: "Warehouse_TitleK2Pic" (20 chars)
[SCAN] 0x153d7f8: "TitleStor_XieXiaBtn" (19 chars)
[SCAN] 0x153d80c: "YiGui_BG25" (10 chars)
[SCAN] 0x153d818: "EffOffsetX" (10 chars)
[SCAN] 0x153d824: "EffOffsetY" (10 chars)
[SCAN] 0x153d938: "m_nIdTask" (9 chars)
[SCAN] 0x153da20: "CDlgTexasSimpleInfo" (19 chars)
[SCAN] 0x153db84: "CDlgTransfromSkill" (18 chars)
[SCAN] 0x153dbb8: "CDlgVideoBigWindow" (18 chars)
[SCAN] 0x153dd58: "Video_GetMyVideoInfoId" (22 chars)
[SCAN] 0x153dd70: "RunInfoId" (9 chars)
[SCAN] 0x153dd7c: "ItemAmount0" (11 chars)
[SCAN] 0x153de40: "VideoFP_wpk" (11 chars)
[SCAN] 0x153decc: "VideoFP_gift" (12 chars)
[SCAN] 0x153e0f0: "ini/OpenServiceGoal.lua" (23 chars)
[SCAN] 0x153e108: "GridMaxNum" (10 chars)
[SCAN] 0x153e114: "OpenServiceGoal_WeekAwardInfo" (29 chars)
[SCAN] 0x153e134: "ItemGettedImage" (15 chars)
[SCAN] 0x153e144: "OpenServiceGoal_WeekAwardItemInfo" (33 chars)
[SCAN] 0x153e168: "GiftValue" (9 chars)
[SCAN] 0x153e1c4: "ItemFgEffect" (12 chars)
[SCAN] 0x153e1d4: "AwardEffect" (11 chars)
[SCAN] 0x153e1e0: "OpenServiceGoal_WeekAwardDayInfo" (32 chars)
[SCAN] 0x153e204: "AwardNum" (8 chars)
[SCAN] 0x153e218: "BtnFgEffect" (11 chars)
[SCAN] 0x153e320: "e:\cqclient\gzsu2kc5\0\cqclient\cqclient\myshell\itemtipbase.cpp" (64 chars)
[SCAN] 0x153e3e0: "CItemTipBase::SortAttribute()" (29 chars)
[SCAN] 0x153fe68: "XuanBao_GetXuanBaoNameColor" (27 chars)
[SCAN] 0x153fef0: "!strTarget.empty()" (18 chars)
[SCAN] 0x154001c: "AttriColorNum" (13 chars)
[SCAN] 0x154002c: "XuanBao_GetXuanBaoAttriColor" (28 chars)
[SCAN] 0x1540054: "ScoreLimit%d" (12 chars)
[SCAN] 0x1540064: "XuanBao_GetXuanBaoScoreGradeStep" (32 chars)
[SCAN] 0x15400a8: "RuneSys_GetRuneHuazhenAttr" (26 chars)
[SCAN] 0x15406e4: "Item_GetAppendItemEnergeTip" (27 chars)
[SCAN] 0x1540700: "Item_GetAppendItemEnergeTipColor" (32 chars)
[SCAN] 0x1540724: "Item_GetSpEffectEnergeTip" (25 chars)
[SCAN] 0x1540740: "Item_GetSpeEffectEnergeTipColor" (31 chars)
[SCAN] 0x1540940: "Complex_WearclothesPic" (22 chars)
[SCAN] 0x15409f0: "e:\cqclient\gzsu2kc5\0\cqclient\cqclient\myshell\mygrid.cpp" (59 chars)
[SCAN] 0x1540a2c: "GridAbleAni" (11 chars)
[SCAN] 0x1540a38: "GridCellAni" (11 chars)
[SCAN] 0x1540a44: "GridCellAniHeight" (17 chars)
[SCAN] 0x1540a58: "GridCellAniWidth" (16 chars)
[SCAN] 0x1540a6c: "FgImgAniOffsetX" (15 chars)
[SCAN] 0x1540a7c: "FgImgAniOffsetY" (15 chars)
[SCAN] 0x1540a8c: "FGEffectOffsetX" (15 chars)
[SCAN] 0x1540a9c: "FGEffectOffsetY" (15 chars)
[SCAN] 0x1540aac: "UselessGridBgHide" (17 chars)
[SCAN] 0x1540ac0: "CellPaddingX" (12 chars)
[SCAN] 0x1540ad0: "CellPaddingY" (12 chars)
[SCAN] 0x1540ae0: "MaskOffsetX" (11 chars)
[SCAN] 0x1540aec: "MaskOffsetY" (11 chars)
[SCAN] 0x1540af8: "GouyuLvFontColor" (16 chars)
[SCAN] 0x1540b0c: "GouyuLvFontColorSize" (20 chars)
[SCAN] 0x1540b24: "GouyuLvOffSetX" (14 chars)
[SCAN] 0x1540b34: "GouyuLvOffSetY" (14 chars)
[SCAN] 0x1540b44: "GouyuLvShow" (11 chars)
[SCAN] 0x1540b50: "GouyuMarkShow" (13 chars)
[SCAN] 0x1540b60: "GouyuMarkBeginX" (15 chars)
[SCAN] 0x1540b70: "GouyuMarkBeginY" (15 chars)
[SCAN] 0x1540b80: "GouyuMarkOffset" (15 chars)
[SCAN] 0x1540b90: "GouyuOwnMarkOffsetX" (19 chars)
[SCAN] 0x1540ba4: "GouyuOwnMarkOffsetY" (19 chars)
[SCAN] 0x1540bee: "m_GriPar.m_btGridLine" (21 chars)
[SCAN] 0x1540c15: "m_GriPar.m_btGridRow" (20 chars)
[SCAN] 0x1540c2c: "Equip_AddPic" (12 chars)
[SCAN] 0x1540c3c: "Fuwens_FuwendjmaxPic" (20 chars)
[SCAN] 0x1540c54: "Equip_LevPic" (12 chars)
[SCAN] 0x1540c64: "Equip_Num%d" (11 chars)
[SCAN] 0x1540c9c: "Spirit_GetSpiritTipsOffset" (26 chars)
[SCAN] 0x1540cb8: "RoyalJiPing" (11 chars)
[SCAN] 0x1540cc4: "RoyalZhenJiPing" (15 chars)
[SCAN] 0x1540cd4: "GL_LimitedTimePic" (17 chars)
[SCAN] 0x1540ce8: "pLimitedTime" (12 chars)
[SCAN] 0x1540cf8: "Swapuse_SwapmainbBtn" (20 chars)
[SCAN] 0x1540d10: "Swapuse_UsemainbBtn" (19 chars)
[SCAN] 0x1540d24: "ButtonA%d" (9 chars)
[SCAN] 0x1540d30: "Action_Dance%dBtn" (17 chars)
[SCAN] 0x1540d44: "RuneSkillType%d" (15 chars)
[SCAN] 0x1540d54: "XpSkillType%d" (13 chars)
[SCAN] 0x1540e14: "NinjaSkill_GetMagicQuick" (24 chars)
[SCAN] 0x1540e30: "DevilFruit_GetMagicQuickSingle" (30 chars)
[SCAN] 0x1540e50: "AlignStrFontSize" (16 chars)
[SCAN] 0x1540e64: "AlignStrRenderTextStyle" (23 chars)
[SCAN] 0x1540e7c: "AlignStrFontColor" (17 chars)
[SCAN] 0x1540e90: "AlignStrSecondColor" (19 chars)
[SCAN] 0x1540ea4: "AlignStrFont" (12 chars)
[SCAN] 0x1540eb4: "AlignStrStyleOffsetX" (20 chars)
[SCAN] 0x1540ecc: "AlignStrStyleOffsetY" (20 chars)
[SCAN] 0x1540ee8: "nGridIndex" (10 chars)
[SCAN] 0x1540efb: "nGridIndex" (10 chars)
[SCAN] 0x1540f18: "!strText.empty()" (16 chars)
[SCAN] 0x1540f2c: "Main3_Num%dPic" (14 chars)
[SCAN] 0x1540f3c: "EquipIconLeftX" (14 chars)
[SCAN] 0x1540f54: "Info_GetInfo" (12 chars)
[SCAN] 0x1540f64: "EquipIconLeftY" (14 chars)
[SCAN] 0x1540f74: "GuideRedDotWidth" (16 chars)
[SCAN] 0x1540f94: "item_pic1" (9 chars)
[SCAN] 0x1540fa0: "CMyWidget::Lua_EnableWindow" (27 chars)
[SCAN] 0x1540fbc: "CMyWidget::Lua_GetInitClientRect" (32 chars)
[SCAN] 0x1540fe0: "CMyWidget::Lua_GetClientRect" (28 chars)
[SCAN] 0x1541000: "CMyWidget::Lua_MoveWindow" (25 chars)
[SCAN] 0x154101c: "CMyWidget::Lua_RegisterEvent" (28 chars)
[SCAN] 0x154103c: "CMyWidget::Lua_GetAlpha" (23 chars)
[SCAN] 0x1541054: "CMyWidget::Lua_SetAlpha" (23 chars)
[SCAN] 0x154106c: "CMyWidget::Lua_ShowWindow" (25 chars)
[SCAN] 0x1541088: "CMyWidget::Lua_IsVisible" (24 chars)
[SCAN] 0x15410a4: "CMyWidget::Lua_IsEnable" (23 chars)
[SCAN] 0x15410e4: "CDlgNewTexasMTTResult" (21 chars)
[SCAN] 0x1541168: "mttjunei_pai1BG" (15 chars)
[SCAN] 0x15411ac: "mttguize_yuanbaoPic" (19 chars)
[SCAN] 0x1541254: "mttjunei_pai2BG" (15 chars)
[SCAN] 0x1541298: "CDlgNewMenuTalk" (15 chars)
[SCAN] 0x15416c0: "CDlgSngTips" (11 chars)
[SCAN] 0x15416f4: "txt_wenben1" (11 chars)
[SCAN] 0x15417b0: "txt_wenben2" (11 chars)
[SCAN] 0x15417c8: "txt_wenben3" (11 chars)
[SCAN] 0x15417d4: "txt_wenben4" (11 chars)
[SCAN] 0x1541cb0: "CDlgSurvivorReplace" (19 chars)
[SCAN] 0x1541cd0: "main_xingcunzhewanfa2" (21 chars)
[SCAN] 0x1541ce8: "ui://ui_xingcunzhewanfa/com_xingcunzhewanfa3" (44 chars)
[SCAN] 0x1541d18: "com_xingcunzhewanfa2" (20 chars)
[SCAN] 0x1542104: "CDlgWarriorMonkAwakenAnimalAwakened" (35 chars)
[SCAN] 0x1542550: "CDlgTeamRecruit" (15 chars)
[SCAN] 0x1542868: "ui://ui_zuduipingtai/com_lb1" (28 chars)
[SCAN] 0x1542b28: "txt_wz10" (8 chars)
[SCAN] 0x1542b34: "ui://ui_zuduipingtai/com_lb2" (28 chars)
[SCAN] 0x1542b88: "ui://ui_zuduipingtai/com_fy1" (28 chars)
[SCAN] 0x1542ba8: "ui://ui_zuduipingtai/com_fy2" (28 chars)
[SCAN] 0x1543068: "CDlgSwordsmanAwakenHomePage" (27 chars)
[SCAN] 0x1543168: "xiake_ui_xr1" (12 chars)
[SCAN] 0x1543178: "xkjm_changtai1" (14 chars)
[SCAN] 0x1543188: "xiake_ui_xr2" (12 chars)
[SCAN] 0x1543198: "xkjm_changtai2" (14 chars)
[SCAN] 0x15431a8: "xiake_ui_xr3" (12 chars)
[SCAN] 0x15431b8: "xkjm_changtai3" (14 chars)
[SCAN] 0x1543438: "m_pMyBitmap1" (12 chars)
[SCAN] 0x1543453: "SAFE_RELEASE(%s)" (16 chars)
[SCAN] 0x1543470: "m_pMyBitmap2" (12 chars)
[SCAN] 0x1543480: "m_pMyBitmap3" (12 chars)
[SCAN] 0x1543490: "data1/interface/Style01/halixiaozong/95874263.dds" (49 chars)
[SCAN] 0x15434c4: "data1/interface/Style01/halixiaozong/78536695.dds" (49 chars)
[SCAN] 0x15434f8: "data1/interface/Style01/halixiaozong/58236854.dds" (49 chars)
[SCAN] 0x1543898: "Rwlingqu" (8 chars)
[SCAN] 0x15438bc: "ani/ItemMinIcon.Ani" (19 chars)
[SCAN] 0x15438d4: "Alliance_FirstBtn" (17 chars)
[SCAN] 0x15438e8: "Alliance_SecondBtn" (18 chars)
[SCAN] 0x15438fc: "Alliance_ThirdBtn" (17 chars)
[SCAN] 0x1543910: "Alliance_FourthBtn" (18 chars)
[SCAN] 0x1543924: "RaidersOfTLA_IwantSZBtn" (23 chars)
[SCAN] 0x154393c: "RaidersOfTLA_ZJlistBtn" (22 chars)
[SCAN] 0x1543954: "ROTLA_dpcx" (10 chars)
[SCAN] 0x1549a78: "CDlgAuctionAskBuy" (17 chars)
[SCAN] 0x154a010: "Furnishment_BindBtn" (19 chars)
[SCAN] 0x154a024: "Button382" (9 chars)
[SCAN] 0x154a030: "Button383" (9 chars)
[SCAN] 0x154a03c: "Furnishment_AllbindBtn" (22 chars)
[SCAN] 0x154a054: "Furnishment_ConfirmBtn" (22 chars)
[SCAN] 0x154a06c: "Furnishment_ItemBG" (18 chars)
[SCAN] 0x154a2f8: "Image366" (8 chars)
[SCAN] 0x154a304: "Image367" (8 chars)
[SCAN] 0x154a310: "Image36%c" (9 chars)
[SCAN] 0x154a31c: "CDlgCountryRank" (15 chars)
[SCAN] 0x154a4cc: "CDlgDevilFruitGetWay" (20 chars)
[SCAN] 0x154a568: "GetWayCount" (11 chars)
[SCAN] 0x154a574: "DevilFruit_GetFruitMap" (22 chars)
[SCAN] 0x154a5dc: "GetWay%d" (8 chars)
[SCAN] 0x154a708: "e:\cqclient\gzsu2kc5\0\cqclient\cqclient\myshell\dlgembed.cpp" (61 chars)
[SCAN] 0x154a748: "pMainItem->GetGem1()" (20 chars)
[SCAN] 0x154a767: "pMainItem->GetGem2()" (20 chars)
[SCAN] 0x154a784: "m_Gem1ID" (8 chars)
[SCAN] 0x154a790: "!m_bGem1AllReady" (16 chars)
[SCAN] 0x154a7a4: "(m_Gem2ID" (9 chars)
[SCAN] 0x154a7b1: "!m_bGem2AllReady)" (17 chars)
[SCAN] 0x154a7c8: "(m_nFocusGem" (12 chars)
[SCAN] 0x154a7dd: "m_bGem1AllReady)" (16 chars)
[SCAN] 0x154a7f1: "(m_nFocusGem" (12 chars)
[SCAN] 0x154a806: "m_bGem2AllReady)" (16 chars)
[SCAN] 0x154a99c: "m_pGem1Item" (11 chars)
[SCAN] 0x154a9a8: "m_pGem2Item" (11 chars)
[SCAN] 0x154aa81: "(pItem->GetID()" (15 chars)
[SCAN] 0x154aa94: "m_Gem1ID" (8 chars)
[SCAN] 0x154aaa0: "pItem->GetID()" (14 chars)
[SCAN] 0x154aab2: "m_Gem2ID)" (9 chars)
[SCAN] 0x154aabc: "nGemIndex" (9 chars)
[SCAN] 0x154aace: "nGemIndex" (9 chars)
[SCAN] 0x154aae0: "pGemItem" (8 chars)
[SCAN] 0x154aaec: "CDlgEquipEmotion" (16 chars)
[SCAN] 0x154adc8: "CDlgFamilyBoss" (14 chars)
[SCAN] 0x154ae58: "BossMapIDDoc" (12 chars)
[SCAN] 0x154ae68: "OpenTime" (8 chars)
[SCAN] 0x154aebc: "BossWarNeedMoney%d" (18 chars)
[SCAN] 0x154b0c0: "RankIcon%d" (10 chars)
[SCAN] 0x154b0cc: "FamilyHome_GetRewardNum" (23 chars)
[SCAN] 0x154b0ec: "FamilyHome_GetRewardInfo" (24 chars)
[SCAN] 0x154b108: "ChallengeWar" (12 chars)
[SCAN] 0x154b118: "FamilyHome_IsOpenFamilyBoss" (27 chars)
[SCAN] 0x154b13c: "CDlgForeignInvasionAward" (24 chars)
[SCAN] 0x154b190: "ini/ForeignInvasionAward.lua" (28 chars)
[SCAN] 0x154b1b0: "ForeignInvasionAward_GetCurSeason" (33 chars)
[SCAN] 0x154b218: "ForeignInvasionAward_GetAwardItem" (33 chars)
[SCAN] 0x154b23c: "ForeignInvasionAward_GetAwardCount" (34 chars)
[SCAN] 0x154b260: "CDlgGangNameChange" (18 chars)
[SCAN] 0x154b2c8: "Info_GetGangNameChangeCost" (26 chars)
[SCAN] 0x154b388: "CDlgGodWeaponTip" (16 chars)
[SCAN] 0x154b670: "Show_ShowmainBtn" (16 chars)
[SCAN] 0x154b6a8: "Show_HidemainBtn" (16 chars)
[SCAN] 0x154ba94: "CDlgMainSimple" (14 chars)
[SCAN] 0x154bbfc: "CDlgNanGClothesMain" (19 chars)
[SCAN] 0x154bc90: "NanGong_WZ4" (11 chars)
[SCAN] 0x154bc9c: "NanGong_WZ3" (11 chars)
[SCAN] 0x154bca8: "NanGong_WZ8" (11 chars)
[SCAN] 0x154bcb4: "NanGong_WZ2" (11 chars)
[SCAN] 0x154bcc0: "CDlgNewTeamChat" (15 chars)
[SCAN] 0x154be64: "CDlgNoviceGuide" (15 chars)
[SCAN] 0x154beac: "CDlgOwnKongfuMsg" (16 chars)
[SCAN] 0x154c188: "EFocusEx" (8 chars)
[SCAN] 0x154c194: "DFocusEx" (8 chars)
[SCAN] 0x154c208: "Arena_VictoryBG" (15 chars)
[SCAN] 0x154c218: "Arena_LoseBG" (12 chars)
[SCAN] 0x154c324: "CDlgRaiderBoard" (15 chars)
[SCAN] 0x154c334: "MoveInter" (9 chars)
[SCAN] 0x154c340: "RaiderPoker" (11 chars)
[SCAN] 0x154c34c: "MoveTime" (8 chars)
[SCAN] 0x154c360: "CardSpace" (9 chars)
[SCAN] 0x154c36c: "NumOffsetX" (10 chars)
[SCAN] 0x154c378: "NumOffsetY" (10 chars)
[SCAN] 0x154c384: "TempLeaveTimeMilliSec" (21 chars)
[SCAN] 0x154c39c: "TableScale" (10 chars)
[SCAN] 0x154c3a8: "RaiderPoker800X600" (18 chars)
[SCAN] 0x154c3bc: "TableHeight" (11 chars)
[SCAN] 0x154c3c8: "TableLook" (9 chars)
[SCAN] 0x154c3d4: "SofaLook" (8 chars)
[SCAN] 0x154c3e0: "SofaHeight" (10 chars)
[SCAN] 0x154c3ec: "SofaScale" (9 chars)
[SCAN] 0x154c3f8: "RoleScale" (9 chars)
[SCAN] 0x154c404: "TransformScale" (14 chars)
[SCAN] 0x154c45c: "Height%d" (8 chars)
[SCAN] 0x154c470: "ChipsMoney" (10 chars)
[SCAN] 0x154c6c8: "ani/ShowHandCard.ani" (20 chars)
[SCAN] 0x154c800: "nSeatInClient" (13 chars)
[SCAN] 0x154c816: "nSeatInClient" (13 chars)
[SCAN] 0x154c826: "CRaiderPokerMgr::CHAIRS_NUM" (27 chars)
[SCAN] 0x154c844: "ROTLA_cmxz" (10 chars)
[SCAN] 0x154c864: "CRaiderPokerMgr::EM_POKER_POS_MAX" (33 chars)
[SCAN] 0x154c898: "RaiderEffect" (12 chars)
[SCAN] 0x154c9fc: "RaidersOfTLA_clockpic" (21 chars)
[SCAN] 0x154ca70: "RaidersOfTLA_jishipic" (21 chars)
[SCAN] 0x154cae4: "NumScale" (8 chars)
[SCAN] 0x154cb1c: "ROTLA_bnum" (10 chars)
[SCAN] 0x154cb50: "ROTLA_gnum" (10 chars)
[SCAN] 0x154cb5c: "ROTLA_allwin" (12 chars)
[SCAN] 0x154cb6c: "ROTLA_allkill" (13 chars)
[SCAN] 0x154cb7c: "ROTLA_victory" (13 chars)
[SCAN] 0x154cb8c: "ROTLA_lost" (10 chars)
[SCAN] 0x154cb98: "ROTLA_jcan" (10 chars)
[SCAN] 0x154cbac: "GamblingRate" (12 chars)
[SCAN] 0x154cbbc: "ChipsVal" (8 chars)
[SCAN] 0x154cbc8: "ChipsView" (9 chars)
[SCAN] 0x154cbd4: "ChipsNum" (8 chars)
[SCAN] 0x154cc30: "ini/ScreenChat.lua" (18 chars)
[SCAN] 0x154cc44: "Effectoffx" (10 chars)
[SCAN] 0x154cc50: "ScreenChat_GetScreenSkinOff" (27 chars)
[SCAN] 0x154cc6c: "Effectoffy" (10 chars)
[SCAN] 0x154cc80: "BgoffDown" (9 chars)
[SCAN] 0x154cc8c: "BgoffWidth" (10 chars)
[SCAN] 0x154cc98: "CDlgScreenChat" (14 chars)
[SCAN] 0x154cca8: "TxtShowTime" (11 chars)
[SCAN] 0x154ccb4: "ScreenChat" (10 chars)
[SCAN] 0x154cd24: "ScreenChat_GetScreenSkin" (24 chars)
[SCAN] 0x154cd40: "ShowLimit%d" (11 chars)
[SCAN] 0x154cd4c: "ScreenChat_GetScreenSkinInfo" (28 chars)
[SCAN] 0x154cea8: "WoYaoQiang_zuo" (14 chars)
[SCAN] 0x154ceb8: "CDlgTreasureHouse" (17 chars)
[SCAN] 0x154cf80: "ini/TreasureHunt.lua" (20 chars)
[SCAN] 0x154cf98: "TreasureHunt_IsOpen" (19 chars)
[SCAN] 0x154d104: "XunBao_WZjl" (11 chars)
[SCAN] 0x154d110: "XunBao_BgBtn" (12 chars)
[SCAN] 0x154d1b4: "XunBao_WZjqqd" (13 chars)
[SCAN] 0x154d430: "e:\cqclient\gzsu2kc5\0\cqclient\cqclient\myshell\myimage.cpp" (60 chars)
[SCAN] 0x154d488: "FgImage2OffsetX" (15 chars)
[SCAN] 0x154d498: "FgImage2OffsetY" (15 chars)
[SCAN] 0x154d4b0: "FgImage3OffsetX" (15 chars)
[SCAN] 0x154d4c0: "FgImage3OffsetY" (15 chars)
[SCAN] 0x154d4d0: "ImageScale" (10 chars)
[SCAN] 0x154d4dc: "Icon3DEffectOffsetY" (19 chars)
[SCAN] 0x154d4f0: "Icon3DEffectZ" (13 chars)
[SCAN] 0x154d500: "FgEffectOffsetX" (15 chars)
[SCAN] 0x154d510: "FgEffectOffsetY" (15 chars)
[SCAN] 0x154d520: "FaceFrameEffOffsetX" (19 chars)
[SCAN] 0x154d534: "FaceFrameEffOffsetY" (19 chars)
[SCAN] 0x154d558: "ActOffsetX" (10 chars)
[SCAN] 0x154d564: "ActOffsetY" (10 chars)
[SCAN] 0x154d570: "WeaponStarFontSize" (18 chars)
[SCAN] 0x154d584: "WeaponStarNumX" (14 chars)
[SCAN] 0x154d594: "WeaponStarNumY" (14 chars)
[SCAN] 0x154d5a4: "WeaponStarImgX" (14 chars)
[SCAN] 0x154d5b4: "WeaponStarImgY" (14 chars)
[SCAN] 0x154d5c4: "WeaponStarBgWidth" (17 chars)
[SCAN] 0x154d5d8: "WeaponStarBgHeight" (18 chars)
[SCAN] 0x154d5ec: "WeaponStarImgWidth" (18 chars)
[SCAN] 0x154d600: "WeaponStarImgHeight" (19 chars)
[SCAN] 0x154d614: "GouyuMarkDir" (12 chars)
[SCAN] 0x154d624: "WithTimerInterval" (17 chars)
[SCAN] 0x154d640: "GouyuMarkCount" (14 chars)
[SCAN] 0x154d650: "GouyuMarkAni%d" (14 chars)
[SCAN] 0x154d674: "ani/PlayerFace.ani" (18 chars)
[SCAN] 0x154d688: "LevIntervel" (11 chars)
[SCAN] 0x154d694: "Info_GetRefineOther" (19 chars)
[SCAN] 0x154d6a8: "Info_GetRefineLevAniTitle" (25 chars)
[SCAN] 0x154d6c4: "GodRefine_Num2Pic" (17 chars)
[SCAN] 0x154d6d8: "GodRefine_NumXPic" (17 chars)
[SCAN] 0x154d714: "ImageFocus" (10 chars)
[SCAN] 0x154d720: "Weaponlevel20" (13 chars)
[SCAN] 0x154d730: "Weaponlevel5" (12 chars)
[SCAN] 0x154d740: "Weaponlevel1" (12 chars)
[SCAN] 0x154d750: "m_pFgAniRender" (14 chars)
[SCAN] 0x154d760: "!strTemp.empty()" (16 chars)
[SCAN] 0x154d7f4: "100Weapons_SoulPic" (18 chars)
[SCAN] 0x154d808: "ini/NewFuncOpenBox.lua" (22 chars)
[SCAN] 0x154d820: "NewFuncOpenBox_GetBoxInfo" (25 chars)
[SCAN] 0x154d888: "destinationX" (12 chars)
[SCAN] 0x154d898: "destinationSmallX" (17 chars)
[SCAN] 0x154d8ac: "destinationY" (12 chars)
[SCAN] 0x154d8bc: "destinationSmallY" (17 chars)
[SCAN] 0x154d8d0: "NewFuncOpenBox_TestCondition" (28 chars)
[SCAN] 0x154d9a0: "CDlgNewTexasMTTRoomDetails" (26 chars)
[SCAN] 0x154ddbc: "mttduiju_1BG" (12 chars)
[SCAN] 0x154ddcc: "mttguize_1Pic" (13 chars)
[SCAN] 0x154de30: "mttduiju_2BG" (12 chars)
[SCAN] 0x154de40: "mttguize_2Pic" (13 chars)
[SCAN] 0x154de50: "mttduiju_3BG" (12 chars)
[SCAN] 0x154de60: "mttguize_3Pic" (13 chars)
[SCAN] 0x154de70: "mttduiju_4BG" (12 chars)
[SCAN] 0x154ded4: "mttyouhua_wenziPic" (18 chars)
[SCAN] 0x154dee8: "mttduiju_jiangBG" (16 chars)
[SCAN] 0x154df80: "mttduiju_%uBG" (13 chars)
[SCAN] 0x154df90: "mttguize_%uPic" (14 chars)
[SCAN] 0x154dfa8: "mttdatingyh_ziBG" (16 chars)
[SCAN] 0x154e450: "CDlgTaskClub" (12 chars)
[SCAN] 0x154e460: "ui://ui_renwujihuisuo/com_renwujihuisuo1" (40 chars)
[SCAN] 0x154e5ac: "txt_sxjl1" (9 chars)
[SCAN] 0x154e5b8: "txt_sxjl2" (9 chars)
[SCAN] 0x154e6e0: "TaskClub_GetTaskData" (20 chars)
[SCAN] 0x154e6f8: "TaskClub_GetTaskUI" (18 chars)
[SCAN] 0x154e71c: "Award_Num" (9 chars)
[SCAN] 0x154e728: "TaskClub_GetTaskAward" (21 chars)
[SCAN] 0x154e740: "img_tips1" (9 chars)
[SCAN] 0x154e74c: "img_tips2" (9 chars)
[SCAN] 0x154e868: "TaskClub_GetTaskTarget" (22 chars)
[SCAN] 0x154e890: "CDlgNewOutChatMode" (18 chars)
[SCAN] 0x154e928: "CDlgFightDragonCityWatchTitle" (29 chars)
[SCAN] 0x154e9e4: "WatchTime" (9 chars)
[SCAN] 0x154e9f0: "PreEnterTime" (12 chars)
[SCAN] 0x154ee1c: "CDlgSngWaiting" (14 chars)
[SCAN] 0x154ee2c: "main_paizhuo1" (13 chars)
[SCAN] 0x154ee7c: "sng_GetWaitingTime" (18 chars)
[SCAN] 0x154f348: "CDlgPrimordialSpiritActiveSus" (29 chars)
[SCAN] 0x154f368: "main_yuanshen_4beibao1" (22 chars)
[SCAN] 0x154f3a8: "com_yuanshen_4beibao3" (21 chars)
[SCAN] 0x154faf8: "CDlgTexasGameRecordDetail" (25 chars)
[SCAN] 0x154fbe4: "hyroom_bbPic" (12 chars)
[SCAN] 0x154fca8: "newtexas_GetGameRecordCardType" (30 chars)
[SCAN] 0x154fcc8: "xdzdjjl_juneibisai1" (19 chars)
[SCAN] 0x154fcdc: "xdzdjjl_juneibisai2" (19 chars)
[SCAN] 0x154fd30: "com_shoupai1" (12 chars)
[SCAN] 0x154fe3c: "ui://ui_xindezhou/com_lstjilu3card" (34 chars)
[SCAN] 0x1550020: "GameType" (8 chars)
[SCAN] 0x155002c: "newtexas_GetGameRecordInfo" (26 chars)
[SCAN] 0x1550048: "PlayerCount" (11 chars)
[SCAN] 0x15500a0: "xdzdjjl_5ren" (12 chars)
[SCAN] 0x15500b0: "xdzdjjl_9ren" (12 chars)
[SCAN] 0x155013c: "CDlgOrnamentUpgrade" (19 chars)
[SCAN] 0x15501e8: "diaoqianfu_wz1" (14 chars)
[SCAN] 0x15501f8: "diaoqianfu_wz2" (14 chars)
[SCAN] 0x1550440: "Exchange" (8 chars)
[SCAN] 0x155044c: "Item_GetOrnamentCfg" (19 chars)
[SCAN] 0x155090c: "CDlgOSSynWarCommanderSkills" (27 chars)
[SCAN] 0x1550a3c: "deque<T>" (8 chars)
[SCAN] 0x1550c78: "Rotation[" (9 chars)
[SCAN] 0x1550cb4: "InActive" (8 chars)
[SCAN] 0x1550cc0: "xdqipai_zheBG" (13 chars)
[SCAN] 0x1550ce0: "CardType" (8 chars)
[SCAN] 0x1550cec: "HeroSeat" (8 chars)
[SCAN] 0x1550cf8: "OtherSeat" (9 chars)
[SCAN] 0x1550d04: "PublicSeat" (10 chars)
[SCAN] 0x1550d10: "newtexas_ResultLayCard" (22 chars)
[SCAN] 0x1550d28: "newtexas_ResultOmahaLayCard" (27 chars)
[SCAN] 0x1550d44: "newtexas_ResultDeposit" (22 chars)
[SCAN] 0x1550d5c: "newtexas_ResultOmahaDeposit" (27 chars)
[SCAN] 0x1550d80: "GemComposeFull" (14 chars)
[SCAN] 0x1550d90: "GemComposeSuc" (13 chars)
[SCAN] 0x1550db4: "Nationalwar_CheckoutBtn" (23 chars)
[SCAN] 0x1550dcc: "Nationalwar_ExpelBtn" (20 chars)
[SCAN] 0x15510ac: "CDlgAbilityScoreCompare" (23 chars)
[SCAN] 0x1551ad4: "CDlgAuctionAskBuyMain" (21 chars)
[SCAN] 0x1551b58: "SelectDlgTitleImgSell" (21 chars)
[SCAN] 0x1551b70: "Auction_GetAutoTradeInfo" (24 chars)
[SCAN] 0x1551b8c: "SelectDlgTitleImgBuy" (20 chars)
[SCAN] 0x1557a34: "EquipTie_TieIco" (15 chars)
[SCAN] 0x1557aac: "EquipTie_UnTieIco" (17 chars)
[SCAN] 0x1557af0: "CDlgChatRightClickMenu" (22 chars)
[SCAN] 0x1557ed0: "CDlgCountrySynList" (18 chars)
[SCAN] 0x1558088: "CDlgEmbedQL" (11 chars)
[SCAN] 0x1558098: "e:\cqclient\gzsu2kc5\0\cqclient\cqclient\myshell\dlgembedql.cpp" (63 chars)
[SCAN] 0x15580d8: "m_pAttriEffectRender" (20 chars)
[SCAN] 0x15583ac: "m_pQLItem" (9 chars)
[SCAN] 0x15584f0: "DlgEmbedQL" (10 chars)
[SCAN] 0x1558514: "AttrBgColor" (11 chars)
[SCAN] 0x15585c4: "EmbedEffect" (11 chars)
[SCAN] 0x15585d0: "EmbedEffX" (9 chars)
[SCAN] 0x15585dc: "EmbedEffY" (9 chars)
[SCAN] 0x15585e8: "RemoveEffect" (12 chars)
[SCAN] 0x15585f8: "RemoveEffX" (10 chars)
[SCAN] 0x1558604: "RemoveEffY" (10 chars)
[SCAN] 0x1558620: "UpEffStrX" (9 chars)
[SCAN] 0x155862c: "UpEffStrY" (9 chars)
[SCAN] 0x1558648: "NumSpaceX" (9 chars)
[SCAN] 0x1558654: "EffSpaceY" (9 chars)
[SCAN] 0x1558660: "EffPerSpaceX" (12 chars)
[SCAN] 0x1558670: "AttriEff%d" (10 chars)
[SCAN] 0x155867c: "dz_redNumAdd" (12 chars)
[SCAN] 0x155868c: "dz_greenNumReduce" (17 chars)
[SCAN] 0x15586a0: "dz_redNum0" (10 chars)
[SCAN] 0x15586ac: "dz_greenNum0" (12 chars)
[SCAN] 0x15586bc: "dz_redNumpa" (11 chars)
[SCAN] 0x15586c8: "dz_greenNumpa" (13 chars)
[SCAN] 0x15586d8: "CDlgEquipInstanceResult" (23 chars)
[SCAN] 0x1558800: "Settlement_Star2" (16 chars)
[SCAN] 0x1558864: "JSJM_star" (9 chars)
[SCAN] 0x1558870: "Settlement_Star1" (16 chars)
[SCAN] 0x15588e8: "CDlgFamilyBossReward" (20 chars)
[SCAN] 0x1558900: "FamilyHome_GetFamilyRankBossRewardInfo" (38 chars)
[SCAN] 0x1558974: "ini/FamilyHome.lua" (18 chars)
[SCAN] 0x1558988: "BossRankBg" (10 chars)
[SCAN] 0x15589cc: "CDlgForeignInvasionRank" (23 chars)
[SCAN] 0x1558d58: "Info_GetForeignInvasionRankPKOffset" (35 chars)
[SCAN] 0x1558f16: "wcslen(pszTip)" (14 chars)
[SCAN] 0x1558f2c: "pNotEnoughMoneyTwinkle" (22 chars)
[SCAN] 0x15590a4: "m_grdGem.IsFull()" (17 chars)
[SCAN] 0x15591e8: "ini/NewShopGoods.lua" (20 chars)
[SCAN] 0x15592e0: "GoldenLeaguePointLimit" (22 chars)
[SCAN] 0x15592f8: "NewShopGoods_GetOldShopItem" (27 chars)
[SCAN] 0x1559314: "TipColor" (8 chars)
[SCAN] 0x1559680: "e:\cqclient\gzsu2kc5\0\cqclient\cqclient\myshell\dlgitemtip.cpp" (63 chars)
[SCAN] 0x15596e8: "ItemTip_TotemReg" (16 chars)
[SCAN] 0x15596fc: "Equip_SpecialEffType_%d" (23 chars)
[SCAN] 0x1559714: "FlagPosX" (8 chars)
[SCAN] 0x1559720: "SpecialEffFlag" (14 chars)
[SCAN] 0x1559730: "Info_GetEquipEffectInfo" (23 chars)
[SCAN] 0x1559748: "FlagPosY" (8 chars)
[SCAN] 0x1559754: "SpecialEffSecFlag" (17 chars)
[SCAN] 0x1559768: "SpecialEffSec2Flag" (18 chars)
[SCAN] 0x155977c: "SpecialEffThirdFlag" (19 chars)
[SCAN] 0x1559790: "SpecialEffThird2Flag" (20 chars)
[SCAN] 0x15597a8: "Equip_SpecialEffLevel_%d" (24 chars)
[SCAN] 0x15597c4: "SpecialEffTip" (13 chars)
[SCAN] 0x1559800: "GodRefine_shu0Pic" (17 chars)
[SCAN] 0x15598d8: "Baldric_FirePic" (15 chars)
[SCAN] 0x15598e8: "Baldric_UnFirePic" (17 chars)
[SCAN] 0x1559950: "Xbfenjie_TxkhjsxbjPic" (21 chars)
[SCAN] 0x1559970: "DialogItemTipBG_%d" (18 chars)
[SCAN] 0x155999c: "CDlgLimitShop" (13 chars)
[SCAN] 0x1559c10: "ini/LimitShop.lua" (17 chars)
[SCAN] 0x1559c24: "Complex_DSIconPic" (17 chars)
[SCAN] 0x1559c6c: "LimitShop_GetLimitShopTab" (25 chars)
[SCAN] 0x1559e54: "Xinshop_BG14" (12 chars)
[SCAN] 0x1559f08: "Xinshop_BG" (10 chars)
[SCAN] 0x1559f14: "LimitShop_GetLimitShopItem" (26 chars)
[SCAN] 0x1559f30: "VIPshop_WZ%d" (12 chars)
[SCAN] 0x155a020: "Present_PresentBtn" (18 chars)
[SCAN] 0x155a0ac: "CDlgMainTask" (12 chars)
[SCAN] 0x155a200: "ini/Questinfo.lua" (17 chars)
[SCAN] 0x155a214: "Questinfo_GetIntentionVisibleCount" (34 chars)
[SCAN] 0x155a250: "CompleteY" (9 chars)
[SCAN] 0x155a25c: "Questinfo_GetDialog" (19 chars)
[SCAN] 0x155a270: "CompleteX" (9 chars)
[SCAN] 0x155a2a8: "e:\cqclient\gzsu2kc5\0\cqclient\cqclient\myshell\dlgmaintask.cpp" (64 chars)
[SCAN] 0x155a2ec: "Questinfo_GetIntentionImgAni" (28 chars)
[SCAN] 0x155a418: "Questinfo_OnClickReceiveReward" (30 chars)
[SCAN] 0x155a438: "CDlgNanGClothesResolve" (22 chars)
[SCAN] 0x155a49c: "NanGong_Pic11" (13 chars)
[SCAN] 0x155a4f4: "NanGong_WZ9" (11 chars)
[SCAN] 0x155a500: "NanGClothes_GetCoatMaterialInfo" (31 chars)
[SCAN] 0x155a5e4: "materialType" (12 chars)
[SCAN] 0x155a5f4: "materialType%d" (14 chars)
[SCAN] 0x155a654: "resolveTime" (11 chars)
[SCAN] 0x155a660: "resolveOffsetX" (14 chars)
[SCAN] 0x155a670: "resolveOffsetY" (14 chars)
[SCAN] 0x155a680: "NanGong10" (9 chars)
[SCAN] 0x155a6d4: "list_offsetX%d" (14 chars)
[SCAN] 0x155a6e4: "list_offsetY" (12 chars)
[SCAN] 0x155a918: "Button350" (9 chars)
[SCAN] 0x155a924: "Button333" (9 chars)
[SCAN] 0x155a930: "Button203" (9 chars)
[SCAN] 0x155a93c: "Button204" (9 chars)
[SCAN] 0x155a948: "Dialog57" (8 chars)
[SCAN] 0x155a954: "Dialog56" (8 chars)
[SCAN] 0x155a960: "CDlgOwnKongfuName" (17 chars)
[SCAN] 0x155ab50: "Arena_LoseBtn" (13 chars)
[SCAN] 0x155ab60: "Arena_FightBtn" (14 chars)
[SCAN] 0x155ab70: "Arena_Num%c" (11 chars)
[SCAN] 0x155ab7c: "Arena_SecondPic" (15 chars)
[SCAN] 0x155ab8c: "CDlgRaiderEntrance" (18 chars)
[SCAN] 0x155ac38: "CDlgRevivalTips" (15 chars)
[SCAN] 0x155acf8: "CostColor" (9 chars)
[SCAN] 0x155ad04: "Info_GetRevivalInfo" (19 chars)
[SCAN] 0x155ae3c: "CDlgScreenChatBtn" (17 chars)
[SCAN] 0x155ae88: "CDlgSixServantSkill" (19 chars)
[SCAN] 0x155ae9c: "5xdaoqi22" (9 chars)
[SCAN] 0x155aee4: "5xdaoqi_pic6" (12 chars)
[SCAN] 0x155aef4: "5xdaoqiyc_WZ2" (13 chars)
[SCAN] 0x155af04: "5xdaoqiyc_Btn2" (14 chars)
[SCAN] 0x155af14: "5xdaoqiyc_Btn1" (14 chars)
[SCAN] 0x155af78: "StrengthDevelopEquip_GetEquipReduceLevMax" (41 chars)
[SCAN] 0x155afa4: "CDlgStrengthDevelopEquipDetail" (30 chars)
[SCAN] 0x155affc: "ini/StrengthDevelopEquip.lua" (28 chars)
[SCAN] 0x155b01c: "StrengthDevelopEquip_GetEquipDetailTitle" (40 chars)
[SCAN] 0x155b048: "StrengthDevelopEquip_GetEquipDetailAmount" (41 chars)
[SCAN] 0x155b074: "StrengthDevelopEquip_GetEquipDetailPosition" (43 chars)
[SCAN] 0x155b0f4: "WoYaoQiang_XBG" (14 chars)
[SCAN] 0x155b104: "100Weapons_SkillBG" (18 chars)
[SCAN] 0x155b118: "WoYaoQiang_tips2" (16 chars)
[SCAN] 0x155b224: "StrengthDevelopEquip_GetEquipDetailLevMax" (41 chars)
[SCAN] 0x155b324: "WoYaoQiang_DuanZaoBtn" (21 chars)
[SCAN] 0x155b33c: "WoYaoQiang_XjdtBG" (17 chars)
[SCAN] 0x155b350: "WoYaoQiang_XjdtLv" (17 chars)
[SCAN] 0x155b364: "WoYaoQiang_XjdtHuang" (20 chars)
[SCAN] 0x155b37c: "WoYaoQiang_WZwmdc" (17 chars)
[SCAN] 0x155b390: "WoYaoQiang_LvJT" (15 chars)
[SCAN] 0x155b4c0: "WoYaoQiang_tips3" (16 chars)
[SCAN] 0x155b4d4: "WoYaoQiang_tips4" (16 chars)
[SCAN] 0x155b5b4: "WoYaoQiang_WZkd" (15 chars)
[SCAN] 0x155b684: "WoYaoQiang_tips1" (16 chars)
[SCAN] 0x155b6dc: "StrengthDevelopEquip_GetEquipDetailScore" (40 chars)
[SCAN] 0x155b7d8: "WoYaoQiang_WZkgh" (16 chars)
[SCAN] 0x155b7ec: "WoYaoQiang_GuHuaBtn" (19 chars)
[SCAN] 0x155ba2c: "CItem::s_ItemData.GetItemTypeInfo(idNext," (41 chars)
[SCAN] 0x155bca8: "e:\cqclient\gzsu2kc5\0\cqclient\cqclient\myshell\dlgtasknew.cpp" (63 chars)
[SCAN] 0x155bce8: "m_pMyBitmapLD" (13 chars)
[SCAN] 0x155bcf8: "m_pMyBitmapRU" (13 chars)
[SCAN] 0x155bda4: ">eeQvQ-N" (8 chars)
[SCAN] 0x155c088: "TYXJ_Lottery_GetFirstOpen" (25 chars)
[SCAN] 0x155c0a4: "CDlgVigorImprove" (16 chars)
[SCAN] 0x155c1f8: "Vigor_GetUnlockMethodIntro" (26 chars)
[SCAN] 0x155c278: "CHero::E_VIGOR_COLOR_MAX" (24 chars)
[SCAN] 0x155c294: "Vigor_GetImproveColorType" (25 chars)
[SCAN] 0x155c2b0: "BgEffect" (8 chars)
[SCAN] 0x155c2c4: "ColorName" (9 chars)
[SCAN] 0x155c2d0: "PirateJX_LV%d" (13 chars)
[SCAN] 0x155c2e0: "LevelTitle" (10 chars)
[SCAN] 0x155c2ec: "Vigor_GetImproveColorLevelType" (30 chars)
[SCAN] 0x155c30c: "NextLevelTitle" (14 chars)
[SCAN] 0x155c31c: "LevelIntro" (10 chars)
[SCAN] 0x155c328: "NextLevelIntro" (14 chars)
[SCAN] 0x155c378: "CostTitle" (9 chars)
[SCAN] 0x155c384: "CostItemIcon" (12 chars)
[SCAN] 0x155c42c: "JingXiuProgress" (15 chars)
[SCAN] 0x155c43c: "BallEffect" (10 chars)
[SCAN] 0x155c448: "CurLevBallEffect" (16 chars)
[SCAN] 0x155c45c: "NextLevBallEffect" (17 chars)
[SCAN] 0x155c48c: "Vigor_GetImproveColorPos" (24 chars)
[SCAN] 0x155c4a8: "ColorBtnCheckEffect" (19 chars)
[SCAN] 0x155c4bc: "PirateJX_ui32" (13 chars)
[SCAN] 0x155c4cc: "ColorBtnEffect" (14 chars)
[SCAN] 0x155c4dc: "TipIntro" (8 chars)
[SCAN] 0x155c4e8: "TipIntroMax" (11 chars)
[SCAN] 0x155c4f4: "OnlyExpIncEffect" (16 chars)
[SCAN] 0x155c510: "Vigor_GetImproveColorExpAdd" (27 chars)
[SCAN] 0x155c52c: "PirateJX_PZWZ4" (14 chars)
[SCAN] 0x155c53c: "PirateJX_PZ%c" (13 chars)
[SCAN] 0x155c54c: "dwNewLevel" (10 chars)
[SCAN] 0x155c55e: "dwNewLevel" (10 chars)
[SCAN] 0x155c578: "Vigor_IsColorUnlock" (19 chars)
[SCAN] 0x155c58c: "PirateJX_ui59" (13 chars)
[SCAN] 0x155c59c: "PirateJX_ui58" (13 chars)
[SCAN] 0x155c5ac: "CDlgWorldMiniAuction" (20 chars)
[SCAN] 0x155c664: "Auction_GetAuctionTimeEffect" (28 chars)
[SCAN] 0x155c758: "CDlgNewTexasMTTAddon" (20 chars)
[SCAN] 0x155c89c: "CDlgNewTexasMTTRoomWait" (23 chars)
[SCAN] 0x155c9e8: "mttjunei_dangBG" (15 chars)
[SCAN] 0x155c9f8: "mttjunei_dang1BG" (16 chars)
[SCAN] 0x155ca0c: "CDlgCampsChallenge" (18 chars)
[SCAN] 0x155cad0: "MaxAwardTimes" (13 chars)
[SCAN] 0x155cae0: "CampsConfrontation_GetCommnData" (31 chars)
[SCAN] 0x155cbcc: "CampsConfrontation_GetCampsDlgRoleCampTextImgAni" (48 chars)
[SCAN] 0x155cc30: "CampsConfrontation_GetContinueWinAni" (36 chars)
[SCAN] 0x155cc58: "CampsConfrontation_GetLeiTaiWords" (33 chars)
[SCAN] 0x155cc7c: "LimitTeamNum" (12 chars)
[SCAN] 0x155ce30: "BegainTime" (10 chars)
[SCAN] 0x155ce3c: "CampsConfrontation_GetCampsTeamPKOpenTime" (41 chars)
[SCAN] 0x155cea4: "CDlgDragonCityWarEventTip" (25 chars)
[SCAN] 0x155cf7c: "CDlgPrimordialSpiritBag" (23 chars)
[SCAN] 0x155cfd4: "PrimordialSpirit_GetMaxQualityItem" (34 chars)
[SCAN] 0x155d004: "PrimordialSpirit_GetMagicUnlockConStr" (37 chars)
[SCAN] 0x155d214: "main_yuanshen_4beibao" (21 chars)
[SCAN] 0x155d440: "PrimordialSpirit_GetMonoPolyQuality" (35 chars)
[SCAN] 0x155d508: "ProIndex%d" (10 chars)
[SCAN] 0x155d8dc: "CDlgGlobalPointGuide" (20 chars)
[SCAN] 0x155d9a4: "CDlgDevilFruitMain" (18 chars)
[SCAN] 0x155db7c: "ini/DevilFruit.lua" (18 chars)
[SCAN] 0x155db90: "TipMarginMinX" (13 chars)
[SCAN] 0x155dba0: "TipMarginMinY" (13 chars)
[SCAN] 0x155dbb0: "PirateJX_Pic2" (13 chars)
[SCAN] 0x155dbc0: "RedPointImg" (11 chars)
[SCAN] 0x155dbcc: "DevilFruit_GetDlgInfo" (21 chars)
[SCAN] 0x155dbe4: "RuneLock" (8 chars)
[SCAN] 0x155dc44: "DevilFruit_GetFruitInfo" (23 chars)
[SCAN] 0x155dc90: "AwakeOkEffect" (13 chars)
[SCAN] 0x155dca0: "AwakeNewRuneEffect" (18 chars)
[SCAN] 0x155dcb4: "AwakeStarEffect" (15 chars)
[SCAN] 0x155ddd4: "RuneAwakeable" (13 chars)
[SCAN] 0x155de28: "fruitBgSelected" (15 chars)
[SCAN] 0x155de38: "fruitNameBg" (11 chars)
[SCAN] 0x155de44: "inUsingImg" (10 chars)
[SCAN] 0x155de50: "PirateJXSS_BG2" (14 chars)
[SCAN] 0x155de60: "suisuiguoshi_wz1" (16 chars)
[SCAN] 0x155dea8: "DevilFruit_GetNewFruitInfo" (26 chars)
[SCAN] 0x155def8: "runeGridFontSize" (16 chars)
[SCAN] 0x155df0c: "runeGridFontColor" (17 chars)
[SCAN] 0x155e394: "CDlgGoodEvilRanking" (19 chars)
[SCAN] 0x155e540: "ui://ui_diaoqianfu/com_se_rank_1" (32 chars)
[SCAN] 0x155e564: "ui://ui_diaoqianfu/com_se_rank_2" (32 chars)
[SCAN] 0x155e588: "ui://ui_diaoqianfu/com_se_rank_3" (32 chars)
[SCAN] 0x155e5ac: "ui://ui_diaoqianfu/com_se_rank_4" (32 chars)
[SCAN] 0x155e664: "CDlgFriendRoomEvent" (19 chars)
[SCAN] 0x155eb50: "CDlgTravelEventYesterday" (24 chars)
[SCAN] 0x155f024: "OnlineControl" (13 chars)
[SCAN] 0x155f038: "CoatStor_GoRank" (15 chars)
[SCAN] 0x155f048: "BigActive" (9 chars)
[SCAN] 0x155f2f0: "CDlgAbilityScoreRank" (20 chars)
[SCAN] 0x155f4b8: "ProUpgradeTitle_GetOpenTitleNum" (31 chars)
[SCAN] 0x155f7b8: "CDlgAuctionAskBuyYL" (19 chars)
[SCAN] 0x155fc00: "e:\cqclient\gzsu2kc5\0\cqclient\cqclient\myshell\dlgblack.cpp" (61 chars)
[SCAN] 0x155fc40: "SliderWidth" (11 chars)
[SCAN] 0x155fd2f: "wcslen(pszName)" (15 chars)
[SCAN] 0x156026c: "CDlgChatSetupFrame" (18 chars)
[SCAN] 0x1560300: "ChatSe1t_BG1" (12 chars)
[SCAN] 0x1560310: "ChatSet_BG1" (11 chars)
[SCAN] 0x156031c: "ChatSet_BG3" (11 chars)
[SCAN] 0x1565058: "CDlgCpInsteadofGiftCpConfirm" (28 chars)
[SCAN] 0x15650e0: "Lottery_Setup" (13 chars)
[SCAN] 0x1565394: "CDlgDevilFruitMap" (17 chars)
[SCAN] 0x15654b0: "runeGray" (8 chars)
[SCAN] 0x15657c4: "ini/Melt_lev.lua" (16 chars)
[SCAN] 0x15658e8: "MeltingSY_JDT" (13 chars)
[SCAN] 0x1565970: "MeltingSY_Num%d" (15 chars)
[SCAN] 0x1565a18: "Melting_Luzi1Pic" (16 chars)
[SCAN] 0x1565a58: "Melt_lev_GetExp" (15 chars)
[SCAN] 0x1565a68: "Melt_lev_GetDiscount" (20 chars)
[SCAN] 0x1565ab0: "Melt_lev_GetUpLevExp" (20 chars)
[SCAN] 0x1565bf8: "g_objMelterMgr.CanMelt(pItem->GetTypeID()," (42 chars)
[SCAN] 0x1565c23: "pItem->IsGift())" (16 chars)
[SCAN] 0x1565c34: "m_pMainItem" (11 chars)
[SCAN] 0x1565c48: "Info_GetMelterGoldCost" (22 chars)
[SCAN] 0x1565d28: "Melting_BaguaPic" (16 chars)
[SCAN] 0x1565d3c: "Melting_Luzi2Pic" (16 chars)
[SCAN] 0x1565ee0: "Melting_ZKSQBtnNormal" (21 chars)
[SCAN] 0x1565ef8: "Melting_huodemdPic" (18 chars)
[SCAN] 0x1565f0c: "Melting_ZKSQBtnClick" (20 chars)
[SCAN] 0x1565f24: "Melting_MeltndBG" (16 chars)
[SCAN] 0x1566050: "CDlgExpRecover" (14 chars)
[SCAN] 0x15662d4: "CDlgFamilyBuyCoin" (17 chars)
[SCAN] 0x15663b0: "FamilyHome_GetBuyCoinInfo" (25 chars)
[SCAN] 0x15663cc: "BuyNumMax" (9 chars)
[SCAN] 0x156640c: "BuyDefaultNum" (13 chars)
[SCAN] 0x1566614: "CDlgFpsUplimitSetting" (21 chars)
[SCAN] 0x1566840: "ManGiftArrange_receiveBG" (24 chars)
[SCAN] 0x15669b8: "receiveflowerBG" (15 chars)
[SCAN] 0x15669c8: "receiveWhiteflowerBG99" (22 chars)
[SCAN] 0x15669e0: "receiveWhiteflowerBG999" (23 chars)
[SCAN] 0x15669f8: "receiveLilyBG99" (15 chars)
[SCAN] 0x1566a08: "receiveLilyBG999" (16 chars)
[SCAN] 0x1566a1c: "receiveTulipBG99" (16 chars)
[SCAN] 0x1566a30: "receiveTulipBG999" (17 chars)
[SCAN] 0x1566ba4: "GoodsNum" (8 chars)
[SCAN] 0x1566bb8: "NewShopGoods_GetNewGoldenLeaguePointShop" (40 chars)
[SCAN] 0x1566bf8: "CDlgGoldenLeagueShopPlus" (24 chars)
[SCAN] 0x1566f10: "pExchangeMax" (12 chars)
[SCAN] 0x1566fe8: "CDlgJabaliAttr" (14 chars)
[SCAN] 0x1567114: "ActiveColor" (11 chars)
[SCAN] 0x1567120: "Jabali_GetJabaliAttrData" (24 chars)
[SCAN] 0x156713c: "UnActiveColor" (13 chars)
[SCAN] 0x15671c4: "TipsColor" (9 chars)
[SCAN] 0x15671d0: "CDlgMainTaskIntention" (21 chars)
[SCAN] 0x1567280: "CDlgNanGClotsesTop" (18 chars)
[SCAN] 0x1567340: "StartTime" (9 chars)
[SCAN] 0x1567468: "Sound/Sell.wav" (14 chars)
[SCAN] 0x1567478: "e:\cqclient\gzsu2kc5\0\cqclient\cqclient\myshell\dlgnpcbuy.cpp" (62 chars)
[SCAN] 0x15674dc: "Sound/ChangePage.wav" (20 chars)
[SCAN] 0x15674f4: "CDlgOwnKongfuPKSetting" (22 chars)
[SCAN] 0x15676fe: "CMsgOwnKongfuPKSetting::NO_PK_SETTING_MAX" (41 chars)
[SCAN] 0x1567728: "CDlgPointShopFrame" (18 chars)
[SCAN] 0x15678a0: "Arena_TipPic" (12 chars)
[SCAN] 0x15678b0: "CDlgRaiderHelp" (14 chars)
[SCAN] 0x1567928: "HelpAmount" (10 chars)
[SCAN] 0x156797c: "RaidersOfTLA_help%dpic" (22 chars)
[SCAN] 0x1567d98: "CancleSBtn" (10 chars)
[SCAN] 0x1567df0: "ColludeBG" (9 chars)
[SCAN] 0x1567e0c: "CDlgScreenChatSetup" (19 chars)
[SCAN] 0x15680c8: "CDlgSkillYiHuaJieMu" (19 chars)
[SCAN] 0x1568128: "m_pCutDownEff" (13 chars)
[SCAN] 0x1568138: "YHJMDlgOffsetX" (14 chars)
[SCAN] 0x1568148: "Info_GetDaoistSkillInfo" (23 chars)
[SCAN] 0x1568160: "YHJMDlgOffsetY" (14 chars)
[SCAN] 0x1568170: "YHJMBeAtkMaxHeight" (18 chars)
[SCAN] 0x1568184: "YHJMBeAtkBlankHeight" (20 chars)
[SCAN] 0x156819c: "YHJMCutDownOffsetX" (18 chars)
[SCAN] 0x15681b0: "YHJMCutDownOffsetY" (18 chars)
[SCAN] 0x15681c4: "YHJMBeAtkEff" (12 chars)
[SCAN] 0x15681d4: "CutDownEff" (10 chars)
[SCAN] 0x15681e0: "s_dwMoveTime" (12 chars)
[SCAN] 0x1568210: "ini/StrengthDevelop.lua" (23 chars)
[SCAN] 0x1568324: "WoYaoQiang_Num%d" (16 chars)
[SCAN] 0x1568338: "WoYaoQiang_yuan" (15 chars)
[SCAN] 0x1568348: "WoYaoQiang_qw" (13 chars)
[SCAN] 0x15683f0: "StrengthDevelop_GetIconAni" (26 chars)
[SCAN] 0x1568508: "StrengthDevelop_GetMeteTarget" (29 chars)
[SCAN] 0x1568560: "CDlgTaskRank" (12 chars)
[SCAN] 0x1568680: "ini/TaskRank.lua" (16 chars)
[SCAN] 0x1568694: "NormalTime" (10 chars)
[SCAN] 0x15686a0: "TaskRank_GetDlgInfo" (19 chars)
[SCAN] 0x15686b4: "ChangeType" (10 chars)
[SCAN] 0x15686c0: "AlphaSpeed" (10 chars)
[SCAN] 0x15686d0: "e:\cqclient\gzsu2kc5\0\cqclient\cqclient\myshell\dlgtaskrank.cpp" (64 chars)
[SCAN] 0x156871c: "RealSize" (8 chars)
[SCAN] 0x1568728: "TaskRank_GetRankInfo" (20 chars)
[SCAN] 0x1568740: "OpenEffectTime" (14 chars)
[SCAN] 0x1568750: "TaskRank_GetEffectInfo" (22 chars)
[SCAN] 0x1568768: "TaskRank_GetShowWordIndex" (25 chars)
[SCAN] 0x1568884: "TaskRank_GetNormalWordInfo" (26 chars)
[SCAN] 0x15688a0: "TaskRank_GetAddScoreWordInfo" (28 chars)
[SCAN] 0x15688c0: "TaskRank_GetTaskWordInfo" (24 chars)
[SCAN] 0x15688dc: "EffectType%d" (12 chars)
[SCAN] 0x15688ec: "nLookFace" (9 chars)
[SCAN] 0x15688f8: "ShowInfo" (8 chars)
[SCAN] 0x1568904: "TaskRank_GetModelInfo" (21 chars)
[SCAN] 0x156891c: "dwProfession" (12 chars)
[SCAN] 0x156893c: "nMountLev" (9 chars)
[SCAN] 0x1568948: "nMountColor" (11 chars)
[SCAN] 0x1568964: "nWeaponLCoat" (12 chars)
[SCAN] 0x1568974: "nWeaponRCoat" (12 chars)
[SCAN] 0x156898c: "nWingLev" (8 chars)
[SCAN] 0x15689a8: "TaskRank_GetUIImgInfo" (21 chars)
[SCAN] 0x15689c0: "FilePath" (8 chars)
[SCAN] 0x15689cc: "TaskRank_GetShowUIImgIndex" (26 chars)
[SCAN] 0x15689f0: "TaskRank_GetRankMaxUINum" (24 chars)
[SCAN] 0x1568a0c: "TaskRank_GetUINum" (17 chars)
[SCAN] 0x1568a20: "TaskRank_GetUIImgInfoById" (25 chars)
[SCAN] 0x1568a44: "ScoreImg" (8 chars)
[SCAN] 0x1568a50: "HeadSize" (8 chars)
[SCAN] 0x1568b14: "FgEffect" (8 chars)
[SCAN] 0x1568b2c: "TaskRankInfo_GetTraceSum" (24 chars)
[SCAN] 0x1568b48: "TaskRankInfo_GetTracenSpeed" (27 chars)
[SCAN] 0x1568b64: "TaskRankInfo_GetPoint" (21 chars)
[SCAN] 0x1568d38: "FlopDraw_TuXiangKPic" (20 chars)
[SCAN] 0x1568f94: "FlopDraw_XT" (11 chars)
[SCAN] 0x1569060: "FlopDraw_FZ_%d" (14 chars)
[SCAN] 0x1569070: "FlopDraw_DZ" (11 chars)
[SCAN] 0x156907c: "FlopDraw_CardBackPic" (20 chars)
[SCAN] 0x1569094: "FlopDraw_CardPic" (16 chars)
[SCAN] 0x15690a8: "CDlgVigorMaterialMore" (21 chars)
[SCAN] 0x156917c: "Vigor_GetMaterialMore" (21 chars)
[SCAN] 0x156919c: "PirateJX_BG13" (13 chars)
[SCAN] 0x15691b4: "PirateJX_Pic4" (13 chars)
[SCAN] 0x1569200: "CDlgWrapAttributes" (18 chars)
[SCAN] 0x15697d8: "CoatStor_tipsPic" (16 chars)
[SCAN] 0x15697ec: "CoatData_GetTreeCoatDataByBig" (29 chars)
[SCAN] 0x156980c: "CoatData_GetTreeCoatDataBySmall" (31 chars)
[SCAN] 0x156982c: "CoatData_GetNewCoatCollectTime" (30 chars)
[SCAN] 0x1569898: "coatType" (8 chars)
[SCAN] 0x15698a4: "CoatData_GetTreeCoatDetailInfo" (30 chars)
[SCAN] 0x15698e0: "CoatStor_WZdjjh" (15 chars)
[SCAN] 0x15698f8: "CoatData_GetCoatEvent" (21 chars)
[SCAN] 0x1569910: "MissionShow" (11 chars)
[SCAN] 0x156991c: "CoatData_GetCollectType" (23 chars)
[SCAN] 0x1569934: "CoatData_GetTreeCoatDataBigNum" (30 chars)
[SCAN] 0x156995c: "TitleName" (9 chars)
[SCAN] 0x1569968: "TitleNumName" (12 chars)
[SCAN] 0x1569978: "ActivateAni" (11 chars)
[SCAN] 0x1569984: "ClickActivateEff" (16 chars)
[SCAN] 0x1569998: "CoatStor_gou" (12 chars)
[SCAN] 0x1569a08: "CoatData_GetActiveEff" (21 chars)
[SCAN] 0x1569b24: "YiGui_BG26" (10 chars)
[SCAN] 0x1569b30: "CoatStor_box" (12 chars)
[SCAN] 0x1569b7c: "LastLoginVersion" (16 chars)
[SCAN] 0x1569b90: "ini/GameSetUp.ini" (17 chars)
[SCAN] 0x1569bb4: "e:\cqclient\gzsu2kc5\0\cqclient\cqclient\myshell\tqstr.cpp" (58 chars)
[SCAN] 0x156a0b4: "OpenDlgTagColor" (15 chars)
[SCAN] 0x156a16c: "NameTagColor" (12 chars)
[SCAN] 0x156a1ac: "RewardTagColor" (14 chars)
[SCAN] 0x156a1f0: "gpDlgShell" (10 chars)
[SCAN] 0x156a21c: "fontSetInfo" (11 chars)
[SCAN] 0x156a2c8: "CDlgNewTexasMTTBuyHelp" (22 chars)
[SCAN] 0x156a434: "CDlgNewTexasMTTStage" (20 chars)
[SCAN] 0x156a53c: "CDlgCampsConfrontation" (22 chars)
[SCAN] 0x156a5a8: "ini/CampsConfrontation.lua" (26 chars)
[SCAN] 0x156a5cc: "CampsConfrontation_GetDialogMainInfo" (36 chars)
[SCAN] 0x156a644: "ItemType%d" (10 chars)
[SCAN] 0x156a650: "Item%dAmount" (12 chars)
[SCAN] 0x156a660: "Item%dMonopoly" (14 chars)
[SCAN] 0x156a670: "Item%dEffect" (12 chars)
[SCAN] 0x156a6b0: "CDlgDragonCityWarPrestigeMorateRank" (35 chars)
[SCAN] 0x156aff4: "CDlgPrimordialSpiritBtn" (23 chars)
[SCAN] 0x156b00c: "main_yuanshen_12rukou" (21 chars)
[SCAN] 0x156b07c: "PrimordialSpirit_GetOpenUnLockLua" (33 chars)
[SCAN] 0x156b0e8: "ResetStep" (9 chars)
[SCAN] 0x156b0f4: "PrimordialSpirit_GetGuideInfo" (29 chars)
[SCAN] 0x156b114: "PrimordialSpirit_GetGuideEndStep" (32 chars)
[SCAN] 0x156b138: "CDlgWSLWPro" (11 chars)
[SCAN] 0x156b144: "main_yuanshen_12zswslw" (22 chars)
[SCAN] 0x156b168: "wslwProTime" (11 chars)
[SCAN] 0x156b548: "CDlgGlobalPointImproveOnRanking" (31 chars)
[SCAN] 0x156b78c: "ui://ui_jifenjinji/com_rank_1" (29 chars)
[SCAN] 0x156b7ac: "ui://ui_jifenjinji/com_rank_2" (29 chars)
[SCAN] 0x156b7cc: "ui://ui_jifenjinji/com_rank_3" (29 chars)
[SCAN] 0x156b7ec: "ui://ui_jifenjinji/com_rank_4" (29 chars)
[SCAN] 0x156b80c: "ui://ui_jifenjinji/com_rank_5" (29 chars)
[SCAN] 0x156bc64: "CDlgDragonCityWarOtherCampMem" (29 chars)
[SCAN] 0x156c3e4: "CDlgRuneHuaZhen" (15 chars)
[SCAN] 0x156c4b8: "com_swhz1" (9 chars)
[SCAN] 0x156c4d0: "list_xhp2" (9 chars)
[SCAN] 0x156c4fc: "com_swhz2" (9 chars)
[SCAN] 0x156c508: "btn_item1" (9 chars)
[SCAN] 0x156c514: "txt_name1" (9 chars)
[SCAN] 0x156c520: "btn_item2" (9 chars)
[SCAN] 0x156c52c: "txt_name2" (9 chars)
[SCAN] 0x156c54c: "RuneSys_GetRuneHuazhenViewInfo" (30 chars)
[SCAN] 0x156c630: "HuaZhenSucRate" (14 chars)
[SCAN] 0x156c640: "RuneSys_GetRuneHuazhenPosInfo" (29 chars)
[SCAN] 0x156c660: "HuaZhenItemNum" (14 chars)
[SCAN] 0x156c670: "RuneSys_GetRuneInfo" (19 chars)
[SCAN] 0x156c684: "HuaZhenCostItem%d" (17 chars)
[SCAN] 0x156c698: "HuaZhenCostNum%d" (16 chars)
[SCAN] 0x156c770: "shenwenhz1" (10 chars)
[SCAN] 0x156c77c: "shenwenhz13" (11 chars)
[SCAN] 0x156c788: "shenwenhz2" (10 chars)
[SCAN] 0x156c794: "shenwenhz12" (11 chars)
[SCAN] 0x156d1f4: "CDlgSwordsmanAwakenConfirm" (26 chars)
[SCAN] 0x156d680: "fusebijou03" (11 chars)
[SCAN] 0x156d69c: "RFT_anscjh" (10 chars)
[SCAN] 0x156e380: "BoxNumOffsetX" (13 chars)
[SCAN] 0x156e390: "TreasureHunt_GetAllServerDlgInfo" (32 chars)
[SCAN] 0x156e3b4: "BoxNumOffsetY" (13 chars)
[SCAN] 0x156e3c4: "RewardBg" (8 chars)
[SCAN] 0x156e3d8: "CrossItemImg" (12 chars)
[SCAN] 0x156e480: "TreasureHunt_GetPlaceIdByIndex" (30 chars)
[SCAN] 0x156e4a8: "TreasureHunt_GetPlaceInfo" (25 chars)
[SCAN] 0x156e4c8: "CDlgAllServerTreasureHunt" (25 chars)
[SCAN] 0x156e4e4: "RewardId" (8 chars)
[SCAN] 0x156e4f0: "TreasureHunt_GetRewardItemInfoByIndex" (37 chars)
[SCAN] 0x156e91c: "CDlgAutoInviteInteract" (22 chars)
[SCAN] 0x157503c: "CongratulateEffect" (18 chars)
[SCAN] 0x1575050: "BoYiTip_GetBoYiLevelUpStyle" (27 chars)
[SCAN] 0x1575084: "ini/BoYiTip.lua" (15 chars)
[SCAN] 0x15750ac: "BoYiTip_GetBoYiLevelUpAward" (27 chars)
[SCAN] 0x15750dc: "cop_luobma1%d" (13 chars)
[SCAN] 0x15750fc: "cop_logob10" (11 chars)
[SCAN] 0x1575198: "FlashTime" (9 chars)
[SCAN] 0x15751a4: "ShowLevTime" (11 chars)
[SCAN] 0x15751c8: "CDlgCommonTip" (13 chars)
[SCAN] 0x15751d8: "ini/CommonTip.lua" (17 chars)
[SCAN] 0x157522c: "CommonTip_GetData" (17 chars)
[SCAN] 0x1575240: "DlgWidth" (8 chars)
[SCAN] 0x157524c: "DlgHeight" (9 chars)
[SCAN] 0x157525c: "CommonTip_GetTitleTextData" (26 chars)
[SCAN] 0x1575284: "CommonTip_GetTipTextData" (24 chars)
[SCAN] 0x15752a0: "CommonTip_GetBtnData" (20 chars)
[SCAN] 0x15752b8: "Anisction" (9 chars)
[SCAN] 0x15752c4: "BGSection" (9 chars)
[SCAN] 0x15752d0: "MaskColor" (9 chars)
[SCAN] 0x15752dc: "CDlgCurDaoistWords" (18 chars)
[SCAN] 0x15752f0: "DaoistWords_GetUnlockLev" (24 chars)
[SCAN] 0x1575390: "5xdaoqi_citiao%d" (16 chars)
[SCAN] 0x15753a4: "DaoistWords_GetWordsTypeName" (28 chars)
[SCAN] 0x15753c4: "DaoistWords_GetWordsTitle" (25 chars)
[SCAN] 0x15753e0: "EmptySmall2" (11 chars)
[SCAN] 0x15753f4: "TipsOffsetX" (11 chars)
[SCAN] 0x1575400: "TipsOffsetY" (11 chars)
[SCAN] 0x157540c: "WordsRate" (9 chars)
[SCAN] 0x1575418: "ChangeBtnEff" (12 chars)
[SCAN] 0x1575428: "CurWordsAdd" (11 chars)
[SCAN] 0x1575468: "FirtsWords" (10 chars)
[SCAN] 0x1575544: "CDlgEnemyInvadeOpponent" (23 chars)
[SCAN] 0x1575624: "CDlgEquipResetOwner" (19 chars)
[SCAN] 0x1575820: "GodRef_cxrz" (11 chars)
[SCAN] 0x157582c: "Sound/GodRef_cxrz.wav" (21 chars)
[SCAN] 0x1575a98: "Factionbpzbz_VictoryIco" (23 chars)
[SCAN] 0x1575ab0: "Factionbpzbz_DrawIco" (20 chars)
[SCAN] 0x1575ac8: "Factionbpzbz_DefeatedIco" (24 chars)
[SCAN] 0x1575ae4: "Factionbpzbz_ByeIco" (19 chars)
[SCAN] 0x1575c50: "Factionbpzbz_SponsorshipBtn" (27 chars)
[SCAN] 0x1575c6c: "Factionbpzbz_SponsorshipIco" (27 chars)
[SCAN] 0x1575c88: "Factionbpzbz_SeeBtn" (19 chars)
[SCAN] 0x1575c9c: "Factionbpzbz_PrizeBtn" (21 chars)
[SCAN] 0x1575cb4: "Factionbpzbz_CoutDownPic" (24 chars)
[SCAN] 0x1575d1c: "Factionbpzbz_PlayDownWaitPic" (28 chars)
[SCAN] 0x1575d94: "pszName1" (8 chars)
[SCAN] 0x1575da0: "pszName2" (8 chars)
[SCAN] 0x1575e18: "CDlgFamilyRaceResult" (20 chars)
[SCAN] 0x1575e68: "CountDownTimeLen" (16 chars)
[SCAN] 0x1575e7c: "WinImage" (8 chars)
[SCAN] 0x1575e88: "LoseImage" (9 chars)
[SCAN] 0x1575e94: "CountDownTxt" (12 chars)
[SCAN] 0x1575f3c: "CDlgGiftRequirement" (19 chars)
[SCAN] 0x15760d8: "Face_GetLogSaveTime" (19 chars)
[SCAN] 0x1576278: "Face_GetRefuseBtnClickCD" (24 chars)
[SCAN] 0x15762fc: "CDlgGuildGeneralHall" (20 chars)
[SCAN] 0x1576334: "CDlgHundredWeaponsTips" (22 chars)
[SCAN] 0x15763ec: "100Weapons_ZHNum%d" (18 chars)
[SCAN] 0x1576400: "ScoreUpY" (8 chars)
[SCAN] 0x157640c: "DlgHundredWeaponsTips" (21 chars)
[SCAN] 0x15766f0: "HundredWeapons_GetNextEffLevScore" (33 chars)
[SCAN] 0x15767a4: "100Weapons_%u" (13 chars)
[SCAN] 0x1576838: "CDlgLeagueManifesto" (19 chars)
[SCAN] 0x15768b8: "ini/LuckDraw.lua" (16 chars)
[SCAN] 0x15768d4: "LuckDraw_GetLuckDrawData" (24 chars)
[SCAN] 0x1576908: "LuckDraw_GetEffectPos" (21 chars)
[SCAN] 0x1576988: "GoodManners_Num" (15 chars)
[SCAN] 0x1576d98: "Button343" (9 chars)
[SCAN] 0x1576da4: "Button341" (9 chars)
[SCAN] 0x1576db0: "e:\cqclient\gzsu2kc5\0\cqclient\cqclient\myshell\dlgmpcbooth.cpp" (64 chars)
[SCAN] 0x1576df4: "g_objPickUpMgr.IsPickUpFromDlg(DLG_MPCGOODS)" (44 chars)
[SCAN] 0x1576e24: "CDlgNewLotteryRankReview" (24 chars)
[SCAN] 0x1576e78: "ini/NewLottery.lua" (18 chars)
[SCAN] 0x1576e8c: "NewLottery_GetRankRewardRivew" (29 chars)
[SCAN] 0x1576f00: "CDlgNinjaSkillMain" (18 chars)
[SCAN] 0x1576f14: "GuideEffect" (11 chars)
[SCAN] 0x1577000: "RenFaSteX" (9 chars)
[SCAN] 0x157700c: "NinjaSkill_GetAptitudeData" (26 chars)
[SCAN] 0x1577070: "RenFaAni" (8 chars)
[SCAN] 0x157707c: "ImmortalEff" (11 chars)
[SCAN] 0x1577088: "RFT_anxz%d" (10 chars)
[SCAN] 0x1577094: "RFT_wkhd" (8 chars)
[SCAN] 0x15770a0: "ImmortalEffX" (12 chars)
[SCAN] 0x15770b0: "ImmortalEffY" (12 chars)
[SCAN] 0x1577150: "CDlgOSShop" (10 chars)
[SCAN] 0x15771b4: "e:\cqclient\gzsu2kc5\0\cqclient\cqclient\myshell\dlgosshop.cpp" (62 chars)
[SCAN] 0x15771fd: "sscanf(strTemp.c_str()," (23 chars)
[SCAN] 0x1577224: "&m_vecItem[0].idItemType," (25 chars)
[SCAN] 0x157723e: "&m_vecItem[0].nCost," (20 chars)
[SCAN] 0x1577253: "&m_vecItem[1].idItemType," (25 chars)
[SCAN] 0x157726d: "&m_vecItem[1].nCost)" (20 chars)
[SCAN] 0x157758c: "CDlgPirateLotteryTen" (20 chars)
[SCAN] 0x15775f8: "KuangSpeed" (10 chars)
[SCAN] 0x1577604: "PirateLottery_GetPirateLotteryAnimationInfo" (43 chars)
[SCAN] 0x1577630: "ItemSpeed" (9 chars)
[SCAN] 0x15777e0: "CDlgRecoverExchange" (19 chars)
[SCAN] 0x15778c8: "EmoneySaleShop_GetShopItemInfo" (30 chars)
[SCAN] 0x15779f4: "ini/EmoneySaleShop" (18 chars)
[SCAN] 0x1577af0: "CDlgRuneBagRank" (15 chars)
[SCAN] 0x1577be8: "NewSqu_PlayerListBG" (19 chars)
[SCAN] 0x1577c50: "Task_DownSBtn" (13 chars)
[SCAN] 0x1577c60: "Task_UpSBtn" (11 chars)
[SCAN] 0x1577c6c: "Task_DragSBtn" (13 chars)
[SCAN] 0x1577c7c: "CDlgSoldierServantAwakeRule" (27 chars)
[SCAN] 0x1577cfc: "AwakeTipBgColor" (15 chars)
[SCAN] 0x1577d0c: "ini/SynOffcialAdjustment.lua" (28 chars)
[SCAN] 0x1577d2c: "rankType" (8 chars)
[SCAN] 0x1577d38: "SynOffcialAdjustment_GetRankInfo" (32 chars)
[SCAN] 0x1577d5c: "rankName" (8 chars)
[SCAN] 0x157807c: "CDlgTexasMFunTopRight" (21 chars)
[SCAN] 0x15780cc: "CDlgTradeEditID" (15 chars)
[SCAN] 0x15781a4: "CDlgUpgrade2Nonsuch" (19 chars)
[SCAN] 0x15782e0: "m_idVice" (8 chars)
[SCAN] 0x15782ec: "m_pPreviewItem" (14 chars)
[SCAN] 0x1578854: "idMainItemType" (14 chars)
[SCAN] 0x1578868: "!s_strSuc.empty()" (17 chars)
[SCAN] 0x1578b94: "m_idVice" (8 chars)
[SCAN] 0x1578be8: "CDlgWarFlagResultTip" (20 chars)
[SCAN] 0x1578c50: "Faction_VictoryBG" (17 chars)
[SCAN] 0x1578c64: "Faction_DefeatBG" (16 chars)
[SCAN] 0x1578d0c: "WarFlag_GetAchieventData" (24 chars)
[SCAN] 0x1578d70: "CDlgXuanBaoResolve" (18 chars)
[SCAN] 0x157908c: "StrTipInfo" (10 chars)
[SCAN] 0x1579098: "LineHeight" (10 chars)
[SCAN] 0x15790a4: "RemoveEmptyLine" (15 chars)
[SCAN] 0x15790b4: "ClearTimerInterval" (18 chars)
[SCAN] 0x15790c8: "ShowFormat" (10 chars)
[SCAN] 0x1579284: "e:\cqclient\gzsu2kc5\0\cqclient\cqclient\myshell\pickupmgr.cpp" (62 chars)
[SCAN] 0x15792c4: "pProcess" (8 chars)
[SCAN] 0x15792dc: "HundredWeapon%d" (15 chars)
[SCAN] 0x15793b8: "ldr_3deffect" (12 chars)
[SCAN] 0x15793f4: "e:\cqclient\gzsu2kc5\0\cqclient\cqclient\extend\myitem.cpp" (58 chars)
[SCAN] 0x157951c: "wupintubiao_jldj_lv1" (20 chars)
[SCAN] 0x1579534: "wupintubiao_jldj_lv2" (20 chars)
[SCAN] 0x157954c: "wupintubiao_jldj_lv3" (20 chars)
[SCAN] 0x1579564: "wupintubiao_jldj_lv4" (20 chars)
[SCAN] 0x157957c: "wupintubiao_jldj_lv5" (20 chars)
[SCAN] 0x1579594: "wupintubiao_jldj_lv6" (20 chars)
[SCAN] 0x1579638: "CDlgDragonCityWarEventInfo" (26 chars)
[SCAN] 0x15798c0: "DragonCityEventMoveToRebornTime" (31 chars)
[SCAN] 0x15799b8: "DragonCityEventMvpAward" (23 chars)
[SCAN] 0x1579b4c: "DragonCityEventHDWLTime" (23 chars)
[SCAN] 0x1579ba0: "lcz_sj12" (8 chars)
[SCAN] 0x1579fc8: "DragonCityEventZQZBSubmitAward" (30 chars)
[SCAN] 0x1579fe8: "lcz_sj13" (8 chars)
[SCAN] 0x157a08c: "DragonCityEventZQZBSubmitTime" (29 chars)
[SCAN] 0x157a694: "CDlgPrimordialSpiritWorld" (25 chars)
[SCAN] 0x157a6b0: "main_yuanshen_6xl1" (18 chars)
[SCAN] 0x157a720: "yuanshen_bg50" (13 chars)
[SCAN] 0x157a730: "com_yuanshen_6xl1_panel" (23 chars)
[SCAN] 0x157a798: "com_yuanshen_6xl1_%d" (20 chars)
[SCAN] 0x157a800: "com_yuanshen_6xl1_yszh" (22 chars)
[SCAN] 0x157af10: "txt_shengyvtime2" (16 chars)
[SCAN] 0x157b0dc: "CDlgFriendRoomNewTexas" (22 chars)
[SCAN] 0x157b4bc: "CDlgWarriorMonkAwakenQuickPurchase" (34 chars)
[SCAN] 0x157b8ec: "CDlgOSSynWarRules" (17 chars)
[SCAN] 0x157c0a8: "CDlgPerfectActivityNew" (22 chars)
[SCAN] 0x157c294: "CDlgBindEmail" (13 chars)
[SCAN] 0x157c304: "BindEmailWebId" (14 chars)
[SCAN] 0x157c6dc: "CDlgSwordsmanAwakenUpgradeSuc" (29 chars)
[SCAN] 0x157cb74: "ani/ItemMinIcon.Ani" (19 chars)
[SCAN] 0x157cb8c: "ini/LotteryEffect.ini" (21 chars)
[SCAN] 0x157cba4: "dragontop10" (11 chars)
[SCAN] 0x157cbb0: "dragontop11" (11 chars)
[SCAN] 0x157cbbc: "CoatStor_on" (11 chars)
[SCAN] 0x157cbc8: "Xinshop_WZ5" (11 chars)
[SCAN] 0x157cbd4: "Xinshop_WZ6" (11 chars)
[SCAN] 0x157cc44: "UserCount" (9 chars)
[SCAN] 0x157d108: "Land_AlarmLBG" (13 chars)
[SCAN] 0x157d118: "Land_AlarmDBG" (13 chars)
[SCAN] 0x157d128: "Land_AlarmIco" (13 chars)
[SCAN] 0x157d3cc: "CDlgAuctionAskMine" (18 chars)
[SCAN] 0x157d8a4: "CDlgClimbDragonHill" (19 chars)
[SCAN] 0x157d998: "ClimbDragonHill_GetLabCount" (27 chars)
[SCAN] 0x157d9b4: "ClimbDragonHill_GetTipTime" (26 chars)
[SCAN] 0x157d9d0: "showTime" (8 chars)
[SCAN] 0x157d9dc: "ShowDelayTime" (13 chars)
[SCAN] 0x157d9ec: "ClimbDragonHill_GetBattleInfo" (29 chars)
[SCAN] 0x157da0c: "DelayTime" (9 chars)
[SCAN] 0x157da18: "DragonTop_BG6" (13 chars)
[SCAN] 0x157da2c: "ClimbDragonHill_GetBetInfo" (26 chars)
[SCAN] 0x157da48: "ClimbDragonHill_GetLabTip" (25 chars)
[SCAN] 0x157da64: "ClimbDragonHill_GetLabTipAdapt" (30 chars)
[SCAN] 0x157da98: "dragontop2" (10 chars)
[SCAN] 0x157db80: "DragonTop_LV%d" (14 chars)
[SCAN] 0x157db90: "moneyIcon" (9 chars)
[SCAN] 0x157db9c: "ClimbDragonHill_GetAwardInfo" (28 chars)
[SCAN] 0x157dbbc: "dragontop4" (10 chars)
[SCAN] 0x157dd30: "ClimbDragonHill_GetBattleEff" (28 chars)
[SCAN] 0x157dde8: "professionalName" (16 chars)
[SCAN] 0x157ddfc: "ClimbDragonHill_GetRoleInfoByPro" (32 chars)
[SCAN] 0x157de20: "LookFace" (8 chars)
[SCAN] 0x157de2c: "Profession" (10 chars)
[SCAN] 0x157de48: "WeaponLCoat" (11 chars)
[SCAN] 0x157de54: "WeaponRCoat" (11 chars)
[SCAN] 0x157de60: "OverCoat" (8 chars)
[SCAN] 0x157e4a4: "DevilsNight_GetAwardItemIcon" (28 chars)
[SCAN] 0x1583548: "EmoneySaleShop_GetVipShopInfo" (29 chars)
[SCAN] 0x1583568: "VIPshop_WZ10" (12 chars)
[SCAN] 0x1583578: "Xinshop_WZtssd" (14 chars)
[SCAN] 0x158375c: "Xinshop_Pic8" (12 chars)
[SCAN] 0x1583c04: "EmoneySaleShop_GetCurEmoneySaleShopType" (39 chars)
[SCAN] 0x1583d1c: "CDlgExpRecoverBtn" (17 chars)
[SCAN] 0x1583d9c: "CDlgFamilyChallenge" (19 chars)
[SCAN] 0x1584070: "e:\cqclient\gzsu2kc5\0\cqclient\cqclient\myshell\dlgfrdstate.cpp" (64 chars)
[SCAN] 0x158413c: "CDlgGetItem" (11 chars)
[SCAN] 0x15841b0: "e:\cqclient\gzsu2kc5\0\cqclient\cqclient\myshell\dlggetitem.cpp" (63 chars)
[SCAN] 0x15841f0: "CDlgGoldenLeagueShopPlusCart" (28 chars)
[SCAN] 0x1584698: "m_pImgRecommend[nID]" (20 chars)
[SCAN] 0x15846b0: "CDlgJabaliAttrActive" (20 chars)
[SCAN] 0x1584718: "Jabali_activation" (17 chars)
[SCAN] 0x158477c: "nJabaliClass" (12 chars)
[SCAN] 0x158478c: "nMaxJabaliClass" (15 chars)
[SCAN] 0x1584988: "CoatStor_StarBott2Pic" (21 chars)
[SCAN] 0x1584af8: "CDlgNewTexasHall" (16 chars)
[SCAN] 0x1584ca4: "xdating_d%dBG" (13 chars)
[SCAN] 0x1584cb4: "xinzhuogai_Btn%d" (16 chars)
[SCAN] 0x1584cc8: "xinzhuogai_Btn41" (16 chars)
[SCAN] 0x1584e74: "xdhudong_hotPic" (15 chars)
[SCAN] 0x1584e90: "xinzhuogai_rukxzPic" (19 chars)
[SCAN] 0x1585108: "Sound/DlgClose.wav" (18 chars)
[SCAN] 0x15851a8: "e:\cqclient\gzsu2kc5\0\cqclient\cqclient\myshell\dlgnpcequip.cpp" (64 chars)
[SCAN] 0x1585274: "pPlayerDummy" (12 chars)
[SCAN] 0x158533c: "Wrap_UneffPic" (13 chars)
[SCAN] 0x1585434: "ini/Jabali.lua" (14 chars)
[SCAN] 0x1585444: "Fuwens_ZbfuwenPic" (17 chars)
[SCAN] 0x1585458: "RuneBtnAni" (10 chars)
[SCAN] 0x1585464: "Jabali_GetJabaliLookFace" (24 chars)
[SCAN] 0x1585480: "BattleAni" (9 chars)
[SCAN] 0x158548c: "BattleOffX" (10 chars)
[SCAN] 0x1585498: "BattleOffY" (10 chars)
[SCAN] 0x15854a4: "PlayerEffect" (12 chars)
[SCAN] 0x1585500: "CountK%c" (8 chars)
[SCAN] 0x1585564: "Spirit_GetQLEffectMinLev" (24 chars)
[SCAN] 0x1585580: "Aspirit_hslj" (12 chars)
[SCAN] 0x1585590: "Spirit_GetEffectByQLTotalLevel" (30 chars)
[SCAN] 0x15855b0: "Aspirit_PrincePic" (17 chars)
[SCAN] 0x15855c4: "Aspirit_tx" (10 chars)
[SCAN] 0x15855d0: "ProUpgradeTitle_ProfessionToName" (32 chars)
[SCAN] 0x15855f4: "SoldierServant_GetNeedShowAwake" (31 chars)
[SCAN] 0x1585680: "SoldierServant_GetOtherAwakeDlgInfo" (35 chars)
[SCAN] 0x15856bc: "CDlgOwnKongfuRank" (17 chars)
[SCAN] 0x1585888: "info.ucPlace" (12 chars)
[SCAN] 0x158589d: "info.ucPlace" (12 chars)
[SCAN] 0x15858b4: "info.dwPower" (12 chars)
[SCAN] 0x15858c8: "CDlgPokerContacts" (17 chars)
[SCAN] 0x1585a34: "Pokefriend_FangkBG" (18 chars)
[SCAN] 0x1585a7c: "mttyouhua_btn2" (14 chars)
[SCAN] 0x1585a8c: "Pokefriend_KtouPic" (18 chars)
[SCAN] 0x1585aa0: "Pokefriend_Triangle1Pic" (23 chars)
[SCAN] 0x1585b44: "pVecFriend" (10 chars)
[SCAN] 0x1585b50: "xdfriend_btn1" (13 chars)
[SCAN] 0x1585b60: "Pokefriend_DelBtn" (17 chars)
[SCAN] 0x1585b74: "Pokefriend_Ptrade1Btn" (21 chars)
[SCAN] 0x1585bc8: "Pokefriend_SiliaoBtn" (20 chars)
[SCAN] 0x1585c18: "Pokefriend_Triangle2Pic" (23 chars)
[SCAN] 0x1585eb8: "CDlgRaiderPlayerList" (20 chars)
[SCAN] 0x15860b8: "ani/MiniMap.ani" (15 chars)
[SCAN] 0x1586288: "CDlgScreenChatShortcut" (22 chars)
[SCAN] 0x15862f0: "CDlgSlot5X3Menu" (15 chars)
[SCAN] 0x1586428: "ini/Slot.lua" (12 chars)
[SCAN] 0x1586438: "GameMachinesNew_BG5" (19 chars)
[SCAN] 0x158644c: "Slot_Get5X3MenuBig" (18 chars)
[SCAN] 0x1586468: "Slot_Get5X3MenuSmall" (20 chars)
[SCAN] 0x1586510: "Slot_Get5X3MenuDetail" (21 chars)
[SCAN] 0x1586528: "Slot_Get5X3MenuBigPos" (21 chars)
[SCAN] 0x1586540: "Slot_Get5X3MenuSmallPos" (23 chars)
[SCAN] 0x1586558: "Slot_Get5X3MenuToTopPos" (23 chars)
[SCAN] 0x1586570: "JackpotGivePrizeWDay" (20 chars)
[SCAN] 0x1586588: "JackpotGivePrizeHour" (20 chars)
[SCAN] 0x15865a0: "GameMachinesNew_BG4" (19 chars)
[SCAN] 0x15865b4: "newlaohu45" (10 chars)
[SCAN] 0x15866e0: "WoYaoQiang_WZtj" (15 chars)
[SCAN] 0x15866f0: "StrengthDevelop_GetRateAni" (26 chars)
[SCAN] 0x158670c: "WoYaoQiang_JDTgreen" (19 chars)
[SCAN] 0x1586720: "WoYaoQiang_JDTred" (17 chars)
[SCAN] 0x1586734: "WoYaoQiang_JDTyellow" (20 chars)
[SCAN] 0x158674c: "WoYaoQiang_HuangJT" (18 chars)
[SCAN] 0x1586928: "CDlgTaskRankAward" (17 chars)
[SCAN] 0x1586974: "TaskRank_GetRankAwardIDD" (24 chars)
[SCAN] 0x15869f4: "TaskRank_GetRankAward" (21 chars)
[SCAN] 0x1586a0c: "TaskRank_GetRankAwardAmount" (27 chars)
[SCAN] 0x1586b6c: "CDlgTurnoverLotteryConfirm" (26 chars)
[SCAN] 0x1586c34: "CDlgVigorShop" (13 chars)
[SCAN] 0x1586df4: "ItemAmount" (10 chars)
[SCAN] 0x1586e00: "Vigor_GetShop" (13 chars)
[SCAN] 0x1586ec8: "CDlgWrapAttributesReview" (24 chars)
[SCAN] 0x1586f50: "CoatData_GetEnvShowS" (20 chars)
[SCAN] 0x158703c: "NpcType%d_%d" (12 chars)
[SCAN] 0x1587050: "!m_vecGiftTypeApplyShow.empty()" (31 chars)
[SCAN] 0x158707c: "static_cast<int>(m_vecGiftTypeApplyShow.size())" (47 chars)
[SCAN] 0x15870ac: "dwRollTimePassed" (16 chars)
[SCAN] 0x15870c0: "dwRollTimeLasting" (17 chars)
[SCAN] 0x15870f0: "CMyImage::Lua_EnableWindow" (26 chars)
[SCAN] 0x158710c: "CMyImage::Lua_GetClientRect" (27 chars)
[SCAN] 0x1587128: "CMyImage::Lua_GetAlpha" (22 chars)
[SCAN] 0x1587140: "CMyImage::Lua_GetInitClientRect" (31 chars)
[SCAN] 0x1587160: "CMyImage::Lua_IsEnable" (22 chars)
[SCAN] 0x1587178: "CMyImage::Lua_IsVisible" (23 chars)
[SCAN] 0x1587190: "CMyImage::Lua_MoveWindow" (24 chars)
[SCAN] 0x15871ac: "CMyImage::Lua_RegisterEvent" (27 chars)
[SCAN] 0x15871c8: "CMyImage::Lua_SetAlpha" (22 chars)
[SCAN] 0x15871e0: "CMyImage::Lua_ShowWindow" (24 chars)
[SCAN] 0x1587200: "e:\cqclient\gzsu2kc5\0\cqclient\cqclient\myshell\myimage_lua.cpp" (64 chars)
[SCAN] 0x1587244: "CMyImage::Lua_SetItemInfo" (25 chars)
[SCAN] 0x1587260: "CMyImage::Lua_SetAnisection" (27 chars)
[SCAN] 0x158727c: "CMyImage::Lua_SetBgAni" (22 chars)
[SCAN] 0x1587294: "CMyImage::Lua_SetFgImg" (22 chars)
[SCAN] 0x15872ac: "CMyImage::Lua_SetFace" (21 chars)
[SCAN] 0x15872c4: "CMyImage::Lua_SetTip" (20 chars)
[SCAN] 0x15872dc: "CMyImage::Lua_SetActType" (24 chars)
[SCAN] 0x15872f8: "CMyImage::Lua_Init" (18 chars)
[SCAN] 0x158730c: "CMyImage::Lua_SetNumOffset" (26 chars)
[SCAN] 0x1587328: "CMyImage::Lua_RemoveFgEffect" (28 chars)
[SCAN] 0x1587348: "CMyImage::Lua_SetFgEffect" (25 chars)
[SCAN] 0x1587364: "CMyImage::Lua_SetFgEffectOffset" (31 chars)
[SCAN] 0x1587384: "CMyImage::Lua_SetAnchorRotate" (29 chars)
[SCAN] 0x15873a4: "CMyImage::Lua_SetActOffset" (26 chars)
[SCAN] 0x15873c0: "CMyImage::Lua_SetMagicAni" (25 chars)
[SCAN] 0x15874a0: "CDlgNewTexasMTTTip" (18 chars)
[SCAN] 0x1587640: "CDlgCampsConfrontationTeam" (26 chars)
[SCAN] 0x1587814: "CJZYZ_Team_WZ7" (14 chars)
[SCAN] 0x1587824: "CJZYZ_Team_WZ6" (14 chars)
[SCAN] 0x1587960: "CJZYZ_Team_BG4" (14 chars)
[SCAN] 0x1587970: "CJZYZ_Team_BG15" (15 chars)
[SCAN] 0x1587980: "btnInvite" (9 chars)
[SCAN] 0x158798c: "btnQuery" (8 chars)
[SCAN] 0x1587998: "btnLeader" (9 chars)
[SCAN] 0x15879a4: "btnKickOut" (10 chars)
[SCAN] 0x15879b8: "btnApply" (8 chars)
[SCAN] 0x1587a18: "CJZYZ_Team_YQ" (13 chars)
[SCAN] 0x1587a28: "CJZYZ_Team_Btn6" (15 chars)
[SCAN] 0x1587a88: "CJZYZ_Team_DD" (13 chars)
[SCAN] 0x1587b38: "CampsConfrontation_GetCampsDlgRoleProImgAni" (43 chars)
[SCAN] 0x1587b64: "CJZYZ_Team_WZ2" (14 chars)
[SCAN] 0x1587bfc: "CJZYZ_Team_Btn15" (16 chars)
[SCAN] 0x1587c74: "CJZYZ_Team_Btn8" (15 chars)
[SCAN] 0x1587c84: "CJZYZ_Team_Btn3" (15 chars)
[SCAN] 0x1587c94: "CJZYZ_Team_Btn5" (15 chars)
[SCAN] 0x1587e1c: "ImgApply" (8 chars)
[SCAN] 0x1587e28: "Faction_NBWZysq" (15 chars)
[SCAN] 0x1587eac: "e:\cqclient\gzsu2kc5\0\cqclient\cqclient\myshell\videoplay.cpp" (62 chars)
[SCAN] 0x1587eec: "s_pMyBitmap" (11 chars)
[SCAN] 0x1587ef8: "\C3Video.dll" (12 chars)
[SCAN] 0x1587f2c: "C3VideoInstance" (15 chars)
[SCAN] 0x1587f3c: "C3VideoInstanceDestroy" (22 chars)
[SCAN] 0x158831c: "CDlgPrimordialSpiritBuy" (23 chars)
[SCAN] 0x1588334: "main_yuanshen_tyts2" (19 chars)
[SCAN] 0x1588944: "CDlgGlobalPointLastSeason" (25 chars)
[SCAN] 0x1588960: "jifenjinji_bg2" (14 chars)
[SCAN] 0x15889a0: "img_duanwei2" (12 chars)
[SCAN] 0x1589068: "CDlgNewShop" (11 chars)
[SCAN] 0x1589778: "CDlgRoleSimplifyRecommend" (25 chars)
[SCAN] 0x1589bcc: "CDlgTravelRanking" (17 chars)
[SCAN] 0x158a140: "ani/ItemMinIcon.Ani" (19 chars)
[SCAN] 0x158a1a0: "renwuliebiao_pic5" (17 chars)
[SCAN] 0x158a1b4: "renwuliebiao_pic2" (17 chars)
[SCAN] 0x158a1c8: "renwuliebiao_pic4" (17 chars)
[SCAN] 0x158a1dc: "renwuliebiao_pic1" (17 chars)
[SCAN] 0x158a1f0: "renwuliebiao_pic3" (17 chars)
[SCAN] 0x1590764: "CDlgAuctionAskSelect" (20 chars)
[SCAN] 0x15907d0: "Auction_IsShowInAuctionAskSelect" (32 chars)
[SCAN] 0x15907f4: "CDlgClimbDragonHillAward" (24 chars)
[SCAN] 0x1590848: "DragonTop_WinBG" (15 chars)
[SCAN] 0x159089c: "DragonTop_LoseBG" (16 chars)
[SCAN] 0x1590b00: "m_pimgIcon" (10 chars)
[SCAN] 0x1590b0c: "m_pbtnBuy" (9 chars)
[SCAN] 0x1590b18: "m_pstaEmoneyPrice" (17 chars)
[SCAN] 0x1590b2c: "m_pstaDesc" (10 chars)
[SCAN] 0x1590b38: "m_pstaName" (10 chars)
[SCAN] 0x1590bd8: "CDlgCrossEmoneyShop" (19 chars)
[SCAN] 0x1590ca0: "PageFirst" (9 chars)
[SCAN] 0x1590cac: "CrossEmoneyShop_GetPageInfo" (27 chars)
[SCAN] 0x1590cc8: "PageLast" (8 chars)
[SCAN] 0x1590cdc: "PageDown" (8 chars)
[SCAN] 0x1590ce8: "ini/CrossEmoneyShop.lua" (23 chars)
[SCAN] 0x1590d04: "Effect%d" (8 chars)
[SCAN] 0x1590d10: "EmoneyPrice%d" (13 chars)
[SCAN] 0x1590d28: "CDlgDevilsNightBoard" (20 chars)
[SCAN] 0x1590dd8: "DevilsNight_GetEffectInfo" (25 chars)
[SCAN] 0x1590f10: "DevilsNight_GetBoxInfo" (22 chars)
[SCAN] 0x1590f28: "DevilsNight_GetRandomNum" (24 chars)
[SCAN] 0x1590f50: "AllNightGhosts_TimeEnd" (22 chars)
[SCAN] 0x1591020: "DevilsNight_GetBeanInfo" (23 chars)
[SCAN] 0x1591038: "DevilsNight_GetGroupInfo" (24 chars)
[SCAN] 0x1591054: "AllNightGhosts_BeanEnd" (22 chars)
[SCAN] 0x159106c: "SellType" (8 chars)
[SCAN] 0x1591078: "SellPrice" (9 chars)
[SCAN] 0x1591084: "SellBulletList" (14 chars)
[SCAN] 0x15911e0: "DevilsNight_GetMouseCursor" (26 chars)
[SCAN] 0x15911fc: "DevilsNight_GetBeanFlyEffect" (28 chars)
[SCAN] 0x159134c: "DevilsNight_GetHeroInfo" (23 chars)
[SCAN] 0x159136c: "DevilsNight_GetBeanAtkEffect" (28 chars)
[SCAN] 0x159138c: "DevilsNight_GetCountEffect" (26 chars)
[SCAN] 0x15913a8: "CDlgEmoneySaleShopBuy" (21 chars)
[SCAN] 0x15917c8: "vecItemPtr[i]" (13 chars)
[SCAN] 0x1591814: "CDlgExpRecoverConfirm" (21 chars)
[SCAN] 0x1591d7c: "CDlgFreezingDepot" (17 chars)
[SCAN] 0x1591e8c: "CDlgGetItemTips" (15 chars)
[SCAN] 0x1591f34: "CDlgGouyuHandbook" (17 chars)
[SCAN] 0x1592cec: "CDlgJabaliFrame" (15 chars)
[SCAN] 0x1592dac: "Jabali_Num%dPic" (15 chars)
[SCAN] 0x1592dbc: "ModelAni" (8 chars)
[SCAN] 0x1592dd0: "Jabali_MutationSuc" (18 chars)
[SCAN] 0x1592de4: "Jabali_Illusionbtn" (18 chars)
[SCAN] 0x1592df8: "m_pIRoleViewJabali" (18 chars)
[SCAN] 0x1592e14: "Jabali_GetJabaliLookFaceMount" (29 chars)
[SCAN] 0x1592e3c: "LookScale" (9 chars)
[SCAN] 0x1592e48: "LookRotateX" (11 chars)
[SCAN] 0x1592e54: "LookRotateZ" (11 chars)
[SCAN] 0x1592e98: "e:\cqclient\gzsu2kc5\0\cqclient\cqclient\myshell\dlglistbox.cpp" (63 chars)
[SCAN] 0x1592ed8: "pMsgReceiverWnd" (15 chars)
[SCAN] 0x1592f00: "static_cast<int>(m_vecList.size())" (34 chars)
[SCAN] 0x1592f5c: "CDlgNationalTreasuryInfo" (24 chars)
[SCAN] 0x15933b8: "xzhuonei_gui2Pic" (16 chars)
[SCAN] 0x15933cc: "xzhuonei_gui3Pic" (16 chars)
[SCAN] 0x15933e0: "xzhuonei_guiPic" (15 chars)
[SCAN] 0x15934c4: "CDlgOwnKongfuRename" (19 chars)
[SCAN] 0x15936b0: "CDlgPokerFriendEntrance" (23 chars)
[SCAN] 0x1593700: "Jabali_RedtipsPic" (17 chars)
[SCAN] 0x1593818: "CDlgRaiderPot" (13 chars)
[SCAN] 0x1593828: "AwardType" (9 chars)
[SCAN] 0x1593a98: "CDlgRoleSelect" (14 chars)
[SCAN] 0x1593b38: "_Default" (8 chars)
[SCAN] 0x1593b44: "ini/RoleSelect.lua" (18 chars)
[SCAN] 0x1593b58: "ViewSort" (8 chars)
[SCAN] 0x1593b64: "RoleSelect_GetInfo" (18 chars)
[SCAN] 0x1593b78: "ViewParam" (9 chars)
[SCAN] 0x1593b84: "ViewOffset" (10 chars)
[SCAN] 0x1593b90: "ViewImgType" (11 chars)
[SCAN] 0x1593eb8: "Role_Soleplate1Pic" (18 chars)
[SCAN] 0x1593ecc: "Role_Role1Pic" (13 chars)
[SCAN] 0x1593f30: "Role_Role2_2Pic" (15 chars)
[SCAN] 0x15940fc: "Cartoon_GetCartoonAmount" (24 chars)
[SCAN] 0x1594168: "ScreenChat_GetScreenChatTool" (28 chars)
[SCAN] 0x1594188: "ScreenChat_GetScreenChatToolNum" (31 chars)
[SCAN] 0x1594238: "DMskin_Kuang1" (13 chars)
[SCAN] 0x1594250: "DMskin_XuanZhongK" (17 chars)
[SCAN] 0x15942b0: "CDlgSlot5X3SubMenu" (18 chars)
[SCAN] 0x1594360: "SubMenuIcon" (11 chars)
[SCAN] 0x159436c: "SubMenuText" (11 chars)
[SCAN] 0x1594378: "SubMenuChipIcon" (15 chars)
[SCAN] 0x1594440: "Dialog15" (8 chars)
[SCAN] 0x159444c: "FitWork_UpGradeBG" (17 chars)
[SCAN] 0x1594460: "FitWork_YesBtn" (14 chars)
[SCAN] 0x1594470: "FitWork_NoBtn" (13 chars)
[SCAN] 0x1594480: "CDlgTaskRankUpBtn" (17 chars)
[SCAN] 0x15944dc: "TaskRank_GetShowIconInfo" (24 chars)
[SCAN] 0x1594500: "IconOffsetX" (11 chars)
[SCAN] 0x159451c: "IconEffect" (10 chars)
[SCAN] 0x1594530: "IconType" (8 chars)
[SCAN] 0x159453c: "TaskRank_GetIconInfo" (20 chars)
[SCAN] 0x1594554: "nMonoploy" (9 chars)
[SCAN] 0x15945d8: "IconScore" (9 chars)
[SCAN] 0x159478c: "e:\cqclient\gzsu2kc5\0\cqclient\cqclient\myshell\dlgvip.cpp" (59 chars)
[SCAN] 0x15948c4: "strTipInfo%d" (12 chars)
[SCAN] 0x15948d4: "strTipInfo" (10 chars)
[SCAN] 0x15948e0: "CDlgWrapAttributesTip" (21 chars)
[SCAN] 0x1594918: "CoatData_GetHideValue" (21 chars)
[SCAN] 0x1594aec: "Lua_RequireEncryptLua" (21 chars)
[SCAN] 0x1594b5c: "CMyWidget" (9 chars)
[SCAN] 0x1594b68: "CMyDialog" (9 chars)
[SCAN] 0x1594b7c: "AddShowCtrl" (11 chars)
[SCAN] 0x1594b88: "ClearShowCtrl" (13 chars)
[SCAN] 0x1594b98: "ClearCtrl" (9 chars)
[SCAN] 0x1594ba4: "ResetGUI" (8 chars)
[SCAN] 0x1594bb0: "SetAniSection" (13 chars)
[SCAN] 0x1594bc0: "SetBGShowType" (13 chars)
[SCAN] 0x1594bd0: "SetEscEnable" (12 chars)
[SCAN] 0x1594be0: "CMyButton" (9 chars)
[SCAN] 0x1594bec: "AddFgEffect" (11 chars)
[SCAN] 0x1594bf8: "EnableHover" (11 chars)
[SCAN] 0x1594c04: "GetCheckStatus" (14 chars)
[SCAN] 0x1594c14: "GetCurFrame" (11 chars)
[SCAN] 0x1594c20: "GetWindowText" (13 chars)
[SCAN] 0x1594c30: "LockFrame" (9 chars)
[SCAN] 0x1594c3c: "RemoveFgEffect" (14 chars)
[SCAN] 0x1594c4c: "SetCurFrame" (11 chars)
[SCAN] 0x1594c58: "SetFgEffectOffset" (17 chars)
[SCAN] 0x1594c6c: "SetFgImage" (10 chars)
[SCAN] 0x1594c78: "SetFgImageOffset" (16 chars)
[SCAN] 0x1594c8c: "SetFontColor" (12 chars)
[SCAN] 0x1594c9c: "SetFontSize" (11 chars)
[SCAN] 0x1594ca8: "SetImageOffset" (14 chars)
[SCAN] 0x1594cb8: "SetTextOffset" (13 chars)
[SCAN] 0x1594cd0: "SetWindowText" (13 chars)
[SCAN] 0x1594ce0: "CMyColorStatic" (14 chars)
[SCAN] 0x1594cf0: "GetTextSize" (11 chars)
[SCAN] 0x1594cfc: "SetLineHeight" (13 chars)
[SCAN] 0x1594d0c: "SetPosType" (10 chars)
[SCAN] 0x1594d18: "CMyImage" (8 chars)
[SCAN] 0x1594d24: "SetActOffset" (12 chars)
[SCAN] 0x1594d34: "SetAnchorRotate" (15 chars)
[SCAN] 0x1594d44: "SetItemInfo" (11 chars)
[SCAN] 0x1594d50: "SetBgAni" (8 chars)
[SCAN] 0x1594d5c: "SetFgAni" (8 chars)
[SCAN] 0x1594d70: "SetMagicAni" (11 chars)
[SCAN] 0x1594d7c: "SetNumOffset" (12 chars)
[SCAN] 0x1594d8c: "SetActType" (10 chars)
[SCAN] 0x1594d98: "CMyEditEx" (9 chars)
[SCAN] 0x1594da4: "SetNumOnly" (10 chars)
[SCAN] 0x1594db0: "SetDefaultFontColor" (19 chars)
[SCAN] 0x1594dc4: "SetDefaultText" (14 chars)
[SCAN] 0x1594dd4: "CMyPlayerWidget" (15 chars)
[SCAN] 0x1594de4: "SetModelVariable" (16 chars)
[SCAN] 0x1594df8: "CMyProgress" (11 chars)
[SCAN] 0x1594e04: "SetProgress" (11 chars)
[SCAN] 0x1594e10: "SetWidthAndHeight" (17 chars)
[SCAN] 0x1594e24: "SetShowMode" (11 chars)
[SCAN] 0x1594e30: "CMyRenderWidget" (15 chars)
[SCAN] 0x1594e40: "DelEffect" (9 chars)
[SCAN] 0x1594e54: "SetScale" (8 chars)
[SCAN] 0x1594e60: "COwnerImage" (11 chars)
[SCAN] 0x1594e6c: "SetAnisection" (13 chars)
[SCAN] 0x1594e7c: "COwnerStatic" (12 chars)
[SCAN] 0x1594e8c: "CMySlider" (9 chars)
[SCAN] 0x1594e98: "SetValue" (8 chars)
[SCAN] 0x1594ea4: "GetValue" (8 chars)
[SCAN] 0x1594eb8: "AddEffect" (9 chars)
[SCAN] 0x1594ec4: "AddBodyEffect" (13 chars)
[SCAN] 0x1594ed4: "AddPartEffect" (13 chars)
[SCAN] 0x1594ee4: "AddStatus" (9 chars)
[SCAN] 0x1594ef0: "ClrStatus" (9 chars)
[SCAN] 0x1594efc: "ClearPartEffect" (15 chars)
[SCAN] 0x1594f0c: "DoneCmdTo" (9 chars)
[SCAN] 0x1594f18: "EquipTitle" (10 chars)
[SCAN] 0x1594f24: "GetBattleLevel" (14 chars)
[SCAN] 0x1594f3c: "GetLevel" (8 chars)
[SCAN] 0x1594f50: "GetMetempsychosis" (17 chars)
[SCAN] 0x1594f74: "GetProfession" (13 chars)
[SCAN] 0x1594f8c: "GetVariable" (11 chars)
[SCAN] 0x1594fa0: "SetVariable" (11 chars)
[SCAN] 0x1594fb8: "SetAction" (9 chars)
[SCAN] 0x1594fc4: "SetArmet" (8 chars)
[SCAN] 0x1594fd0: "SetArmor" (8 chars)
[SCAN] 0x1594fdc: "SetBattleLev" (12 chars)
[SCAN] 0x1594fec: "SetCtrlMapView" (14 chars)
[SCAN] 0x1595024: "SetLWeapon" (10 chars)
[SCAN] 0x1595030: "SetMount" (8 chars)
[SCAN] 0x159504c: "SetRWeapon" (10 chars)
[SCAN] 0x1595058: "SetFrameInterval" (16 chars)
[SCAN] 0x159506c: "SetSayAni" (9 chars)
[SCAN] 0x1595080: "SetWingInfo" (11 chars)
[SCAN] 0x159508c: "SetZoomPercent" (14 chars)
[SCAN] 0x159509c: "UnEquipTitle" (12 chars)
[SCAN] 0x15950b4: "EnableWindow" (12 chars)
[SCAN] 0x15950c4: "GetInitClientRect" (17 chars)
[SCAN] 0x15950d8: "GetClientRect" (13 chars)
[SCAN] 0x15950e8: "IsEnable" (8 chars)
[SCAN] 0x15950f4: "IsVisible" (9 chars)
[SCAN] 0x1595100: "RegisterEvent" (13 chars)
[SCAN] 0x1595110: "SetAlpha" (8 chars)
[SCAN] 0x159511c: "GetAlpha" (8 chars)
[SCAN] 0x1595128: "ShowWindow" (10 chars)
[SCAN] 0x1595134: "CLuaUIMgr" (9 chars)
[SCAN] 0x1595140: "AddPlayer" (9 chars)
[SCAN] 0x159514c: "CallServerAction" (16 chars)
[SCAN] 0x1595160: "CallServerFution" (16 chars)
[SCAN] 0x1595174: "AddSimplePlayer" (15 chars)
[SCAN] 0x1595184: "CreateMyDialog" (14 chars)
[SCAN] 0x1595194: "HideDialog" (10 chars)
[SCAN] 0x15951a0: "GetCnRes" (8 chars)
[SCAN] 0x15951ac: "GetServerRes" (12 chars)
[SCAN] 0x15951bc: "GetGameVersion" (14 chars)
[SCAN] 0x15951cc: "GetItemInfo" (11 chars)
[SCAN] 0x15951e8: "PlaySound" (9 chars)
[SCAN] 0x15951f4: "StopSound" (9 chars)
[SCAN] 0x1595200: "StopAllSound" (12 chars)
[SCAN] 0x1595210: "PlayMusic" (9 chars)
[SCAN] 0x159521c: "StopMusic" (9 chars)
[SCAN] 0x1595228: "SetMusicVolume" (14 chars)
[SCAN] 0x1595238: "GetMusicVolume" (14 chars)
[SCAN] 0x1595248: "SetSoundVolume" (14 chars)
[SCAN] 0x1595258: "SetVolume" (9 chars)
[SCAN] 0x1595264: "QueryHero" (9 chars)
[SCAN] 0x1595270: "QueryHeroProperty" (17 chars)
[SCAN] 0x1595284: "ShowDialog" (10 chars)
[SCAN] 0x1595290: "ShowTipMsg" (10 chars)
[SCAN] 0x15952a4: "StringCodePage" (14 chars)
[SCAN] 0x15952b4: "GetCurrLanguage" (15 chars)
[SCAN] 0x15952c4: "GetLanguageID" (13 chars)
[SCAN] 0x15952d4: "SetOpenAudition" (15 chars)
[SCAN] 0x15952e4: "RotateScreenDirection" (21 chars)
[SCAN] 0x15952fc: "SetChangePortrait" (17 chars)
[SCAN] 0x1595310: "GetScreenSize" (13 chars)
[SCAN] 0x1595320: "CppAddMyButton" (14 chars)
[SCAN] 0x1595330: "CppAddMyColorStatic" (19 chars)
[SCAN] 0x1595344: "CppAddMyEditEx" (14 chars)
[SCAN] 0x1595354: "CppAddMyImage" (13 chars)
[SCAN] 0x1595364: "CppAddMyProgress" (16 chars)
[SCAN] 0x1595378: "CppAddMySlider" (14 chars)
[SCAN] 0x1595388: "CppAddOwnerImage" (16 chars)
[SCAN] 0x159539c: "CppAddOwnerStatic" (17 chars)
[SCAN] 0x15953b0: "CppAddUIEffectRender" (20 chars)
[SCAN] 0x15953c8: "CppAddUIPlayer" (14 chars)
[SCAN] 0x15953d8: "CppAddUIAniRender" (17 chars)
[SCAN] 0x15953ec: "AddAnimateTipMsg" (16 chars)
[SCAN] 0x1595418: "OpenSideWeb" (11 chars)
[SCAN] 0x159542c: "PostCmd4" (8 chars)
[SCAN] 0x1595438: "PostCmd6" (8 chars)
[SCAN] 0x1595444: "IsDeviceLost" (12 chars)
[SCAN] 0x1595454: "GetMoney" (8 chars)
[SCAN] 0x1595460: "GetEmoney" (9 chars)
[SCAN] 0x159546c: "GetItemAmount" (13 chars)
[SCAN] 0x159547c: "GetSavedMoney" (13 chars)
[SCAN] 0x159548c: "GetOrigID" (9 chars)
[SCAN] 0x1595498: "GetServerID" (11 chars)
[SCAN] 0x15954ac: "IsNeedPsw2CheckFirst" (20 chars)
[SCAN] 0x15954c4: "GetLookFace" (11 chars)
[SCAN] 0x15954d0: "GetFBLookface" (13 chars)
[SCAN] 0x15954e0: "GetLookFaceFrame" (16 chars)
[SCAN] 0x15954f4: "QueryPlayerInfo" (15 chars)
[SCAN] 0x1595504: "GetLastGameMsgData" (18 chars)
[SCAN] 0x1595518: "GetChatSkinByID" (15 chars)
[SCAN] 0x1595528: "SendChipToDealer" (16 chars)
[SCAN] 0x159553c: "GetMy3DEffectInfo" (17 chars)
[SCAN] 0x1595550: "PlaySystemSound" (15 chars)
[SCAN] 0x1595560: "GetDuiDuiPengGoal" (17 chars)
[SCAN] 0x1595574: "IsDuiDuiPengGoalRed" (19 chars)
[SCAN] 0x1595588: "GetDuiDuiPengGoalNum" (20 chars)
[SCAN] 0x15955a0: "IsDuiDuiPengOpen" (16 chars)
[SCAN] 0x15955b4: "QuerrGetDuiDuiPengGoalTaskReward" (32 chars)
[SCAN] 0x15955d8: "QuerrDuiDuiPengSchedule" (23 chars)
[SCAN] 0x15955f0: "GetDateOffset" (13 chars)
[SCAN] 0x1595600: "GetServerDate" (13 chars)
[SCAN] 0x1595610: "GetServerDateOffset" (19 chars)
[SCAN] 0x1595624: "GetServerDateOffsetWeek" (23 chars)
[SCAN] 0x159563c: "GetServerTime" (13 chars)
[SCAN] 0x159564c: "GetServerTimeOffset" (19 chars)
[SCAN] 0x1595660: "GetServerTimeOffsetWeek" (23 chars)
[SCAN] 0x1595678: "Value2StrUW" (11 chars)
[SCAN] 0x1595684: "Value2StrW" (10 chars)
[SCAN] 0x1595690: "Value2StrWKM" (12 chars)
[SCAN] 0x15956a0: "Value2StrWKMBEx" (15 chars)
[SCAN] 0x15956b0: "IsExistMotionRes" (16 chars)
[SCAN] 0x15956c4: "HeroConfigGetString" (19 chars)
[SCAN] 0x15956d8: "HeroConfigSetString" (19 chars)
[SCAN] 0x15956ec: "HeroConfigGetData" (17 chars)
[SCAN] 0x1595700: "HeroConfigSetData" (17 chars)
[SCAN] 0x1595714: "DispatchMyWindowEvent" (21 chars)
[SCAN] 0x159572c: "SetCurrencyBarRefreshWay" (24 chars)
[SCAN] 0x1595748: "UpdateNewTexasMttFreeCount" (26 chars)
[SCAN] 0x1595764: "IsPortraitScreen" (16 chars)
[SCAN] 0x1595778: "DoQuickPlayNew" (14 chars)
[SCAN] 0x1595788: "GetServerNameByServerID" (23 chars)
[SCAN] 0x15957a0: "SetMyWindowBackOf" (17 chars)
[SCAN] 0x15957b4: "ProcessServerRes" (16 chars)
[SCAN] 0x15957d0: "HasPcMail" (9 chars)
[SCAN] 0x15957dc: "GetWindowPos" (12 chars)
[SCAN] 0x15957ec: "CQOpenWebpage" (13 chars)
[SCAN] 0x15957fc: "WriteToPasteBoard" (17 chars)
[SCAN] 0x1595810: "PCHaizhanQuickPlay" (18 chars)
[SCAN] 0x1595824: "g_objLuaUIMgr" (13 chars)
[SCAN] 0x1595834: "CLuaUIMgr::Lua_CreateMyDialog" (29 chars)
[SCAN] 0x1595854: "CLuaUIMgr::Lua_ShowDialog" (25 chars)
[SCAN] 0x1595870: "CLuaUIMgr::Lua_HideDialog" (25 chars)
[SCAN] 0x159588c: "LuaUIMgr_ShowDialog" (19 chars)
[SCAN] 0x15958a0: "LuaUIMgr_HideDialog" (19 chars)
[SCAN] 0x15958b4: "CLuaUIMgr::Lua_ShowTipMsg" (25 chars)
[SCAN] 0x15958d0: "CLuaUIMgr::Lua_MsgTip" (21 chars)
[SCAN] 0x15958e8: "CLuaUIMgr::Lua_MsgBox" (21 chars)
[SCAN] 0x1595900: "e:\cqclient\gzsu2kc5\0\cqclient\cqclient\myshell\luauimgr.cpp" (61 chars)
[SCAN] 0x1595940: "CLuaUIMgr::Lua_AddMyButton" (26 chars)
[SCAN] 0x159595c: "CLuaUIMgr::Lua_AddMyColorStatic" (31 chars)
[SCAN] 0x1595984: "CLuaUIMgr::Lua_AddMyEditEx" (26 chars)
[SCAN] 0x15959a0: "CLuaUIMgr::Lua_AddMyImage" (25 chars)
[SCAN] 0x15959bc: "CLuaUIMgr::Lua_AddMySlider" (26 chars)
[SCAN] 0x15959d8: "pProgress" (9 chars)
[SCAN] 0x15959e4: "CLuaUIMgr::Lua_AddMyProgress" (28 chars)
[SCAN] 0x1595a04: "CLuaUIMgr::Lua_AddOwnerStatic" (29 chars)
[SCAN] 0x1595a24: "CLuaUIMgr::Lua_AddOwnerImage" (28 chars)
[SCAN] 0x1595a44: "CLuaUIMgr::Lua_AddUIEffectRender" (32 chars)
[SCAN] 0x1595a68: "CLuaUIMgr::Lua_AddUIPlayer" (26 chars)
[SCAN] 0x1595a84: "CLuaUIMgr::Lua_AddUIAniRender" (29 chars)
[SCAN] 0x1595aa4: "CLuaUIMgr::AddCtrl" (18 chars)
[SCAN] 0x1595ab8: "CLuaUIMgr::Lua_QueryHeroProperty" (32 chars)
[SCAN] 0x1595adc: "CLuaUIMgr::Lua_QueryHero" (24 chars)
[SCAN] 0x1595af8: "CLuaUIMgr::Lua_GetDuiDuiPengGoalNum" (35 chars)
[SCAN] 0x1595b1c: "CLuaUIMgr::Lua_QuerrDuiDuiPengSchedule" (38 chars)
[SCAN] 0x1595b44: "CLuaUIMgr::Lua_QuerrGetDuiDuiPengGoalTaskReward" (47 chars)
[SCAN] 0x1595b7c: "MinimapAreaPanel_GetPanelData" (29 chars)
[SCAN] 0x1595ba0: "CLuaUIMgr::Lua_IsDuiDuiPengOpen" (31 chars)
[SCAN] 0x1595bc0: "CLuaUIMgr::Lua_IsDuiDuiPengGoalRed" (34 chars)
[SCAN] 0x1595be4: "CLuaUIMgr::Lua_GetDuiDuiPengGoal" (32 chars)
[SCAN] 0x1595c08: "CLuaUIMgr::Lua_AddPlayer" (24 chars)
[SCAN] 0x1595c24: "CLuaUIMgr::Lua_AddSimplePlayer" (30 chars)
[SCAN] 0x1595c44: "ClientLua" (9 chars)
[SCAN] 0x1595c54: "CLuaUIMgr::Lua_CallServerFution" (31 chars)
[SCAN] 0x1595c74: "CallServerAction" (16 chars)
[SCAN] 0x1595c88: "CLuaUIMgr::Lua_CallServerAction" (31 chars)
[SCAN] 0x1595ca8: "LuaUIMgr_MonitorServer" (22 chars)
[SCAN] 0x1595ce8: "LuaUIMgr_Process" (16 chars)
[SCAN] 0x1595cfc: "LuaUIMgr_ResetUserData" (22 chars)
[SCAN] 0x1595d14: "UserData_ResetDynamicData" (25 chars)
[SCAN] 0x1595d30: "LuaUIMgr_GetAttribute" (21 chars)
[SCAN] 0x1595d48: "CLuaUIMgr::Lua_GetCnRes" (23 chars)
[SCAN] 0x1595d60: "CLuaUIMgr::Lua_GetServerRes" (27 chars)
[SCAN] 0x1595d7c: "CLuaUIMgr::Lua_GetGameVersion" (29 chars)
[SCAN] 0x1595d9c: "CLuaUIMgr::Lua_GetItemInfo" (26 chars)
[SCAN] 0x1595dc8: "CLuaUIMgr::Lua_PlaySound" (24 chars)
[SCAN] 0x1595de4: "CLuaUIMgr::Lua_StopSound" (24 chars)
[SCAN] 0x1595e00: "CLuaUIMgr::Lua_StopAllSound" (27 chars)
[SCAN] 0x1595e1c: "CLuaUIMgr::Lua_PlayMusic" (24 chars)
[SCAN] 0x1595e38: "CLuaUIMgr::Lua_StopMusic" (24 chars)
[SCAN] 0x1595e54: "CLuaUIMgr::Lua_OpenWeb" (22 chars)
[SCAN] 0x1595e6c: "CLuaUIMgr::Lua_OpenWindow" (25 chars)
[SCAN] 0x1595e88: "CLuaUIMgr::Lua_StringCodePage" (29 chars)
[SCAN] 0x1595ea8: "CLuaUIMgr::Lua_GetCurrLanguage" (30 chars)
[SCAN] 0x1595ec8: "CLuaUIMgr::Lua_GetLanguageID" (28 chars)
[SCAN] 0x1595ee8: "ClientLua" (9 chars)
[SCAN] 0x1595ef8: "PCHaizhan_Entry" (15 chars)
[SCAN] 0x1595f08: "CLuaUIMgr::Lua_AddAnimateTipMsg" (31 chars)
[SCAN] 0x1595f28: "CLuaUIMgr::Lua_IsHero" (21 chars)
[SCAN] 0x1595f40: "CLuaUIMgr::Lua_IsNeedPsw2CheckFirst" (35 chars)
[SCAN] 0x1595f64: "CLuaUIMgr::Lua_GetOrigID" (24 chars)
[SCAN] 0x1595f80: "CLuaUIMgr::Lua_GetServerID" (26 chars)
[SCAN] 0x1595f9c: "CLuaUIMgr::Lua_GetSavedMoney" (28 chars)
[SCAN] 0x1595fbc: "CLuaUIMgr::Lua_TimeGet" (22 chars)
[SCAN] 0x1595fd4: "CLuaUIMgr::Lua_GetDateOffset" (28 chars)
[SCAN] 0x1595ff4: "CLuaUIMgr::Lua_GetServerDate" (28 chars)
[SCAN] 0x1596014: "CLuaUIMgr::Lua_GetServerDateOffset" (34 chars)
[SCAN] 0x1596038: "CLuaUIMgr::Lua_GetServerDateOffsetWeek" (38 chars)
[SCAN] 0x1596060: "CLuaUIMgr::Lua_GetServerTime" (28 chars)
[SCAN] 0x1596080: "CLuaUIMgr::Lua_GetServerTimeOffset" (34 chars)
[SCAN] 0x15960a4: "CLuaUIMgr::Lua_GetServerTimeOffsetWeek" (38 chars)
[SCAN] 0x15960cc: "CLuaUIMgr::Lua_Value2StrUW" (26 chars)
[SCAN] 0x15960e8: "CLuaUIMgr::Lua_Value2StrW" (25 chars)
[SCAN] 0x1596104: "CLuaUIMgr::Lua_Value2StrWKM" (27 chars)
[SCAN] 0x1596120: "CLuaUIMgr::Lua_Value2StrWKMBEx" (30 chars)
[SCAN] 0x1596140: "CLuaUIMgr::Lua_PostCmd" (22 chars)
[SCAN] 0x1596158: "CLuaUIMgr::Lua_PostCmd4" (23 chars)
[SCAN] 0x1596170: "CLuaUIMgr::Lua_SetMusicVolume" (29 chars)
[SCAN] 0x1596190: "CLuaUIMgr::Lua_GetMusicVolume" (29 chars)
[SCAN] 0x15961b0: "CLuaUIMgr::Lua_SetVolume" (24 chars)
[SCAN] 0x15961cc: "CLuaUIMgr::Lua_SetSoundVolume" (29 chars)
[SCAN] 0x15961ec: "CLuaUIMgr::Lua_SetOpenAudition" (30 chars)
[SCAN] 0x159620c: "CLuaUIMgr::Lua_GetMoney" (23 chars)
[SCAN] 0x1596224: "CLuaUIMgr::Lua_GetEmoney" (24 chars)
[SCAN] 0x1596240: "CLuaUIMgr::Lua_GetItemAmount" (28 chars)
[SCAN] 0x1596260: "CLuaUIMgr::Lua_GetName" (22 chars)
[SCAN] 0x1596278: "CLuaUIMgr::Lua_GetLookFace" (26 chars)
[SCAN] 0x1596294: "CLuaUIMgr::Lua_GetLookFaceFrame" (31 chars)
[SCAN] 0x15962b4: "CLuaUIMgr::Lua_GetFBLookface" (28 chars)
[SCAN] 0x15962d4: "CLuaUIMgr::Lua_GetPing" (22 chars)
[SCAN] 0x15962ec: "CLuaUIMgr::Lua_LogMsg" (21 chars)
[SCAN] 0x1596304: "CLuaUIMgr::Lua_HeroConfigGetString" (34 chars)
[SCAN] 0x1596328: "CLuaUIMgr::Lua_HeroConfigSetString" (34 chars)
[SCAN] 0x159634c: "CLuaUIMgr::Lua_HeroConfigGetData" (32 chars)
[SCAN] 0x1596370: "CLuaUIMgr::Lua_HeroConfigSetData" (32 chars)
[SCAN] 0x1596394: "CLuaUIMgr::Lua_IsExistMotionRes" (31 chars)
[SCAN] 0x15963b4: "CLuaUIMgr::Lua_IsDeviceLost" (27 chars)
[SCAN] 0x15963d0: "CLuaUIMgr::Lua_SetCurrencyBarRefreshWay" (39 chars)
[SCAN] 0x15963f8: "CLuaUIMgr::Lua_DispatchMyWindowEvent" (36 chars)
[SCAN] 0x1596420: "CLuaUIMgr::Lua_QueryPlayerInfo" (30 chars)
[SCAN] 0x1596440: "CLuaUIMgr::Lua_OpenSideWeb" (26 chars)
[SCAN] 0x159645c: "CLuaUIMgr::Lua_PostCmd6" (23 chars)
[SCAN] 0x1596474: "CLuaUIMgr::Lua_GetChatSkinByID" (30 chars)
[SCAN] 0x1596494: "CLuaUIMgr::Lua_GetLastGameMsgData" (33 chars)
[SCAN] 0x15964b8: "CLuaUIMgr::Lua_SendChipToDealer" (31 chars)
[SCAN] 0x15964d8: "CLuaUIMgr::Lua_GetMy3DEffectInfo" (32 chars)
[SCAN] 0x15964fc: "CLuaUIMgr::Lua_PlaySystemSound" (30 chars)
[SCAN] 0x159651c: "CLuaUIMgr::Lua_UpdateNewTexasMttFreeCount" (41 chars)
[SCAN] 0x1596548: "CLuaUIMgr::Lua_RotateScreenDirection" (36 chars)
[SCAN] 0x1596570: "CLuaUIMgr::Lua_SetChangePortrait" (32 chars)
[SCAN] 0x1596594: "CLuaUIMgr::Lua_GetScreenSize" (28 chars)
[SCAN] 0x15965b4: "CLuaUIMgr::Lua_IsPortraitScreen" (31 chars)
[SCAN] 0x15965d4: "CLuaUIMgr::Lua_DoQuickPlayNew" (29 chars)
[SCAN] 0x15965f4: "CLuaUIMgr::Lua_GetServerNameByServerID" (38 chars)
[SCAN] 0x159661c: "CLuaUIMgr::Lua_SetMyWindowBackOf" (32 chars)
[SCAN] 0x1596640: "CLuaUIMgr::Lua_ProcessServerRes" (31 chars)
[SCAN] 0x1596660: "CLuaUIMgr::Lua_HasPcMail" (24 chars)
[SCAN] 0x159667c: "CLuaUIMgr::Lua_AddTip" (21 chars)
[SCAN] 0x1596694: "CLuaUIMgr::Lua_GetWindowPos" (27 chars)
[SCAN] 0x15966b0: "CLuaUIMgr::Lua_CQOpenWebpage" (28 chars)
[SCAN] 0x15966d0: "CLuaUIMgr::Lua_WriteToPasteBoard" (32 chars)
[SCAN] 0x15966f4: "PCHaizhan_QuickPlay" (19 chars)
[SCAN] 0x1596708: "CLuaUIMgr::Lua_PCHaizhanQuickPlay" (33 chars)
[SCAN] 0x15967c8: "e:\cqclient\gzsu2kc5\0\cqclient\cqclient\myshell\mylist.cpp" (59 chars)
[SCAN] 0x1596810: "Button173" (9 chars)
[SCAN] 0x159681c: "Button174" (9 chars)
[SCAN] 0x1596878: "CDlgVipConsumptionBirth" (23 chars)
[SCAN] 0x15969a8: "CDlgCampsPoint" (14 chars)
[SCAN] 0x15969d8: "PerGameTime" (11 chars)
[SCAN] 0x1596ad4: "CDlgTournamentMain" (18 chars)
[SCAN] 0x1596b68: "CDlgPrimordialSpiritCall" (24 chars)
[SCAN] 0x1596b84: "main_yuanshen_8cjlc" (19 chars)
[SCAN] 0x1596bd0: "btn_item8" (9 chars)
[SCAN] 0x1596c00: "img_slbg1" (9 chars)
[SCAN] 0x1596c0c: "img_slbg2" (9 chars)
[SCAN] 0x1596c18: "img_slbg3" (9 chars)
[SCAN] 0x1596c3c: "txt_baodi1" (10 chars)
[SCAN] 0x1596c58: "txt_baodi2" (10 chars)
[SCAN] 0x1596ca0: "btn_item9" (9 chars)
[SCAN] 0x1596cb4: "btn_item10" (10 chars)
[SCAN] 0x1596d50: "PrimordialSpirit_GetCallRewardItem" (34 chars)
[SCAN] 0x1596d74: "CostItem" (8 chars)
[SCAN] 0x1596d80: "PrimordialSpirit_GetLotteryInfo" (31 chars)
[SCAN] 0x1596ef8: "SmallQuality" (12 chars)
[SCAN] 0x1596f10: "BigQuality" (10 chars)
[SCAN] 0x15972f8: "CDlgGlobalPointNewSeason" (24 chars)
[SCAN] 0x1597314: "jifenjinji_bg10" (15 chars)
[SCAN] 0x15977a4: "CDlgMyEscortCart" (16 chars)
[SCAN] 0x1597d30: "CDlgTeamRecruitPublish" (22 chars)
[SCAN] 0x1598320: "CDlgTaskTrace" (13 chars)
[SCAN] 0x159851c: "GatherKey" (9 chars)
[SCAN] 0x1598528: "ItemTKey" (8 chars)
[SCAN] 0x159854c: "ChkAchiKey" (10 chars)
[SCAN] 0x15987d8: "ani/ItemMinIcon.Ani" (19 chars)
[SCAN] 0x15987f0: "ini/SlotMachine.ini" (19 chars)
[SCAN] 0x1598840: "Neigong_ComprehendBtn" (21 chars)
[SCAN] 0x1598858: "Neigong_BreakBtn" (16 chars)
[SCAN] 0x159886c: "Neigong_YuanGongBtn" (19 chars)
[SCAN] 0x1598880: "Neigong_ReturnBtn" (17 chars)
[SCAN] 0x15988b4: "newjinbiao_cz1Pic" (17 chars)
[SCAN] 0x15988c8: "newjinbiao_cz2Pic" (17 chars)
[SCAN] 0x15988dc: "newjinbiao_cz3Pic" (17 chars)
[SCAN] 0x15988f0: "newjinbiao_cz4Pic" (17 chars)
[SCAN] 0x1598904: "newjinbiao_cz5Pic" (17 chars)
[SCAN] 0x159e504: "EMoneyLessColor" (15 chars)
[SCAN] 0x159e5e4: "CDlgClimbDragonHillPreview" (26 chars)
[SCAN] 0x159e740: "CDlgCrossEmoneyShopEntrance" (27 chars)
[SCAN] 0x159e794: "CDlgEmoneySaleShopPay" (21 chars)
[SCAN] 0x159eb1c: "EmoneySaleShop_GetCostItemInfo" (30 chars)
[SCAN] 0x159eb70: "NeedCost" (8 chars)
[SCAN] 0x159eecc: "Xinshop_BG10" (12 chars)
[SCAN] 0x159ef04: "EmoneySaleShop_GetCostItemTextWidth" (35 chars)
[SCAN] 0x159f0ac: "EmoneySaleShop_GetTheWayToGetItem" (33 chars)
[SCAN] 0x159f0d4: "EmoneySaleShop_GetWayInfo" (25 chars)
[SCAN] 0x159f0f4: "CDlgEquipmentEffects" (20 chars)
[SCAN] 0x159f3c4: "TXQH_WZwsj" (10 chars)
[SCAN] 0x159f3d0: "Item_GetSpecialEffectBagShowNum" (31 chars)
[SCAN] 0x159f3f0: "PositionAmount" (14 chars)
[SCAN] 0x159f400: "Item_GetSpecialEffectBagInfo" (28 chars)
[SCAN] 0x159f420: "CDlgFace" (8 chars)
[SCAN] 0x159f540: "Face_isOpenAnimationFaceTypeBtn" (31 chars)
[SCAN] 0x159f614: "e:\cqclient\gzsu2kc5\0\cqclient\cqclient\myshell\dlgface.cpp" (60 chars)
[SCAN] 0x159f6bc: "YiGui_Pic8" (10 chars)
[SCAN] 0x159f6f0: "CDlgFamilyCreate" (16 chars)
[SCAN] 0x159f868: "CDlgFriend" (10 chars)
[SCAN] 0x159f9b0: "e:\cqclient\gzsu2kc5\0\cqclient\cqclient\myshell\dlgfriend.cpp" (62 chars)
[SCAN] 0x159f9f8: "MedalIco" (8 chars)
[SCAN] 0x159fa04: "universal_UnSecondBtn" (21 chars)
[SCAN] 0x159fac0: "Friend_kftb" (11 chars)
[SCAN] 0x159facc: "chatsl_btn7" (11 chars)
[SCAN] 0x159fad8: "CDlgGetMoreGold" (15 chars)
[SCAN] 0x159fd04: "newjinbiao_czwpkPic" (19 chars)
[SCAN] 0x159fd18: "newsupei_tianshiPic" (19 chars)
[SCAN] 0x159fd2c: "newjinbiao_Btn1" (15 chars)
[SCAN] 0x159fd3c: "newsupei_Btn1" (13 chars)
[SCAN] 0x159fd78: "newjinbiao_Btn6" (15 chars)
[SCAN] 0x159fd88: "CDlgGouyuHandbookCust" (21 chars)
[SCAN] 0x159fe38: "GouYu_GetGouYuHandbookMeta" (26 chars)
[SCAN] 0x159fe54: "NinjaSkill_GetGouYuMaxLev" (25 chars)
[SCAN] 0x159fe70: "NingfaTie_ZBTB" (14 chars)
[SCAN] 0x159ff14: "m_nSelectIdx" (12 chars)
[SCAN] 0x159ff29: "m_nSelectIdx" (12 chars)
[SCAN] 0x159ffb0: "NinjaSkill_GetGouYuName" (23 chars)
[SCAN] 0x159ffc8: "CDlgHundredWeapons" (18 chars)
[SCAN] 0x15a0060: "HundredWeapons_SetBigUI" (23 chars)
[SCAN] 0x15a0078: "WeaponsSkill" (12 chars)
[SCAN] 0x15a0088: "HundredWeapons_GetDlgOpenCondition" (34 chars)
[SCAN] 0x15a00ac: "WeaponsRank" (11 chars)
[SCAN] 0x15a00b8: "CDlgJabaliGet" (13 chars)
[SCAN] 0x15a0120: "ActiveEffect" (12 chars)
[SCAN] 0x15a0174: "ini/DlgLoadingCfg.lua" (21 chars)
[SCAN] 0x15a018c: "DropThings_JdtPic" (17 chars)
[SCAN] 0x15a020c: "DlgLoadingCfg_GetAniInfo" (24 chars)
[SCAN] 0x15a0228: "DlgLoadingCfg_GetLoadingInfo" (28 chars)
[SCAN] 0x15a0248: "ProgressOffset" (14 chars)
[SCAN] 0x15a0258: "DlgLoadingCfg_GetOffset" (23 chars)
[SCAN] 0x15a0270: "TipOffset" (9 chars)
[SCAN] 0x15a027c: "TextOffset" (10 chars)
[SCAN] 0x15a0288: "DlgLoadingCfg_GetLocationEffect" (31 chars)
[SCAN] 0x15a02a8: "DlgLoadingCfg_GetLocationEffectOffset" (37 chars)
[SCAN] 0x15a02e0: "CloudEffect" (11 chars)
[SCAN] 0x15a02ec: "DlgLoadingCfg_GetSupportVersion" (31 chars)
[SCAN] 0x15a0310: "e:\cqclient\gzsu2kc5\0\cqclient\cqclient\myshell\dlgloading.cpp" (63 chars)
[SCAN] 0x15a03a4: "CDlgMenuMore" (12 chars)
[SCAN] 0x15a0420: "CDlgNeiGong" (11 chars)
[SCAN] 0x15a0614: "Neigong_Star" (12 chars)
[SCAN] 0x15a0860: "e:\cqclient\gzsu2kc5\0\cqclient\cqclient\myshell\dlgneigong.cpp" (63 chars)
[SCAN] 0x15a0bd8: "addexp01" (8 chars)
[SCAN] 0x15a0c78: "CDlgPokerInviteList" (19 chars)
[SCAN] 0x15a0cd4: "Info_GetPokerInvitedCD" (22 chars)
[SCAN] 0x15a0e94: "Observer_ExitDBtn" (17 chars)
[SCAN] 0x15a0ea8: "Arena_ExitDBtn" (14 chars)
[SCAN] 0x15a0eb8: "CDlgRaiderPotAward" (18 chars)
[SCAN] 0x15a0ecc: "AwardLeftTime" (13 chars)
[SCAN] 0x15a0f80: "RaidersOfTLA_BesthistoryPic" (27 chars)
[SCAN] 0x15a0f9c: "RaidersOfTLA_BesttodayPic" (25 chars)
[SCAN] 0x15a108c: "CDlgRoleShowType" (16 chars)
[SCAN] 0x15a13e4: "DMskin_WZwjh" (12 chars)
[SCAN] 0x15a13f4: "DMskin_JBsyz" (12 chars)
[SCAN] 0x15a1574: "m_pCheckBet[i]" (14 chars)
[SCAN] 0x15a1586: "m_pStaBet[i]" (12 chars)
[SCAN] 0x15a1598: "m_pImgMoney[i]" (14 chars)
[SCAN] 0x15a15aa: "m_pStaBet[i]" (12 chars)
[SCAN] 0x15a15b8: "m_pImgResult[i]" (15 chars)
[SCAN] 0x15a169c: "Jeu_Mul%dPic" (12 chars)
[SCAN] 0x15a16ac: "FontSecondColor2" (16 chars)
[SCAN] 0x15a16f0: "sound/SlotBet.wav" (17 chars)
[SCAN] 0x15a1704: "SoundBet" (8 chars)
[SCAN] 0x15a1710: "sound/SlotRaise.wav" (19 chars)
[SCAN] 0x15a1724: "SoundRaise" (10 chars)
[SCAN] 0x15a1730: "sound/SlotStart.wav" (19 chars)
[SCAN] 0x15a1744: "SoundStart" (10 chars)
[SCAN] 0x15a1bbc: "nDistance" (9 chars)
[SCAN] 0x15a1bcc: "Jintegral_ZpointerPic" (21 chars)
[SCAN] 0x15a1be4: "CDlgTaskReward" (14 chars)
[SCAN] 0x15a2090: "CDlgTexasCloset" (15 chars)
[SCAN] 0x15a21e4: "ImgLocking" (10 chars)
[SCAN] 0x15a21f0: "ImgEquiping" (11 chars)
[SCAN] 0x15a21fc: "TexasCloset_GetClosetUiImg" (26 chars)
[SCAN] 0x15a2218: "BtnUnlock" (9 chars)
[SCAN] 0x15a2224: "BtnUnEquip" (10 chars)
[SCAN] 0x15a2230: "BtnEquip" (8 chars)
[SCAN] 0x15a223c: "ModalPosX" (9 chars)
[SCAN] 0x15a2248: "TexasCloset_GetSkinInfo" (23 chars)
[SCAN] 0x15a2260: "ModalPosY" (9 chars)
[SCAN] 0x15a226c: "ModalHeight" (11 chars)
[SCAN] 0x15a2278: "ModalScale" (10 chars)
[SCAN] 0x15a2284: "SysdealerLook" (13 chars)
[SCAN] 0x15a2294: "Info_GetRotateAngle" (19 chars)
[SCAN] 0x15a23d0: "BtnSelect" (9 chars)
[SCAN] 0x15a2520: "CDlgThorSign" (12 chars)
[SCAN] 0x15a2550: "Thor_ProgressBG" (15 chars)
[SCAN] 0x15a2584: "Thor_Imprint2Pic" (16 chars)
[SCAN] 0x15a2598: "Thor_Imprint1Pic" (16 chars)
[SCAN] 0x15a26b0: "MutualApply_ConfirmTitle" (24 chars)
[SCAN] 0x15a278c: "MutualApply_ConfirmBtn" (22 chars)
[SCAN] 0x15a27a4: "MutualApply_CancelBtn" (21 chars)
[SCAN] 0x15a27bc: "MutualApply_MutualApplyBG" (25 chars)
[SCAN] 0x15a28b0: "CDlgWrapBigEmotion" (18 chars)
[SCAN] 0x15a29b4: "YiGui_BG21" (10 chars)
[SCAN] 0x15a2a8c: "YiGui_BG18" (10 chars)
[SCAN] 0x15a2b88: "FontName" (8 chars)
[SCAN] 0x15a2bb4: "GroupWidth" (10 chars)
[SCAN] 0x15a2bc0: "GroupHeight" (11 chars)
[SCAN] 0x15a2bcc: "ChkStatus" (9 chars)
[SCAN] 0x15a2bd8: "SrcBlend" (8 chars)
[SCAN] 0x15a2be4: "DestBlend" (9 chars)
[SCAN] 0x15a2bf0: "ProcessArabicLike" (17 chars)
[SCAN] 0x15a2c08: "e:\cqclient\gzsu2kc5\0\cqclient\cqclient\myshell\mylistbox.cpp" (62 chars)
[SCAN] 0x15a2c48: "HeadRealSizeAmout" (17 chars)
[SCAN] 0x15a2c5c: "HeadRealSize%d" (14 chars)
[SCAN] 0x15a2c6c: "HeadFrameOffsetAmount" (21 chars)
[SCAN] 0x15a2c84: "HeadFrameOffset%d" (17 chars)
[SCAN] 0x15a2c98: "HeadFrameEffectOffsetAmount" (27 chars)
[SCAN] 0x15a2cb4: "HeadFrameEffectOffset%d" (23 chars)
[SCAN] 0x15a2ccc: "ImgRealSizeAmount" (17 chars)
[SCAN] 0x15a2ce0: "ImgRealSize%d" (13 chars)
[SCAN] 0x15a2d00: "ColSizeAmount" (13 chars)
[SCAN] 0x15a2d10: "ColSize%d" (9 chars)
[SCAN] 0x15a2d1c: "SingleOffsetAmount" (18 chars)
[SCAN] 0x15a2d30: "SingleOffset%d" (14 chars)
[SCAN] 0x15a2d40: "ChildAmendAmount" (16 chars)
[SCAN] 0x15a2d54: "ChildAmend%d" (12 chars)
[SCAN] 0x15a2d64: "TreeNodeIntervalAmount" (22 chars)
[SCAN] 0x15a2d7c: "TreeNodeInterval%d" (18 chars)
[SCAN] 0x15a2d90: "TextAmount" (10 chars)
[SCAN] 0x15a2db4: "DelLineAmount" (13 chars)
[SCAN] 0x15a2dc4: "DelLine%d" (9 chars)
[SCAN] 0x15a2dec: "ImageSize%d" (11 chars)
[SCAN] 0x15a2df8: "Material" (8 chars)
[SCAN] 0x15a2e24: "LimitAddLev" (11 chars)
[SCAN] 0x15a2e30: "Info_GetRefineLevBgAniTitle" (27 chars)
[SCAN] 0x15a2e4c: "ani/Material.ani" (16 chars)
[SCAN] 0x15a2eb4: "!pDX->m_bSaveAndValidate" (24 chars)
[SCAN] 0x15a2ed8: "pDlg->GetSafeHwnd()" (19 chars)
[SCAN] 0x15a2eec: "m_unParentID" (12 chars)
[SCAN] 0x15a2f01: "m_unParentID" (12 chars)
[SCAN] 0x15a2f44: "CDlgVipConsumptionMain" (22 chars)
[SCAN] 0x15a2f5c: "BirthTipIndex" (13 chars)
[SCAN] 0x15a2f6c: "BirthTipSet" (11 chars)
[SCAN] 0x15a2f78: "RoleTransSet" (12 chars)
[SCAN] 0x15a3080: "ShopStartTime" (13 chars)
[SCAN] 0x15a3090: "ShopEndTime" (11 chars)
[SCAN] 0x15a3204: "VIP_LevBtn%d" (12 chars)
[SCAN] 0x15a3214: "CurShopId" (9 chars)
[SCAN] 0x15a324c: "TransRole" (9 chars)
[SCAN] 0x15a32e8: "IndexAward" (10 chars)
[SCAN] 0x15a32f4: "VipConsumption_GetVipPrivilegeInfoIcon" (38 chars)
[SCAN] 0x15a331c: "VipConsumption_GetVipAwardInfo" (30 chars)
[SCAN] 0x15a333c: "NewJiuGong_Item1Pic" (19 chars)
[SCAN] 0x15a3358: "VipConsumption_GetVipAwardItemInfo" (34 chars)
[SCAN] 0x15a33a8: "AwardImg" (8 chars)
[SCAN] 0x15a33b4: "VipConsumption_GetVipPrivilegeInfo" (34 chars)
[SCAN] 0x15a33f0: "VIP_Btn4" (8 chars)
[SCAN] 0x15a3470: "BirthDay" (8 chars)
[SCAN] 0x15a347c: "RoleTrans" (9 chars)
[SCAN] 0x15a3488: "IndexTip" (8 chars)
[SCAN] 0x15a34f0: "VIP_Btn5" (8 chars)
[SCAN] 0x15a3534: "CDlgCampsResult" (15 chars)
[SCAN] 0x15a357c: "CJZYZ_Team_BG13" (15 chars)
[SCAN] 0x15a35bc: "CJZYZ_Team_BG12" (15 chars)
[SCAN] 0x15a367c: "CDlgNewTexasMTTEventShareConfirm" (32 chars)
[SCAN] 0x15a383c: "e:\cqclient\gzsu2kc5\0\cqclient\cqclient\extend\myrole.cpp" (58 chars)
[SCAN] 0x15a3898: "ActTypeSet%s" (12 chars)
[SCAN] 0x15a3c7c: "CDlgGlobalPointRankingList" (26 chars)
[SCAN] 0x15a3f50: "ui://ui_jifenjinji/com_duanweibang_2_1" (38 chars)
[SCAN] 0x15a3f78: "ui://ui_jifenjinji/com_duanweibang_2_1_null" (43 chars)
[SCAN] 0x15a4234: "ui://ui_jifenjinji/com_duanweibang_2" (36 chars)
[SCAN] 0x15a425c: "ui://ui_jifenjinji/com_duanweibang_1" (36 chars)
[SCAN] 0x15a4788: "CDlgFuncPreviewBtn" (18 chars)
[SCAN] 0x15a49e8: "com_txomaha5pai" (15 chars)
[SCAN] 0x15a49f8: "com_txdezhou5pai" (16 chars)
[SCAN] 0x15a4a0c: "com_txdezhou3card" (17 chars)
[SCAN] 0x15a4a20: "com_txomaha7pai" (15 chars)
[SCAN] 0x15a4a30: "com_txdezhou7pai" (16 chars)
[SCAN] 0x15a4a44: "com_txomaha9pai" (15 chars)
[SCAN] 0x15a4a54: "com_txdezhou9pai" (16 chars)
[SCAN] 0x15a4ae0: "act_qitawanjiashoupaifanchu0%d" (30 chars)
[SCAN] 0x15a4b00: "act_shoupaizhankai0%d" (21 chars)
[SCAN] 0x15a4f24: "CDlgMicroResDownload" (20 chars)
[SCAN] 0x15a4f90: "txt_text3" (9 chars)
[SCAN] 0x15a4f9c: "MicroResMgr_GetDownloadReward" (29 chars)
[SCAN] 0x15a57f4: "CDlgCrossPokerHall" (18 chars)
[SCAN] 0x15a582c: "ui://ui_dzpokedting/com_dezhoudating1" (37 chars)
[SCAN] 0x15a5854: "ui://ui_dzpokedting/com_dezhoudating2" (37 chars)
[SCAN] 0x15a587c: "ui://ui_dzpokedting/com_dezhoudating4" (37 chars)
[SCAN] 0x15a58a4: "ui://ui_dzpokedting/com_dezhoudating2_2" (39 chars)
[SCAN] 0x15a58cc: "ui://ui_dzpokedting/com_dezhoudating4_1" (39 chars)
[SCAN] 0x15a58f4: "ui://ui_dzpokedting/com_dezhoudating5" (37 chars)
[SCAN] 0x15a595c: "btn_hyrjia1" (11 chars)
[SCAN] 0x15a5968: "btn_hyrji2" (10 chars)
[SCAN] 0x15a5974: "btn_tou2" (8 chars)
[SCAN] 0x15a5980: "btn_tou1" (8 chars)
[SCAN] 0x15a598c: "btn_tou3" (8 chars)
[SCAN] 0x15a59c0: "com_dezhoudating4" (17 chars)
[SCAN] 0x15a59d4: "com_dezhoudating2" (17 chars)
[SCAN] 0x15a59e8: "com_dezhoudating1" (17 chars)
[SCAN] 0x15a59fc: "com_dezhoudating5" (17 chars)
[SCAN] 0x15a5a3c: "HasFlowActivityRed" (18 chars)
[SCAN] 0x15a5b5c: "btn_pokefenye1" (14 chars)
[SCAN] 0x15a5b6c: "btn_pokefenye2" (14 chars)
[SCAN] 0x15a5b7c: "btn_pokefenye3" (14 chars)
[SCAN] 0x15a5b8c: "btn_pokefenye4" (14 chars)
[SCAN] 0x15a5ba8: "Slot_GetValue" (13 chars)
[SCAN] 0x15a66e8: "%02u:%02u" (9 chars)
[SCAN] 0x15a66f4: "ui://ui_yuanshenpksai/com_notice_1_ranking" (42 chars)
[SCAN] 0x15a6780: "CDlgPrimordialSpiritPkMatchNotice" (33 chars)
[SCAN] 0x15a67c4: "ui://ui_yuanshenpksai/com_notice_2_waiting" (42 chars)
[SCAN] 0x15a67f0: "ui://ui_yuanshenpksai/com_notice_1" (34 chars)
[SCAN] 0x15a6814: "ui://ui_yuanshenpksai/com_notice_1_ranking_ours" (47 chars)
[SCAN] 0x15a6844: "CDlgPrimordialSpiritPkMatchNoticeExpand" (39 chars)
[SCAN] 0x15a68e4: "CQConfigReadTableSize" (21 chars)
[SCAN] 0x15a6e38: "ani/ItemMinIcon.Ani" (19 chars)
[SCAN] 0x15a6e80: "Neigong_WhisperBtn" (18 chars)
[SCAN] 0x15a6e94: "Neigong_LookEquipBtn" (20 chars)
[SCAN] 0x15a6eb0: "ui://ui_fulizhongxin/com_4" (26 chars)
[SCAN] 0x15a6ecc: "BoYiLevReq" (10 chars)
[SCAN] 0x15a6ed8: "CoolTime" (8 chars)
[SCAN] 0x15a6ee4: "FreeBeMore" (10 chars)
[SCAN] 0x15a6ef0: "LessBoYiLev" (11 chars)
[SCAN] 0x15ae0b4: "!strNum.IsEmpty()" (17 chars)
[SCAN] 0x15ae1cc: "CDlgClimbDragonHillSel" (22 chars)
[SCAN] 0x15ae2cc: "DragonTop_BG11" (14 chars)
[SCAN] 0x15ae45c: "RuleTipColor" (12 chars)
[SCAN] 0x15ae928: "InstanceMgr_GetChallengeBtnCD" (29 chars)
[SCAN] 0x15ae97c: "InstanceMgr_GetInstanceId" (25 chars)
[SCAN] 0x15aeab8: "Copy_LayerBtnClick" (18 chars)
[SCAN] 0x15aeb40: "STR_EQUINSE_SWEEP_%d" (20 chars)
[SCAN] 0x15aeb58: "EquipDungeon_starB2" (19 chars)
[SCAN] 0x15aeb6c: "EquipDungeon_starB1" (19 chars)
[SCAN] 0x15aebb0: "InstanceMgr_GetInterFaceConfig" (30 chars)
[SCAN] 0x15aec04: "ImgAward" (8 chars)
[SCAN] 0x15aec10: "CDlgFaceFrame" (13 chars)
[SCAN] 0x15aedbc: "CDlgFamilyHome" (14 chars)
[SCAN] 0x15aef28: "FamilyHome_GetBuffInfo" (22 chars)
[SCAN] 0x15aef40: "FlowerOffsetX" (13 chars)
[SCAN] 0x15aef50: "FlowerOffsetY" (13 chars)
[SCAN] 0x15aef70: "FamilyHome_GetBgInfo" (20 chars)
[SCAN] 0x15aef88: "FamilyHome_GetBuffIconByType" (28 chars)
[SCAN] 0x15af110: "CDlgFruitChat" (13 chars)
[SCAN] 0x15af248: "ini/FruitMachine.lua" (20 chars)
[SCAN] 0x15af268: "FruitMachine_GetChatInfo" (24 chars)
[SCAN] 0x15af284: "ChatWidth" (9 chars)
[SCAN] 0x15af360: "FruitMachine_GetIconId" (22 chars)
[SCAN] 0x15af40c: "CDlgGouyuHandbookSetup" (22 chars)
[SCAN] 0x15af558: "GouYu_GetGouYuSetupData" (23 chars)
[SCAN] 0x15af570: "aniOwnSmall" (11 chars)
[SCAN] 0x15af57c: "aniNotOwnSmall" (14 chars)
[SCAN] 0x15af810: "CDlgHundredWeaponsAttrInfo" (26 chars)
[SCAN] 0x15af9bc: "CDlgJabaliUpgrade" (17 chars)
[SCAN] 0x15afa08: "Jabali_ProgressPic" (18 chars)
[SCAN] 0x15afa1c: "Jabali_GetViceItem" (18 chars)
[SCAN] 0x15afa78: "TimeUseCount" (12 chars)
[SCAN] 0x15afa88: "Jabali_GetUpgradeShowTime" (25 chars)
[SCAN] 0x15afaa4: "TimeUseNum" (10 chars)
[SCAN] 0x15afab0: "Jabali_StarsPic" (15 chars)
[SCAN] 0x15afac0: "Newfuwens_fang" (14 chars)
[SCAN] 0x15afad0: "Jabali_attchange" (16 chars)
[SCAN] 0x15afae4: "Jabali_levup" (12 chars)
[SCAN] 0x15afaf4: "Jabali_probar" (13 chars)
[SCAN] 0x15afc60: "Jabali_TenstarsPic" (18 chars)
[SCAN] 0x15afc7c: "Jabali_GetUpgradeShow" (21 chars)
[SCAN] 0x15afc9c: "TimeTips" (8 chars)
[SCAN] 0x15afdb4: "Jabali_click" (12 chars)
[SCAN] 0x15b0108: "e:\cqclient\gzsu2kc5\0\cqclient\cqclient\myshell\dlglog.cpp" (59 chars)
[SCAN] 0x15b0164: "JiuGong_2fenyeBtn" (17 chars)
[SCAN] 0x15b0178: "CDlgMenuMoreBtn" (15 chars)
[SCAN] 0x15b0204: "CDlgNeiGongRank" (15 chars)
[SCAN] 0x15b0368: "CDlgNewTexasProp" (16 chars)
[SCAN] 0x15b0504: "xdhudong_xdhudongBG" (19 chars)
[SCAN] 0x15b0518: "xdhudong_mengBG" (15 chars)
[SCAN] 0x15b0528: "xdhudong_suoPic" (15 chars)
[SCAN] 0x15b0548: "xdhudong_xuanPic" (16 chars)
[SCAN] 0x15b0840: "CDlgPokerNewFriends" (19 chars)
[SCAN] 0x15b08d8: "pVecNameList" (12 chars)
[SCAN] 0x15b08e8: "Pokefriend_TongyiBtn" (20 chars)
[SCAN] 0x15b0900: "Pokefriend_JujueBtn" (19 chars)
[SCAN] 0x15b0914: "CDlgQualifyingRank" (18 chars)
[SCAN] 0x15b09d8: "HonorRank" (9 chars)
[SCAN] 0x15b09e4: "Info_GetRankColWidthCount" (25 chars)
[SCAN] 0x15b0a00: "Info_GetRankColWidth" (20 chars)
[SCAN] 0x15b0a18: "RaceRank" (8 chars)
[SCAN] 0x15b0ac4: "RoleSelect_GetPKProRankInfo" (27 chars)
[SCAN] 0x15b0c1c: "Info_GetRankPkOffset" (20 chars)
[SCAN] 0x15b0ca0: "RaidersOfTLA_trendWinPic" (24 chars)
[SCAN] 0x15b0cbc: "RaidersOfTLA_trendLostPic" (25 chars)
[SCAN] 0x15b0d28: "DropThings_DicePic" (18 chars)
[SCAN] 0x15b0d3c: "DropThings_GiveUpBtn" (20 chars)
[SCAN] 0x15b0da4: "e:\cqclient\gzsu2kc5\0\cqclient\cqclient\myshell\dlgroll.cpp" (60 chars)
[SCAN] 0x15b0e30: "s_dwLayerTime" (13 chars)
[SCAN] 0x15b0e44: "Digong_%uc" (10 chars)
[SCAN] 0x15b0e50: "s_dwDamageTime" (14 chars)
[SCAN] 0x15b0e64: "Digong_Break%c" (14 chars)
[SCAN] 0x15b0e74: "Digong_BreakDian" (16 chars)
[SCAN] 0x15b0e88: "Digong_BreakPercent" (19 chars)
[SCAN] 0x15b1038: "Digong_fybm" (11 chars)
[SCAN] 0x15b104c: "SealedT_getRereshItemEffectCfgFunc" (34 chars)
[SCAN] 0x15b1080: "Digong_Crack%d" (14 chars)
[SCAN] 0x15b115c: "Digong_FYPJ" (11 chars)
[SCAN] 0x15b1168: "Digong_PJFY" (11 chars)
[SCAN] 0x15b1198: "IceCrack" (8 chars)
[SCAN] 0x15b11a4: "Sound/SealedIceCrack.wav" (24 chars)
[SCAN] 0x15b1540: "Digong_shuaxin" (14 chars)
[SCAN] 0x15b15dc: "m_poimgBG" (9 chars)
[SCAN] 0x15b161c: "CDlgSealedTreasure" (18 chars)
[SCAN] 0x15b1740: "Sound/SealedCrack.wav" (21 chars)
[SCAN] 0x15b1758: "Digong_lucky" (12 chars)
[SCAN] 0x15b1768: "dwBreakItemSetSize" (18 chars)
[SCAN] 0x15b1783: "dwBreakItemSetSize" (18 chars)
[SCAN] 0x15b17f0: "GameMachines_TCLuckyTime" (24 chars)
[SCAN] 0x15b180c: "777_getbonus" (12 chars)
[SCAN] 0x15b181c: "LuckTime" (8 chars)
[SCAN] 0x15b1870: "GameMachines_Link%d" (19 chars)
[SCAN] 0x15b1884: "ShakeEffect" (11 chars)
[SCAN] 0x15b1890: "Slot_GetSlot" (12 chars)
[SCAN] 0x15b18a0: "HighlightEffectX" (16 chars)
[SCAN] 0x15b18b4: "HighlightEffectY" (16 chars)
[SCAN] 0x15b18c8: "SpineEffectX" (12 chars)
[SCAN] 0x15b18d8: "SpineEffectY" (12 chars)
[SCAN] 0x15b18e8: "LineIntervalAdd" (15 chars)
[SCAN] 0x15b18f8: "dwIconCount" (11 chars)
[SCAN] 0x15b1906: "dwDeceleratedIconCount" (22 chars)
[SCAN] 0x15b1980: "Info_GetSlotMachine5X3" (22 chars)
[SCAN] 0x15b1a28: "777_boxgl" (9 chars)
[SCAN] 0x15b1a34: "777_wanfa" (9 chars)
[SCAN] 0x15b1a40: "m_mapRollIcon.size()" (20 chars)
[SCAN] 0x15b1a64: "mapRollIcon.size()" (18 chars)
[SCAN] 0x15b1a90: "ChestEffectX" (12 chars)
[SCAN] 0x15b1aa0: "ChestEffectY" (12 chars)
[SCAN] 0x15b1ab0: "WildEffectX" (11 chars)
[SCAN] 0x15b1abc: "WildEffectY" (11 chars)
[SCAN] 0x15b1ac8: "CDlgSlotMachine5X3" (18 chars)
[SCAN] 0x15b1be8: "DingNumStepXAdd" (15 chars)
[SCAN] 0x15b1d2c: "Info_GetSlotMachine5X3EffectAmount" (34 chars)
[SCAN] 0x15b1d64: "JackPotVBkImgX" (14 chars)
[SCAN] 0x15b1d74: "JackPotVBkImgY" (14 chars)
[SCAN] 0x15b1d84: "Slot_GetReOpenTip" (17 chars)
[SCAN] 0x15b1dc8: "WinValueEffect" (14 chars)
[SCAN] 0x15b1dd8: "SpeedNormal" (11 chars)
[SCAN] 0x15b1de4: "SpeedFast" (9 chars)
[SCAN] 0x15b1e24: "SpeedFastEffect" (15 chars)
[SCAN] 0x15b1e3c: "LeftTimes" (9 chars)
[SCAN] 0x15b1e50: "Info_GetSlotMachine5X3Effect" (28 chars)
[SCAN] 0x15b1e78: "OffGameX" (8 chars)
[SCAN] 0x15b1e84: "OffGameY" (8 chars)
[SCAN] 0x15b1ea0: "OffBottomX" (10 chars)
[SCAN] 0x15b1eac: "OffBottomY" (10 chars)
[SCAN] 0x15b1ec8: "JackPotX" (8 chars)
[SCAN] 0x15b1ed4: "JackPotY" (8 chars)
[SCAN] 0x15b1ee0: "WinValueX" (9 chars)
[SCAN] 0x15b1eec: "WinValueY" (9 chars)
[SCAN] 0x15b1ef8: "WinValueEffectX" (15 chars)
[SCAN] 0x15b1f08: "WinValueEffectY" (15 chars)
[SCAN] 0x15b1f18: "SpeedFastEffectX" (16 chars)
[SCAN] 0x15b1f2c: "SpeedFastEffectY" (16 chars)
[SCAN] 0x15b1f60: "MaxPrizeX" (9 chars)
[SCAN] 0x15b1f6c: "MaxPrizeY" (9 chars)
[SCAN] 0x15b1f88: "MoneySize" (9 chars)
[SCAN] 0x15b1f94: "MoneyColor" (10 chars)
[SCAN] 0x15b1fa0: "JackPotV" (8 chars)
[SCAN] 0x15b2010: "CDlgTaskReward10TimesAwards" (27 chars)
[SCAN] 0x15b20b0: "Lottery_GoodsPic" (16 chars)
[SCAN] 0x15b2600: "TitleBarBk.bmp" (14 chars)
[SCAN] 0x15b2610: "TitleBarBk1024.bmp" (18 chars)
[SCAN] 0x15b2624: "TitleBarBkOnly.bmp" (18 chars)
[SCAN] 0x15b2638: "TClose.bmp" (10 chars)
[SCAN] 0x15b2644: "TMin.bmp" (8 chars)
[SCAN] 0x15b2650: "CDlgTYMJMain" (12 chars)
[SCAN] 0x15b2778: "LXLJX_pic15" (11 chars)
[SCAN] 0x15b2784: "LXLJX_pic14" (11 chars)
[SCAN] 0x15b2790: "LXLJX_pic16" (11 chars)
[SCAN] 0x15b28a0: "UpTotalLev" (10 chars)
[SCAN] 0x15b2a04: "VIP_VIPBtn" (10 chars)
[SCAN] 0x15b2a10: "VipBtnIcon" (10 chars)
[SCAN] 0x15b2a1c: "VipConsumption_GetInfo" (22 chars)
[SCAN] 0x15b2a34: "VipBtnIconEx" (12 chars)
[SCAN] 0x15b2a44: "CDlgWrapEmotionSetting" (22 chars)
[SCAN] 0x15b2cf0: "e:\cqclient\gzsu2kc5\0\cqclient\cqclient\myshell\menutalk.cpp" (61 chars)
[SCAN] 0x15b2e74: "m_pParentWnd" (12 chars)
[SCAN] 0x15b2ebc: "ColAmount" (9 chars)
[SCAN] 0x15b2ec8: "ColWidth" (8 chars)
[SCAN] 0x15b2ed4: "ColShowLimit" (12 chars)
[SCAN] 0x15b2ee4: "HorAlign" (8 chars)
[SCAN] 0x15b2ef0: "TipAlign" (8 chars)
[SCAN] 0x15b2efc: "VerCenter" (9 chars)
[SCAN] 0x15b2f08: "ListCtrlSelBkImg" (16 chars)
[SCAN] 0x15b2f1c: "ListBkImg" (9 chars)
[SCAN] 0x15b2f28: "ListBkImgShowType" (17 chars)
[SCAN] 0x15b2f3c: "ListCtrlSelBkColor" (18 chars)
[SCAN] 0x15b2f50: "ListCtrlLineHeight" (18 chars)
[SCAN] 0x15b2f68: "e:\cqclient\gzsu2kc5\0\cqclient\cqclient\myshell\mylistctrl.cpp" (63 chars)
[SCAN] 0x15b2fa8: "TextStyle" (9 chars)
[SCAN] 0x15b2fb4: "ListCtrlFontShadowColor" (23 chars)
[SCAN] 0x15b2fcc: "ListCtrlFontColor" (17 chars)
[SCAN] 0x15b2fe0: "ListCtrlSelFontColor" (20 chars)
[SCAN] 0x15b2ff8: "FontHeight" (10 chars)
[SCAN] 0x15b3004: "FontWidth" (9 chars)
[SCAN] 0x15b3010: "HeightShowLimit" (15 chars)
[SCAN] 0x15b3020: "ImageWidth" (10 chars)
[SCAN] 0x15b3034: "BorderColor" (11 chars)
[SCAN] 0x15b3040: "AutoAdapterText" (15 chars)
[SCAN] 0x15b3050: "PageLine" (8 chars)
[SCAN] 0x15b305c: "ListBkImgOffsetX" (16 chars)
[SCAN] 0x15b3070: "ListBkImgOffsetY" (16 chars)
[SCAN] 0x15b30a0: "m_nTopIndex" (11 chars)
[SCAN] 0x15b30b4: "m_nTopIndex" (11 chars)
[SCAN] 0x15b30cc: "m_nTopIndex" (11 chars)
[SCAN] 0x15b30e0: "m_nTopIndex" (11 chars)
[SCAN] 0x15b30f8: "e:\cqclient\gzsu2kc5\0\cqclient\cqclient\myshell\ownereffect.cpp" (64 chars)
[SCAN] 0x15b313c: "EffectName" (10 chars)
[SCAN] 0x15b3148: "CDlgNewTexasMTTEventRankReward" (30 chars)
[SCAN] 0x15b32cc: "CDlgCampsTeamApplyInfo" (22 chars)
[SCAN] 0x15b3350: "CJZYZ_Team_WZ9" (14 chars)
[SCAN] 0x15b3360: "CJZYZ_Team_WZ10" (15 chars)
[SCAN] 0x15b3498: "btnAgree" (8 chars)
[SCAN] 0x15b34ec: "btnRefuse" (9 chars)
[SCAN] 0x15b39d0: "CDlgCOPTableTask" (16 chars)
[SCAN] 0x15b3b44: "com_main1" (9 chars)
[SCAN] 0x15b3fc0: "CDlgJinLiResult" (15 chars)
[SCAN] 0x15b3fd0: "main_kaifujinli_ui3" (19 chars)
[SCAN] 0x15b408c: "kaifujinli_bg23" (15 chars)
[SCAN] 0x15b40a4: "com_zhuanpan1" (13 chars)
[SCAN] 0x15b40b4: "act_xuanzhuang10miao" (20 chars)
[SCAN] 0x15b40e4: "JinLiLottery_GetResultEndTime" (29 chars)
[SCAN] 0x15b4238: "sld_1pot" (8 chars)
[SCAN] 0x15b499c: "CDlgDominoResult" (16 chars)
[SCAN] 0x15b4b00: "ui://ui_domino/com_biaoqian1" (28 chars)
[SCAN] 0x15b4b20: "ui://ui_domino/com_biaoqian2" (28 chars)
[SCAN] 0x15b4bcc: "domino_%02d" (11 chars)
[SCAN] 0x15b4c8c: "ui://ui_domino/com_defeat2" (26 chars)
[SCAN] 0x15b4cc4: "ui://ui_domino/com_victory2" (27 chars)
[SCAN] 0x15b4cf8: "com_victory2" (12 chars)
[SCAN] 0x15b4d08: "com_defeat2" (11 chars)
[SCAN] 0x15b59a8: "CDlgAchievement" (15 chars)
[SCAN] 0x15b59b8: "CDlgAchievementReward" (21 chars)
[SCAN] 0x15b5a8c: "AchievementReward" (17 chars)
[SCAN] 0x15b5acc: "ui://ui_chengjiu/com_jlyl1" (26 chars)
[SCAN] 0x15b5b9c: "ui://ui_chengjiu/btn_qy5" (24 chars)
[SCAN] 0x15b5c48: "AchievementQiyu" (15 chars)
[SCAN] 0x15b5d54: "list_fy2" (8 chars)
[SCAN] 0x15b5d60: "list_fy1" (8 chars)
[SCAN] 0x15b5d6c: "ui://ui_chengjiu/com_cj1" (24 chars)
[SCAN] 0x15b5de4: "ui://ui_chengjiu/btn_shu1" (25 chars)
[SCAN] 0x15b5e00: "ui://ui_chengjiu/btn_shu2" (25 chars)
[SCAN] 0x15b5e70: "ui://ui_chengjiu/com_cj2" (24 chars)
[SCAN] 0x15b5ebc: "AchievementQiyuShow" (19 chars)
[SCAN] 0x15b6370: "CDlgOSSynWarNotice" (18 chars)
[SCAN] 0x15b6648: "ui://ui_os_syn_war/com_notice_1_ranking" (39 chars)
[SCAN] 0x15b6828: "ui://ui_os_syn_war/com_notice_1_waiting" (39 chars)
[SCAN] 0x15b6850: "ui://ui_os_syn_war/com_notice_1" (31 chars)
[SCAN] 0x15b6870: "ui://ui_os_syn_war/com_notice_2_waiting" (39 chars)
[SCAN] 0x15b6898: "ui://ui_os_syn_war/com_notice_2" (31 chars)
[SCAN] 0x15b68b8: "ui://ui_os_syn_war/com_notice_1_out" (35 chars)
[SCAN] 0x15b68dc: "ui://ui_os_syn_war/com_notice_1_ranking_ours" (44 chars)
[SCAN] 0x15b69ac: "com_notice_1" (12 chars)
[SCAN] 0x15b69bc: "com_notice_2_waiting" (20 chars)
[SCAN] 0x15b69d4: "com_notice_2" (12 chars)
[SCAN] 0x15b69e4: "com_notice_1_out" (16 chars)
[SCAN] 0x15b73dc: "CDlgPrimordialSpiritPkMatchRankReward" (37 chars)
[SCAN] 0x15b7404: "CDlgPrimordialSpiritPkMatchRank" (31 chars)
[SCAN] 0x15b756c: "PrimordialSpiritPKRankRewardId" (30 chars)
[SCAN] 0x15b75a4: "fuqipksai_bg21" (14 chars)
[SCAN] 0x15b75b4: "fuqipksai_bg22" (14 chars)
[SCAN] 0x15b75c4: "fuqipksai_bg23" (14 chars)
[SCAN] 0x15b75d4: "fuqipksai_bg11" (14 chars)
[SCAN] 0x15b764c: "ui://ui_yuanshenpksai/com_phb_1" (31 chars)
[SCAN] 0x15b7c34: "ini/GameSetup.Ini" (17 chars)
[SCAN] 0x15b7c48: "data/QRCode.bmp" (15 chars)
[SCAN] 0x15b7c74: "ani/MiniMap.ani" (15 chars)
[SCAN] 0x15b7d20: "RoulLette_BlueballPic" (21 chars)
[SCAN] 0x15b7d38: "RoulLette_GoldballPic" (21 chars)
[SCAN] 0x15b7d50: "RoulLette_GreenballPic" (22 chars)
[SCAN] 0x15b7d68: "RoulLette_PurpleballPic" (23 chars)
[SCAN] 0x15b7d80: "RoulLette_WhiteballPic" (22 chars)
[SCAN] 0x15b7d98: "RoulLette_BlueballPic800X600" (28 chars)
[SCAN] 0x15b7db8: "RoulLette_GoldballPic800X600" (28 chars)
[SCAN] 0x15b7dd8: "RoulLette_GreenballPic800X600" (29 chars)
[SCAN] 0x15b7df8: "RoulLette_PurpleballPic800X600" (30 chars)
[SCAN] 0x15b7e18: "RoulLette_WhiteballPic800X600" (29 chars)
[SCAN] 0x15b7e38: "STR_WRAP_TIP_TITLE%d" (20 chars)
[SCAN] 0x15b7e7c: "OccupyDays" (10 chars)
[SCAN] 0x15b7e88: "GetPrize" (8 chars)
[SCAN] 0x15b7ea4: "100wp_qhxl" (10 chars)
[SCAN] 0x15b7eb0: "100Weapons_WZptlh" (17 chars)
[SCAN] 0x15b7ec4: "100Weapons_WZgjlh" (17 chars)
[SCAN] 0x15b7ed8: "100Weapons_WZjxlh" (17 chars)
[SCAN] 0x15b7ef4: "Fruits_go" (9 chars)
[SCAN] 0x15b7f00: "Fruits_yj" (9 chars)
[SCAN] 0x15b7f0c: "fruits_yj2" (10 chars)
[SCAN] 0x15b7f28: "Fruits_BossBG" (13 chars)
[SCAN] 0x15b7f38: "Fruits_bossjs" (13 chars)
[SCAN] 0x15b7f48: "Fruits_szgd" (11 chars)
[SCAN] 0x15b7f64: "777_jackpot_3" (13 chars)
[SCAN] 0x15b7f74: "Fruits_lhqz" (11 chars)
[SCAN] 0x15b829c: "Task_DragBG" (11 chars)
[SCAN] 0x15b8d90: "Scr_CoachTarget" (15 chars)
[SCAN] 0x15b91a0: "CompetitiveWeek_GetCrossNpcInfo" (31 chars)
[SCAN] 0x15b92a8: "plstFactionName" (15 chars)
[SCAN] 0x15b92bb: "plstPoint" (9 chars)
[SCAN] 0x15b92c8: "plstPopulation" (14 chars)
[SCAN] 0x15b92da: "plstRank" (8 chars)
[SCAN] 0x15b92e6: "plstServerName" (14 chars)
[SCAN] 0x15b9404: "WarFlag_GetCrossFlagWarRewardNextRefreshTime" (44 chars)
[SCAN] 0x15b9438: "plstRank" (8 chars)
[SCAN] 0x15b9444: "plstReward" (10 chars)
[SCAN] 0x15b9452: "plstRewardIcon" (14 chars)
[SCAN] 0x15b9464: "plstRewardE" (11 chars)
[SCAN] 0x15b9473: "plstRewardIconE" (15 chars)
[SCAN] 0x15b94c8: "%d%02d%02d%02d%02d" (18 chars)
[SCAN] 0x15b978c: "Btn_WithdrawEMoney" (18 chars)
[SCAN] 0x15b97e8: "msg.Create(INTERACT_GETEMONEYCARD," (34 chars)
[SCAN] 0x15b980b: "g_objHero.GetID()," (18 chars)
[SCAN] 0x15b9ab8: "CDlgEquipmentSpecialEffect" (26 chars)
[SCAN] 0x15b9b0c: "DlgEquTextWidth" (15 chars)
[SCAN] 0x15b9db0: "CDlgFaceGetWay" (14 chars)
[SCAN] 0x15b9e28: "Face_GetFaceAndFrameGetWay" (26 chars)

[SCAN] Scanning .data (443392 bytes)...
[SCAN] Found 4684 key candidates in .data
[SCAN] 0x1993080: "PirateJX_BG28" (13 chars)
[SCAN] 0x1993098: "PirateJX_BG29" (13 chars)
[SCAN] 0x19930b0: "PirateJX_BG30" (13 chars)
[SCAN] 0x19930c8: "PirateJX_ui36" (13 chars)
[SCAN] 0x19930e0: "PirateJX_ui37" (13 chars)
[SCAN] 0x19930f8: "PirateJX_ui38" (13 chars)
[SCAN] 0x1993110: "PirateJX_ui39" (13 chars)
[SCAN] 0x1993128: "PirateJX_Pic19" (14 chars)
[SCAN] 0x1993140: "PirateJX_Pic20" (14 chars)
[SCAN] 0x19931fc: "OptionBk" (8 chars)
[SCAN] 0x1993244: "EffectFace" (10 chars)
[SCAN] 0x19932bc: "Bidding_fqK" (11 chars)
[SCAN] 0x19932d4: "zsl_guid1" (9 chars)
[SCAN] 0x19932ec: "zsl_guid2" (9 chars)
[SCAN] 0x19933b8: "TimeKeeper" (10 chars)
[SCAN] 0x1993738: "ChooseBg" (8 chars)
[SCAN] 0x1993768: "BlastEffect" (11 chars)
[SCAN] 0x19937b0: "GrayTitleBG" (11 chars)
[SCAN] 0x19937c8: "GrayTitle" (9 chars)
[SCAN] 0x19937e0: "LineEffect" (10 chars)
[SCAN] 0x19937f8: "JiangHuFame4" (12 chars)
[SCAN] 0x1993810: "JiangHuFame6" (12 chars)
[SCAN] 0x1993840: "JiangHuFame9" (12 chars)
[SCAN] 0x1993858: "TitleEffect" (11 chars)
[SCAN] 0x1993870: "TopEffect" (9 chars)
[SCAN] 0x19939fc: "NanGong_BG24" (12 chars)
[SCAN] 0x1993a14: "NanGong3" (8 chars)
[SCAN] 0x1993c78: "YiGui_WZ6" (9 chars)
[SCAN] 0x1993c90: "YiGui_WZ7" (9 chars)
[SCAN] 0x1993ca8: "YiGui_WZ8" (9 chars)
[SCAN] 0x1993e78: "NanGong_BG24" (12 chars)
[SCAN] 0x1993ee8: "Rotation[" (9 chars)
[SCAN] 0x1993fa8: "InActive" (8 chars)
[SCAN] 0x1993fc0: "xdqipai_zheBG" (13 chars)
[SCAN] 0x1994008: "CardType" (8 chars)
[SCAN] 0x1994020: "HeroSeat" (8 chars)
[SCAN] 0x1994038: "OtherSeat" (9 chars)
[SCAN] 0x1994050: "PublicSeat" (10 chars)
[SCAN] 0x1994164: "CoatStor_GoRank" (15 chars)
[SCAN] 0x1994194: "BigActive" (9 chars)
[SCAN] 0x19942d4: "RFT_anscjh" (10 chars)
[SCAN] 0x1994304: "RFT_anscjh" (10 chars)
[SCAN] 0x199431c: "PirateJX_BG28" (13 chars)
[SCAN] 0x1994334: "PirateJX_BG29" (13 chars)
[SCAN] 0x199434c: "PirateJX_BG30" (13 chars)
[SCAN] 0x1994364: "PirateJX_ui36" (13 chars)
[SCAN] 0x199437c: "PirateJX_ui37" (13 chars)
[SCAN] 0x1994394: "PirateJX_ui38" (13 chars)
[SCAN] 0x19943ac: "PirateJX_ui39" (13 chars)
[SCAN] 0x19943c4: "PirateJX_Pic19" (14 chars)
[SCAN] 0x19943dc: "PirateJX_Pic20" (14 chars)
[SCAN] 0x19945a4: "dragontop10" (11 chars)
[SCAN] 0x19945bc: "dragontop11" (11 chars)
[SCAN] 0x19945d4: "Xinshop_WZ5" (11 chars)
[SCAN] 0x19945ec: "Xinshop_WZ6" (11 chars)
[SCAN] 0x1994654: "UserCount" (9 chars)
[SCAN] 0x1994760: "CoatStor_on" (11 chars)
[SCAN] 0x1994b30: "BoYiLevReq" (10 chars)
[SCAN] 0x1994b48: "CoolTime" (8 chars)
[SCAN] 0x1994b78: "FreeBeMore" (10 chars)
[SCAN] 0x1994b90: "LessBoYiLev" (11 chars)
[SCAN] 0x1994d80: "OccupyDays" (10 chars)
[SCAN] 0x1994d98: "GetPrize" (8 chars)
[SCAN] 0x1994dc8: "Fruits_go" (9 chars)
[SCAN] 0x1994de0: "Fruits_yj" (9 chars)
[SCAN] 0x1994df8: "fruits_yj2" (10 chars)
[SCAN] 0x1994e28: "Fruits_BossBG" (13 chars)
[SCAN] 0x1994e40: "Fruits_bossjs" (13 chars)
[SCAN] 0x1994e58: "Fruits_szgd" (11 chars)
[SCAN] 0x1994e88: "777_jackpot_3" (13 chars)
[SCAN] 0x1994ea0: "Fruits_lhqz" (11 chars)
[SCAN] 0x1994ed0: "Ydaojishi" (9 chars)
[SCAN] 0x1994f30: "Successful" (10 chars)
[SCAN] 0x19950ec: "GetMoney" (8 chars)
[SCAN] 0x1995104: "Immediately" (11 chars)
[SCAN] 0x199511c: "HandingEvent" (12 chars)
[SCAN] 0x1995284: "Login_xRedBtn" (13 chars)
[SCAN] 0x199529c: "Xinshop_Pic8" (12 chars)
[SCAN] 0x19952cc: "Xinshop_Pic9" (12 chars)
[SCAN] 0x19952e4: "Xinshop_BG" (10 chars)
[SCAN] 0x19952fc: "Xinshop_BG14" (12 chars)
[SCAN] 0x1995318: "Xinshop_BG11" (12 chars)
[SCAN] 0x1995348: "Xinshop_WZ5" (11 chars)
[SCAN] 0x1995360: "Xinshop_WZ6" (11 chars)
[SCAN] 0x1995788: "PirateJX_BG13" (13 chars)
[SCAN] 0x19957a0: "PirateJX_Pic4" (13 chars)
[SCAN] 0x19957e8: "ChatText" (8 chars)
[SCAN] 0x1995800: "TalkSkin" (8 chars)
[SCAN] 0x1995818: "PirateJX_ui55" (13 chars)
[SCAN] 0x1995830: "PirateJX_ui57" (13 chars)
[SCAN] 0x1995848: "PirateJX_ui53" (13 chars)
[SCAN] 0x1995860: "PirateJX_ui54" (13 chars)
[SCAN] 0x1995878: "PirateJX_ui56" (13 chars)
[SCAN] 0x1995890: "PirateJX_ui52" (13 chars)
[SCAN] 0x1995b00: "Friend_WZ17" (11 chars)
[SCAN] 0x1995b18: "Friend_WZ17" (11 chars)
[SCAN] 0x1995b30: "Friend_WZ17" (11 chars)
[SCAN] 0x1995c98: "MagicDef" (8 chars)
[SCAN] 0x1995dfc: "Subscribe" (9 chars)
[SCAN] 0x1995e14: "UnSubscribe" (11 chars)
[SCAN] 0x1995e74: "ckxinxi_nanPic" (14 chars)
[SCAN] 0x1995e8c: "ckxinxi_nvPic" (13 chars)
[SCAN] 0x1996314: "ckxinxi_nanPic" (14 chars)
[SCAN] 0x199632c: "ckxinxi_nvPic" (13 chars)
[SCAN] 0x1996560: "xdliaot_btn1" (12 chars)
[SCAN] 0x1996680: "FruitLobby" (10 chars)
[SCAN] 0x19966c8: "NewTexas" (8 chars)
[SCAN] 0x1997898: "selectedOver" (12 chars)
[SCAN] 0x1999334: "Sound/SHSHF.wav" (15 chars)
[SCAN] 0x199934c: "Sound/SHSHM.wav" (15 chars)
[SCAN] 0x1999444: "Content-Type:" (13 chars)
[SCAN] 0x1999bb0: "Sound/SHWin.wav" (15 chars)
[SCAN] 0x1999bc8: "Sound/SHEnd.wav" (15 chars)
[SCAN] 0x199a254: "ani/Gouyu.ani" (13 chars)
[SCAN] 0x199a274: "ani/Magic.ani" (13 chars)
[SCAN] 0x199a450: "Sound/SHWin.wav" (15 chars)
[SCAN] 0x199a468: "Sound/SHEnd.wav" (15 chars)
[SCAN] 0x199b058: "haha.99.com" (11 chars)
[SCAN] 0x199b088: "Content-Type:" (13 chars)
[SCAN] 0x199b340: "@BACHJIKDFEGLNMO`bachjikdfeglnmoPRQSXZY[TVUW\^]_prqsxzy{tvuw|~}" (63 chars)
[SCAN] 0x19a01c0: "GenuineIntelAuthenticAMDCentaurHauls" (36 chars)
[SCAN] 0x19a01f8: ".?AVexception@std@@" (19 chars)
[SCAN] 0x19a0214: ".?AVlogic_error@std@@" (21 chars)
[SCAN] 0x19a0234: ".?AVCObject@@" (13 chars)
[SCAN] 0x19a024c: ".?AVCCmdTarget@@" (16 chars)
[SCAN] 0x19a02ac: ".?AVCMyShellApp@@" (17 chars)
[SCAN] 0x19a02c8: ".?AVCWinApp@@" (13 chars)
[SCAN] 0x19a02e0: ".?AVCWinThread@@" (16 chars)
[SCAN] 0x19a02fc: ".?AVCWnd@@" (10 chars)
[SCAN] 0x19a0310: ".?AVCDialog@@" (13 chars)
[SCAN] 0x19a0328: ".?AV_Ref_count_base@std@@" (25 chars)
[SCAN] 0x19a034c: ".?AVIRender@@" (13 chars)
[SCAN] 0x19a0364: ".?AVCUIAniRender@@" (18 chars)
[SCAN] 0x19a0380: ".?AVCUIEffectRender@@" (21 chars)
[SCAN] 0x19a03a0: ".?AVCMyCounter@@" (16 chars)
[SCAN] 0x19a03bc: ".?AVCMyTimer@@" (14 chars)
[SCAN] 0x19a03d4: ".?AVCMyDialog@@" (15 chars)
[SCAN] 0x19a03ec: ".?AVCDlgTYXJLotteryProcess@@" (28 chars)
[SCAN] 0x19a0414: ".?AVCDlgTYXJLotteryMain@@" (25 chars)
[SCAN] 0x19a0438: ".PBVCOwnerStatic@@" (18 chars)
[SCAN] 0x19a0453: "!.?AVWindow@fairygui@@" (22 chars)
[SCAN] 0x19a0474: ".?AVCMyWindow@@" (15 chars)
[SCAN] 0x19a048b: "!.?AVGObject@fairygui@@" (23 chars)
[SCAN] 0x19a04ab: "!.?AVGList@fairygui@@" (21 chars)
[SCAN] 0x19a04cc: ".?AVCComPinnacleRaceListItem@@" (30 chars)
[SCAN] 0x19a04f4: ".?AVRef@cocos2d@@" (17 chars)
[SCAN] 0x19a0510: ".?AVCMyFace@@" (13 chars)
[SCAN] 0x19a0527: "!.?AVGGroup@fairygui@@" (22 chars)
[SCAN] 0x19a0548: ".?AVGRichTextField@fairygui@@" (29 chars)
[SCAN] 0x19a056f: "!.?AVGImage@fairygui@@" (22 chars)
[SCAN] 0x19a058f: "!.?AVGTextField@fairygui@@" (26 chars)
[SCAN] 0x19a05b3: "!.?AVGButton@fairygui@@" (23 chars)
[SCAN] 0x19a05d3: "!.?AVGComponent@fairygui@@" (26 chars)
[SCAN] 0x19a05f7: "!.?AVGLoader@fairygui@@" (23 chars)
[SCAN] 0x19a0617: "!.?AVGComboBox@fairygui@@" (25 chars)
[SCAN] 0x19a063c: ".?AVGProgressBar@fairygui@@" (27 chars)
[SCAN] 0x19a0660: ".?AVCFDlgPrimordialSpiritBagItemTip@@" (37 chars)
[SCAN] 0x19a0690: ".?AVCFDlgPrimordialSpiritTempTip@@" (34 chars)
[SCAN] 0x19a06bc: ".?AVCPrimordialSpiritCard@@" (27 chars)
[SCAN] 0x19a06e0: ".?AVCMyItem@@" (13 chars)
[SCAN] 0x19a06f8: ".?AVCMyMagic@@" (14 chars)
[SCAN] 0x19a0710: ".?AVCComMyPinnacleRank@@" (24 chars)
[SCAN] 0x19a0734: ".?AVCComDominoPointTableResult@@" (32 chars)
[SCAN] 0x19a07c0: ".P6APAVCComDominoPointTableResult@@XZ" (37 chars)
[SCAN] 0x19a0a0c: ".P6APAVCComMyPinnacleRank@@XZ" (29 chars)
[SCAN] 0x19a0a34: ".P6APAVCComPinnacleRaceListItem@@XZ" (35 chars)
[SCAN] 0x19a0a60: ".?AV<lambda_8ac7c6a97c0d38d59ac0d1fd9457ae27>@@" (47 chars)
[SCAN] 0x19a0a98: ".?AV<lambda_68369981aee4cff36fef421f2bc077bd>@@" (47 chars)
[SCAN] 0x19a0ba8: ".?AV<lambda_9195aa36321f2474c30762a51ff7d944>@@" (47 chars)
[SCAN] 0x19a0be0: ".P6APAVCPrimordialSpiritCard@@XZ" (32 chars)
[SCAN] 0x19a0c0c: ".P6APAVCFDlgPrimordialSpiritTempTip@@XZ" (39 chars)
[SCAN] 0x19a0c3c: ".P6APAVCFDlgPrimordialSpiritBagItemTip@@XZ" (42 chars)
[SCAN] 0x19a0cec: ".?AV<lambda_42b4d163909b7ac7f827b435345f95d0>@@" (47 chars)
[SCAN] 0x19a0e3c: ".?AV?$_Func_base@X$$V@std@@" (27 chars)
[SCAN] 0x19a0e60: ".?AV?$_Func_base@XPAVGTweener@fairygui@@@std@@" (46 chars)
[SCAN] 0x19a0e98: ".?AVCOwnerStatic@@" (18 chars)
[SCAN] 0x19a0eb4: ".?AVCOwnerDrawCtrl@@" (20 chars)
[SCAN] 0x19a0ed4: ".?AVCMyWidget@@" (15 chars)
[SCAN] 0x19a0eec: ".?AVCBoYi7DaysCtrl@@" (20 chars)
[SCAN] 0x19a0f0c: ".?AVCDlgBoYiActivity7Day@@" (26 chars)
[SCAN] 0x19a0f30: ".?AVIAniSwitchCallback@@" (24 chars)
[SCAN] 0x19a0f54: ".?AV?$_Func_base@XPAVEventContext@fairygui@@@std@@" (50 chars)
[SCAN] 0x19a0f90: ".?AVMultLangProtocol@@" (22 chars)
[SCAN] 0x19a0fb0: ".?AV?$_Func_base@PAVGComponent@fairygui@@$$V@std@@" (50 chars)
[SCAN] 0x19a0fec: ".?AVCTweenable@fairygui@@" (25 chars)
[SCAN] 0x19a1010: ".?AVUIEventDispatcher@fairygui@@" (32 chars)
[SCAN] 0x19a103c: ".?AV?$_Func_base@XHPAVGObject@fairygui@@@std@@" (46 chars)
[SCAN] 0x19a1074: ".?AVCDlgAddPrestige@@" (21 chars)
[SCAN] 0x19a1094: ".?AVCDlgEnemyInvadeExpedition@@" (31 chars)
[SCAN] 0x19a10bc: ".?AVCDlgMountAppendConfirm@@" (28 chars)
[SCAN] 0x19a10e4: ".?AVCDlgXuanBaoFuse@@" (21 chars)
[SCAN] 0x19a1104: ".?AVCItemProcess@@" (18 chars)
[SCAN] 0x19a1120: ".?AVCDlgEquipRefineRankTips@@" (29 chars)
[SCAN] 0x19a1148: ".?AVCDlgFamilyRaceMiniName@@" (28 chars)
[SCAN] 0x19a1170: ".?AVCDlgGuideUniversal@@" (24 chars)
[SCAN] 0x19a1194: ".?AVCDlgHundredWeaponsSkillCd@@" (31 chars)
[SCAN] 0x19a11bc: ".?AVCDlgLeagueFrame@@" (21 chars)
[SCAN] 0x19a11dc: ".?AVCDlgLotteryProbability@@" (28 chars)
[SCAN] 0x19a1204: ".?AVCMyFGUIDialog@@" (19 chars)
[SCAN] 0x19a1220: ".?AVCDlgGiftRankDetail@@" (24 chars)
[SCAN] 0x19a1244: ".?AVCDlgAutionBuyConfirm@@" (26 chars)
[SCAN] 0x19a1268: ".?AVCDlgAddAward@@" (18 chars)
[SCAN] 0x19a1284: ".?AVCDlgDragonSkinRank@@" (24 chars)
[SCAN] 0x19a12a8: ".?AVCDlgSynGoodBuy@@" (20 chars)
[SCAN] 0x19a12c8: ".?AVCDlgFactionDonate@@" (23 chars)
[SCAN] 0x19a12e8: ".?AVCDlgFuse@@" (14 chars)
[SCAN] 0x19a1300: ".?AVIPickUpProcess@@" (20 chars)
[SCAN] 0x19a1320: ".?AVCDataMigrationObserver@@" (28 chars)
[SCAN] 0x19a1348: ".?AVCDlgRuneBag@@" (17 chars)
[SCAN] 0x19a1364: ".?AVCDlgTeamArenaOpponent@@" (27 chars)
[SCAN] 0x19a1388: ".?AVCDlgTradeBuddyStatus@@" (26 chars)
[SCAN] 0x19a13ac: ".?AVCDlgCommanderFace@@" (23 chars)
[SCAN] 0x19a13cc: ".?AVCDlgNewLotteryRank@@" (24 chars)
[SCAN] 0x19a13f0: ".?AVCDlgNinjaSkillIdentity@@" (28 chars)
[SCAN] 0x19a1418: ".?AVCDlgOrderSalary@@" (21 chars)
[SCAN] 0x19a1438: ".?AVCDlgPirateLotteryGetItem@@" (30 chars)
[SCAN] 0x19a1460: ".?AVCDlgProUpgrade@@" (20 chars)
[SCAN] 0x19a1480: ".?AVCDlgQuickBackServerBtn@@" (28 chars)
[SCAN] 0x19a14a8: ".?AVCDlgRechargeReward@@" (24 chars)
[SCAN] 0x19a14cc: ".?AVCDlgShopExeEntrance@@" (25 chars)
[SCAN] 0x19a14f0: ".?AVCDlgSmeltRecord@@" (21 chars)
[SCAN] 0x19a1510: ".?AVCDlgTexasMFunTopLeft@@" (26 chars)
[SCAN] 0x19a1534: ".?AVCDlgTournamentAllMain@@" (27 chars)
[SCAN] 0x19a1558: ".?AVCDlgTYXJLotteryYMZ@@" (24 chars)
[SCAN] 0x19a157c: ".?AVCDlgWarFlagResultMain@@" (27 chars)
[SCAN] 0x19a15a0: ".?AVCFDlgPrimordialSpiritUpgrade@@" (34 chars)
[SCAN] 0x19a15cc: ".?AVIMyWindowEvent@@" (20 chars)
[SCAN] 0x19a15ec: ".?AVCDlgPrimordialSpiritUpgrade@@" (33 chars)
[SCAN] 0x19a1618: ".?AVCAdjustGUIMgr@@" (19 chars)
[SCAN] 0x19a1634: ".?AVCDlgPinnacleRaceRank@@" (26 chars)
[SCAN] 0x19a1658: ".?AVCFDlgPinnacleRaceRank@@" (27 chars)
[SCAN] 0x19a167c: ".?AVCFDlgDominoPointTableResult@@" (33 chars)
[SCAN] 0x19a16a8: ".?AVCDlgDominoPointTableResult@@" (32 chars)
[SCAN] 0x19a16d4: ".?AVCFDlgSwordsmanAwakenPurchaseQuickly@@" (41 chars)
[SCAN] 0x19a1708: ".?AVCDlgSwordsmanAwakenPurchaseQuickly@@" (40 chars)
[SCAN] 0x19a173c: ".?AV?$_Ref_count@VCPlayer@@@std@@" (33 chars)
[SCAN] 0x19a1768: ".?AV?$_Ref_count@VCItem@@@std@@" (31 chars)
[SCAN] 0x19a23d0: ".?AVCButton@@" (13 chars)
[SCAN] 0x19a23e8: ".PBVCMyCheck@@" (14 chars)
[SCAN] 0x19a2400: ".?AVCDlgAuction@@" (17 chars)
[SCAN] 0x19a241c: ".?AVGGraph@fairygui@@" (21 chars)
[SCAN] 0x19a243c: ".?AVCWarriorMonkAwakenGuidance@@" (32 chars)
[SCAN] 0x19a2468: ".?AVCWarriorMonkAnimal@@" (24 chars)
[SCAN] 0x19a248c: ".?AVCWarriorMonkAwakenHomePageRole@@" (36 chars)
[SCAN] 0x19a24bc: ".?AVCWarriorMonkAwakenHomePageAutoUseItem@@" (43 chars)
[SCAN] 0x19a24f0: ".?AVCOSSynWarResultBase@@" (25 chars)
[SCAN] 0x19a2514: ".?AVCMyRole@@" (13 chars)
[SCAN] 0x19a252c: ".?AVCRankFirstCard@@" (20 chars)
[SCAN] 0x19a254c: ".?AVCSwordsmanAwakenUpgradeAcupointTip@@" (40 chars)
[SCAN] 0x19a2580: ".?AVCSwordsmanAwakenUpgradeView@@" (33 chars)
[SCAN] 0x19a25ac: ".?AVCSwordsmanAwakenUpgradeRole@@" (33 chars)
[SCAN] 0x19a25d8: ".?AVCSwordsmanAwakenUpgradeProcess@@" (36 chars)
[SCAN] 0x19a2608: ".?AVCSwordsmanAwakenUpgradeOthers@@" (35 chars)
[SCAN] 0x19a2634: ".?AVCSwordsmanAwakenUpgradeAttribute@@" (38 chars)
[SCAN] 0x19a2664: ".?AVCSwordsmanAwakenUpgradeMagic@@" (34 chars)
[SCAN] 0x19a281c: ".P6APAVCSwordsmanAwakenUpgradeOthers@@XZ" (40 chars)
[SCAN] 0x19a2850: ".P6APAVCSwordsmanAwakenUpgradeView@@XZ" (38 chars)
[SCAN] 0x19a2880: ".P6APAVCSwordsmanAwakenUpgradeRole@@XZ" (38 chars)
[SCAN] 0x19a28b0: ".P6APAVCSwordsmanAwakenUpgradeAcupointTip@@XZ" (45 chars)
[SCAN] 0x19a28e8: ".P6APAVCSwordsmanAwakenUpgradeProcess@@XZ" (41 chars)
[SCAN] 0x19a291c: ".P6APAVCSwordsmanAwakenUpgradeMagic@@XZ" (39 chars)
[SCAN] 0x19a294c: ".P6APAVCSwordsmanAwakenUpgradeAttribute@@XZ" (43 chars)
[SCAN] 0x19a2ca4: ".P6APAVCRankFirstCard@@XZ" (25 chars)
[SCAN] 0x19a2df0: ".P6APAVCOSSynWarResultFinals@@XZ" (32 chars)
[SCAN] 0x19a2e1c: ".P6APAVCOSSynWarResultEliminated@@XZ" (36 chars)
[SCAN] 0x19a2efc: ".P6APAVCWarriorMonkAwakenHomePageAutoUseItem@@XZ" (48 chars)
[SCAN] 0x19a2f38: ".P6APAVCWarriorMonkAwakenGuidance@@XZ" (37 chars)
[SCAN] 0x19a2f68: ".P6APAVCWarriorMonkAwakenHomePageRole@@XZ" (41 chars)
[SCAN] 0x19a2f9c: ".P6APAVCWarriorMonkAnimal@@XZ" (29 chars)
[SCAN] 0x19a31b8: ".?AVCMyFGUIWnd@@" (16 chars)
[SCAN] 0x19a31d4: ".?AVTouch@cocos2d@@" (19 chars)
[SCAN] 0x19a31f0: ".?AVCDlgBoYiActivityRebate@@" (28 chars)
[SCAN] 0x19a3218: ".?AVCMyCheck@@" (14 chars)
[SCAN] 0x19a3230: ".?AVCDlgAlwaysShowActBtn@@" (26 chars)
[SCAN] 0x19a3254: ".?AVCDlgTeamArenaWinsRank@@" (27 chars)
[SCAN] 0x19a3278: ".?AVCDlgAddRepairNum@@" (22 chars)
[SCAN] 0x19a3298: ".?AVCDlgDragonCityWarCurentEventInfo@@" (38 chars)
[SCAN] 0x19a32c8: ".?AVIDragonCityUIProcess@@" (26 chars)
[SCAN] 0x19a32ec: ".?AVCDlgDragonSoulShop@@" (24 chars)
[SCAN] 0x19a3310: ".?AVCDlgLotteryRankReview@@" (27 chars)
[SCAN] 0x19a3334: ".?AVCDlgEnemyInvadeExpeditionAward@@" (36 chars)
[SCAN] 0x19a3364: ".?AVCDlgXuanBaoRepair@@" (23 chars)
[SCAN] 0x19a3384: ".?AVCDlgEquipRefineSubRank@@" (28 chars)
[SCAN] 0x19a33ac: ".?AVCDlgFamilyRaceQualify@@" (27 chars)
[SCAN] 0x19a33d0: ".?AVCDlgGambleConfirm@@" (23 chars)
[SCAN] 0x19a33f0: ".?AVCSkillSetCtrl@@" (19 chars)
[SCAN] 0x19a340c: ".?AVCDlgHundredWeaponsSkillSet@@" (32 chars)
[SCAN] 0x19a3438: ".?AVCDlgLeagueInfo@@" (20 chars)
[SCAN] 0x19a3458: ".?AVCDlgAutoHangUp@@" (20 chars)
[SCAN] 0x19a3478: ".?AVCDlgFactionEnrolling@@" (26 chars)
[SCAN] 0x19a349c: ".?AVCDlgSynMaterials@@" (22 chars)
[SCAN] 0x19a34bc: ".?AVCDlgGuildGate@@" (19 chars)
[SCAN] 0x19a34d8: ".?AVCDlgMountIcon@@" (19 chars)
[SCAN] 0x19a34f4: ".?AVCDlgOrganize@@" (18 chars)
[SCAN] 0x19a3510: ".?AVCDlgRuneBagAddition@@" (25 chars)
[SCAN] 0x19a3534: ".?AVCMyRouletteNeedle@@" (23 chars)
[SCAN] 0x19a3554: ".?AVCDlgCServerConfirm@@" (24 chars)
[SCAN] 0x19a3578: ".?AVCDlgUpdateNotice@@" (22 chars)
[SCAN] 0x19a3598: ".?AVCDlgNewLotteryRankChange@@" (30 chars)
[SCAN] 0x19a35c0: ".?AVCDlgNinjaSkillMagic@@" (25 chars)
[SCAN] 0x19a35e4: ".?AVCGouYuDialog@@" (18 chars)
[SCAN] 0x19a3600: ".?AVCDlgPirateLotteryPreview@@" (30 chars)
[SCAN] 0x19a3628: ".?AVCDlgQuickBuidCostItem@@" (27 chars)
[SCAN] 0x19a364c: ".?AVCDlgProUpgradeTitle@@" (25 chars)
[SCAN] 0x19a3670: ".?AVCDlgTradeBuddyStatusRevoke@@" (32 chars)
[SCAN] 0x19a369c: ".?AVCDlgShowHandAudienceExpand@@" (32 chars)
[SCAN] 0x19a36c8: ".?AVCDlgSoldierHeart@@" (22 chars)
[SCAN] 0x19a36e8: ".?AVCDlgTexasMFunTopLeftMenu@@" (30 chars)
[SCAN] 0x19a3710: ".?AVCDlgWarFlagResultPlayer@@" (29 chars)
[SCAN] 0x19a3738: ".?AVCBkWnd@@" (12 chars)
[SCAN] 0x19a3750: ".?AVCFDlgPrimordialSpiritUpgradeSuc@@" (37 chars)
[SCAN] 0x19a3780: ".?AVCDlgPrimordialSpiritUpgradeSuc@@" (36 chars)
[SCAN] 0x19a37b0: ".?AVCFDlgFriendRoomTexas@@" (26 chars)
[SCAN] 0x19a37d4: ".?AVCDlgFriendRoomTexas@@" (25 chars)
[SCAN] 0x19a37f8: ".?AVCFDlgWarriorMonkAwakenHomePage@@" (36 chars)
[SCAN] 0x19a3828: ".?AVCDlgWarriorMonkAwakenHomePage@@" (35 chars)
[SCAN] 0x19a3854: ".?AVCFDlgOSSynWarResult@@" (25 chars)
[SCAN] 0x19a3878: ".?AVCDlgOSSynWarResult@@" (24 chars)
[SCAN] 0x19a389c: ".?AVCOSSynWarResultEliminated@@" (31 chars)
[SCAN] 0x19a38c4: ".?AVCOSSynWarResultFinals@@" (27 chars)
[SCAN] 0x19a38e8: ".?AVCFDlgFlowerRankMainNew@@" (28 chars)
[SCAN] 0x19a3910: ".?AVCDlgFlowerRankMainNew@@" (27 chars)
[SCAN] 0x19a3934: ".?AVCFDlgSwordsmanAwakenUpgrade@@" (33 chars)
[SCAN] 0x19a3960: ".?AVCDlgSwordsmanAwakenUpgrade@@" (32 chars)
[SCAN] 0x19a398c: ".?AV?$_Func_base@XPBDHMPBDPBD@std@@" (35 chars)
[SCAN] 0x19a4efc: ".PAVCException@@" (16 chars)
[SCAN] 0x19a4f18: ".?AVCGdiObject@@" (16 chars)
[SCAN] 0x19a4f34: ".?AVCBitmap@@" (13 chars)
[SCAN] 0x19a4f4c: ".?AVCRgn@@" (10 chars)
[SCAN] 0x19a4f60: ".?AVCDlgFastBuy@@" (17 chars)
[SCAN] 0x19a4f7c: ".?AVCFDlgMagicTipContainer@@" (28 chars)
[SCAN] 0x19a4fa4: ".?AVCMagicCtrl@@" (16 chars)
[SCAN] 0x19a4fc0: ".?AVCMyGrid@@" (13 chars)
[SCAN] 0x19a4fd8: ".?AVCFDlgActionWrapPackage@@" (28 chars)
[SCAN] 0x19a5000: ".?AVCActionItem@@" (17 chars)
[SCAN] 0x19a501c: ".?AVCMy3DUIEffect@@" (19 chars)
[SCAN] 0x19a5088: ".?AV<lambda_dd84a90fc4fa5304bae8f0f84cb27750>@@" (47 chars)
[SCAN] 0x19a5194: ".P6APAVCActionItem@@XZ" (22 chars)
[SCAN] 0x19a5358: ".?AVI3DEffectEvent@@" (20 chars)
[SCAN] 0x19a5378: ".?AVCDlg1stOfferOrderHistory@@" (30 chars)
[SCAN] 0x19a53a0: ".?AVCDlgAnnualHeroDetail@@" (26 chars)
[SCAN] 0x19a53c4: ".?AVCDlgChallengeBoss@@" (23 chars)
[SCAN] 0x19a53e4: ".?AVCDlgCountryAdministration@@" (31 chars)
[SCAN] 0x19a540c: ".?AVCDlgDaoistWordsGuide@@" (26 chars)
[SCAN] 0x19a5430: ".?AVCDlgDragonCityWarCampList@@" (31 chars)
[SCAN] 0x19a5458: ".?AVCDlgEctypteInvite@@" (23 chars)
[SCAN] 0x19a5478: ".?AVCEquSpecialEffectUpgradeEffectEvent@@" (41 chars)
[SCAN] 0x19a54ac: ".?AVCDlgEquSpecialEffectUpgrade@@" (33 chars)
[SCAN] 0x19a54d8: ".?AVCDlgReduceDmg@@" (19 chars)
[SCAN] 0x19a54f4: ".?AVCItemProcessRedDot@@" (24 chars)
[SCAN] 0x19a5518: ".?AVCDlgEquFrame@@" (18 chars)
[SCAN] 0x19a5534: ".?AVCDlgGameWithQuickTalk@@" (27 chars)
[SCAN] 0x19a5558: ".?AVCDlgGlobalLotteryManage@@" (29 chars)
[SCAN] 0x19a5580: ".?AVIInstanceAuctionCallback@@" (30 chars)
[SCAN] 0x19a55a8: ".?AVCDlgInstanceAuction@@" (25 chars)
[SCAN] 0x19a55cc: ".?AVCItemTipBase@@" (18 chars)
[SCAN] 0x19a55e8: ".?AVCDlgLeagueRename@@" (22 chars)
[SCAN] 0x19a5608: ".?AVCDlgBattleObserveInfo@@" (27 chars)
[SCAN] 0x19a562c: ".?AVCMyTimeKeeper@@" (19 chars)
[SCAN] 0x19a5648: ".?AVCDlgFactionRecruitCondition@@" (33 chars)
[SCAN] 0x19a5674: ".?AVCDlgHeroAttri@@" (19 chars)
[SCAN] 0x19a5690: ".?AVCDlgPKLogIntro@@" (20 chars)
[SCAN] 0x19a56b0: ".?AVCDlgMagicEffect@@" (21 chars)
[SCAN] 0x19a56d0: ".?AVCDlgTalk@@" (14 chars)
[SCAN] 0x19a56e8: ".?AVCDlgTrainingVitalityProtect@@" (33 chars)
[SCAN] 0x19a5714: ".?AVCDlgQuizStartAD@@" (21 chars)
[SCAN] 0x19a5734: ".?AVCDlgWarriorAwakeGuide@@" (27 chars)
[SCAN] 0x19a5758: ".?AVCDlgMsgBoxName@@" (20 chars)
[SCAN] 0x19a5778: ".?AVCDlgNewTexasMTTHallMain@@" (29 chars)
[SCAN] 0x19a57a0: ".?AVINewTeaxsMTTCallBack@@" (26 chars)
[SCAN] 0x19a57c4: ".?AVIMTTEventUIProcess@@" (24 chars)
[SCAN] 0x19a57e8: ".?AVCDlgNewSynWarDoorBtn@@" (26 chars)
[SCAN] 0x19a580c: ".?AVCDlgNinjaTruingOpen@@" (25 chars)
[SCAN] 0x19a5830: ".?AVCDlgOwnKongfuImproveAutoHint@@" (34 chars)
[SCAN] 0x19a585c: ".?AVCDlgVassalWarResult@@" (25 chars)
[SCAN] 0x19a5880: ".?AVCDlgQLPrizeTip@@" (20 chars)
[SCAN] 0x19a58a0: ".?AVCDlgRuneSkill@@" (19 chars)
[SCAN] 0x19a58bc: ".?AVCDlgShowHandRaceInfoExpand@@" (32 chars)
[SCAN] 0x19a58e8: ".?AVCDlgSoldierServantUpgrade@@" (31 chars)
[SCAN] 0x19a5910: ".?AVCDlgTexasReloadMask@@" (25 chars)
[SCAN] 0x19a5934: ".?AVCDlgFightDragonCityOrganRank@@" (34 chars)
[SCAN] 0x19a5960: ".?AVCMagicTipResizeObserver@@" (29 chars)
[SCAN] 0x19a5988: ".?AVCFDlgSurvivorResult@@" (25 chars)
[SCAN] 0x19a59ac: ".?AVCDlgSurvivorResult@@" (24 chars)
[SCAN] 0x19a59d0: ".?AVCDlgActionWrapPackage@@" (27 chars)
[SCAN] 0x19a59f4: ".?AVCFDlgOSSynWarWaiting@@" (26 chars)
[SCAN] 0x19a5a18: ".?AVCDlgOSSynWarWaiting@@" (25 chars)
[SCAN] 0x19a5a3c: ".?AVCFDlgSkillCoatView@@" (24 chars)
[SCAN] 0x19a5a60: ".?AVCDlgSkillCoatView@@" (23 chars)
[SCAN] 0x19a5fcc: ".?AV?$collate@G@std@@" (21 chars)
[SCAN] 0x19a5fec: ".?AV_Node_base@std@@" (20 chars)
[SCAN] 0x19a600c: ".?AV_Root_node@std@@" (20 chars)
[SCAN] 0x19a602c: ".?AV_Node_end_group@std@@" (25 chars)
[SCAN] 0x19a6050: ".?AV_Node_assert@std@@" (22 chars)
[SCAN] 0x19a6070: ".?AV_Node_capture@std@@" (23 chars)
[SCAN] 0x19a6090: ".?AV_Node_back@std@@" (20 chars)
[SCAN] 0x19a60b0: ".?AV_Node_endif@std@@" (21 chars)
[SCAN] 0x19a60d0: ".?AV_Node_if@std@@" (18 chars)
[SCAN] 0x19a60ec: ".?AV_Node_rep@std@@" (19 chars)
[SCAN] 0x19a6108: ".?AV_Node_end_rep@std@@" (23 chars)
[SCAN] 0x19a6128: ".?AV?$_Node_class@GV?$regex_traits@G@std@@@std@@" (48 chars)
[SCAN] 0x19a6164: ".?AV?$_Node_str@G@std@@" (23 chars)
[SCAN] 0x19a6184: ".?AVbad_cast@std@@" (18 chars)
[SCAN] 0x19a61a0: ".?AVfacet@locale@std@@" (22 chars)
[SCAN] 0x19a61c0: ".?AV_Facet_base@std@@" (21 chars)
[SCAN] 0x19a61e0: ".?AU_Crt_new_delete@std@@" (25 chars)
[SCAN] 0x19a6204: ".?AVCTreeCtrl@@" (15 chars)
[SCAN] 0x19a621c: ".PBVCMyTree@@" (13 chars)
[SCAN] 0x19a6234: ".?AVCDlgWrapPackage@@" (21 chars)
[SCAN] 0x19a6254: ".?AVCRewardItem@@" (17 chars)
[SCAN] 0x19a6270: ".?AVCWarriorMonkAwakenAnimalIntroView@@" (39 chars)
[SCAN] 0x19a62a0: ".?AVCFDlgTalkSkinPackage@@" (26 chars)
[SCAN] 0x19a62c4: ".?AVCTalkSkinItem@@" (19 chars)
[SCAN] 0x19a63a4: ".?AV<lambda_4bd14fa500ce6643e33785880c0d967c>@@" (47 chars)
[SCAN] 0x19a63dc: ".?AV<lambda_6d261b65a11e580341aded959aa5e03e>@@" (47 chars)
[SCAN] 0x19a64e0: ".P6APAVCTalkSkinItem@@XZ" (24 chars)
[SCAN] 0x19a65dc: ".P6APAVCWarriorMonkAwakenAnimalIntroView@@XZ" (44 chars)
[SCAN] 0x19a6668: ".?AV<lambda_b80aea8857774b2bc721dabe039244ee>@@" (47 chars)
[SCAN] 0x19a66a0: ".?AV<lambda_7f95254906b2046b14ceb8f899a76c3a>@@" (47 chars)
[SCAN] 0x19a66d8: ".?AV<lambda_5e00dd34c66e784864bce4f36c1fbab2>@@" (47 chars)
[SCAN] 0x19a6914: ".?AVCDlg1stStudent@@" (20 chars)
[SCAN] 0x19a6934: ".?AVINewLotteryActivityCallBack@@" (33 chars)
[SCAN] 0x19a6960: ".?AVITexasRaffleActivityCall@@" (30 chars)
[SCAN] 0x19a6988: ".?AVCDlgAnnualReward@@" (22 chars)
[SCAN] 0x19a69a8: ".?AVCMyEditEx@@" (15 chars)
[SCAN] 0x19a69c0: ".?AVCTqStr@@" (12 chars)
[SCAN] 0x19a69d8: ".?AVCMyTree@@" (13 chars)
[SCAN] 0x19a69f0: ".?AVCDlgPKNotice@@" (18 chars)
[SCAN] 0x19a6a0c: ".?AVCDlgCountryConcubinesList@@" (31 chars)
[SCAN] 0x19a6a34: ".?AVCDlgDragonCityWarEventFrame@@" (33 chars)
[SCAN] 0x19a6a60: ".?AVCEquSpecialEffectVariantEffectEvent@@" (41 chars)
[SCAN] 0x19a6a94: ".?AVCDlgEquSpecialEffectVariant@@" (33 chars)
[SCAN] 0x19a6ac0: ".?AVCDlgQLReforge@@" (19 chars)
[SCAN] 0x19a6adc: ".?AVCDlgEquipDegrade@@" (22 chars)
[SCAN] 0x19a6afc: ".?AVCDlgFastBuyConfirm@@" (24 chars)
[SCAN] 0x19a6b20: ".?AVCDlgGlobalLotteryResult@@" (29 chars)
[SCAN] 0x19a6b48: ".?AVCDlgLeagueRobRelation@@" (27 chars)
[SCAN] 0x19a6b6c: ".?AVCDlgMagicWeaponRank@@" (25 chars)
[SCAN] 0x19a6b90: ".?AVCDlgBattleObserveInfoSimple@@" (33 chars)
[SCAN] 0x19a6bbc: ".?AVCDlgEffigy@@" (16 chars)
[SCAN] 0x19a6bd8: ".?AVCDlgTalkAct@@" (17 chars)
[SCAN] 0x19a6bf4: ".?AVCDlgChallengeGangBoss@@" (27 chars)
[SCAN] 0x19a6c18: ".?AVCDlgGangActivities@@" (24 chars)
[SCAN] 0x19a6c3c: ".?AVCDlgFactionSetDiplo@@" (25 chars)
[SCAN] 0x19a6c60: ".?AVCDlgHeroAttriPoker@@" (24 chars)
[SCAN] 0x19a6c84: ".?AVCDlgInstanceReborn@@" (24 chars)
[SCAN] 0x19a6ca8: ".?AVCDlgRacePointShopRecommendPickUpProcess@@" (45 chars)
[SCAN] 0x19a6ce0: ".?AVCDlgRacePointShop@@" (23 chars)
[SCAN] 0x19a6d00: ".?AVCDlgRuneSys@@" (17 chars)
[SCAN] 0x19a6d1c: ".?AVCDlgTrainingVitalityProtectInfo@@" (37 chars)
[SCAN] 0x19a6d4c: ".?AVCDlgMsgBoxWrapShop@@" (24 chars)
[SCAN] 0x19a6d70: ".?AVIRoomCallback@@" (19 chars)
[SCAN] 0x19a6d8c: ".?AVIShowHandDealerChipCallback@@" (33 chars)
[SCAN] 0x19a6db8: ".?AVITexasResultCallback@@" (26 chars)
[SCAN] 0x19a6ddc: ".?AVCDlgNewSynWarInfo@@" (23 chars)
[SCAN] 0x19a6dfc: ".?AVCDlgNinjaTruingTip@@" (24 chars)
[SCAN] 0x19a6e20: ".?AVCDlgOwnKongfuImproveForce@@" (31 chars)
[SCAN] 0x19a6e48: ".?AVCDlgVassalWarSelect@@" (25 chars)
[SCAN] 0x19a6e6c: ".?AVCPropEvent@@" (16 chars)
[SCAN] 0x19a6e88: ".?AVCJoinButton@@" (17 chars)
[SCAN] 0x19a6ea4: ".?AVCMyButton@@" (15 chars)
[SCAN] 0x19a6ebc: ".?AVCDlgShowHandRoomControl@@" (29 chars)
[SCAN] 0x19a6ee4: ".?AVCImageSum@@" (15 chars)
[SCAN] 0x19a6efc: ".?AVCDlgSoldierServantUpgradeEff@@" (34 chars)
[SCAN] 0x19a6f28: ".?AVCDlgTexasResult@@" (21 chars)
[SCAN] 0x19a6f48: ".?AVCDlgRefineCompare@@" (23 chars)
[SCAN] 0x19a6f68: ".?AVCDlgWarriorGuide@@" (22 chars)
[SCAN] 0x19a6f88: ".?AVCDlgDealerChipBtn@@" (23 chars)
[SCAN] 0x19a6fa8: ".?AVCDlgFightDragonCityRewardDetail@@" (37 chars)
[SCAN] 0x19a6fd8: ".?AVCFDlgSurvivorReward@@" (25 chars)
[SCAN] 0x19a6ffc: ".?AVCDlgSurvivorReward@@" (24 chars)
[SCAN] 0x19a7020: ".?AVCFDlgFootEffectView@@" (25 chars)
[SCAN] 0x19a7044: ".?AVCDlgFootEffectView@@" (24 chars)
[SCAN] 0x19a7068: ".?AVCFDlgWarriorMonkAwakenAnimalIntro@@" (39 chars)
[SCAN] 0x19a7098: ".?AVCDlgWarriorMonkAwakenAnimalIntro@@" (38 chars)
[SCAN] 0x19a70c8: ".?AVCDlgTalkSkinPackage@@" (25 chars)
[SCAN] 0x19a70ec: ".?AVCFDlgRunePoFeng@@" (21 chars)
[SCAN] 0x19a710c: ".?AVCDlgRunePoFeng@@" (20 chars)
[SCAN] 0x19a7d04: ".?AVCTypeListBtnItem@@" (22 chars)
[SCAN] 0x19a7d24: ".?AVCFDlgFootEffectPackage@@" (28 chars)
[SCAN] 0x19a7d4c: ".?AVCFootEffectItem@@" (21 chars)
[SCAN] 0x19a7d6c: ".?AVCHeadItem@@" (15 chars)
[SCAN] 0x19a7de8: ".?AV<lambda_6085eae2edb9555379ad264fdbc01512>@@" (47 chars)
[SCAN] 0x19a7e6c: ".P6APAVCHeadItem@@XZ" (20 chars)
[SCAN] 0x19a7f00: ".P6APAVCTypeListBtnItem@@XZ" (27 chars)
[SCAN] 0x19a7f9c: ".?AV<lambda_5bc365ee0d32ce0f4cd6699ee7a3c21b>@@" (47 chars)
[SCAN] 0x19a80ac: ".P6APAVCFootEffectItem@@XZ" (26 chars)
[SCAN] 0x19a81c0: ".?AV<lambda_398830c7571c0c886f160ebfc161a4a3>@@" (47 chars)
[SCAN] 0x19a81f8: ".?AV<lambda_3ea2a1c3d9c794d1bab0757a151d79a9>@@" (47 chars)
[SCAN] 0x19a8540: ".?AVIMyAnimate@@" (16 chars)
[SCAN] 0x19a855c: ".?AVCDlg1stTutor@@" (18 chars)
[SCAN] 0x19a8578: ".?AVCAnnualRewardItem@@" (23 chars)
[SCAN] 0x19a8598: ".?AVCDlgAnnualRewardGetAll@@" (28 chars)
[SCAN] 0x19a85c0: ".?AVCDlgBattlePassShop@@" (24 chars)
[SCAN] 0x19a85e4: ".?AVCDlgChangeColorPreview@@" (28 chars)
[SCAN] 0x19a860c: ".?AVCDlgCountryMemList@@" (24 chars)
[SCAN] 0x19a8630: ".?AVCDlgDelGiftLog@@" (20 chars)
[SCAN] 0x19a8650: ".?AVCDlgElitePKFinal@@" (22 chars)
[SCAN] 0x19a8670: ".?AVCDlgEquipEffectsPreview@@" (29 chars)
[SCAN] 0x19a8698: ".?AVCDlgFactionShop@@" (21 chars)
[SCAN] 0x19a86b8: ".?AVCDlgFlowerRank@@" (20 chars)
[SCAN] 0x19a86d8: ".?AVCDlgDragonCityWarFrame@@" (28 chars)
[SCAN] 0x19a8700: ".?AVCDlgQLResolve@@" (19 chars)
[SCAN] 0x19a871c: ".?AVCDlgGodWeaponBtn@@" (22 chars)
[SCAN] 0x19a873c: ".?AVCDlgInstanceTip@@" (21 chars)
[SCAN] 0x19a875c: ".?AVCDlgLeagueRobRelationBtn@@" (30 chars)
[SCAN] 0x19a8784: ".?AVCFDlgMailContent@@" (22 chars)
[SCAN] 0x19a87a4: ".?AVCDlgMailContent@@" (21 chars)
[SCAN] 0x19a87c4: ".?AVCDlgTalkEmotionPackage@@" (28 chars)
[SCAN] 0x19a87ec: ".?AVCDlgGangBeast@@" (19 chars)
[SCAN] 0x19a8808: ".?AVCDlgHeroRefineAttri@@" (25 chars)
[SCAN] 0x19a882c: ".?AVCDlgTrainingVitalityRank@@" (30 chars)
[SCAN] 0x19a8854: ".?AVCDlgMsgWeb@@" (16 chars)
[SCAN] 0x19a8870: ".?AVCMyBrowserDialog@@" (22 chars)
[SCAN] 0x19a8890: ".?AUIC3JSListener@@" (19 chars)
[SCAN] 0x19a88ac: ".?AVCDlgNewLevStageGoal@@" (25 chars)
[SCAN] 0x19a88d0: ".?AVIStageGoalUIProcess@@" (25 chars)
[SCAN] 0x19a88f4: ".?AVITexasResultSpCallback@@" (28 chars)
[SCAN] 0x19a891c: ".?AVCDlgNewTexasMTTInviteCode@@" (31 chars)
[SCAN] 0x19a8944: ".?AVCDlgNewSynWarInfoFace@@" (27 chars)
[SCAN] 0x19a8968: ".?AVCDlgNinjutsuRank@@" (22 chars)
[SCAN] 0x19a8988: ".?AVCDlgOwnKongfuImproveForceFree@@" (35 chars)
[SCAN] 0x19a89b4: ".?AVCDlgPkProtocol@@" (20 chars)
[SCAN] 0x19a89d4: ".?AVCDlgVassalWarVsInfo@@" (25 chars)
[SCAN] 0x19a89f8: ".?AVCDlgRaceTrackProp@@" (23 chars)
[SCAN] 0x19a8a18: ".?AVCDlgRename@@" (16 chars)
[SCAN] 0x19a8a34: ".?AVCDlgShowHandRule@@" (22 chars)
[SCAN] 0x19a8a54: ".?AVCImageTime@@" (16 chars)
[SCAN] 0x19a8a70: ".?AVCDlgSoldierWeaponRank@@" (27 chars)
[SCAN] 0x19a8a94: ".?AVCDlgTexasResultSP@@" (23 chars)
[SCAN] 0x19a8ab4: ".?AVCDlgWeaponCoatPackage@@" (27 chars)
[SCAN] 0x19a8ad8: ".?AVISaleShopCallback@@" (23 chars)
[SCAN] 0x19a8af8: ".?AVCDlgSaleShop@@" (18 chars)
[SCAN] 0x19a8b14: ".?AVCFDlgSngFirst@@" (19 chars)
[SCAN] 0x19a8b30: ".?AVCDlgSngFirst@@" (18 chars)
[SCAN] 0x19a8b4c: ".?AVCFDlgSurvivorStatus@@" (25 chars)
[SCAN] 0x19a8b70: ".?AVCDlgSurvivorStatus@@" (24 chars)
[SCAN] 0x19a8b94: ".?AVCDlgFootEffectPackage@@" (27 chars)
[SCAN] 0x19a8bb8: ".?AVCFDlgWrapPackageBtnSub@@" (28 chars)
[SCAN] 0x19a8be0: ".?AVCDlgWrapPackageBtnSub@@" (27 chars)
[SCAN] 0x19a8c04: ".?AVCFDlgHeadPackage@@" (22 chars)
[SCAN] 0x19a8c24: ".?AVCDlgHeadPackage@@" (21 chars)
[SCAN] 0x19a8c44: ".?AVCFDlgSwordsmanAwakenUpgradeContinue@@" (41 chars)
[SCAN] 0x19a8c78: ".?AVCDlgSwordsmanAwakenUpgradeContinue@@" (40 chars)
[SCAN] 0x19a994c: ".?AVCFDlgSngEntrance@@" (22 chars)
[SCAN] 0x19a996c: ".?AVCFDlgSngTips@@" (18 chars)
[SCAN] 0x19a9988: ".?AVCFSngListItem@@" (19 chars)
[SCAN] 0x19a99a4: ".?AVCInstanceRewardItem@@" (25 chars)
[SCAN] 0x19a99c8: ".?AVCWarriorMonkAwakenAnimalUpgradeMaterial@@" (45 chars)
[SCAN] 0x19a9a00: ".?AVCWarriorMonkAwakenAnimalUpgradeProcess@@" (44 chars)
[SCAN] 0x19a9a38: ".?AVCWarriorMonkAwakenAnimalUpgradeAttribute@@" (46 chars)
[SCAN] 0x19a9a70: ".?AVCWarriorMonkAwakenAnimalUpgradeMagic@@" (42 chars)
[SCAN] 0x19a9b58: ".P6APAVCWarriorMonkAwakenAnimalUpgradeMagic@@XZ" (47 chars)
[SCAN] 0x19a9b90: ".P6APAVCWarriorMonkAwakenAnimalUpgradeAttribute@@XZ" (51 chars)
[SCAN] 0x19a9bcc: ".P6APAVCWarriorMonkAwakenAnimalUpgradeProcess@@XZ" (49 chars)
[SCAN] 0x19a9cfc: ".P6APAVCWarriorMonkAwakenAnimalUpgradeMaterial@@XZ" (50 chars)
[SCAN] 0x19a9d88: ".P6APAVCInstanceRewardItem@@XZ" (30 chars)
[SCAN] 0x19a9e20: ".?AV<lambda_0baeeb0dbde5bd13e94b00942e73ccec>@@" (47 chars)
[SCAN] 0x19a9e58: ".?AV<lambda_ebc21e3bab77b80c343de5f1877fa732>@@" (47 chars)
[SCAN] 0x19a9e90: ".P6APAVCFSngListItem@@XZ" (24 chars)
[SCAN] 0x19aa214: ".?AVCDlg1stTutorShip@@" (22 chars)
[SCAN] 0x19aa234: ".?AVCDlgArenaInfoBtn@@" (22 chars)
[SCAN] 0x19aa254: ".?AVCDlgRaffleActivity@@" (24 chars)
[SCAN] 0x19aa2d8: ".?AVCBPVipBuyButton@@" (21 chars)
[SCAN] 0x19aa2f8: ".?AVCDlgBattlePassVIP@@" (23 chars)
[SCAN] 0x19aa318: ".?AVCMyEditRect@@" (17 chars)
[SCAN] 0x19aa334: ".?AVCDlgChangeName@@" (20 chars)
[SCAN] 0x19aa354: ".?AVCDlgElitePkGame@@" (21 chars)
[SCAN] 0x19aa374: ".?AVCDlgCountryName@@" (21 chars)
[SCAN] 0x19aa394: ".?AVCDemonicRuneImproveEffectEvent@@" (36 chars)
[SCAN] 0x19aa3c4: ".?AVCDlgDemonicRuneImprove@@" (28 chars)
[SCAN] 0x19aa3ec: ".?AVCDlgDragonCityWarEventPlay@@" (32 chars)
[SCAN] 0x19aa418: ".?AVCSolidifyEffectEvent@@" (26 chars)
[SCAN] 0x19aa43c: ".?AVCDlgSolidify@@" (18 chars)
[SCAN] 0x19aa458: ".?AVCDlgQLUpLev@@" (17 chars)
[SCAN] 0x19aa474: ".?AVCDlgEquipEffIdentify@@" (26 chars)
[SCAN] 0x19aa498: ".?AVCDlgEquipEmotionQuickSend@@" (31 chars)
[SCAN] 0x19aa4c0: ".?AVCDlgExchangeMultipleItem@@" (30 chars)
[SCAN] 0x19aa4e8: ".?AVCDlgLeagueRobRelationCollumn2@@" (35 chars)
[SCAN] 0x19aa514: ".?AVCDlgMailIcon@@" (18 chars)
[SCAN] 0x19aa530: ".?AVCDlgFlowerRankDetail@@" (26 chars)
[SCAN] 0x19aa554: ".?AVCDlgTalkEmotionPackageGet@@" (31 chars)
[SCAN] 0x19aa57c: ".?AVCGangBuildingLevel@@" (24 chars)
[SCAN] 0x19aa5a0: ".?AVCOwnerImage@@" (17 chars)
[SCAN] 0x19aa5bc: ".?AVCDlgGangBuildingUpgrade@@" (29 chars)
[SCAN] 0x19aa5e4: ".?AVCDlgFamAffiche@@" (20 chars)
[SCAN] 0x19aa604: ".?AVCDlgHeroRefineAttriTip@@" (28 chars)
[SCAN] 0x19aa62c: ".?AVCDlgInsTaskTrace@@" (22 chars)
[SCAN] 0x19aa64c: ".?AVCDlgPKReward@@" (18 chars)
[SCAN] 0x19aa668: ".?AVCDlgShowPigeon@@" (20 chars)
[SCAN] 0x19aa688: ".?AVCDlgTrainingVitalitySetting@@" (33 chars)
[SCAN] 0x19aa6b4: ".?AVIMythologicalBeastsUICallback@@" (35 chars)
[SCAN] 0x19aa6e0: ".?AVCMythologicalBeastsUnsealEvent@@" (36 chars)
[SCAN] 0x19aa710: ".?AVCDlgMythologicalBeasts@@" (28 chars)
[SCAN] 0x19aa738: ".?AVCDlgNewTexasMTTPause@@" (26 chars)
[SCAN] 0x19aa75c: ".?AVCMyUniformMotionImage@@" (27 chars)
[SCAN] 0x19aa780: ".?AVCDlgNoLeague@@" (18 chars)
[SCAN] 0x19aa79c: ".?AVIOwnKongfuImproveProtectCallback@@" (38 chars)
[SCAN] 0x19aa7cc: ".?AVCDlgOwnKongfuImproveProtect@@" (33 chars)
[SCAN] 0x19aa7f8: ".?AVCRenownUpgradeEffectEvent@@" (31 chars)
[SCAN] 0x19aa820: ".?AVCRenownLineEffectEvent@@" (28 chars)
[SCAN] 0x19aa848: ".?AVCDlgRenown@@" (16 chars)
[SCAN] 0x19aa864: ".?AVCSlotMotionEffect@@" (23 chars)
[SCAN] 0x19aa884: ".?AVIWeaponIllusionUICallback@@" (31 chars)
[SCAN] 0x19aa8ac: ".?AVCEquipedDragonSoul@@" (24 chars)
[SCAN] 0x19aa8d0: ".?AVCMyImage@@" (14 chars)
[SCAN] 0x19aa8e8: ".?AVCMagicUIBase@@" (18 chars)
[SCAN] 0x19aa904: ".?AVCDlgWeaponIllusion@@" (24 chars)
[SCAN] 0x19aa928: ".?AVIScrollableContent@@" (24 chars)
[SCAN] 0x19aa94c: ".?AVCDlgTexasRules@@" (20 chars)
[SCAN] 0x19aa96c: ".?AVCDlgVexillum@@" (18 chars)
[SCAN] 0x19aa988: ".?AVCDlgSaleShopBtn@@" (21 chars)
[SCAN] 0x19aa9a8: ".?AVCDlgNewSynWarRank@@" (23 chars)
[SCAN] 0x19aa9c8: ".?AVCFDlgSngHall@@" (18 chars)
[SCAN] 0x19aa9e4: ".?AVCDlgSngHall@@" (17 chars)
[SCAN] 0x19aaa00: ".?AVCFDlgSurvivorInstance@@" (27 chars)
[SCAN] 0x19aaa24: ".?AVCDlgSurvivorInstance@@" (26 chars)
[SCAN] 0x19aaa48: ".?AVCFDlgWarriorMonkAwakenAnimalUpgrade@@" (41 chars)
[SCAN] 0x19aaa7c: ".?AVCDlgWarriorMonkAwakenAnimalUpgrade@@" (40 chars)
[SCAN] 0x19aaab0: ".?AVCFDlgOSSynWarAction@@" (25 chars)
[SCAN] 0x19aaad4: ".?AVCDlgOSSynWarAction@@" (24 chars)
[SCAN] 0x19aaaf8: ".?AVCFDlgHeroAttriPokerHelp@@" (29 chars)
[SCAN] 0x19aab20: ".?AVCDlgHeroAttriPokerHelp@@" (28 chars)
[SCAN] 0x19ab830: ".?AVCMailItem@@" (15 chars)
[SCAN] 0x19ab848: ".?AVCWarriorMonkAwakenAnimalUpgradeSucAttribute@@" (49 chars)
[SCAN] 0x19ab900: ".?AV?$_Binder@U_Unforced@std@@P8CFDlgCoatAttr@@AEXXZPAV3@@std@@" (63 chars)
[SCAN] 0x19abac8: ".P6APAVCWarriorMonkAwakenAnimalUpgradeSucAttribute@@XZ" (54 chars)
[SCAN] 0x19abb70: ".?AV?$_Binder@U_Unforced@std@@P8CFDlgConfirm@@AEXXZPAV3@@std@@" (62 chars)
[SCAN] 0x19abbb8: ".?AV<lambda_437a446953ea4bc0fc5371d61d94f84c>@@" (47 chars)
[SCAN] 0x19abe1c: ".P6APAVCMailItem@@XZ" (20 chars)
[SCAN] 0x19abf58: ".?AVIMyAnimateLink@@" (20 chars)
[SCAN] 0x19abf78: ".?AVBlendProtocol@cocos2d@@" (27 chars)
[SCAN] 0x19abf9c: ".?AVCDlg2ndOfferOrderHistory@@" (30 chars)
[SCAN] 0x19abfc4: ".?AVEffectProtocol@@" (20 chars)
[SCAN] 0x19abfe4: ".?AVNode@cocos2d@@" (18 chars)
[SCAN] 0x19ac000: ".?AVCDlgChangeShopBtn@@" (23 chars)
[SCAN] 0x19ac020: ".?AVCDlgBattlePK@@" (18 chars)
[SCAN] 0x19ac03c: ".?AVCDlgSponsor@@" (17 chars)
[SCAN] 0x19ac058: ".?AVCDlgElitePkGameRankQuery@@" (30 chars)
[SCAN] 0x19ac080: ".?AVCDlgCountryOfficial@@" (25 chars)
[SCAN] 0x19ac0a4: ".?AVCDlgDragonCityWarMyCamp@@" (29 chars)
[SCAN] 0x19ac0cc: ".?AVIHourTimerProcess@@" (23 chars)
[SCAN] 0x19ac0ec: ".?AVIVideoPlayEvent@@" (21 chars)
[SCAN] 0x19ac10c: ".?AVCDlgAttach@@" (16 chars)
[SCAN] 0x19ac128: ".?AVCNonsuchSolidifyEffectEvent@@" (33 chars)
[SCAN] 0x19ac154: ".?AVCDlgNonsuchSolidify@@" (25 chars)
[SCAN] 0x19ac178: ".?AVCDlgEquipEffRecommend@@" (27 chars)
[SCAN] 0x19ac19c: ".?AVCDlgExchangeMultipleItemConfirm@@" (37 chars)
[SCAN] 0x19ac1cc: ".?AVCDlgGodWeaponMain@@" (23 chars)
[SCAN] 0x19ac1ec: ".?AVIHeroReturnCallback@@" (25 chars)
[SCAN] 0x19ac210: ".?AVCDlgHeroReturn@@" (20 chars)
[SCAN] 0x19ac230: ".?AVCDlgLeagueSynList@@" (23 chars)
[SCAN] 0x19ac250: ".?AVCFDlgMailInbox@@" (20 chars)
[SCAN] 0x19ac270: ".?AVCDlgMailInbox@@" (19 chars)
[SCAN] 0x19ac28c: ".?AVCDlgDepot@@" (15 chars)
[SCAN] 0x19ac2a4: ".?AVCDlgTalkEmotionPackageInfo@@" (32 chars)
[SCAN] 0x19ac2d0: ".?AVCDlgGangBuildingUpgradeConfirm@@" (36 chars)
[SCAN] 0x19ac300: ".?AVCDlgWeaponsHall@@" (21 chars)
[SCAN] 0x19ac320: ".?AVCDlgFamConfirm@@" (20 chars)
[SCAN] 0x19ac340: ".?AVCDlgInteractActCancel@@" (27 chars)
[SCAN] 0x19ac364: ".?AVCDlgPlayerAttri@@" (21 chars)
[SCAN] 0x19ac384: ".?AVCDlgTrainingVitalityStatus@@" (32 chars)
[SCAN] 0x19ac3b0: ".?AVCDlgNanGClothesExquisite@@" (30 chars)
[SCAN] 0x19ac3d8: ".?AVCDlgNewTexasMTTReady@@" (26 chars)
[SCAN] 0x19ac3fc: ".?AVCSlotNeedleEffect@@" (23 chars)
[SCAN] 0x19ac41c: ".?AVCDlgOwnKongfuImproveProtectConfirm@@" (40 chars)
[SCAN] 0x19ac450: ".?AVCDlgRaiderBankerEnter@@" (27 chars)
[SCAN] 0x19ac474: ".?AVISceneChatUICallback@@" (26 chars)
[SCAN] 0x19ac498: ".?AVCSceneChatStatic@@" (22 chars)
[SCAN] 0x19ac4b8: ".?AVCDlgSceneChat@@" (19 chars)
[SCAN] 0x19ac4d4: ".?AVEffectSpriteEx@@" (20 chars)
[SCAN] 0x19ac4f4: ".?AVEffectSprite@fairygui@@" (27 chars)
[SCAN] 0x19ac518: ".?AVSprite@cocos2d@@" (20 chars)
[SCAN] 0x19ac538: ".?AVCMyEffectSprite@@" (21 chars)
[SCAN] 0x19ac558: ".?AVCMySprite@@" (15 chars)
[SCAN] 0x19ac570: ".?AVCMyNode@@" (13 chars)
[SCAN] 0x19ac588: ".?AVCMyTweenable@@" (18 chars)
[SCAN] 0x19ac5a4: ".?AVCTexasScoreRewardItem@@" (27 chars)
[SCAN] 0x19ac5c8: ".?AVCDlgTexasScoreReward@@" (26 chars)
[SCAN] 0x19ac5ec: ".?AVCDlgVideo@@" (15 chars)
[SCAN] 0x19ac604: ".?AVCDlgNewSynWarResult@@" (25 chars)
[SCAN] 0x19ac628: ".?AVISngInfoCallback@@" (22 chars)
[SCAN] 0x19ac648: ".?AVCFDlgSngInfo@@" (18 chars)
[SCAN] 0x19ac664: ".?AVCDlgSngInfo@@" (17 chars)
[SCAN] 0x19ac680: ".?AVCFDlgSurvivorChooseNode@@" (29 chars)
[SCAN] 0x19ac6a8: ".?AVCDlgSurvivorChooseNode@@" (28 chars)
[SCAN] 0x19ac6d0: ".?AVCFDlgPirateFruitYYSD@@" (26 chars)
[SCAN] 0x19ac6f4: ".?AVCDlgPirateFruitYYSD@@" (25 chars)
[SCAN] 0x19ac718: ".?AVCFDlgConfirm@@" (18 chars)
[SCAN] 0x19ac734: ".?AVCDlgConfirm@@" (17 chars)
[SCAN] 0x19ac750: ".?AVCFDlgWarriorMonkAwakenAnimalUpgradeSuc@@" (44 chars)
[SCAN] 0x19ac788: ".?AVCDlgWarriorMonkAwakenAnimalUpgradeSuc@@" (43 chars)
[SCAN] 0x19ac7bc: ".?AVCFDlgOSSynWarMerit@@" (24 chars)
[SCAN] 0x19ac7e0: ".?AVCDlgOSSynWarMerit@@" (23 chars)
[SCAN] 0x19ac800: ".?AVCFDlgTravelRenownIncrease@@" (31 chars)
[SCAN] 0x19ac828: ".?AVCDlgTravelRenownIncrease@@" (30 chars)
[SCAN] 0x19ac850: ".?AVCFDlgOSSynWarMeritRanking@@" (31 chars)
[SCAN] 0x19ac878: ".?AVCDlgOSSynWarMeritRanking@@" (30 chars)
[SCAN] 0x19ac8a0: ".?AVCFDlgSocialCardView@@" (25 chars)
[SCAN] 0x19ac8c4: ".?AVCDlgSocialCardView@@" (24 chars)
[SCAN] 0x19ac8e8: ".?AVCFDlgCoatAttr@@" (19 chars)
[SCAN] 0x19ac904: ".?AVCDlgCoatAttr@@" (18 chars)
[SCAN] 0x19ad3ac: ".?AVCBrush@@" (12 chars)
[SCAN] 0x19ad3c4: ".?AVCImageStringEx@@" (20 chars)
[SCAN] 0x19ad3e4: ".?AVCMyRolePart@@" (17 chars)
[SCAN] 0x19ad400: ".?AVCCurrencyBar@@" (18 chars)
[SCAN] 0x19ad41c: ".?AVCMyCopItem@@" (16 chars)
[SCAN] 0x19ad438: ".?AVGFamilyEscortCartItem@@" (27 chars)
[SCAN] 0x19ad45c: ".?AVCSurvivorRankItem@@" (23 chars)
[SCAN] 0x19ad47c: ".?AVEventContext@fairygui@@" (27 chars)
[SCAN] 0x19ad7ac: ".P6APAVCSurvivorRankItem@@XZ" (28 chars)
[SCAN] 0x19ad94c: ".P6APAVGFamilyEscortCartItem@@XZ" (32 chars)
[SCAN] 0x19adb94: ".?AVCDlg2ndStudent@@" (20 chars)
[SCAN] 0x19adbb4: ".?AVCDlgBigEmotionBuy@@" (23 chars)
[SCAN] 0x19adbd4: ".?AVCDlgChangeTitle@@" (21 chars)
[SCAN] 0x19adbf4: ".?AVCDlgCountryOfficialList@@" (29 chars)
[SCAN] 0x19adc1c: ".?AVCDlgDevideItem@@" (20 chars)
[SCAN] 0x19adc3c: ".?AVCDlgElitePKLastEightGame@@" (30 chars)
[SCAN] 0x19adc64: ".?AVCDlgEquipEffRecommendName@@" (31 chars)
[SCAN] 0x19adc8c: ".?AVIExchangeShopCallback@@" (27 chars)
[SCAN] 0x19adcb0: ".?AVCDlgDragonCityWarMyCampMem@@" (32 chars)
[SCAN] 0x19adcdc: ".?AVCDlgExchangeShop@@" (22 chars)
[SCAN] 0x19adcfc: ".?AVCDlgGodWeaponSkill@@" (24 chars)
[SCAN] 0x19add20: ".?AVCDlgHeroReturnFreeGift@@" (28 chars)
[SCAN] 0x19add48: ".?AVCDlgLegendaryBeastRank@@" (28 chars)
[SCAN] 0x19add70: ".?AVCDlgGangGuard@@" (19 chars)
[SCAN] 0x19add8c: ".?AVCDlgWeaponsHallAttachConfirm@@" (34 chars)
[SCAN] 0x19addb8: ".?AVCDlgFamily@@" (16 chars)
[SCAN] 0x19addd4: ".?AVCFDlgFamilyEscortCart@@" (27 chars)
[SCAN] 0x19addf8: ".?AVCDlgFamilyEscortCart@@" (26 chars)
[SCAN] 0x19ade1c: ".?AVCDlgInteractActConfirm@@" (28 chars)
[SCAN] 0x19ade44: ".?AVCDlgNormalSkill@@" (21 chars)
[SCAN] 0x19ade64: ".?AVCDlgPlayerAttriPoker@@" (26 chars)
[SCAN] 0x19ade88: ".?AVCDlgTrainingVitalityTaskAward@@" (35 chars)
[SCAN] 0x19adeb4: ".?AVCDlgMain@@" (14 chars)
[SCAN] 0x19adecc: ".?AVCDlgNanGClothesWish@@" (25 chars)
[SCAN] 0x19adef0: ".?AVCDlgNanGClothesReward@@" (27 chars)
[SCAN] 0x19adf14: ".?AVCDlgNanGClothesFind@@" (25 chars)
[SCAN] 0x19adf38: ".?AVCDlgNanGClothesGetItem@@" (28 chars)
[SCAN] 0x19adf60: ".?AVCDlgNewTexasMTTRebuy@@" (26 chars)
[SCAN] 0x19adf84: ".?AVCDlgOwnKongfuImproveQ5@@" (28 chars)
[SCAN] 0x19adfac: ".?AVCDlgQRCodeAwardsGetSuccess@@" (32 chars)
[SCAN] 0x19adfd8: ".?AVCDlgRaiderBankerOpt@@" (25 chars)
[SCAN] 0x19adffc: ".?AVCDlgSceneChatInput@@" (24 chars)
[SCAN] 0x19ae020: ".?AVCSlotNumEffect@@" (20 chars)
[SCAN] 0x19ae040: ".?AVCDlgTask@@" (14 chars)
[SCAN] 0x19ae058: ".?AVCDlgTexasServerTime@@" (25 chars)
[SCAN] 0x19ae07c: ".?AVCDlgVideoSmallWindow@@" (26 chars)
[SCAN] 0x19ae0a0: ".?AVCDlgNewSynWarResultDetail@@" (31 chars)
[SCAN] 0x19ae0c8: ".?AVCDlgForAssist@@" (19 chars)
[SCAN] 0x19ae0e4: ".?AVCPasswordMask@@" (19 chars)
[SCAN] 0x19ae100: ".?AVCGameInput@@" (16 chars)
[SCAN] 0x19ae11c: ".?AVCFDlgSngResult@@" (20 chars)
[SCAN] 0x19ae13c: ".?AVCDlgSngResult@@" (19 chars)
[SCAN] 0x19ae158: ".?AVCFDlgSurvivorRank@@" (23 chars)
[SCAN] 0x19ae178: ".?AVCDlgSurvivorRank@@" (22 chars)
[SCAN] 0x19ae198: ".?AVCFDlgWarriorMonkAwakenConfirm@@" (35 chars)
[SCAN] 0x19ae1c4: ".?AVCDlgWarriorMonkAwakenConfirm@@" (34 chars)
[SCAN] 0x19ae1f0: ".?AVCFDlgOSSynWarSituation1SynRanking@@" (39 chars)
[SCAN] 0x19ae220: ".?AVCDlgOSSynWarSituation1SynRanking@@" (38 chars)
[SCAN] 0x19ae250: ".?AVCFDlgTravelEventDetail@@" (28 chars)
[SCAN] 0x19ae278: ".?AVCDlgTravelEventDetail@@" (27 chars)
[SCAN] 0x19ae29c: ".?AVCFDlgSwordsmanAwakenRanking@@" (33 chars)
[SCAN] 0x19ae2c8: ".?AVCDlgSwordsmanAwakenRanking@@" (32 chars)
[SCAN] 0x19ae2f4: ".?AVCFDlgSwordsmanLightAsASwallow@@" (35 chars)
[SCAN] 0x19ae320: ".?AVCDlgSwordsmanLightAsASwallow@@" (34 chars)
[SCAN] 0x19ae34c: ".?AVCFDlgOtherRunePoFeng@@" (26 chars)
[SCAN] 0x19ae370: ".?AVCDlgOtherRunePoFeng@@" (25 chars)
[SCAN] 0x19aef38: ".?AVCEdit@@" (11 chars)
[SCAN] 0x19aef4c: ".PBVCMyGrid@@" (13 chars)
[SCAN] 0x19aef64: ".?AVCFDlgSurvivorReplace@@" (26 chars)
[SCAN] 0x19aef88: ".?AVCMagicItem@@" (16 chars)
[SCAN] 0x19aefa3: "!.?AVGTextInput@fairygui@@" (26 chars)
[SCAN] 0x19aefc8: ".?AVCTRTeamListItem@@" (21 chars)
[SCAN] 0x19aefe8: ".?AVCTRApplyListItem@@" (22 chars)
[SCAN] 0x19af008: ".?AVCTRAllTeam@@" (16 chars)
[SCAN] 0x19af024: ".?AVCTRMyTeam@@" (15 chars)
[SCAN] 0x19af03c: ".?AVCSwordsmanAwakenHomePageChannel@@" (37 chars)
[SCAN] 0x19af174: ".P6APAVCSwordsmanAwakenHomePageChannel@@XZ" (42 chars)
[SCAN] 0x19af1f4: ".P6APAVCTRMyTeam@@XZ" (20 chars)
[SCAN] 0x19af214: ".P6APAVCTRAllTeam@@XZ" (21 chars)
[SCAN] 0x19af234: ".P6APAVCTRApplyListItem@@XZ" (27 chars)
[SCAN] 0x19af258: ".?AV?$_Binder@U_Unforced@std@@P8CTRMyTeam@@AEXXZPAV3@@std@@" (59 chars)
[SCAN] 0x19af2ec: ".P6APAVCTRTeamListItem@@XZ" (26 chars)
[SCAN] 0x19af310: ".?AV?$_Binder@U_Unforced@std@@P8CTRAllTeam@@AEXXZPAV3@@std@@" (60 chars)
[SCAN] 0x19af478: ".?AV<lambda_1a17db9366c224ad1d06d2a3798bb375>@@" (47 chars)
[SCAN] 0x19af4b0: ".P6APAVCMagicItem@@XZ" (21 chars)
[SCAN] 0x19af540: ".?AV<lambda_8d327507cc202625e053b8b84c7e6cc9>@@" (47 chars)
[SCAN] 0x19af578: ".?AV<lambda_d4b885f11987bcba557f5faf87edcad1>@@" (47 chars)
[SCAN] 0x19af81c: ".?AVCDlg2ndTutorShip@@" (22 chars)
[SCAN] 0x19af83c: ".?AVCDlgAuctionApply@@" (22 chars)
[SCAN] 0x19af85c: ".?AVCDlgBigRewardBtn@@" (22 chars)
[SCAN] 0x19af87c: ".?AVCDlgWeekAward@@" (19 chars)
[SCAN] 0x19af898: ".?AVCQualifyingPlayerFace@@" (27 chars)
[SCAN] 0x19af8bc: ".?AVCOwnerFace@@" (16 chars)
[SCAN] 0x19af8d8: ".?AVCDlgCountryPalaceGuardsList@@" (33 chars)
[SCAN] 0x19af904: ".?AVCDlgChangeWordsSetName@@" (28 chars)
[SCAN] 0x19af92c: ".?AVCDlgDevilFruitAwake@@" (25 chars)
[SCAN] 0x19af950: ".?AVCDlgDragonLeftTime@@" (24 chars)
[SCAN] 0x19af974: ".?AVCDlgReplaceSpecialEffectSecond@@" (36 chars)
[SCAN] 0x19af9a4: ".?AVCDlgEquipEffRecommendSel@@" (30 chars)
[SCAN] 0x19af9cc: ".?AVCDlgExitGameConfirm@@" (25 chars)
[SCAN] 0x19af9f0: ".?AVCDlgFamilyArcUplev@@" (24 chars)
[SCAN] 0x19afa14: ".?AVCDlgForbid2SellConfirm@@" (28 chars)
[SCAN] 0x19afa3c: ".?AVCDlgGangGuardSkill@@" (24 chars)
[SCAN] 0x19afa60: ".?AVCDlgGodWeaponTask@@" (23 chars)
[SCAN] 0x19afa80: ".?AVCDlgHeroReturnShopGift@@" (28 chars)
[SCAN] 0x19afaa8: ".?AVCDlgLevelRank@@" (19 chars)
[SCAN] 0x19afac4: ".?AVCDlgElitePKScore@@" (22 chars)
[SCAN] 0x19afae4: ".?AVCDlgInteractList@@" (22 chars)
[SCAN] 0x19afb04: ".?AVCDlgPmAddNode@@" (19 chars)
[SCAN] 0x19afb20: ".?AVCDlgSimpleUiBtn@@" (21 chars)
[SCAN] 0x19afb40: ".?AVCDlgTaskAccumulate@@" (24 chars)
[SCAN] 0x19afb64: ".?AVCDlgNewMenuTalk@@" (21 chars)
[SCAN] 0x19afb84: ".?AVCDlgMainOrder@@" (19 chars)
[SCAN] 0x19afba0: ".?AVCDlgNanGClothesMade@@" (25 chars)
[SCAN] 0x19afbc4: ".?AVCDlgNewTexasMTTResult@@" (27 chars)
[SCAN] 0x19afbe8: ".?AVCDlgOwnKongfuMain@@" (23 chars)
[SCAN] 0x19afc08: ".?AVCOwnKongfuTip@@" (19 chars)
[SCAN] 0x19afc24: ".?AVCMyColorStatic@@" (20 chars)
[SCAN] 0x19afc44: ".?AVCDlgRaiderBankers@@" (23 chars)
[SCAN] 0x19afc64: ".?AVCDlgSceneChatShortcut@@" (27 chars)
[SCAN] 0x19afc88: ".?AVCDlgNoticeBoard@@" (21 chars)
[SCAN] 0x19afca8: ".?AVCDlgTexasSimpleInfo@@" (25 chars)
[SCAN] 0x19afccc: ".?AVCDlgTransfromSkill@@" (24 chars)
[SCAN] 0x19afcf0: ".?AVCDlgStorage@@" (17 chars)
[SCAN] 0x19afd0c: ".?AVCDlgVideoBigWindow@@" (24 chars)
[SCAN] 0x19afd30: ".?AVCTimeLimitedCtrl@@" (22 chars)
[SCAN] 0x19afd50: ".?AVCDlgSngTips@@" (17 chars)
[SCAN] 0x19afd6c: ".?AVCDlgSurvivorReplace@@" (25 chars)
[SCAN] 0x19afd90: ".?AVCFDlgWarriorMonkAwakenAnimalAwakened@@" (42 chars)
[SCAN] 0x19afdc4: ".?AVCDlgWarriorMonkAwakenAnimalAwakened@@" (41 chars)
[SCAN] 0x19afdf8: ".?AVITRPageInteract@@" (21 chars)
[SCAN] 0x19afe18: ".?AVCFDlgTeamRecruit@@" (22 chars)
[SCAN] 0x19afe38: ".?AVCDlgTeamRecruit@@" (21 chars)
[SCAN] 0x19afe58: ".?AVCFDlgSwordsmanAwakenHomePage@@" (34 chars)
[SCAN] 0x19afe84: ".?AVCDlgSwordsmanAwakenHomePage@@" (33 chars)
[SCAN] 0x19b0d64: ".?AVCStatic@@" (13 chars)
[SCAN] 0x19b0d7c: ".?AVCComboBox@@" (15 chars)
[SCAN] 0x19b0d94: ".?AVCTabCtrl@@" (14 chars)
[SCAN] 0x19b0dac: ".PBVCMyImage@@" (14 chars)
[SCAN] 0x19b0dc4: ".?AVCDlgMinimapAreaPanel@@" (26 chars)
[SCAN] 0x19b0de8: ".?AVCUISimpleObjRender@@" (24 chars)
[SCAN] 0x19b0e0c: ".?AVCTaskItem@@" (15 chars)
[SCAN] 0x19b0e24: ".?AVCComNewTexasCards@@" (23 chars)
[SCAN] 0x19b0e44: ".?AVCGameRecordDetailItem@@" (27 chars)
[SCAN] 0x19b0f18: ".?AV<lambda_cd8ac8452456a84f1b23409190a12a37>@@" (47 chars)
[SCAN] 0x19b0f50: ".?AV<lambda_42e97c6685dba658b90a1e37b90b0e3e>@@" (47 chars)
[SCAN] 0x19b0f88: ".?AV<lambda_d48ed2748fa579a66aafeade617fd99c>@@" (47 chars)
[SCAN] 0x19b0fc0: ".?AV<lambda_88b23fb095f28a22a7510e1c28b9b4e9>@@" (47 chars)
[SCAN] 0x19b1138: ".?AV<lambda_54fbfc9f5c49a32a8d4eef35fab1baf8>@@" (47 chars)
[SCAN] 0x19b1170: ".?AV<lambda_610cc2a196d656fc35431bf02791d190>@@" (47 chars)
[SCAN] 0x19b11a8: ".?AV<lambda_daaeb21dbd3f77cf800d5387bab52871>@@" (47 chars)
[SCAN] 0x19b11e0: ".?AV<lambda_2ff0032267606a8593928c0baa7c7f82>@@" (47 chars)
[SCAN] 0x19b1218: ".P6APAVCTaskItem@@XZ" (20 chars)
[SCAN] 0x19b135c: ".?AVCDlgTreasureHouse@@" (23 chars)
[SCAN] 0x19b137c: ".?AVCDlgAbilityScore@@" (22 chars)
[SCAN] 0x19b139c: ".?AVCDlgBindAdvise@@" (20 chars)
[SCAN] 0x19b13bc: ".?AVCDlgCountryRank@@" (21 chars)
[SCAN] 0x19b13dc: ".?AVCDlgDevilFruitGetWay@@" (26 chars)
[SCAN] 0x19b1400: ".?AVCDlgForeignInvasionAward@@" (30 chars)
[SCAN] 0x19b1428: ".?AVCDlgEmbed@@" (15 chars)
[SCAN] 0x19b1440: ".?AVCDlgOrnamentUpgrade@@" (25 chars)
[SCAN] 0x19b1464: ".?AVCDlgFamilyBoss@@" (20 chars)
[SCAN] 0x19b1484: ".?AVCDlgGodWeaponTip@@" (22 chars)
[SCAN] 0x19b14a4: ".?AVCDlgAuctionAskBuy@@" (23 chars)
[SCAN] 0x19b14c4: ".?AVCDlgChat@@" (14 chars)
[SCAN] 0x19b14dc: ".?AVIScreenChatUICallback@@" (27 chars)
[SCAN] 0x19b1500: ".?AVCDlgExpPool@@" (17 chars)
[SCAN] 0x19b151c: ".?AVCDlgGangNameChange@@" (24 chars)
[SCAN] 0x19b1540: ".?AVCDlgHideBtn@@" (17 chars)
[SCAN] 0x19b155c: ".?AVCDlgIssueRecruit@@" (22 chars)
[SCAN] 0x19b157c: ".?AVCDlgPMHelper@@" (18 chars)
[SCAN] 0x19b1598: ".?AVCDlgQualifyingConfirm@@" (27 chars)
[SCAN] 0x19b15bc: ".?AVCDlgSimplifySetting@@" (25 chars)
[SCAN] 0x19b15e0: ".?AVCDlgViewData@@" (18 chars)
[SCAN] 0x19b15fc: ".?AVCDlgMainSimple@@" (20 chars)
[SCAN] 0x19b161c: ".?AVCDlgNanGClothesMain@@" (25 chars)
[SCAN] 0x19b1640: ".?AVCNewFunctionOpenMgr@@" (25 chars)
[SCAN] 0x19b1664: ".?AVCDlgNewTexasMTTRoomDetails@@" (32 chars)
[SCAN] 0x19b1690: ".?AVCDlgNewTeamChat@@" (21 chars)
[SCAN] 0x19b16b0: ".?AVCDlgNoviceGuide@@" (21 chars)
[SCAN] 0x19b16d0: ".?AVCDlgOwnKongfuMsg@@" (22 chars)
[SCAN] 0x19b16f0: ".?AVIRaiderBoardCallback@@" (26 chars)
[SCAN] 0x19b1714: ".?AVCRaiDealtCardEvent@@" (24 chars)
[SCAN] 0x19b1738: ".?AVCDlgRaiderBoard@@" (21 chars)
[SCAN] 0x19b1758: ".?AVCDlgResizeBorder@@" (22 chars)
[SCAN] 0x19b1778: ".?AVCScreenChatStatic@@" (23 chars)
[SCAN] 0x19b1798: ".?AVCDlgScreenChat@@" (20 chars)
[SCAN] 0x19b17b8: ".?AVCDlgStrengthDevelopDetail@@" (31 chars)
[SCAN] 0x19b17e0: ".?AVCDlgEquipEmotion@@" (22 chars)
[SCAN] 0x19b1800: ".?AVCDlgNewOutChatMode@@" (24 chars)
[SCAN] 0x19b1824: ".?AVCDlgFightDragonCityWatchTitle@@" (35 chars)
[SCAN] 0x19b1850: ".?AVCTimeLimitedCtrlMgr@@" (25 chars)
[SCAN] 0x19b1874: ".?AVCFDlgTaskClub@@" (19 chars)
[SCAN] 0x19b1890: ".?AVCDlgTaskClub@@" (18 chars)
[SCAN] 0x19b18ac: ".?AVCFDlgSngWaiting@@" (21 chars)
[SCAN] 0x19b18cc: ".?AVCDlgSngWaiting@@" (20 chars)
[SCAN] 0x19b18ec: ".?AVCFDlgPrimordialSpiritActiveSus@@" (36 chars)
[SCAN] 0x19b191c: ".?AVCDlgPrimordialSpiritActiveSus@@" (35 chars)
[SCAN] 0x19b1948: ".?AVCGameRecordDetailItemBlitz3@@" (33 chars)
[SCAN] 0x19b1974: ".?AVCGameRecordDetailItemDZ@@" (29 chars)
[SCAN] 0x19b199c: ".?AVCGameRecordDetailItemOMH@@" (30 chars)
[SCAN] 0x19b19c4: ".?AVCFDlgTexasGameRecordDetail@@" (32 chars)
[SCAN] 0x19b19f0: ".?AVCDlgTexasGameRecordDetail@@" (31 chars)
[SCAN] 0x19b1a18: ".?AVCFDlgOSSynWarCommanderSkills@@" (34 chars)
[SCAN] 0x19b1a44: ".?AVCDlgOSSynWarCommanderSkills@@" (33 chars)
[SCAN] 0x19b2340: ".?AVCDlgItemTip@@" (17 chars)
[SCAN] 0x19b235c: ".?AVCMyCopItemEx@@" (18 chars)
[SCAN] 0x19b2378: ".?AVCGoodEvilRankingItem@@" (26 chars)
[SCAN] 0x19b239c: ".?AVCTravelEvent@@" (18 chars)
[SCAN] 0x19b240c: ".P6APAVCTravelEvent@@XZ" (23 chars)
[SCAN] 0x19b2430: ".?AV?$_Binder@U_Unforced@std@@P8CTravelEvent@@AEXXZPAV3@@std@@" (62 chars)
[SCAN] 0x19b24c8: ".P6APAVCGoodEvilRankingItem@@XZ" (31 chars)
[SCAN] 0x19b26bc: ".?AV<lambda_581fd3841dc2697afa201c68dd3fca2c>@@" (47 chars)
[SCAN] 0x19b26f4: ".?AV<lambda_2b0f3a5afba3d07a8385314520187f2d>@@" (47 chars)
[SCAN] 0x19b29e8: ".?AVCDlgAbilityScoreCompare@@" (29 chars)
[SCAN] 0x19b2a10: ".?AVCDlgAuctionAskBuyMain@@" (27 chars)
[SCAN] 0x19b2a34: ".?AVCDlgTreasureHunt@@" (22 chars)
[SCAN] 0x19b2a54: ".?AVCDlgCampsChallenge@@" (24 chars)
[SCAN] 0x19b2a78: ".?AVCDlgChatRightClickMenu@@" (28 chars)
[SCAN] 0x19b2aa0: ".?AVCDlgCountrySynList@@" (24 chars)
[SCAN] 0x19b2ac4: ".?AVCDlgDevilFruitMain@@" (24 chars)
[SCAN] 0x19b2ae8: ".?AVCDlgDragonCityWarEventTip@@" (31 chars)
[SCAN] 0x19b2b10: ".?AVCDlgForeignInvasionRank@@" (29 chars)
[SCAN] 0x19b2b38: ".?AVCDlgEmbedQL@@" (17 chars)
[SCAN] 0x19b2b54: ".?AVCGemComposeEffectEvent@@" (28 chars)
[SCAN] 0x19b2b7c: ".?AVCDlgGemCompose@@" (20 chars)
[SCAN] 0x19b2b9c: ".?AVCDlgEquipInstanceResult@@" (29 chars)
[SCAN] 0x19b2bc4: ".?AVCDlgFamilyBossReward@@" (26 chars)
[SCAN] 0x19b2be8: ".?AVCDlgFriendRoomEvent@@" (25 chars)
[SCAN] 0x19b2c0c: ".?AVCDlgGoldenLeagueShop@@" (26 chars)
[SCAN] 0x19b2c30: ".?AVCTipMgr@@" (13 chars)
[SCAN] 0x19b2c48: ".?AVCDlgLimitShop@@" (19 chars)
[SCAN] 0x19b2c64: ".?AVCDlgBindDetail@@" (20 chars)
[SCAN] 0x19b2c84: ".?AVCDlgExpPoolBtn@@" (20 chars)
[SCAN] 0x19b2ca4: ".?AVCDlgHideMainBtn@@" (21 chars)
[SCAN] 0x19b2cc4: ".?AVCLinkItemStatic@@" (21 chars)
[SCAN] 0x19b2ce4: ".?AVCDlgMainTask@@" (18 chars)
[SCAN] 0x19b2d00: ".?AVCDlgNpcBooth@@" (18 chars)
[SCAN] 0x19b2d1c: ".?AVCDlgPmUserConfig@@" (22 chars)
[SCAN] 0x19b2d3c: ".?AVCDlgQualifyingCountDown@@" (29 chars)
[SCAN] 0x19b2d64: ".?AVCDlgRevivalTips@@" (21 chars)
[SCAN] 0x19b2d84: ".?AVCDlgNanGClothesResolve@@" (28 chars)
[SCAN] 0x19b2dac: ".?AVCDlgNewTexasMTTAddon@@" (26 chars)
[SCAN] 0x19b2dd0: ".?AVCDlgNewTexasMTTRoomWait@@" (29 chars)
[SCAN] 0x19b2df8: ".?AVCDlgOwnKongfuName@@" (23 chars)
[SCAN] 0x19b2e18: ".?AVCDlgRaiderEntrance@@" (24 chars)
[SCAN] 0x19b2e3c: ".?AVCDlgScreenChatBtn@@" (23 chars)
[SCAN] 0x19b2e5c: ".?AVCDlgSixServantSkill@@" (25 chars)
[SCAN] 0x19b2e80: ".?AVCDlgStrengthDevelopEquipDetail@@" (36 chars)
[SCAN] 0x19b2eb0: ".?AVCDlgTaskNew@@" (17 chars)
[SCAN] 0x19b2ecc: ".?AVCDlgVigorImprove@@" (22 chars)
[SCAN] 0x19b2eec: ".?AVCDlgWorldMiniAuction@@" (26 chars)
[SCAN] 0x19b2f10: ".?AVCFDlgPrimordialSpiritBag@@" (30 chars)
[SCAN] 0x19b2f38: ".?AVCDlgPrimordialSpiritBag@@" (29 chars)
[SCAN] 0x19b2f60: ".?AVCFDlgGlobalPointGuide@@" (27 chars)
[SCAN] 0x19b2f84: ".?AVCDlgGlobalPointGuide@@" (26 chars)
[SCAN] 0x19b2fa8: ".?AVCFDlgGoodEvilRanking@@" (26 chars)
[SCAN] 0x19b2fcc: ".?AVCDlgGoodEvilRanking@@" (25 chars)
[SCAN] 0x19b2ff0: ".?AVCFDlgTravelEventYesterday@@" (31 chars)
[SCAN] 0x19b3018: ".?AVCDlgTravelEventYesterday@@" (30 chars)
[SCAN] 0x19b3040: ".?AV?$_Ref_count@VCMyTextTwinkleAnimate@@@std@@" (47 chars)
[SCAN] 0x19b3ad0: ".?AVCGlobalPointImproveOnRankingItem@@" (38 chars)
[SCAN] 0x19b3b00: ".?AVCDragonCityWarOtherCampMemFocus@@" (37 chars)
[SCAN] 0x19b3b30: ".?AVCDragonCityWarOtherCampMemRecord@@" (38 chars)
[SCAN] 0x19b3b60: ".?AVCFDlgTravelHomePage@@" (25 chars)
[SCAN] 0x19b3b84: ".?AVCTravelSignIn@@" (19 chars)
[SCAN] 0x19b3ca8: ".P6APAVCTravelSignIn@@XZ" (24 chars)
[SCAN] 0x19b3d48: ".?AV?$_Binder@U_Unforced@std@@P8CTravelSignIn@@AEXXZPAV3@@std@@" (63 chars)
[SCAN] 0x19b3e54: ".?AV<lambda_83f537b29c596b1a36745c4354085acc>@@" (47 chars)
[SCAN] 0x19b3efc: ".P6APAVCDragonCityWarOtherCampMemRecord@@XZ" (43 chars)
[SCAN] 0x19b3f8c: ".P6APAVCDragonCityWarOtherCampMemFocus@@XZ" (42 chars)
[SCAN] 0x19b407c: ".?AV<lambda_c814e2ce0700ee79f06f048dd9daaa81>@@" (47 chars)
[SCAN] 0x19b40b4: ".?AV<lambda_708748ae1e30e26a7aad21b82128b17a>@@" (47 chars)
[SCAN] 0x19b40ec: ".?AV<lambda_739d177e1e3386eb57594765c5eabe60>@@" (47 chars)
[SCAN] 0x19b4124: ".?AV<lambda_c9c83aef169cdf410dcf1d1b57b262d3>@@" (47 chars)
[SCAN] 0x19b415c: ".?AV<lambda_d5a83e74449191c5f5e8fa12e78ce287>@@" (47 chars)
[SCAN] 0x19b4194: ".?AV<lambda_882889cf3f737930ba205d45c8351ae2>@@" (47 chars)
[SCAN] 0x19b41cc: ".?AV<lambda_2ef713576f47574fa97b001cea26bce5>@@" (47 chars)
[SCAN] 0x19b4204: ".?AV<lambda_ece3c404cb46d058dfe73fc2b65d751b>@@" (47 chars)
[SCAN] 0x19b423c: ".P6APAVCGlobalPointImproveOnRankingItem@@XZ" (43 chars)
[SCAN] 0x19b4270: ".?AV<lambda_27bdd02e5fe189a922f0f9cc3db2d57f>@@" (47 chars)
[SCAN] 0x19b44c8: ".?AVCDlgAbilityScoreRank@@" (26 chars)
[SCAN] 0x19b44ec: ".?AVCDlgAuctionAskBuyYL@@" (25 chars)
[SCAN] 0x19b4510: ".?AVCDlgBlack@@" (15 chars)
[SCAN] 0x19b4528: ".?AVCDlgScreenChatSetup@@" (25 chars)
[SCAN] 0x19b454c: ".?AVCDlgChatSetupFrame@@" (24 chars)
[SCAN] 0x19b4570: ".?AV?$_Func_base@XH@std@@" (25 chars)
[SCAN] 0x19b4594: ".?AVCDlgCampsConfrontation@@" (28 chars)
[SCAN] 0x19b45bc: ".?AVCDlgDevilFruitMap@@" (23 chars)
[SCAN] 0x19b45dc: ".?AVCDlgDragonCityWarPrestigeMorateRank@@" (41 chars)
[SCAN] 0x19b4610: ".?AVCMeltingEffectEvent@@" (25 chars)
[SCAN] 0x19b4634: ".?AVCDlgEquipMeltingFurnace@@" (29 chars)
[SCAN] 0x19b465c: ".?AVCDlgExpRecover@@" (20 chars)
[SCAN] 0x19b467c: ".?AVCDlgFamilyBuyCoin@@" (23 chars)
[SCAN] 0x19b469c: ".?AVCDlgEMoney@@" (16 chars)
[SCAN] 0x19b46b8: ".?AVCDlgGetFlower@@" (19 chars)
[SCAN] 0x19b46d4: ".?AVCDlgHidePlayer@@" (20 chars)
[SCAN] 0x19b46f4: ".?AVCDlgMainTaskIntention@@" (27 chars)
[SCAN] 0x19b4718: ".?AVCDlgNpcBuy@@" (16 chars)
[SCAN] 0x19b4734: ".?AVCDlgQualifyingFightScore@@" (30 chars)
[SCAN] 0x19b475c: ".?AVCDlgJabaliAttr@@" (20 chars)
[SCAN] 0x19b477c: ".?AVCDlgFpsUplimitSetting@@" (27 chars)
[SCAN] 0x19b47a0: ".?AVCDlgOwnKongfuPKSetting@@" (28 chars)
[SCAN] 0x19b47c8: ".?AVCTaskRankEffectEvent@@" (26 chars)
[SCAN] 0x19b47ec: ".?AVCTaskRankListBox@@" (22 chars)
[SCAN] 0x19b480c: ".?AVCMyListBox@@" (16 chars)
[SCAN] 0x19b4828: ".?AVCDlgTaskRank@@" (18 chars)
[SCAN] 0x19b4844: ".?AVCDlgNanGClotsesTop@@" (24 chars)
[SCAN] 0x19b4868: ".?AVCDlgNewTexasMTTBuyHelp@@" (28 chars)
[SCAN] 0x19b4890: ".?AVCDlgNewTexasMTTStage@@" (26 chars)
[SCAN] 0x19b48b4: ".?AVCDlgGoldenLeagueShopPlus@@" (30 chars)
[SCAN] 0x19b48dc: ".?AVCDlgPointShopFrame@@" (24 chars)
[SCAN] 0x19b4900: ".?AVCDlgRaiderHelp@@" (20 chars)
[SCAN] 0x19b4920: ".?AVCDlgRevokeConfirm@@" (23 chars)
[SCAN] 0x19b4940: ".?AVCDlgSkillYiHuaJieMu@@" (25 chars)
[SCAN] 0x19b4964: ".?AVCDlgStrengthDevelopMain@@" (29 chars)
[SCAN] 0x19b498c: ".?AVCDlgCpInsteadofGiftCpConfirm@@" (34 chars)
[SCAN] 0x19b49b8: ".?AVCTurnoverEffectEvent@@" (26 chars)
[SCAN] 0x19b49dc: ".?AVCDlgTurnoverLottery@@" (25 chars)
[SCAN] 0x19b4a00: ".?AVCDlgVigorMaterialMore@@" (27 chars)
[SCAN] 0x19b4a24: ".?AVCDlgWrapAttributes@@" (24 chars)
[SCAN] 0x19b4a48: ".?AVCOnlineMgr@@" (16 chars)
[SCAN] 0x19b4a64: ".?AVCFDlgPrimordialSpiritBtn@@" (30 chars)
[SCAN] 0x19b4a8c: ".?AVCDlgPrimordialSpiritBtn@@" (29 chars)
[SCAN] 0x19b4ab4: ".?AVCFDlgWSLWPro@@" (18 chars)
[SCAN] 0x19b4ad0: ".?AVCDlgWSLWPro@@" (17 chars)
[SCAN] 0x19b4aec: ".?AVCFDlgGlobalPointImproveOnRanking@@" (38 chars)
[SCAN] 0x19b4b1c: ".?AVCDlgGlobalPointImproveOnRanking@@" (37 chars)
[SCAN] 0x19b4b4c: ".?AVCFDlgDragonCityWarOtherCampMem@@" (36 chars)
[SCAN] 0x19b4b7c: ".?AVCDlgDragonCityWarOtherCampMem@@" (35 chars)
[SCAN] 0x19b4ba8: ".?AVCFDlgRuneHuaZhen@@" (22 chars)
[SCAN] 0x19b4bc8: ".?AVCDlgRuneHuaZhen@@" (21 chars)
[SCAN] 0x19b4be8: ".?AVCFDlgSwordsmanAwakenConfirm@@" (33 chars)
[SCAN] 0x19b4c14: ".?AVCDlgSwordsmanAwakenConfirm@@" (32 chars)
[SCAN] 0x19b5c7c: ".PBVCMyColorStatic@@" (20 chars)
[SCAN] 0x19b5c9c: ".PBVCMyScrollButton@@" (21 chars)
[SCAN] 0x19b5cbc: ".?AVCFDlgPerfectActivity@@" (26 chars)
[SCAN] 0x19b5ce0: ".?AVCDlgPerfectActivityWeb@@" (28 chars)
[SCAN] 0x19b5d08: ".?AVCMyItemContainer@@" (22 chars)
[SCAN] 0x19b5d28: ".?AVCMyItemAddLev@@" (19 chars)
[SCAN] 0x19b5d44: ".?AVCMyItemRefine@@" (19 chars)
[SCAN] 0x19b5d60: ".?AVCMyCopItemTip@@" (19 chars)
[SCAN] 0x19b5d7c: ".?AVCFDlgGetQRCodeAwards@@" (26 chars)
[SCAN] 0x19b5da0: ".?AVCFDlgTaskToday@@" (20 chars)
[SCAN] 0x19b5dc0: ".?AVCFDlgMonthlyCard@@" (22 chars)
[SCAN] 0x19b5de0: ".?AVCFDlgNewCZActivity@@" (24 chars)
[SCAN] 0x19b5e04: ".?AVCFDlgOperateActivity@@" (26 chars)
[SCAN] 0x19b5fe0: ".?AV<lambda_77bf3b3ccc99b1dcb506de6dbd0df6ee>@@" (47 chars)
[SCAN] 0x19b6018: ".?AV<lambda_c0fbcf03eba33bf88a96cbf2e59c7e95>@@" (47 chars)
[SCAN] 0x19b6050: ".?AV<lambda_30ee8c95f675a97473c6c4112c9a810d>@@" (47 chars)
[SCAN] 0x19b6088: ".?AV<lambda_00411e77b9d93c24576e79726be24441>@@" (47 chars)
[SCAN] 0x19b6138: ".P6APAVCFDlgTravelHomePage@@XZ" (30 chars)
[SCAN] 0x19b6264: ".?AV<lambda_70cb3b4f0b005d0dadc6b1d500daec4e>@@" (47 chars)
[SCAN] 0x19b62f8: ".?AV<lambda_0858c99c85713da051d5f22d90a0e3e3>@@" (47 chars)
[SCAN] 0x19b63b0: ".?AV<lambda_e47b05354c9209d28d24e65c84ddff4d>@@" (47 chars)
[SCAN] 0x19b64d8: ".?AV?$_Binder@U_Unforced@std@@P8CMyItem@@AEXXZPAV3@@std@@" (57 chars)
[SCAN] 0x19b658c: ".P6APAVCMyItemContainer@@XZ" (27 chars)
[SCAN] 0x19b65b0: ".P6APAVCMyItemRefine@@XZ" (24 chars)
[SCAN] 0x19b65d4: ".P6APAVCMyItemAddLev@@XZ" (24 chars)
[SCAN] 0x19b65f8: ".P6APAVCMyItem@@XZ" (18 chars)
[SCAN] 0x19b673c: ".?AVCPickUpMgr@@" (16 chars)
[SCAN] 0x19b6758: ".?AVCDlgBossHarmRanking@@" (25 chars)
[SCAN] 0x19b677c: ".?AVCMyScrollButton@@" (21 chars)
[SCAN] 0x19b679c: ".?AVCPlaceButton@@" (18 chars)
[SCAN] 0x19b67b8: ".?AVCDlgAllServerTreasureHunt@@" (31 chars)
[SCAN] 0x19b67e0: ".?AVCDlgAutoInviteInteract@@" (28 chars)
[SCAN] 0x19b6808: ".?AVCBoYiLevUpEffectEvent@@" (27 chars)
[SCAN] 0x19b682c: ".?AVCBoYiBgEffectEvent@@" (24 chars)
[SCAN] 0x19b6850: ".?AVCDlgBoYiLevUp@@" (19 chars)
[SCAN] 0x19b686c: ".?AVCDlgFactionMatchFinal@@" (27 chars)
[SCAN] 0x19b6890: ".?AVCDlgCommonTip@@" (19 chars)
[SCAN] 0x19b68ac: ".?AVCDlgLeagueManifesto@@" (25 chars)
[SCAN] 0x19b68d0: ".?AVCDlgCurDaoistWords@@" (24 chars)
[SCAN] 0x19b68f4: ".?AVCDlgDragonCityWarEventInfo@@" (32 chars)
[SCAN] 0x19b6920: ".?AVCDlgDragonCityWarHDWLInfo@@" (31 chars)
[SCAN] 0x19b6948: ".?AVCDlgDragonCityWarSLJLInfo@@" (31 chars)
[SCAN] 0x19b6970: ".?AVCDlgDragonCityWarZQZBInfo@@" (31 chars)
[SCAN] 0x19b6998: ".?AVCDlgDragonCityWarZGLTInfo@@" (31 chars)
[SCAN] 0x19b69c0: ".?AVCDlgEnemyInvadeOpponent@@" (29 chars)
[SCAN] 0x19b69e8: ".?AVCDlgEquipResetOwner@@" (25 chars)
[SCAN] 0x19b6a0c: ".?AVCEquipRebuildEffect@@" (25 chars)
[SCAN] 0x19b6a30: ".?AVCDlgUpgrade2Nonsuch@@" (25 chars)
[SCAN] 0x19b6a54: ".?AVCXuanBaoResolve3DEffectEvent@@" (34 chars)
[SCAN] 0x19b6a80: ".?AVCDlgXuanBaoResolve@@" (24 chars)
[SCAN] 0x19b6aa4: ".?AVCDlgFamilyRaceResult@@" (26 chars)
[SCAN] 0x19b6ac8: ".?AVCDlgGiftRequirement@@" (25 chars)
[SCAN] 0x19b6aec: ".?AVCDlgHundredWeaponsTips@@" (28 chars)
[SCAN] 0x19b6b14: ".?AVCDlgLuckDraw@@" (18 chars)
[SCAN] 0x19b6b30: ".?AVCMyCopItemBase@@" (20 chars)
[SCAN] 0x19b6b50: ".?AVCDlgDrawOffer@@" (19 chars)
[SCAN] 0x19b6b6c: ".?AVCDlgGuildGeneralHall@@" (26 chars)
[SCAN] 0x19b6b90: ".?AVCDlgMpcBooth@@" (18 chars)
[SCAN] 0x19b6bac: ".?AVCDlgRuneBagRank@@" (21 chars)
[SCAN] 0x19b6bcc: ".?AVCDlgSynMemberAppoint@@" (26 chars)
[SCAN] 0x19b6bf0: ".?AVCDlgTeamDominate@@" (22 chars)
[SCAN] 0x19b6c10: ".?AVCDlgTradeEditID@@" (21 chars)
[SCAN] 0x19b6c30: ".?AVCDlgNewLotteryRankReview@@" (30 chars)
[SCAN] 0x19b6c58: ".?AVCDlgNinjaSkillMain@@" (24 chars)
[SCAN] 0x19b6c7c: ".?AVCDlgOSShop@@" (16 chars)
[SCAN] 0x19b6c98: ".?AVCDlgPirateLotteryTen@@" (26 chars)
[SCAN] 0x19b6cbc: ".?AVCDlgRecoverExchange@@" (25 chars)
[SCAN] 0x19b6ce0: ".?AVCDlgPsw2Chk@@" (17 chars)
[SCAN] 0x19b6cfc: ".?AVCDlgQuickPay@@" (18 chars)
[SCAN] 0x19b6d18: ".?AVCDlgShowHandAudienceList@@" (30 chars)
[SCAN] 0x19b6d40: ".?AVCDlgSoldierServantAwakeRule@@" (33 chars)
[SCAN] 0x19b6d6c: ".?AVCDlgTexasMFunTopRight@@" (27 chars)
[SCAN] 0x19b6d90: ".?AVCDlgWarFlagResultTip@@" (26 chars)
[SCAN] 0x19b6db4: ".?AVCFDlgPrimordialSpiritWorld@@" (32 chars)
[SCAN] 0x19b6de0: ".?AVCDlgPrimordialSpiritWorld@@" (31 chars)
[SCAN] 0x19b6e08: ".?AVCFDlgFriendRoomNewTexas@@" (29 chars)
[SCAN] 0x19b6e30: ".?AVCDlgFriendRoomNewTexas@@" (28 chars)
[SCAN] 0x19b6e58: ".?AVCFDlgWarriorMonkAwakenQuickPurchase@@" (41 chars)
[SCAN] 0x19b6e8c: ".?AVCDlgWarriorMonkAwakenQuickPurchase@@" (40 chars)
[SCAN] 0x19b6ec0: ".?AVCFDlgOSSynWarRules@@" (24 chars)
[SCAN] 0x19b6ee4: ".?AVCDlgOSSynWarRules@@" (23 chars)
[SCAN] 0x19b6f04: ".?AVCDlgPerfectActivityNew@@" (28 chars)
[SCAN] 0x19b6f2c: ".?AVCFDlgBindEmail@@" (20 chars)
[SCAN] 0x19b6f4c: ".?AVCDlgBindEmail@@" (19 chars)
[SCAN] 0x19b6f68: ".?AVCFDlgSwordsmanAwakenUpgradeSuc@@" (36 chars)
[SCAN] 0x19b6f98: ".?AVCDlgSwordsmanAwakenUpgradeSuc@@" (35 chars)
[SCAN] 0x19b8088: ".?AVGRoot@fairygui@@" (20 chars)
[SCAN] 0x19b80a8: ".?AVCTypeBtn@@" (14 chars)
[SCAN] 0x19b80c0: ".?AVCGoodsItem@@" (16 chars)
[SCAN] 0x19b8200: ".?AV?$_Binder@U_Unforced@std@@P8CFDlgNewShop@@AEXXZPAV3@@std@@" (62 chars)
[SCAN] 0x19b82b8: ".P6APAVCTypeBtn@@XZ" (19 chars)
[SCAN] 0x19b82d4: ".P6APAVCGoodsItem@@XZ" (21 chars)
[SCAN] 0x19b82f8: ".?AV?$_Binder@U_Unforced@std@@P8CGoodsItem@@AEXXZPAV3@@std@@" (60 chars)
[SCAN] 0x19b83ec: ".?AV<lambda_c8c530919bc11fcef0856f593b774176>@@" (47 chars)
[SCAN] 0x19b8424: ".P6APAVIC3Video@@XZ" (19 chars)
[SCAN] 0x19b853c: ".?AVCDlgAccountLoginAlert@@" (27 chars)
[SCAN] 0x19b8560: ".?AVCDlgAuctionAskMine@@" (24 chars)
[SCAN] 0x19b8584: ".?AVCDlgClimbDragonHill@@" (25 chars)
[SCAN] 0x19b85a8: ".?AVCDlgCrossElitePkBtn@@" (25 chars)
[SCAN] 0x19b85cc: ".?AVCDlgDevilsNightAward@@" (26 chars)
[SCAN] 0x19b85f0: ".?AVCDlgCampsConfrontationTeam@@" (32 chars)
[SCAN] 0x19b861c: ".?AVCDlgEmoneySaleShop@@" (24 chars)
[SCAN] 0x19b8640: ".?AVCVideoPlay@@" (16 chars)
[SCAN] 0x19b865c: ".?AVCDlgEquipMeltingReward@@" (28 chars)
[SCAN] 0x19b8684: ".?AVCDlgExpRecoverBtn@@" (23 chars)
[SCAN] 0x19b86a4: ".?AVCOutChatEdit@@" (18 chars)
[SCAN] 0x19b86c0: ".?AVCDlgGetItem@@" (17 chars)
[SCAN] 0x19b86dc: ".?AVCDlgJabaliAttrActive@@" (26 chars)
[SCAN] 0x19b8700: ".?AVCLotteryEffect@@" (20 chars)
[SCAN] 0x19b8720: ".?AVCDlgLinkItemTip@@" (21 chars)
[SCAN] 0x19b8740: ".?AVCDlgFamilyChallenge@@" (25 chars)
[SCAN] 0x19b8764: ".?AVCDlgFrdState@@" (18 chars)
[SCAN] 0x19b8780: ".?AVCHonorShopPopPickUpProcess@@" (32 chars)
[SCAN] 0x19b87ac: ".?AVCDlgHonorShop@@" (19 chars)
[SCAN] 0x19b87c8: ".?AVIPokerContactsCallback@@" (28 chars)
[SCAN] 0x19b87f0: ".?AVCDlgNpcEquip@@" (18 chars)
[SCAN] 0x19b880c: ".?AVCDlgQualifyingHonorRank@@" (29 chars)
[SCAN] 0x19b8834: ".?AVCDlgRideMatchTime@@" (23 chars)
[SCAN] 0x19b8854: ".?AVCDlgTaskRankAward@@" (23 chars)
[SCAN] 0x19b8874: ".?AVCDlgNationality@@" (21 chars)
[SCAN] 0x19b8894: ".?AVCDlgMask@@" (14 chars)
[SCAN] 0x19b88ac: ".?AVINewTexasHallCallback@@" (27 chars)
[SCAN] 0x19b88d0: ".?AVCDlgNewTexasHall@@" (22 chars)
[SCAN] 0x19b88f0: ".?AVCDlgNewTexasMTTTip@@" (24 chars)
[SCAN] 0x19b8914: ".?AVCDlgOwnKongfuRank@@" (23 chars)
[SCAN] 0x19b8934: ".?AVCDlgGoldenLeagueShopPlusCart@@" (34 chars)
[SCAN] 0x19b8960: ".?AVCDlgPokerContacts@@" (23 chars)
[SCAN] 0x19b8980: ".?AVCDlgRaiderPlayerList@@" (26 chars)
[SCAN] 0x19b89a4: ".?AVCDlgScreenChatShortcut@@" (28 chars)
[SCAN] 0x19b89cc: ".?AVISlot5X3MenuCallback@@" (26 chars)
[SCAN] 0x19b89f0: ".?AVCDlgSlot5X3Menu@@" (21 chars)
[SCAN] 0x19b8a10: ".?AVCDlgStrengthDevelopPerson@@" (31 chars)
[SCAN] 0x19b8a38: ".?AVCDlgTexasWaiting@@" (22 chars)
[SCAN] 0x19b8a58: ".?AVCDlgTurnoverLotteryConfirm@@" (32 chars)
[SCAN] 0x19b8a84: ".?AVCDlgVigorShop@@" (19 chars)
[SCAN] 0x19b8aa0: ".?AVCDlgWrapAttributesReview@@" (30 chars)
[SCAN] 0x19b8b2c: ".?AV?$_Func_base@XHHHH_N@std@@" (30 chars)
[SCAN] 0x19b8b54: ".?AV?$_Func_base@PAVIC3Video@@$$V@std@@" (39 chars)
[SCAN] 0x19b8b84: ".?AVCFDlgPrimordialSpiritBuy@@" (30 chars)
[SCAN] 0x19b8bac: ".?AVCDlgPrimordialSpiritBuy@@" (29 chars)
[SCAN] 0x19b8bd4: ".?AVCFDlgGlobalPointLastSeason@@" (32 chars)
[SCAN] 0x19b8c00: ".?AVCDlgGlobalPointLastSeason@@" (31 chars)
[SCAN] 0x19b8c28: ".?AVCFDlgNewShop@@" (18 chars)
[SCAN] 0x19b8c44: ".?AVCDlgNewShop@@" (17 chars)
[SCAN] 0x19b8c60: ".?AVCFDlgRoleSimplifyRecommend@@" (32 chars)
[SCAN] 0x19b8c8c: ".?AVCDlgRoleSimplifyRecommend@@" (31 chars)
[SCAN] 0x19b8cb4: ".?AVCFDlgTravelRanking@@" (24 chars)
[SCAN] 0x19b8cd8: ".?AVCDlgTravelRanking@@" (23 chars)
[SCAN] 0x19b8d70: ".?AV?$_Func_impl_no_alloc@P6AXHHHH_N@ZXHHHH_N@std@@" (51 chars)
[SCAN] 0x19b8dac: ".?AV?$_Func_impl_no_alloc@P6AXXZX$$V@std@@" (42 chars)
[SCAN] 0x19b8de0: ".?AV?$_Func_impl_no_alloc@P6APAVIC3Video@@XZPAV1@$$V@std@@" (58 chars)
[SCAN] 0x19b95e8: ".?AVCListBox@@" (14 chars)
[SCAN] 0x19b9600: ".PBVCMyList@@" (13 chars)
[SCAN] 0x19b9618: ".?AVCTaskDetailCom@@" (20 chars)
[SCAN] 0x19b9638: ".?AV<lambda_f04fe2bbf2a6889320503ee076e51976>@@" (47 chars)
[SCAN] 0x19b97cc: ".P6APAVCTaskDetailCom@@XZ" (25 chars)
[SCAN] 0x19b996c: ".?AV<lambda_f7caf36f9e932d1db401886ad8021c19>@@" (47 chars)
[SCAN] 0x19b9a64: ".?AV<lambda_da5f9224b6a5b66a8e31867d6bfc9bf2>@@" (47 chars)
[SCAN] 0x19b9bc0: ".?AUuser@CLuaBase@@" (19 chars)
[SCAN] 0x19b9bdc: ".?AVCDlgCampsPoint@@" (20 chars)
[SCAN] 0x19b9bfc: ".?AVCDlgClimbDragonHillAward@@" (30 chars)
[SCAN] 0x19b9c24: ".?AVCCrossEmoneyBuyBtn@@" (24 chars)
[SCAN] 0x19b9c48: ".?AVCCrossEmoneyItemCtrl@@" (26 chars)
[SCAN] 0x19b9c6c: ".?AVCDlgCrossEmoneyShop@@" (25 chars)
[SCAN] 0x19b9c90: ".?AVCMyList@@" (13 chars)
[SCAN] 0x19b9ca8: ".?AVIDevilsNightBoardCallback@@" (31 chars)
[SCAN] 0x19b9cd0: ".?AVCDlgDevilsNightBoard@@" (26 chars)
[SCAN] 0x19b9cf4: ".?AVCDlgEmoneySaleShopBuy@@" (27 chars)
[SCAN] 0x19b9d18: ".?AVCDlgEquipMeltingRewardTen@@" (31 chars)
[SCAN] 0x19b9d40: ".?AVCDlgExpRecoverConfirm@@" (27 chars)
[SCAN] 0x19b9d64: ".?AVCDlgAuctionAskSelect@@" (26 chars)
[SCAN] 0x19b9d88: ".?AVCDlgListBox@@" (17 chars)
[SCAN] 0x19b9da4: ".?AVCDlgFamilyConsort@@" (23 chars)
[SCAN] 0x19b9dc4: ".?AVCDlgFreezingDepot@@" (23 chars)
[SCAN] 0x19b9de4: ".?AVCDlgHotkey@@" (16 chars)
[SCAN] 0x19b9e00: ".?AVCDlgQualifyingOpponent@@" (28 chars)
[SCAN] 0x19b9e28: ".?AVCDlgJabaliFrame@@" (21 chars)
[SCAN] 0x19b9e48: ".?AVCDlgSubProConfirm@@" (23 chars)
[SCAN] 0x19b9e68: ".?AVCDlgTaskRankUpBtn@@" (23 chars)
[SCAN] 0x19b9e88: ".?AVCVipButton@@" (16 chars)
[SCAN] 0x19b9ea4: ".?AVCDlgVip@@" (13 chars)
[SCAN] 0x19b9ebc: ".?AVCDlgMenuBossTrack@@" (23 chars)
[SCAN] 0x19b9edc: ".?AVCDlgNationalTreasuryInfo@@" (30 chars)
[SCAN] 0x19b9f04: ".?AVCDlgGouyuHandbook@@" (23 chars)
[SCAN] 0x19b9f24: ".?AVCDlgOccupyConfirm@@" (23 chars)
[SCAN] 0x19b9f44: ".?AVCDlgOwnKongfuRename@@" (25 chars)
[SCAN] 0x19b9f68: ".?AVCDlgPokerFriendEntrance@@" (29 chars)
[SCAN] 0x19b9f90: ".?AVCDlgRaiderPot@@" (19 chars)
[SCAN] 0x19b9fac: ".?AVCDlgRoleSelect@@" (20 chars)
[SCAN] 0x19b9fcc: ".?AVCDlgAccountSafe@@" (21 chars)
[SCAN] 0x19b9fec: ".?AVCDlgScreenChatTool@@" (24 chars)
[SCAN] 0x19ba010: ".?AVCDlgSlot5X3SubMenu@@" (24 chars)
[SCAN] 0x19ba034: ".?AVCDlgTexasChangeTableMask@@" (30 chars)
[SCAN] 0x19ba05c: ".?AVCDlgTournamentMain@@" (24 chars)
[SCAN] 0x19ba080: ".?AVCDlgTutorShipTip@@" (22 chars)
[SCAN] 0x19ba0a0: ".?AVCDlgVipConsumptionBirth@@" (29 chars)
[SCAN] 0x19ba0c8: ".?AVCDlgWrapAttributesTip@@" (27 chars)
[SCAN] 0x19ba0ec: ".?AVCOutChatSlider@@" (20 chars)
[SCAN] 0x19ba10c: ".?AVCMySlider@@" (15 chars)
[SCAN] 0x19ba124: ".?AVCDlgGetItemTips@@" (21 chars)
[SCAN] 0x19ba144: ".?AVCFDlgPrimordialSpiritCall@@" (31 chars)
[SCAN] 0x19ba16c: ".?AVCDlgPrimordialSpiritCall@@" (30 chars)
[SCAN] 0x19ba194: ".?AVCDlgNewTexasHelp@@" (22 chars)
[SCAN] 0x19ba1b4: ".?AVCFDlgGlobalPointNewSeason@@" (31 chars)
[SCAN] 0x19ba1dc: ".?AVCDlgGlobalPointNewSeason@@" (30 chars)
[SCAN] 0x19ba204: ".?AVCFDlgMyEscortCart@@" (23 chars)
[SCAN] 0x19ba224: ".?AVCDlgMyEscortCart@@" (22 chars)
[SCAN] 0x19ba244: ".?AVCFDlgTeamRecruitPublish@@" (29 chars)
[SCAN] 0x19ba26c: ".?AVCDlgTeamRecruitPublish@@" (28 chars)
[SCAN] 0x19ba294: ".?AVCFDlgTaskTrace@@" (20 chars)
[SCAN] 0x19ba2b4: ".?AVCDlgTaskTrace@@" (19 chars)
[SCAN] 0x19baca0: ".?AU?$ptr2user@VCMyDialog@@@CLuaBase@@" (38 chars)
[SCAN] 0x19bacd0: ".?AU?$ptr2user@VCMyButton@@@CLuaBase@@" (38 chars)
[SCAN] 0x19bad00: ".?AU?$ptr2user@VCMyColorStatic@@@CLuaBase@@" (43 chars)
[SCAN] 0x19bad34: ".?AU?$ptr2user@VCMyEditEx@@@CLuaBase@@" (38 chars)
[SCAN] 0x19bad64: ".?AU?$ptr2user@VCMyImage@@@CLuaBase@@" (37 chars)
[SCAN] 0x19bad94: ".?AU?$ptr2user@VCMySlider@@@CLuaBase@@" (38 chars)
[SCAN] 0x19badc4: ".?AU?$ptr2user@VCMyProgress@@@CLuaBase@@" (40 chars)
[SCAN] 0x19badf8: ".?AU?$ptr2user@VCOwnerStatic@@@CLuaBase@@" (41 chars)
[SCAN] 0x19bae2c: ".?AU?$ptr2user@VCOwnerImage@@@CLuaBase@@" (40 chars)
[SCAN] 0x19bae60: ".?AU?$ptr2user@VCMyRenderWidget@@@CLuaBase@@" (44 chars)
[SCAN] 0x19bae98: ".?AU?$ptr2user@VCMyPlayerWidget@@@CLuaBase@@" (44 chars)
[SCAN] 0x19baed0: ".?AU?$ptr2user@VCPlayer@@@CLuaBase@@" (36 chars)
[SCAN] 0x19baf00: ".?AU?$ptr2user@VCLuaUIMgr@@@CLuaBase@@" (38 chars)
[SCAN] 0x19baf30: ".PBVCOwnerDrawCtrl@@" (20 chars)
[SCAN] 0x19baf50: ".?AVCUIRoleRender@@" (19 chars)
[SCAN] 0x19baf6c: ".?AVCGlobalPointRankingItem@@" (29 chars)
[SCAN] 0x19baf94: ".?AVCGlobalPointLev@@" (21 chars)
[SCAN] 0x19bafb4: ".?AVCGlobalPointRankingList@@" (29 chars)
[SCAN] 0x19bafdc: ".?AVCFDlgNewTexasCards@@" (24 chars)
[SCAN] 0x19bb000: ".?AVCComSlot@@" (14 chars)
[SCAN] 0x19bb018: ".?AVCComPokerRoom@@" (19 chars)
[SCAN] 0x19bb034: ".?AVCComPokerPlus@@" (19 chars)
[SCAN] 0x19bb050: ".?AVCFDlgDominoHall@@" (21 chars)
[SCAN] 0x19bb070: ".?AVCPrimordialSpiritPkMatchNoticeItem@@" (40 chars)
[SCAN] 0x19bb0a4: ".?AVCPrimordialSpiritPkMatchNoticeBase@@" (40 chars)
[SCAN] 0x19bb0d8: ".?AVCPrimordialSpiritPkMatchNotice@@" (36 chars)
[SCAN] 0x19bb16c: ".P6APAVCPrimordialSpiritPkMatchNotice@@XZ" (41 chars)
[SCAN] 0x19bb1a0: ".P6APAVCPrimordialSpiritPkMatchNoticeBase@@XZ" (45 chars)
[SCAN] 0x19bb1d8: ".P6APAVCPrimordialSpiritPkMatchNoticeItem@@XZ" (45 chars)
[SCAN] 0x19bb580: ".P6APAVCFDlgDominoHall@@XZ" (26 chars)
[SCAN] 0x19bb5a4: ".P6APAVCComSlot3X1@@XZ" (22 chars)
[SCAN] 0x19bb5c4: ".P6APAVCComPokerSkin@@XZ" (24 chars)
[SCAN] 0x19bb5e8: ".P6APAVCComSlot@@XZ" (19 chars)
[SCAN] 0x19bb604: ".P6APAVCComPokerRoom@@XZ" (24 chars)
[SCAN] 0x19bb628: ".P6APAVCComPokerPlus@@XZ" (24 chars)
[SCAN] 0x19bb6a0: ".?AV<lambda_dac4eb2d6f2b8b3c433ca47baf739011>@@" (47 chars)
[SCAN] 0x19bb6d8: ".?AV<lambda_b5584135f162bde0e2caffd8a5e00b87>@@" (47 chars)
[SCAN] 0x19bb710: ".?AV<lambda_35dc0884000c8a4c1e96d7ad3670c8e6>@@" (47 chars)
[SCAN] 0x19bb748: ".?AV<lambda_f318a3e66e8e69f4e017c1bfc7dce81f>@@" (47 chars)
[SCAN] 0x19bb780: ".?AV<lambda_595ace7848efdf4d6b7fbbd1cd3c4afc>@@" (47 chars)
[SCAN] 0x19bb7b8: ".?AV<lambda_96c658151ec90a43ea0b2a00d2d5aebd>@@" (47 chars)
[SCAN] 0x19bb898: ".P6APAVCGlobalPointLev@@XZ" (26 chars)
[SCAN] 0x19bb8bc: ".P6APAVCGlobalPointRankingList@@XZ" (34 chars)
[SCAN] 0x19bb98c: ".P6APAVCGlobalPointRankingItem@@XZ" (34 chars)
[SCAN] 0x19bb9b8: ".?AV?$_Binder@U_Unforced@std@@P8CMyRole@@AEXXZPAV3@@std@@" (57 chars)
[SCAN] 0x19bba6c: ".P6APAVCMyRole@@XZ" (18 chars)
[SCAN] 0x19bba88: ".P6AXPAVCMyNode@@@Z" (19 chars)
[SCAN] 0x19bbd30: ".?AV?$basic_streambuf@GU?$char_traits@G@std@@@std@@" (51 chars)
[SCAN] 0x19bbdc0: ".?AV?$basic_iostream@GU?$char_traits@G@std@@@std@@" (50 chars)
[SCAN] 0x19bbdfc: ".?AV?$basic_istream@GU?$char_traits@G@std@@@std@@" (49 chars)
[SCAN] 0x19bbe38: ".?AV?$basic_ios@GU?$char_traits@G@std@@@std@@" (45 chars)
[SCAN] 0x19bbe70: ".?AVios_base@std@@" (18 chars)
[SCAN] 0x19bbe8c: ".?AV?$_Iosb@H@std@@" (19 chars)
[SCAN] 0x19bbea8: ".?AV?$basic_ostream@GU?$char_traits@G@std@@@std@@" (49 chars)
[SCAN] 0x19bbee4: ".?AVCDlgCampsResult@@" (21 chars)
[SCAN] 0x19bbf04: ".?AVCDlgClimbDragonHillPreview@@" (32 chars)
[SCAN] 0x19bbf30: ".?AVCDlgCrossEmoneyShopEntrance@@" (33 chars)
[SCAN] 0x19bbf5c: ".?AVCDlgEmoneySaleShopPay@@" (27 chars)
[SCAN] 0x19bbf80: ".?AVCDlgGetMoreGold@@" (21 chars)
[SCAN] 0x19bbfa0: ".?AVCDlgHundredWeapons@@" (24 chars)
[SCAN] 0x19bbfc4: ".?AVCDlgLoading@@" (17 chars)
[SCAN] 0x19bbfe0: ".?AVCDlgAuctionAutoTrade@@" (26 chars)
[SCAN] 0x19bc004: ".?AVCDlgScreenSkinSetup@@" (25 chars)
[SCAN] 0x19bc028: ".?AVCDlgFamilyCreate@@" (22 chars)
[SCAN] 0x19bc048: ".?AVCDlgFriend@@" (16 chars)
[SCAN] 0x19bc064: ".?AVCMenuGroup@@" (16 chars)
[SCAN] 0x19bc080: ".?AVIPokerInviteListCallback@@" (30 chars)
[SCAN] 0x19bc0a8: ".?AVCDlgMenuMore@@" (18 chars)
[SCAN] 0x19bc0c4: ".?AVCDlgOfferLeft@@" (19 chars)
[SCAN] 0x19bc0e0: ".?AVCDlgPageNormal@@" (20 chars)
[SCAN] 0x19bc100: ".?AVCDlgQualifyingQuit@@" (24 chars)
[SCAN] 0x19bc124: ".?AVCDlgEquipmentEffects@@" (26 chars)
[SCAN] 0x19bc148: ".?AVCDlgJabaliGet@@" (19 chars)
[SCAN] 0x19bc164: ".?AVCDlgRoleShowType@@" (22 chars)
[SCAN] 0x19bc184: ".?AVCDlgSubProDetail@@" (22 chars)
[SCAN] 0x19bc1a4: ".?AVCDlgVipBack@@" (17 chars)
[SCAN] 0x19bc1c0: ".?AVCDlgNeiGong@@" (17 chars)
[SCAN] 0x19bc1dc: ".?AVCDlgNewTexasMTTEventShareConfirm@@" (38 chars)
[SCAN] 0x19bc20c: ".?AVCDlgGouyuHandbookCust@@" (27 chars)
[SCAN] 0x19bc230: ".?AVCDlgPokerInviteList@@" (25 chars)
[SCAN] 0x19bc254: ".?AVCDlgRaiderPotAward@@" (24 chars)
[SCAN] 0x19bc278: ".?AVCDlgSlotMachine@@" (21 chars)
[SCAN] 0x19bc298: ".?AVCTaskRewardPointer@@" (24 chars)
[SCAN] 0x19bc2bc: ".?AVCTaskRewardItem@@" (21 chars)
[SCAN] 0x19bc2dc: ".?AVCDlgTaskReward@@" (20 chars)
[SCAN] 0x19bc2fc: ".?AVCDlgTexasCloset@@" (21 chars)
[SCAN] 0x19bc31c: ".?AVCDlgThorSign@@" (18 chars)
[SCAN] 0x19bc338: ".?AVCDlgTutorShipTipS@@" (23 chars)
[SCAN] 0x19bc358: ".?AVCDlgVipConsumptionMain@@" (28 chars)
[SCAN] 0x19bc380: ".?AVCDlgFace@@" (14 chars)
[SCAN] 0x19bc398: ".?AVCDlgWrapBigEmotion@@" (24 chars)
[SCAN] 0x19bc3bc: ".?AVCRoleViewBase@@" (19 chars)
[SCAN] 0x19bc3d8: ".?AVCFDlgGlobalPointRankingList@@" (33 chars)
[SCAN] 0x19bc404: ".?AVCDlgGlobalPointRankingList@@" (32 chars)
[SCAN] 0x19bc430: ".?AVCFDlgFuncPreviewBtn@@" (25 chars)
[SCAN] 0x19bc454: ".?AVCDlgFuncPreviewBtn@@" (24 chars)
[SCAN] 0x19bc478: ".?AVCFDlgMicroResDownload@@" (27 chars)
[SCAN] 0x19bc49c: ".?AVCDlgMicroResDownload@@" (26 chars)
[SCAN] 0x19bc4c0: ".?AVCPokerHallBase@@" (20 chars)
[SCAN] 0x19bc4e0: ".?AVCFDlgCrossPokerHall@@" (25 chars)
[SCAN] 0x19bc504: ".?AVCComPokerSkin@@" (19 chars)
[SCAN] 0x19bc520: ".?AVCComSlot3X1@@" (17 chars)
[SCAN] 0x19bc53c: ".?AVCDlgCrossPokerHall@@" (24 chars)
[SCAN] 0x19bc560: ".?AVCFDlgPrimordialSpiritPkMatchNotice@@" (40 chars)
[SCAN] 0x19bc594: ".?AVCDlgPrimordialSpiritPkMatchNotice@@" (39 chars)
[SCAN] 0x19bc5c4: ".?AVCFDlgPrimordialSpiritPkMatchNoticeExpand@@" (46 chars)
[SCAN] 0x19bc5fc: ".?AVCDlgPrimordialSpiritPkMatchNoticeExpand@@" (45 chars)
[SCAN] 0x19bc638: ".?AV?$_Ref_count_resource@PAVCMyNode@@P6AXPAV1@@Z@std@@" (55 chars)
[SCAN] 0x19bdcdc: ".PBVCMyListCtrl@@" (17 chars)
[SCAN] 0x19bdcf8: ".PBVCOwnerEffect@@" (18 chars)
[SCAN] 0x19bdd14: ".?AVCComTexasTask@@" (19 chars)
[SCAN] 0x19bdd2f: "!.?AVGSlider@fairygui@@" (23 chars)
[SCAN] 0x19bdd50: ".?AVCComDominoResult@@" (22 chars)
[SCAN] 0x19bdd70: ".?AVCRewardListItem@@" (21 chars)
[SCAN] 0x19bdd90: ".?AVCRewardProgress@@" (21 chars)
[SCAN] 0x19bddaf: "!.?AVGTree@fairygui@@" (21 chars)
[SCAN] 0x19bddd0: ".?AVCDetailItem@@" (17 chars)
[SCAN] 0x19bddec: ".?AVCOSSynWarNotice1ListItem@@" (30 chars)
[SCAN] 0x19bde14: ".?AVCOSSynWarNoticeBase@@" (25 chars)
[SCAN] 0x19bde38: ".?AVCPrimordialSpiritPkMatchRankListItem@@" (42 chars)
[SCAN] 0x19bde6c: ".P6APAVCPrimordialSpiritPkMatchRankListItem@@XZ" (47 chars)
[SCAN] 0x19bdfe8: ".P6APAVCFDlgGetQRCodeAwards@@XZ" (31 chars)
[SCAN] 0x19be010: ".P6APAVCOSSynWarNotice2@@XZ" (27 chars)
[SCAN] 0x19be034: ".P6APAVCOSSynWarNotice1@@XZ" (27 chars)
[SCAN] 0x19be058: ".P6APAVCOSSynWarNoticeBase@@XZ" (30 chars)
[SCAN] 0x19be0cc: ".P6APAVCOSSynWarNotice1ListItem@@XZ" (35 chars)
[SCAN] 0x19be194: ".P6APAVCFDlgAchievementQiyu@@XZ" (31 chars)
[SCAN] 0x19be1bc: ".P6APAVCFDlgAchievementDetail@@XZ" (33 chars)
[SCAN] 0x19be1e8: ".P6APAVCFDlgAchievementView@@XZ" (31 chars)
[SCAN] 0x19be288: ".P6APAVCRewardProgress@@XZ" (26 chars)
[SCAN] 0x19be304: ".P6APAVCDetailItem@@XZ" (22 chars)
[SCAN] 0x19be3a8: ".?AV?$_Binder@U_Unforced@std@@P8CDetailItem@@AEXXZPAV3@@std@@" (61 chars)
[SCAN] 0x19be4b8: ".P6APAVGButton@fairygui@@XZ" (27 chars)
[SCAN] 0x19be4dc: ".P6APAVCRewardListItem@@XZ" (26 chars)
[SCAN] 0x19be66c: ".P6APAVCComDominoResult@@XZ" (27 chars)
[SCAN] 0x19be7cc: ".?AV<lambda_099378048a31a40d80597a3614bd0341>@@" (47 chars)
[SCAN] 0x19be87c: ".P6APAVCComTexasTask@@XZ" (24 chars)
[SCAN] 0x19be8a0: ".P6AXPAUISpine@@@Z" (18 chars)
[SCAN] 0x19bec70: ".?AVCOwnerEffect@@" (18 chars)
[SCAN] 0x19bec8c: ".?AVCMyListCtrl@@" (17 chars)
[SCAN] 0x19beca8: ".?AVCDlgEquipmentInstance@@" (27 chars)
[SCAN] 0x19beccc: ".?AVCDlgCampsTeamApplyInfo@@" (28 chars)
[SCAN] 0x19becf4: ".?AVCDlgClimbDragonHillSel@@" (28 chars)
[SCAN] 0x19bed1c: ".?AVCDlgCrossFlagWarRank@@" (26 chars)
[SCAN] 0x19bed40: ".?AVCFamilyHomeVideo@@" (22 chars)
[SCAN] 0x19bed60: ".?AVCFamilyArchitecture@@" (25 chars)
[SCAN] 0x19bed84: ".?AVCDlgFamilyHome@@" (20 chars)
[SCAN] 0x19beda4: ".?AVCDlgFruitChat@@" (19 chars)
[SCAN] 0x19bedc0: ".?AVCDlgHundredWeaponsAttrInfo@@" (32 chars)
[SCAN] 0x19bedec: ".?AVCDlgLog@@" (13 chars)
[SCAN] 0x19bee04: ".?AVCDlgAuctionAutoTradeAdd@@" (29 chars)
[SCAN] 0x19bee2c: ".?AVCDlgEMoneyShop@@" (20 chars)
[SCAN] 0x19bee4c: ".?AVIPokerNewFriendsCallback@@" (30 chars)
[SCAN] 0x19bee74: ".?AVCDlgMenuMoreBtn@@" (21 chars)
[SCAN] 0x19bee94: ".?AVCDlgOfferOnline@@" (21 chars)
[SCAN] 0x19beeb4: ".?AVCDlgPageUser@@" (18 chars)
[SCAN] 0x19beed0: ".?AVCDlgJabaliUpgrade@@" (23 chars)
[SCAN] 0x19beef0: ".?AVCDlgSubProExpIntro@@" (24 chars)
[SCAN] 0x19bef14: ".?AVCMenuTalk@@" (15 chars)
[SCAN] 0x19bef2c: ".?AVCDlgVipBtn@@" (16 chars)
[SCAN] 0x19bef48: ".?AVCDlgNeiGongRank@@" (21 chars)
[SCAN] 0x19bef68: ".?AVCDlgNewTexasMTTEventRankReward@@" (36 chars)
[SCAN] 0x19bef98: ".?AVCDlgNewTexasProp@@" (22 chars)
[SCAN] 0x19befb8: ".?AVCDlgGouyuHandbookSetup@@" (28 chars)
[SCAN] 0x19befe0: ".?AVCDlgPokerNewFriends@@" (25 chars)
[SCAN] 0x19bf004: ".?AVCDlgQualifyingRank@@" (24 chars)
[SCAN] 0x19bf028: ".?AVCDlgRaidersOfTLATrend@@" (27 chars)
[SCAN] 0x19bf04c: ".?AVCDlgRoll@@" (14 chars)
[SCAN] 0x19bf064: ".?AVISealedTreasureCallback@@" (29 chars)
[SCAN] 0x19bf08c: ".?AVCMySealTreasureTip@@" (24 chars)
[SCAN] 0x19bf0b0: ".?AVCMySealFloorAnimate@@" (25 chars)
[SCAN] 0x19bf0d4: ".?AVCMySealDamage@@" (19 chars)
[SCAN] 0x19bf0f0: ".?AVCMySealWarning@@" (20 chars)
[SCAN] 0x19bf110: ".?AVCMyTreasureMountDecorator@@" (31 chars)
[SCAN] 0x19bf138: ".?AVCOwnerMount@@" (17 chars)
[SCAN] 0x19bf154: ".?AVCMyTreasureOverCoat@@" (25 chars)
[SCAN] 0x19bf178: ".?AVCUpFloorEvent@@" (19 chars)
[SCAN] 0x19bf194: ".?AVCMySeal@@" (13 chars)
[SCAN] 0x19bf1ac: ".?AVCMyBreakMsg@@" (17 chars)
[SCAN] 0x19bf1c8: ".?AVCMyBreakBox@@" (17 chars)
[SCAN] 0x19bf1e4: ".?AVCMyBreakRule@@" (18 chars)
[SCAN] 0x19bf200: ".?AVCMyBreakRank@@" (18 chars)
[SCAN] 0x19bf21c: ".?AVCMyBreakClock@@" (19 chars)
[SCAN] 0x19bf238: ".?AVCDlgSealedTreasure@@" (24 chars)
[SCAN] 0x19bf25c: ".?AVISlotMachine5X3Callback@@" (29 chars)
[SCAN] 0x19bf284: ".?AVCSlotMiniGameStartEffectEvent@@" (35 chars)
[SCAN] 0x19bf2b0: ".?AVCSlotMiniGameStartEffect@@" (30 chars)
[SCAN] 0x19bf2d8: ".?AVCAutoTimesListCtrl@@" (24 chars)
[SCAN] 0x19bf2fc: ".?AVCSlotLineCtrl@@" (19 chars)
[SCAN] 0x19bf318: ".?AVCSlotListCtrl@@" (19 chars)
[SCAN] 0x19bf334: ".?AVCDlgSlotMachine5X3@@" (24 chars)
[SCAN] 0x19bf358: ".?AVCDlgTaskReward10TimesAwards@@" (33 chars)
[SCAN] 0x19bf384: ".?AVCDlgTitleBar@@" (18 chars)
[SCAN] 0x19bf3a0: ".?AVCDlgTYMJMain@@" (18 chars)
[SCAN] 0x19bf3bc: ".?AVCDlgFaceFrame@@" (19 chars)
[SCAN] 0x19bf3d8: ".?AVCDlgWrapEmotionSetting@@" (28 chars)
[SCAN] 0x19bf400: ".?AVCDlgTexasDepot@@" (20 chars)
[SCAN] 0x19bf420: ".?AVCFDlgCOPTableTask@@" (23 chars)
[SCAN] 0x19bf440: ".?AVCDlgCOPTableTask@@" (22 chars)
[SCAN] 0x19bf460: ".?AVCFDlgJinLiResult@@" (22 chars)
[SCAN] 0x19bf480: ".?AVCDlgJinLiResult@@" (21 chars)
[SCAN] 0x19bf4a0: ".?AVINewTexasChipActionCallback@@" (33 chars)
[SCAN] 0x19bf4cc: ".?AVCFDlgNewTexasOpt@@" (22 chars)
[SCAN] 0x19bf4ec: ".?AVCFDlgDominoResult@@" (23 chars)
[SCAN] 0x19bf50c: ".?AVCDlgDominoResult@@" (22 chars)
[SCAN] 0x19bf52c: ".?AVCFDlgAchievementReward@@" (28 chars)
[SCAN] 0x19bf554: ".?AVCDlgAchievementReward@@" (27 chars)
[SCAN] 0x19bf578: ".?AVCFDlgAchievementQiyu@@" (26 chars)
[SCAN] 0x19bf59c: ".?AVCFDlgAchievementDetail@@" (28 chars)
[SCAN] 0x19bf5c4: ".?AVCFDlgAchievementView@@" (26 chars)
[SCAN] 0x19bf5e8: ".?AVCFDlgAchievement@@" (22 chars)
[SCAN] 0x19bf608: ".?AVCDlgAchievement@@" (21 chars)
[SCAN] 0x19bf628: ".?AVCFDlgOSSynWarNotice@@" (25 chars)
[SCAN] 0x19bf64c: ".?AVCDlgOSSynWarNotice@@" (24 chars)
[SCAN] 0x19bf670: ".?AVCOSSynWarNotice1@@" (22 chars)
[SCAN] 0x19bf690: ".?AVCOSSynWarNotice2@@" (22 chars)
[SCAN] 0x19bf6b0: ".?AVCFDlgPrimordialSpiritPkMatchRankReward@@" (44 chars)
[SCAN] 0x19bf6e8: ".?AVCDlgPrimordialSpiritPkMatchRankReward@@" (43 chars)
[SCAN] 0x19bf71c: ".?AVCFDlgPrimordialSpiritPkMatchRank@@" (38 chars)
[SCAN] 0x19bf74c: ".?AVCDlgPrimordialSpiritPkMatchRank@@" (37 chars)
[SCAN] 0x19bf77c: ".?AV?$_Ref_count_resource@PAUISpine@@P6AXPAU1@@Z@std@@" (54 chars)
[SCAN] 0x19c0ffc: ".?AVCGame3DEffectExRender@@" (27 chars)
[SCAN] 0x19c1020: ".?AVIconPos@@" (13 chars)
[SCAN] 0x19c1050: ".PBVCOwnerEffectSet@@" (21 chars)
[SCAN] 0x19c1070: ".?AVCMyChipHeap@@" (17 chars)
[SCAN] 0x19c108c: ".?AVCComNewTexasPlayer@@" (24 chars)
[SCAN] 0x19c10b0: ".?AVCComNewTexasOpt@@" (21 chars)
[SCAN] 0x19c10d0: ".?AVCFDlgNewTexasPlayer@@" (25 chars)
[SCAN] 0x19c131c: ".?AV<lambda_dbb1faad6ab4eb5fb7174c0370c7e1a0>@@" (47 chars)
[SCAN] 0x19c1354: ".?AV<lambda_10783c4e5deedb2fa53f282a850c1ed3>@@" (47 chars)
[SCAN] 0x19c138c: ".?AV<lambda_4d9ff18a762e2fc82e8653d7265ce71a>@@" (47 chars)
[SCAN] 0x19c13c4: ".?AV<lambda_b9faed12da5bb2ccb56fd1ea91749c92>@@" (47 chars)
[SCAN] 0x19c13fc: ".?AV<lambda_a6f33a92a4f651ef173d4e3377193af0>@@" (47 chars)
[SCAN] 0x19c1500: ".P6APAVCComNewTexasOpt@@XZ" (26 chars)
[SCAN] 0x19c1524: ".P6APAVCComNewTexasPlayer@@XZ" (29 chars)
[SCAN] 0x19c154c: ".?AV<lambda_00f7452eb9a4645b9010ce51291628c0>@@" (47 chars)
[SCAN] 0x19c1584: ".?AV<lambda_d51d73688e8304107e9bb211f41ebd9e>@@" (47 chars)
[SCAN] 0x19c15bc: ".?AV<lambda_4600e01696cbff0800fd92e1221913ca>@@" (47 chars)
[SCAN] 0x19c1648: ".?AV<lambda_1d46e6150e1391f12ff330490b2a4845>@@" (47 chars)
[SCAN] 0x19c1680: ".?AV<lambda_370e74b979ce5d4da14cb61f7a45faeb>@@" (47 chars)
[SCAN] 0x19c1870: ".?AV?$_Binder@U_Unforced@std@@P8CMyRolePart@@AEXXZPAV3@@std@@" (61 chars)
[SCAN] 0x19c18b8: ".P6APAVCMyRolePart@@XZ" (22 chars)
[SCAN] 0x19c18d8: ".?AV<lambda_2d325c5200402f510902188559f89057>@@" (47 chars)
[SCAN] 0x19c1990: ".?AVCDlgAchievementItem@@" (25 chars)
[SCAN] 0x19c19b4: ".?AVCDlgAuctionAutoTradeRecord@@" (32 chars)
[SCAN] 0x19c19e0: ".?AVCDlgCoachConfirm@@" (22 chars)
[SCAN] 0x19c1a00: ".?AVCDlgCrossFlagWarResult@@" (28 chars)
[SCAN] 0x19c1a28: ".?AVCDlgEmoneyWithdraw@@" (24 chars)
[SCAN] 0x19c1a4c: ".?AVCDlgEquipmentSpecialEffect@@" (32 chars)
[SCAN] 0x19c1a78: ".?AVCDlgFaceGetWay@@" (20 chars)
[SCAN] 0x19c1a98: ".?AVILoginInteract@@" (20 chars)
[SCAN] 0x19c1ab8: ".?AVINewTexasPropInteract@@" (27 chars)
[SCAN] 0x19c1adc: ".?AVCOwnerEffectSet@@" (21 chars)
[SCAN] 0x19c1afc: ".?AVCDlgCampsTeamInfo@@" (23 chars)
[SCAN] 0x19c1b1c: ".?AVCMessageBoxCmdProcess@@" (27 chars)
[SCAN] 0x19c1b40: ".?AVIFamilyInfoUICallback@@" (27 chars)
[SCAN] 0x19c1b64: ".?AVCDlgFruitMachine@@" (22 chars)
[SCAN] 0x19c1b84: ".?AVCDlgGetRewardByHunt@@" (25 chars)
[SCAN] 0x19c1ba8: ".?AVCDlgHundredWeaponsBaptize@@" (31 chars)
[SCAN] 0x19c1bd0: ".?AVCAccountListCtrl@@" (22 chars)
[SCAN] 0x19c1bf0: ".?AVCDlgLogin@@" (15 chars)
[SCAN] 0x19c1c08: ".?AVCDlgMeritsPointFight@@" (26 chars)
[SCAN] 0x19c1c2c: ".?AVCDlgFamilyInfo@@" (20 chars)
[SCAN] 0x19c1c4c: ".?AVCDlgOfferOrderOnline@@" (26 chars)
[SCAN] 0x19c1c70: ".?AVCDlgQualifyingWinsRank@@" (28 chars)
[SCAN] 0x19c1c98: ".?AVCDlgSubProfessionEx@@" (25 chars)
[SCAN] 0x19c1cbc: ".?AVCDlgJabaliVariant@@" (23 chars)
[SCAN] 0x19c1cdc: ".?AVCDlgVipDepot@@" (18 chars)
[SCAN] 0x19c1cf8: ".?AVCMyMiniMapButton@@" (22 chars)
[SCAN] 0x19c1d18: ".?AVCMyMiniMap@@" (16 chars)
[SCAN] 0x19c1d34: ".?AVCDlgNeiGongStatus@@" (23 chars)
[SCAN] 0x19c1d54: ".?AVITexasFunBottomRightCallback@@" (34 chars)
[SCAN] 0x19c1d80: ".?AVCNewTexasPropEvent@@" (24 chars)
[SCAN] 0x19c1da4: ".?AVCPropEntrance@@" (19 chars)
[SCAN] 0x19c1dc0: ".?AVCDlgNewTexasPropInteract@@" (30 chars)
[SCAN] 0x19c1de8: ".?AVCDlgGouyuHandbookWiki@@" (27 chars)
[SCAN] 0x19c1e0c: ".?AVCDlgParseConfirm@@" (22 chars)
[SCAN] 0x19c1e2c: ".?AVCDlgPrincesRecover@@" (24 chars)
[SCAN] 0x19c1e50: ".?AVCDlgRandomDailyTask@@" (25 chars)
[SCAN] 0x19c1e74: ".?AVCRouletteNeedle@@" (21 chars)
[SCAN] 0x19c1e94: ".?AVCRouletteBetArea@@" (22 chars)
[SCAN] 0x19c1eb4: ".?AVCDlgRoulette@@" (18 chars)
[SCAN] 0x19c1ed0: ".?AVISealedChooseCallback@@" (27 chars)
[SCAN] 0x19c1ef4: ".?AVCDlgSealedTreasureChoose@@" (30 chars)
[SCAN] 0x19c1f1c: ".?AVISlotMachine5X3CarCallback@@" (32 chars)
[SCAN] 0x19c1f48: ".?AVCSlotRunCar@@" (17 chars)
[SCAN] 0x19c1f64: ".?AVCDlgSlotMachine5X3Car@@" (27 chars)
[SCAN] 0x19c1f88: ".?AVCDlgTaskRewardExchange@@" (28 chars)
[SCAN] 0x19c1fb0: ".?AVCDlgTexasFunBottomRight@@" (29 chars)
[SCAN] 0x19c1fd8: ".?AVCDlgTongTianRank@@" (22 chars)
[SCAN] 0x19c1ff8: ".?AVCDlgTYXJLotteryAward@@" (26 chars)
[SCAN] 0x19c201c: ".?AVCRolePartViewBase@@" (23 chars)
[SCAN] 0x19c203c: ".?AVIMonitorCallback@@" (22 chars)
[SCAN] 0x19c205c: ".?AVCMonitorCallback@?A0x8dbce22b@@" (35 chars)
[SCAN] 0x19c2088: ".?AVCDlgCOPTableTaskResult@@" (28 chars)
[SCAN] 0x19c20b0: ".?AVCFDlgCOPTableTaskResult@@" (29 chars)
[SCAN] 0x19c20d8: ".?AVCFDlgJinLiReward@@" (22 chars)
[SCAN] 0x19c20f8: ".?AVCDlgJinLiReward@@" (21 chars)
[SCAN] 0x19c2118: ".?AVCDlgDominoRule@@" (20 chars)
[SCAN] 0x19c2138: ".?AVCFDlgDominoRule@@" (21 chars)
[SCAN] 0x19c2158: ".?AVCFDlgOSSynWarNoticeExpand@@" (31 chars)
[SCAN] 0x19c2180: ".?AVCDlgOSSynWarNoticeExpand@@" (30 chars)
[SCAN] 0x19c21a8: ".?AVCFDlgVipConsumptionRecord@@" (31 chars)
[SCAN] 0x19c21d0: ".?AVCDlgVipConsumptionRecord@@" (30 chars)
[SCAN] 0x19c21f8: ".?AVCFDlgPrimordialSpiritPkMatchResult@@" (40 chars)
[SCAN] 0x19c222c: ".?AVCDlgPrimordialSpiritPkMatchResult@@" (39 chars)
[SCAN] 0x19c31a4: ".PBVCOwnerFace@@" (16 chars)
[SCAN] 0x19c31c0: ".?AVCFDlgFriendRoomCreate@@" (27 chars)
[SCAN] 0x19c31e4: ".?AVCMyNumberGroup@@" (20 chars)
[SCAN] 0x19c3204: ".?AVCFDlgGameAnnounce@@" (23 chars)
[SCAN] 0x19c3224: ".?AVCComGoldFly@@" (17 chars)
[SCAN] 0x19c3240: ".?AVCSocialCardItem@@" (21 chars)
[SCAN] 0x19c3260: ".?AV<lambda_3b7eab15604838159dd701d82d7c6a72>@@" (47 chars)
[SCAN] 0x19c336c: ".P6APAVCSocialCardItem@@XZ" (26 chars)
[SCAN] 0x19c3468: ".?AV?$_Binder@U_Unforced@std@@P8CComGoldFly@@AEXXZPAV3@@std@@" (61 chars)
[SCAN] 0x19c34b0: ".?AV<lambda_17ff61ddcf4bd53002db4fb7a844d899>@@" (47 chars)
[SCAN] 0x19c34e8: ".?AV?$_Binder@U_Unforced@std@@P8CFDlgGoldFly@@AEXXZPAV3@@std@@" (62 chars)
[SCAN] 0x19c3530: ".P6APAVCComGoldFly@@XZ" (22 chars)
[SCAN] 0x19c3550: ".?AV<lambda_957b07eea9ac6a0975413743d977b203>@@" (47 chars)
[SCAN] 0x19c35fc: ".P6APAVCFDlgMonthlyCard@@XZ" (27 chars)
[SCAN] 0x19c3698: ".?AV<lambda_2e6e6b853a859a30bada54341d858f90>@@" (47 chars)
[SCAN] 0x19c36d0: ".P6APAVCFDlgGameAnnounce@@XZ" (28 chars)
[SCAN] 0x19c36f8: ".?AV<lambda_b61b8424d96fd8fde50c4c0cfa6418bb>@@" (47 chars)
[SCAN] 0x19c3730: ".?AV<lambda_5a2bcc7f84ce40a2bacc135f32adc718>@@" (47 chars)
[SCAN] 0x19c3768: ".?AV<lambda_168767e8cd06dcf798e010856480f521>@@" (47 chars)
[SCAN] 0x19c3814: ".?AV<lambda_dee798195a25d924a8c4e7e33a1bd28d>@@" (47 chars)
[SCAN] 0x19c384c: ".?AV<lambda_9cd5d9f0489820bd7c22732131e5b2b5>@@" (47 chars)
[SCAN] 0x19c3884: ".?AV<lambda_6dca432fcbf11c1034c7ae520dc41dc8>@@" (47 chars)
[SCAN] 0x19c38bc: ".?AV<lambda_4fa5b5e49239b0ac71ba096828d44476>@@" (47 chars)
[SCAN] 0x19c38f4: ".?AV<lambda_f3adc0473fbe4d05e25a6aa4a61bae26>@@" (47 chars)
[SCAN] 0x19c392c: ".?AV<lambda_b2ea78eb5b0982f1a694614438ae46c0>@@" (47 chars)
[SCAN] 0x19c3964: ".?AV<lambda_383b6c981db4bc6242dd91af1289195b>@@" (47 chars)
[SCAN] 0x19c39f0: ".?AV<lambda_13ebdf839277cddc4e2084a023b82d09>@@" (47 chars)
[SCAN] 0x19c3aa0: ".P6APAVCFDlgNewTexasCards@@XZ" (29 chars)
[SCAN] 0x19c3ac8: ".P6APAVCFDlgNewTexasPlayer@@XZ" (30 chars)
[SCAN] 0x19c3af0: ".P6APAVCComNewTexasCards@@XZ" (28 chars)
[SCAN] 0x19c3be0: ".?AV?$_Binder@U_Unforced@std@@P8CFDlgJinLiMain@@AEXXZPAV3@@std@@" (64 chars)
[SCAN] 0x19c3c2c: ".P6APAVCMyNumberGroup@@XZ" (25 chars)
[SCAN] 0x19c3c50: ".?AV<lambda_c8b6438171ee98aab94715d3abf63139>@@" (47 chars)
[SCAN] 0x19c3c88: ".?AV<lambda_c6f5b98e2a862c44e0e270156a24d4c6>@@" (47 chars)
[SCAN] 0x19c3cc0: ".?AV<lambda_40c8fd7407f97086e4019dbe095d7130>@@" (47 chars)
[SCAN] 0x19c3cf8: ".?AV<lambda_a589a75f729b35ae79a3ef344af8be83>@@" (47 chars)
[SCAN] 0x19c3dfc: ".?AV<lambda_1d2fece8524c4decabc9803238f6bfa1>@@" (47 chars)
[SCAN] 0x19c3e34: ".?AV<lambda_6ea4ef7a7f21e6c31a0533cc8b42e4bc>@@" (47 chars)
[SCAN] 0x19c3e6c: ".?AV<lambda_66ccebdf0a148e31f03d2e60761fb48a>@@" (47 chars)
[SCAN] 0x19c3ea4: ".P6APAVCFDlgFriendRoomCreate@@XZ" (32 chars)
[SCAN] 0x19c4150: ".?AVCDlgAuctionAutoTradeResult@@" (32 chars)
[SCAN] 0x19c417c: ".?AVCDlgCoachTip@@" (18 chars)
[SCAN] 0x19c4198: ".?AVCDlgCrossFlagWarReward@@" (28 chars)
[SCAN] 0x19c41c0: ".?AVITexasChipActionCallback@@" (30 chars)
[SCAN] 0x19c41e8: ".?AVITexasRaffleCallBack@@" (26 chars)
[SCAN] 0x19c420c: ".?AVCMessageBoxMgr@@" (20 chars)
[SCAN] 0x19c422c: ".?AVCQualityUpgradeEffectEvent@@" (32 chars)
[SCAN] 0x19c4258: ".?AVCDlgQualityUpgrade@@" (24 chars)
[SCAN] 0x19c427c: ".?AVCDlgFaceGiftChooseFriend@@" (30 chars)
[SCAN] 0x19c42a4: ".?AVCDlgFamilyMakeVow@@" (23 chars)
[SCAN] 0x19c42c4: ".?AVCDlgFruitMachineBossRank@@" (30 chars)
[SCAN] 0x19c42ec: ".?AVCDlgHundredWeaponsBtn@@" (27 chars)
[SCAN] 0x19c4310: ".?AVCDlgEmotionAndAct@@" (23 chars)
[SCAN] 0x19c4330: ".?AVCDlgLoginNotice@@" (21 chars)
[SCAN] 0x19c4350: ".?AVCDlgGift@@" (14 chars)
[SCAN] 0x19c4368: ".?AVCDlgEquipmentSpecialEffectOthers@@" (38 chars)
[SCAN] 0x19c4398: ".?AVCDlgOfferPart@@" (19 chars)
[SCAN] 0x19c43b4: ".?AVCDlgSubWeapon@@" (19 chars)
[SCAN] 0x19c43d0: ".?AVCDlgVipQuery@@" (18 chars)
[SCAN] 0x19c43ec: ".?AVCDlgMeteSpecial@@" (21 chars)
[SCAN] 0x19c440c: ".?AVCDlgMttTimeDown@@" (21 chars)
[SCAN] 0x19c442c: ".?AVCDlgNewExchangeMulitBuy@@" (29 chars)
[SCAN] 0x19c4454: ".?AVCDlgNewTexasRaffle@@" (24 chars)
[SCAN] 0x19c4478: ".?AVCDlgGouYuUpgrade@@" (22 chars)
[SCAN] 0x19c4498: ".?AVCDlgPkMatchingSuc@@" (23 chars)
[SCAN] 0x19c44b8: ".?AVCDlgPrincesWar@@" (20 chars)
[SCAN] 0x19c44d8: ".?AVCDlgRandomDailyTaskAccept@@" (31 chars)
[SCAN] 0x19c4500: ".?AVCDlgRouletteBetConfirm@@" (28 chars)
[SCAN] 0x19c4528: ".?AVCDlgSealedTreasureList@@" (28 chars)
[SCAN] 0x19c4550: ".?AVCDlgSlotMachine5X3CarTopThree@@" (35 chars)
[SCAN] 0x19c457c: ".?AVCDlgTexasFunChip@@" (22 chars)
[SCAN] 0x19c459c: ".?AVCDlgTongTianRankMain@@" (26 chars)
[SCAN] 0x19c45c0: ".?AVCDlgTYXJLotteryGetItem@@" (28 chars)
[SCAN] 0x19c45e8: ".?AVCDlgWrapPackageDummy@@" (26 chars)
[SCAN] 0x19c460c: ".?AVINewTexasBoardCallback@@" (28 chars)
[SCAN] 0x19c4634: ".?AVCFDlgJinLiMain@@" (20 chars)
[SCAN] 0x19c4654: ".?AVCDlgJinLiMain@@" (19 chars)
[SCAN] 0x19c4670: ".?AVCFDlgJinLiHistory@@" (23 chars)
[SCAN] 0x19c4690: ".?AVCDlgJinLiHistory@@" (22 chars)
[SCAN] 0x19c46b0: ".?AVCFDlgNewTexasBoard@@" (24 chars)
[SCAN] 0x19c46d4: ".?AVCDlgNewTexasBoard@@" (23 chars)
[SCAN] 0x19c46f4: ".?AVCFDlgGoldFly@@" (18 chars)
[SCAN] 0x19c4710: ".?AVCDlgGoldFly@@" (17 chars)
[SCAN] 0x19c472c: ".?AVCFDlgPrimordialSpiritPkMatchEntryTips@@" (43 chars)
[SCAN] 0x19c4760: ".?AVCDlgPrimordialSpiritPkMatchEntryTips@@" (42 chars)
[SCAN] 0x19c4794: ".?AVCFDlgSocialCardPackage@@" (28 chars)
[SCAN] 0x19c47bc: ".?AVCDlgSocialCardPackage@@" (27 chars)
[SCAN] 0x19c6244: ".PBVCOwnerImage@@" (17 chars)
[SCAN] 0x19c6260: ".?AVCFDlgAllServerScrolling@@" (29 chars)
[SCAN] 0x19c6340: ".?AV<lambda_4f4501183323a756f1b7241ac513deb4>@@" (47 chars)
[SCAN] 0x19c6378: ".?AV<lambda_dcb6df92b931bf83fb3e866bb7a53103>@@" (47 chars)
[SCAN] 0x19c6400: ".?AV<lambda_4a0c2409eb7ef74c9408779a42a42900>@@" (47 chars)
[SCAN] 0x19c6438: ".?AV<lambda_33d8b220e827d3620f7ee0872a4dcfa9>@@" (47 chars)
[SCAN] 0x19c64bc: ".?AV<lambda_793be08dd828364200e91c29ffaff9e3>@@" (47 chars)
[SCAN] 0x19c6584: ".?AV<lambda_9fb19d6262307ebb01df7aae88738cc8>@@" (47 chars)
[SCAN] 0x19c66a8: ".?AVCMyAnimateParallelLink@@" (28 chars)
[SCAN] 0x19c66d0: ".?AVCDlgAchievementTip@@" (24 chars)
[SCAN] 0x19c66f4: ".?AVCDlgAuctionResult@@" (23 chars)
[SCAN] 0x19c6714: ".?AVCDlgOfficialAppoint@@" (25 chars)
[SCAN] 0x19c6738: ".?AVCEquipOpenHoleEffectEvent@@" (31 chars)
[SCAN] 0x19c6760: ".?AVCDlgEquipOpenHole@@" (23 chars)
[SCAN] 0x19c6780: ".?AVCDlgFamilyMatchBattleMsg@@" (30 chars)
[SCAN] 0x19c67a8: ".?AVCDlgFruitMachineGuide@@" (27 chars)
[SCAN] 0x19c67cc: ".?AVCDlgGiftCenterMain@@" (24 chars)
[SCAN] 0x19c67f0: ".?AVCDlgGraphic@@" (17 chars)
[SCAN] 0x19c680c: ".?AVCMyParseStatic@@" (20 chars)
[SCAN] 0x19c682c: ".?AVCDlgHundredWeaponsImprove@@" (31 chars)
[SCAN] 0x19c6854: ".?AVCDlgLogo@@" (14 chars)
[SCAN] 0x19c686c: ".?AVCDlgEmotionBox@@" (20 chars)
[SCAN] 0x19c688c: ".?AVCDlgCrossFlagWarRewardInCombat@@" (36 chars)
[SCAN] 0x19c68bc: ".?AVCDlgFaction@@" (17 chars)
[SCAN] 0x19c68d8: ".?AVCDlgKongfu@@" (16 chars)
[SCAN] 0x19c68f4: ".?AVCDlgQuery@@" (15 chars)
[SCAN] 0x19c690c: ".?AVCDlgSuperFlag@@" (19 chars)
[SCAN] 0x19c6928: ".?AVCDlgVipRepairAll@@" (22 chars)
[SCAN] 0x19c6948: ".?AVCDlgMainSimpleNew@@" (23 chars)
[SCAN] 0x19c6968: ".?AVCDlgMiniInstanceAuction@@" (29 chars)
[SCAN] 0x19c6990: ".?AVCDlgMttSchedule@@" (21 chars)
[SCAN] 0x19c69b0: ".?AVCDlgNewTexasMTTEventDetails@@" (33 chars)
[SCAN] 0x19c69dc: ".?AVCDlgNewExchangeShop@@" (25 chars)
[SCAN] 0x19c6a00: ".?AVCDlgPerfectCollect@@" (24 chars)
[SCAN] 0x19c6a24: ".?AVCDlgPrincesWarBuildingInfo@@" (32 chars)
[SCAN] 0x19c6a50: ".?AVCDlgTaskTodayReward@@" (25 chars)
[SCAN] 0x19c6a74: ".?AVCDlgRandomDailyTaskMain@@" (29 chars)
[SCAN] 0x19c6a9c: ".?AVCDlgRouletteInviteList@@" (28 chars)
[SCAN] 0x19c6ac4: ".?AVCSealedListItem@@" (21 chars)
[SCAN] 0x19c6ae4: ".?AVCDlgSealedTreasureListHasDesc@@" (35 chars)
[SCAN] 0x19c6b10: ".?AVISlotMachine5X3MiniGameCallback@@" (37 chars)
[SCAN] 0x19c6b40: ".?AVCSlotMiniGameEffectEvent@@" (30 chars)
[SCAN] 0x19c6b68: ".?AVCDlgSlotMachine5X3Game@@" (28 chars)
[SCAN] 0x19c6b90: ".?AVCDlgTongTianReward@@" (24 chars)
[SCAN] 0x19c6bb4: ".?AVCDlgTYXJLotteryKLS@@" (24 chars)
[SCAN] 0x19c6bd8: ".?AVCMyClolorImg@@" (18 chars)
[SCAN] 0x19c6bf4: ".?AVCDlgCoatChangeColor@@" (25 chars)
[SCAN] 0x19c6c18: ".?AVCDlgWrapShop@@" (18 chars)
[SCAN] 0x19c6c34: ".?AVCDlgFightDragonCityFirstOrganShow@@" (39 chars)
[SCAN] 0x19c6c64: ".?AVCFDlgPrimordialSpiritCallRewardPreview@@" (44 chars)
[SCAN] 0x19c6c9c: ".?AVCDlgPrimordialSpiritCallRewardPreview@@" (43 chars)
[SCAN] 0x19c6cd0: ".?AVCFDlgFriendRoomHelp@@" (25 chars)
[SCAN] 0x19c6cf4: ".?AVCDlgFriendRoomHelp@@" (24 chars)
[SCAN] 0x19c6d18: ".?AVCFDlgJinLiBarrage@@" (23 chars)
[SCAN] 0x19c6d38: ".?AVCDlgJinLiBarrage@@" (22 chars)
[SCAN] 0x19c6d58: ".?AVCFDlgNewTexasEnterBuy@@" (27 chars)
[SCAN] 0x19c6d7c: ".?AVCDlgNewTexasEnterBuy@@" (26 chars)
[SCAN] 0x19c6da0: ".?AVCFDlgPrimordialSpiritPkMatchEvents@@" (40 chars)
[SCAN] 0x19c6dd4: ".?AVCDlgPrimordialSpiritPkMatchEvents@@" (39 chars)
[SCAN] 0x19c6e04: ".?AVCDlgAllServerScrolling@@" (28 chars)
[SCAN] 0x19c753c: ".?AVCMyMagicContainer@@" (23 chars)
[SCAN] 0x19c755c: ".?AVCMyMagicTip@@" (17 chars)
[SCAN] 0x19c7578: ".?AVCFDlgFriendRoomJoin@@" (25 chars)
[SCAN] 0x19c7668: ".P6APAVCFDlgFriendRoomJoin@@XZ" (30 chars)
[SCAN] 0x19c76e4: ".?AV<lambda_f0549266fd0abafd3ae27e89f6e3acf2>@@" (47 chars)
[SCAN] 0x19c77a0: ".?AV?$_Binder@U_Unforced@std@@P8CMyMagicTip@@AEXXZPAV3@@std@@" (61 chars)
[SCAN] 0x19c78bc: ".P6APAVCMyMagicTip@@XZ" (22 chars)
[SCAN] 0x19c78dc: ".P6APAVCMyMagicContainer@@XZ" (28 chars)
[SCAN] 0x19c7904: ".P6APAVCMyMagic@@XZ" (19 chars)
[SCAN] 0x19c7920: ".?AVCMyAnimateSerialLink@@" (26 chars)
[SCAN] 0x19c7944: ".?AVCDlgAccessWays@@" (20 chars)
[SCAN] 0x19c7964: ".?AVCDlgAuctionResultFamily@@" (29 chars)
[SCAN] 0x19c798c: ".?AVCDlgTower@@" (15 chars)
[SCAN] 0x19c79a4: ".?AVCDlgCrossFlagWarRewardRank@@" (32 chars)
[SCAN] 0x19c79d0: ".?AVCDlgRankPkAllReward@@" (25 chars)
[SCAN] 0x19c79f4: ".?AVCDlgEquipQuench@@" (21 chars)
[SCAN] 0x19c7a14: ".?AVCDlgRepurchaseComposeImmeLose@@" (35 chars)
[SCAN] 0x19c7a40: ".?AVCDlgFruitMachineTip@@" (25 chars)
[SCAN] 0x19c7a64: ".?AVCDlgGiftConfirm@@" (21 chars)
[SCAN] 0x19c7a84: ".?AVCDlgGray@@" (14 chars)
[SCAN] 0x19c7a9c: ".?AVCDlgHundredWeaponsMain@@" (28 chars)
[SCAN] 0x19c7ac4: ".?AVCDlgBossLife@@" (18 chars)
[SCAN] 0x19c7ae0: ".?AVCDlgAct@@" (13 chars)
[SCAN] 0x19c7af8: ".?AVCDlgEmotionSC@@" (19 chars)
[SCAN] 0x19c7b14: ".?AVCDlgFactionBaseInfo@@" (25 chars)
[SCAN] 0x19c7b38: ".?AVCDlgFamilyMember@@" (22 chars)
[SCAN] 0x19c7b58: ".?AVCDlgLay@@" (13 chars)
[SCAN] 0x19c7b70: ".?AVCDlgLongDistanceAuction@@" (29 chars)
[SCAN] 0x19c7b98: ".?AVCDlgOnHook@@" (16 chars)
[SCAN] 0x19c7bb4: ".?AVCDlgPerfectRune@@" (21 chars)
[SCAN] 0x19c7bd4: ".?AVCDlgSynAwardRank@@" (22 chars)
[SCAN] 0x19c7bf4: ".?AVCDlgVipTransport@@" (22 chars)
[SCAN] 0x19c7c14: ".?AVCDlgMinimap@@" (17 chars)
[SCAN] 0x19c7c30: ".?AVCDlgNewFriendsSysMain@@" (27 chars)
[SCAN] 0x19c7c54: ".?AVCDlgNinjaSkillAptitude@@" (28 chars)
[SCAN] 0x19c7c7c: ".?AVCMagicObserver@@" (20 chars)
[SCAN] 0x19c7c9c: ".?AVCDlgPrincesWarCityEvent@@" (29 chars)
[SCAN] 0x19c7cc4: ".?AVCDlgQueryOtherRune@@" (24 chars)
[SCAN] 0x19c7ce8: ".?AVCDlgRoulettePlayerBet@@" (27 chars)
[SCAN] 0x19c7d0c: ".?AVCDlgSealedTreasureLuck@@" (28 chars)
[SCAN] 0x19c7d34: ".?AVCDlgSlotMachine5X3Help@@" (28 chars)
[SCAN] 0x19c7d5c: ".?AVCDlgSupportBack@@" (21 chars)
[SCAN] 0x19c7d7c: ".?AVCDlgTaskTraceFoldBtn@@" (26 chars)
[SCAN] 0x19c7da0: ".?AVCDlgUserAgreementWeb@@" (26 chars)
[SCAN] 0x19c7dc4: ".?AVCDlgCollect@@" (17 chars)
[SCAN] 0x19c7de0: ".?AVCDlgXianYuanGetItem@@" (25 chars)
[SCAN] 0x19c7e04: ".?AVCMyPlayerWidget@@" (21 chars)
[SCAN] 0x19c7e24: ".?AVCFDlgPrimordialSpiritDraw@@" (31 chars)
[SCAN] 0x19c7e4c: ".?AVCDlgPrimordialSpiritDraw@@" (30 chars)
[SCAN] 0x19c7e74: ".?AVCFDlgKillEffectView@@" (25 chars)
[SCAN] 0x19c7e98: ".?AVCDlgKillEffectView@@" (24 chars)
[SCAN] 0x19c7ebc: ".?AV?$_Ref_count@VCMyImage@@@std@@" (34 chars)
[SCAN] 0x19c84fc: ".PBVCOwnerMount@@" (17 chars)
[SCAN] 0x19c8518: ".?AVCFDlgFriendRoomRecord@@" (27 chars)
[SCAN] 0x19c853c: ".?AVGTopPrimordialSpiriItem@@" (29 chars)
[SCAN] 0x19c8564: ".?AVCOracleItem@@" (17 chars)
[SCAN] 0x19c8580: ".?AVCPrimordialSpiritItem@@" (27 chars)
[SCAN] 0x19c85a4: ".?AVCMyDominoCard@@" (19 chars)
[SCAN] 0x19c85c0: ".?AVCFDlgKillEffectPackage@@" (28 chars)
[SCAN] 0x19c85e8: ".?AVCKillEffectItem@@" (21 chars)
[SCAN] 0x19c8608: ".?AV<lambda_a394bbdfd77ade755a88442c8778d582>@@" (47 chars)
[SCAN] 0x19c8714: ".P6APAVCKillEffectItem@@XZ" (26 chars)
[SCAN] 0x19c87ac: ".?AV<lambda_f378ab0e98cb7c10266b15d152fa11db>@@" (47 chars)
[SCAN] 0x19c87e4: ".?AV<lambda_0d35346d9e844e449e9beea3c7c9e707>@@" (47 chars)
[SCAN] 0x19c881c: ".?AV<lambda_d909e0e9ecb6ac10921990162c56c8e1>@@" (47 chars)
[SCAN] 0x19c8854: ".?AV<lambda_f35b198802f5b6cd2261816d790d6ee5>@@" (47 chars)
[SCAN] 0x19c888c: ".?AV<lambda_ac0fee7c023ef2e0309780f9a01f90a0>@@" (47 chars)
[SCAN] 0x19c8938: ".?AV<lambda_a719f00c1511a1e523516d1863c8b030>@@" (47 chars)
[SCAN] 0x19c8970: ".?AV<lambda_f613c4869c377ada629e2b1c3ce81d50>@@" (47 chars)
[SCAN] 0x19c89a8: ".?AV<lambda_fe98bab456eb3ce53f4a99cd6465f0ef>@@" (47 chars)
[SCAN] 0x19c89e0: ".P6APAVCOracleItem@@XZ" (22 chars)
[SCAN] 0x19c8a84: ".P6APAVCPrimordialSpiritItem@@XZ" (32 chars)
[SCAN] 0x19c8b0c: ".P6APAVGTopPrimordialSpiriItem@@XZ" (34 chars)
[SCAN] 0x19c8ba8: ".?AV<lambda_33788d117894b1c3a6e8d1e3fd242689>@@" (47 chars)
[SCAN] 0x19c8c58: ".?AV<lambda_78de9c8d56dc06544e5b92c09f4195c5>@@" (47 chars)
[SCAN] 0x19c8c90: ".?AV<lambda_f3e9d90acf386aafc4d8f4a96a9ca2d1>@@" (47 chars)
[SCAN] 0x19c8cc8: ".?AV<lambda_21c7c879241194609e32cd72d4501c94>@@" (47 chars)
[SCAN] 0x19c8d54: ".?AV<lambda_d8dbd47b7c9bfa48c532e7cdeec165ff>@@" (47 chars)
[SCAN] 0x19c8ea8: ".?AVCDlgActivityMutual@@" (24 chars)
[SCAN] 0x19c8ecc: ".?AVCDlgBossTrack@@" (19 chars)
[SCAN] 0x19c8ee8: ".?AVCDlgCrossFlagWarRewardRankInCombat@@" (40 chars)
[SCAN] 0x19c8f1c: ".?AVCEmptyGemCompose3DEffectEvent@@" (35 chars)
[SCAN] 0x19c8f48: ".?AVCDlgEmptyGemCompose@@" (25 chars)
[SCAN] 0x19c8f6c: ".?AVCDlgEquipRefine@@" (21 chars)
[SCAN] 0x19c8f8c: ".?AVCMyAnimationSystem@@" (24 chars)
[SCAN] 0x19c8fb0: ".?AVCDlgOpenHole@@" (18 chars)
[SCAN] 0x19c8fcc: ".?AVCDlgFamilyMiniAuction@@" (27 chars)
[SCAN] 0x19c8ff0: ".?AVCDlgFGuiMyMagicGouyuTip@@" (29 chars)
[SCAN] 0x19c9018: ".?AVCDlgFruitRank@@" (19 chars)
[SCAN] 0x19c9034: ".?AVCDlgHundredWeaponsRankingList@@" (35 chars)
[SCAN] 0x19c9060: ".?AVCDlgLeagueAllegiance@@" (26 chars)
[SCAN] 0x19c9084: ".?AVCDlgFactionBtn@@" (20 chars)
[SCAN] 0x19c90a4: ".?AVCDlgGroup@@" (15 chars)
[SCAN] 0x19c90bc: ".?AVCDlgLostDepot@@" (19 chars)
[SCAN] 0x19c90d8: ".?AVCDlgGiftContacts@@" (22 chars)
[SCAN] 0x19c90f8: ".?AVCDlgQuery_Mission@@" (23 chars)
[SCAN] 0x19c9118: ".?AVCDlgSelfSynMemAwardRank@@" (29 chars)
[SCAN] 0x19c9140: ".?AVCDlgMttRaceHistory@@" (24 chars)
[SCAN] 0x19c9164: ".?AVCDlgNewFunctionBox@@" (24 chars)
[SCAN] 0x19c9188: ".?AVCDlgNinjaSkillAptitudeTip@@" (31 chars)
[SCAN] 0x19c91b0: ".?AVCDlgPigeonConfirm@@" (23 chars)
[SCAN] 0x19c91d0: ".?AVCDlgPrizeBroadcast@@" (24 chars)
[SCAN] 0x19c91f4: ".?AVCSlotRankGameEffectEvent@@" (30 chars)
[SCAN] 0x19c921c: ".?AVCDlgRankPkGameEffect@@" (26 chars)
[SCAN] 0x19c9240: ".?AVCDlgRoulettePLList@@" (24 chars)
[SCAN] 0x19c9264: ".?AVCDlgSlotMachineScore@@" (26 chars)
[SCAN] 0x19c9288: ".?AVCDlgSupportBackBtn@@" (24 chars)
[SCAN] 0x19c92ac: ".?AVCIncomeEvent@@" (18 chars)
[SCAN] 0x19c92c8: ".?AVCDlgTexasIncomeReminder@@" (29 chars)
[SCAN] 0x19c92f0: ".?AVCDlgToyFlag@@" (17 chars)
[SCAN] 0x19c930c: ".?AVCDlgTYXJLotteryPreview@@" (28 chars)
[SCAN] 0x19c9334: ".?AVCDlgWallowCountDown@@" (25 chars)
[SCAN] 0x19c9358: ".?AVCDlgCollectGiveFriend@@" (27 chars)
[SCAN] 0x19c937c: ".?AVCXianYuanLotteryDrawCtrl@@" (30 chars)
[SCAN] 0x19c93a4: ".?AVCDlgXianYuanLotteryDraw@@" (29 chars)
[SCAN] 0x19c93cc: ".?AVCQInterface@@" (17 chars)
[SCAN] 0x19c93e8: ".?AVInterface@cocos2d@@" (23 chars)
[SCAN] 0x19c9408: ".?AVCFDlgPrimordialSpiritGet@@" (30 chars)
[SCAN] 0x19c9430: ".?AVCDlgPrimordialSpiritGet@@" (29 chars)
[SCAN] 0x19c9458: ".?AVCFDlgFriendRoomMain@@" (25 chars)
[SCAN] 0x19c947c: ".?AVCDlgFriendRoomMain@@" (24 chars)
[SCAN] 0x19c94a0: ".?AVCFDlgPrimordialSpiritFastBreak@@" (36 chars)
[SCAN] 0x19c94d0: ".?AVCDlgPrimordialSpiritFastBreak@@" (35 chars)
[SCAN] 0x19c94fc: ".?AVCDlgKillEffectPackage@@" (27 chars)
[SCAN] 0x19c9520: ".?AV?$_Ref_count@VCMyAnimateSerialLink@@@std@@" (46 chars)
[SCAN] 0x19c9558: ".?AV?$_Ref_count@VCMyAnimateParallelLink@@@std@@" (48 chars)
[SCAN] 0x19ca51c: ".?AVCProgressCtrl@@" (19 chars)
[SCAN] 0x19ca538: ".?AVCDlgTYXJLotteryTen@@" (24 chars)
[SCAN] 0x19ca55c: ".PBVCMyProgress@@" (17 chars)
[SCAN] 0x19ca578: ".PBVCOwnerPart@@" (16 chars)
[SCAN] 0x19ca594: ".?AVCDlgXuanBaoEcho@@" (21 chars)
[SCAN] 0x19ca5b4: ".?AVCSpiritRankItem@@" (21 chars)
[SCAN] 0x19ca5d4: ".?AVCXuanBaoEchoMaterial@@" (26 chars)
[SCAN] 0x19ca694: ".P6APAVCXuanBaoEchoMaterial@@XZ" (31 chars)
[SCAN] 0x19ca7ec: ".?AV<lambda_1c8c404818dbd693874e630a1769a44c>@@" (47 chars)
[SCAN] 0x19ca96c: ".?AV<lambda_3d2dbbb608230532e7b4275342cb9e96>@@" (47 chars)
[SCAN] 0x19ca9a4: ".?AV<lambda_204134d841874efbe7e8ebbdaa177517>@@" (47 chars)
[SCAN] 0x19ca9dc: ".?AV<lambda_8db0b2d4a8020ec84d8b35085d2ab6f3>@@" (47 chars)
[SCAN] 0x19caa14: ".?AV<lambda_4ae5e1d466c000614cf571c7000c7232>@@" (47 chars)
[SCAN] 0x19caa50: ".?AV?$_Binder@U_Unforced@std@@P8CDlgNewLottery@@AEXXZPAV3@@std@@" (64 chars)
[SCAN] 0x19caa9c: ".?AV<lambda_bed1f00e336f0864bb3c0871ee1b5ef3>@@" (47 chars)
[SCAN] 0x19caad4: ".?AV<lambda_6ad14d95a0167dbf6d3204bb31afcd0a>@@" (47 chars)
[SCAN] 0x19cab0c: ".?AV<lambda_c1becc3b6baf2b9cdad7a4467f6bf015>@@" (47 chars)
[SCAN] 0x19cab44: ".?AV<lambda_8e663b35ed662b00b1c8fa027318167c>@@" (47 chars)
[SCAN] 0x19cab80: ".?AV?$_Binder@U_Unforced@std@@P8CCurrencyBar@@AEXXZPAV3@@std@@" (62 chars)
[SCAN] 0x19cac38: ".P6APAVCCurrencyBar@@XZ" (23 chars)
[SCAN] 0x19cade8: ".?AVINewLotteryCallBack@@" (25 chars)
[SCAN] 0x19cae0c: ".?AVCMyProgress@@" (17 chars)
[SCAN] 0x19cae28: ".?AVCBuildingBtn@@" (18 chars)
[SCAN] 0x19cae44: ".?AVCDlgGameHall@@" (18 chars)
[SCAN] 0x19cae60: ".?AVCDlgSlotMain@@" (18 chars)
[SCAN] 0x19cae7c: ".?AVCDlgAllServerTreasureHuntRank@@" (35 chars)
[SCAN] 0x19caea8: ".?AVCBPTaskCtrl@@" (17 chars)
[SCAN] 0x19caec4: ".?AVCDlgBPTask@@" (16 chars)
[SCAN] 0x19caee0: ".?AVCDlgDropGodFastestReward@@" (30 chars)
[SCAN] 0x19caf08: ".?AVCDlgFactionMatchIntro@@" (27 chars)
[SCAN] 0x19caf2c: ".?AVCDlgRankpkLevReward@@" (25 chars)
[SCAN] 0x19caf50: ".?AVCDlgProfessionalPk@@" (24 chars)
[SCAN] 0x19caf74: ".?AVCDlgCompetitiveWeek@@" (25 chars)
[SCAN] 0x19caf98: ".?AVCDlgEnemyInvadeScore@@" (26 chars)
[SCAN] 0x19cafbc: ".?AVCDlgEquipSigner@@" (21 chars)
[SCAN] 0x19cafdc: ".?AVCDlgFamilyRaceReward@@" (26 chars)
[SCAN] 0x19cb000: ".?AVCDlgGiftGive@@" (18 chars)
[SCAN] 0x19cb01c: ".?AVCDlgHundredWeaponsRate@@" (28 chars)
[SCAN] 0x19cb044: ".?AVCDlgAutoRun@@" (17 chars)
[SCAN] 0x19cb060: ".?AVCDlgGroupBuy@@" (18 chars)
[SCAN] 0x19cb07c: ".?AVCDlgLeagueBtn@@" (19 chars)
[SCAN] 0x19cb098: ".?AVCDlgLostDepotBtn@@" (22 chars)
[SCAN] 0x19cb0b8: ".?AVCDlgMissionSystem@@" (23 chars)
[SCAN] 0x19cb0d8: ".?AVCDlgPigeonQuery@@" (21 chars)
[SCAN] 0x19cb0f8: ".?AVCDlgQuery_Role@@" (20 chars)
[SCAN] 0x19cb118: ".?AVCDlgSynMemberFire@@" (23 chars)
[SCAN] 0x19cb138: ".?AVCDlgTrade@@" (15 chars)
[SCAN] 0x19cb150: ".?AVCDlgMsgEventTip@@" (21 chars)
[SCAN] 0x19cb170: ".?AVITexasLotteryCallback@@" (27 chars)
[SCAN] 0x19cb194: ".?AVCDlgNewLottery@@" (20 chars)
[SCAN] 0x19cb1b4: ".?AVCDlgNinjaSkillBtn@@" (23 chars)
[SCAN] 0x19cb1d4: ".?AVCDlgOpenServiceGoal@@" (25 chars)
[SCAN] 0x19cb1f8: ".?AVCDlgRouletteWatcherList@@" (29 chars)
[SCAN] 0x19cb220: ".?AVCDlgShowHandEntrance@@" (26 chars)
[SCAN] 0x19cb244: ".?AVCDlgSoldierServantBtn@@" (27 chars)
[SCAN] 0x19cb268: ".?AVCOwnerPart@@" (16 chars)
[SCAN] 0x19cb284: ".?AVCDlgTexasLottery@@" (22 chars)
[SCAN] 0x19cb2a4: ".?AVCDlgWarFlagDrop@@" (21 chars)
[SCAN] 0x19cb2c4: ".?AVCDlgXianYuanShop@@" (22 chars)
[SCAN] 0x19cb2e4: ".?AVCFDlgGlobalPointAddPoint@@" (30 chars)
[SCAN] 0x19cb30c: ".?AVCDlgGlobalPointAddPoint@@" (29 chars)
[SCAN] 0x19cb334: ".?AVCFDlgSpiritRank@@" (21 chars)
[SCAN] 0x19cb354: ".?AVCDlgSpiritRank@@" (20 chars)
[SCAN] 0x19cb374: ".?AVCFDlgPrimordialSpiritPkMatchRules@@" (39 chars)
[SCAN] 0x19cb3a4: ".?AVCDlgPrimordialSpiritPkMatchRules@@" (38 chars)
[SCAN] 0x19cb3d4: ".?AVCFDlgPrimordialSpiritPkMatch@@" (34 chars)
[SCAN] 0x19cb400: ".?AVCDlgPrimordialSpiritPkMatch@@" (33 chars)
[SCAN] 0x19cb42c: ".?AVCFDlgXuanBaoEcho@@" (22 chars)
[SCAN] 0x19cb44c: ".?AVCFDlgWorldLevTipGuide@@" (27 chars)
[SCAN] 0x19cb470: ".?AVCDlgWorldLevTipGuide@@" (26 chars)
[SCAN] 0x19cc254: ".?AU?$ptr2user@$$CBG@CLuaBase@@" (31 chars)
[SCAN] 0x19cc27c: ".?AVCMyMttTimeDown@@" (20 chars)
[SCAN] 0x19cc29c: ".?AVCFDlgCommonAward@@" (22 chars)
[SCAN] 0x19cc2bc: ".?AVCFDlgPrimordialSpiritSucReward@@" (36 chars)
[SCAN] 0x19cc2ec: ".?AVCFDlgSpiritDebrisCraft@@" (28 chars)
[SCAN] 0x19cc314: ".?AVCFDlgPrimordialSpiritMain@@" (31 chars)
[SCAN] 0x19cc33c: ".?AVCFDlgActionOption@@" (23 chars)
[SCAN] 0x19cc35c: ".?AVCFDlgGuardCorpsMembers@@" (28 chars)
[SCAN] 0x19cc384: ".?AVCVipRewardPreListItem@@" (27 chars)
[SCAN] 0x19cc3a8: ".?AVCWarriorMonkAwakenRankingItem@@" (35 chars)
[SCAN] 0x19cc3d4: ".?AVCFDlgPrimordialSpiritPro@@" (30 chars)
[SCAN] 0x19cc3fc: ".?AVCFDlgDominoBoard@@" (22 chars)
[SCAN] 0x19cc41c: ".?AVCFDlgPrimordialSpiritTop@@" (30 chars)
[SCAN] 0x19cc444: ".?AVCFDlgSkillCoatPackage@@" (27 chars)
[SCAN] 0x19cc468: ".?AVCFDlgPirateAwakeFuture@@" (28 chars)
[SCAN] 0x19cc490: ".?AVCFDlgPrimordialSpiritSkill@@" (32 chars)
[SCAN] 0x19cc510: ".?AV?$_Binder@U_Unforced@std@@P8CFDlgTaskDraw@@AEXXZPAV3@@std@@" (63 chars)
[SCAN] 0x19cc7f4: ".?AV<lambda_bb4ff4ed762c7d87588a48323262e551>@@" (47 chars)
[SCAN] 0x19cc888: ".P6APAVCWarriorMonkAwakenRankingItem@@XZ" (40 chars)
[SCAN] 0x19cc9e0: ".P6APAVCVipRewardPreListItem@@XZ" (32 chars)
[SCAN] 0x19ccdb4: ".?AVCQScene@@" (13 chars)
[SCAN] 0x19ccdcc: ".?AVGScene@fairygui@@" (21 chars)
[SCAN] 0x19ccdec: ".?AVScene@cocos2d@@" (19 chars)
[SCAN] 0x19cce08: ".?AVIMyShellCallback@@" (22 chars)
[SCAN] 0x19cce28: ".?AVCBoYiAchievementCtrl@@" (26 chars)
[SCAN] 0x19cce4c: ".?AVCDlgBoYiActivitiesAchievement@@" (35 chars)
[SCAN] 0x19cce78: ".?AVCDlgActivityPageCenter@@" (28 chars)
[SCAN] 0x19ccea0: ".?AVCDlgQuickPlayTip@@" (22 chars)
[SCAN] 0x19ccec0: ".?AVCDlgTeamPK24Up@@" (20 chars)
[SCAN] 0x19ccee0: ".?AVCDlgFruitRepairAdd@@" (24 chars)
[SCAN] 0x19ccf04: ".?AVCDlgEquipRefineExchange@@" (29 chars)
[SCAN] 0x19ccf2c: ".?AVCDlgGiftResult@@" (20 chars)
[SCAN] 0x19ccf4c: ".?AVCDlgLuckHouse@@" (19 chars)
[SCAN] 0x19ccf68: ".?AVCDlgLeagueMemList@@" (23 chars)
[SCAN] 0x19ccf88: ".?AVCDlgAuctionSell@@" (21 chars)
[SCAN] 0x19ccfa8: ".?AVCDlgDominateBtn@@" (21 chars)
[SCAN] 0x19ccfc8: ".?AVCDlgEnemy@@" (15 chars)
[SCAN] 0x19ccfe0: ".?AVCDlgFactionBuyConfirm@@" (27 chars)
[SCAN] 0x19cd004: ".?AVCDlgCrossFlagWarSet@@" (25 chars)
[SCAN] 0x19cd028: ".?AVCDlgYanwuHall@@" (19 chars)
[SCAN] 0x19cd044: ".?AVCDlgGuildSkills@@" (21 chars)
[SCAN] 0x19cd064: ".?AVCDlgFamilyOccupy@@" (22 chars)
[SCAN] 0x19cd084: ".?AVCDlgMpcGoods@@" (18 chars)
[SCAN] 0x19cd0a0: ".?AVCDlgRecoverWindow@@" (23 chars)
[SCAN] 0x19cd0c0: ".?AVCDlgTradeOnGameMap@@" (24 chars)
[SCAN] 0x19cd0e4: ".?AVCDlgNewPrivateChat@@" (24 chars)
[SCAN] 0x19cd108: ".?AVCDlgNinjaSkillPlayer@@" (26 chars)
[SCAN] 0x19cd12c: ".?AVCDlgIconMsgBox@@" (20 chars)
[SCAN] 0x19cd14c: ".?AVCDlgOSShopBtn@@" (19 chars)
[SCAN] 0x19cd168: ".?AVCDlgPirateSkillMagic@@" (26 chars)
[SCAN] 0x19cd18c: ".?AVCDlgPsw2Set@@" (17 chars)
[SCAN] 0x19cd1a8: ".?AVCRuneRecomendCtrl@@" (23 chars)
[SCAN] 0x19cd1c8: ".?AVCDlgRuneCommonSet@@" (23 chars)
[SCAN] 0x19cd1e8: ".?AVCDlgTexasMsg@@" (18 chars)
[SCAN] 0x19cd204: ".?AVCDlgMttRaceSpecail@@" (24 chars)
[SCAN] 0x19cd228: ".?AVCDlgGetVipReward@@" (22 chars)
[SCAN] 0x19cd248: ".?AVCFDlgGetVipRewardPre@@" (26 chars)
[SCAN] 0x19cd26c: ".?AVCDlgGetVipRewardPre@@" (25 chars)
[SCAN] 0x19cd290: ".?AVCDlgWarFlagResultTotal@@" (28 chars)
[SCAN] 0x19cd2b8: ".?AVCDlgCollectGiveFriendSelect@@" (33 chars)
[SCAN] 0x19cd2e4: ".?AVCProcessCounter@@" (21 chars)
[SCAN] 0x19cd304: ".?AVCMyShellDlg@@" (17 chars)
[SCAN] 0x19cd320: ".?AVCFDlgWarriorMonkAwakenRanking@@" (35 chars)
[SCAN] 0x19cd34c: ".?AVCDlgWarriorMonkAwakenRanking@@" (34 chars)
[SCAN] 0x19cd378: ".?AVCDlgGuardCorpsMembers@@" (27 chars)
[SCAN] 0x19cd39c: ".?AVCFDlgPrimordialSpiritSkillPrg@@" (35 chars)
[SCAN] 0x19cd3c8: ".?AVCDlgPrimordialSpiritSkillPrg@@" (34 chars)
[SCAN] 0x19cd3f4: ".?AVCAboutDlg@@" (15 chars)
[SCAN] 0x19cd40c: ".?AVCFDlgWarriorMonkAwakenMagicHotKeySetup@@" (44 chars)
[SCAN] 0x19cd444: ".?AVCDlgWarriorMonkAwakenMagicHotKeySetup@@" (43 chars)
[SCAN] 0x19cd478: ".?AVCFDlgCreateGuardCorps@@" (27 chars)
[SCAN] 0x19cd49c: ".?AVCDlgCreateGuardCorps@@" (26 chars)
[SCAN] 0x19cd4c0: ".?AVCFDlgOSSynWarEntryTips@@" (28 chars)
[SCAN] 0x19cd4e8: ".?AVCDlgOSSynWarEntryTips@@" (27 chars)
[SCAN] 0x19cd50c: ".?AVCFDlgOSSynWarEvents@@" (25 chars)
[SCAN] 0x19cd530: ".?AVCDlgOSSynWarEvents@@" (24 chars)
[SCAN] 0x19cd554: ".?AVCFDlgTaskDrawBtn@@" (22 chars)
[SCAN] 0x19cd574: ".?AVCDlgTaskDrawBtn@@" (21 chars)
[SCAN] 0x19cd594: ".?AVCFDlgTaskDraw@@" (19 chars)
[SCAN] 0x19cd5b0: ".?AVCDlgTaskDraw@@" (18 chars)
[SCAN] 0x19cda64: ".?AV?$_Ref_count@VCImgNumCounter@@@std@@" (40 chars)
[SCAN] 0x19cda98: ".?AV?$_Ref_count@VCDlgNewPrivateChat@@@std@@" (44 chars)
[SCAN] 0x19cdad0: ".?AV?$_Ref_count@VCDlgTaskRank@@@std@@" (38 chars)
[SCAN] 0x19ce43c: ".PBVCMyButton@@" (15 chars)
[SCAN] 0x19ce454: ".?AVCRoomRecordInfoItemOmaha@@" (30 chars)
[SCAN] 0x19ce47c: ".?AVCRoomRecordInfoItem@@" (25 chars)
[SCAN] 0x19ce4a0: ".?AVCComDominoPlayer@@" (22 chars)
[SCAN] 0x19ce4bf: "!.?AVGMovieClip@fairygui@@" (26 chars)
[SCAN] 0x19ce4e4: ".?AVCRecyclingWarningMore@@" (27 chars)
[SCAN] 0x19ce66c: ".P6APAVCRecyclingWarningMore@@XZ" (32 chars)
[SCAN] 0x19ce6e8: ".?AV<lambda_0c5568a9adee0715be38ff578e0ba652>@@" (47 chars)
[SCAN] 0x19ce798: ".P6APAVCFDlgNewCZActivity@@XZ" (29 chars)
[SCAN] 0x19ce814: ".?AV<lambda_17802d61c08bf790b8dbdb3ff40da19c>@@" (47 chars)
[SCAN] 0x19ce84c: ".?AV<lambda_d3cece30f66d76013fc1dc739ed525a8>@@" (47 chars)
[SCAN] 0x19ce884: ".?AV<lambda_eff731e0395b689281eb1f6bb881129b>@@" (47 chars)
[SCAN] 0x19ce8bc: ".?AV<lambda_f1dada27598ea4d4c63c030d4ae96e27>@@" (47 chars)
[SCAN] 0x19ce8f4: ".?AV<lambda_324a219d16395a95fd7deebb1c8d52ec>@@" (47 chars)
[SCAN] 0x19ce92c: ".?AV<lambda_8d079264c5d01eadb2a0c4ff6033b89d>@@" (47 chars)
[SCAN] 0x19ce964: ".?AV<lambda_9e1d9bf5f7697e3f2f206eca78b5ff3f>@@" (47 chars)
[SCAN] 0x19ce99c: ".?AV<lambda_ba3d8aebd3e866f0e426bbee327827bd>@@" (47 chars)
[SCAN] 0x19ce9d4: ".?AV<lambda_178da2671d77f3774b7701c8ce74d085>@@" (47 chars)
[SCAN] 0x19cea80: ".?AV<lambda_2c6d1bae9788a2d5c9285cfdc2b60c9c>@@" (47 chars)
[SCAN] 0x19ceb7c: ".P6APAVCMyDominoCard@@XZ" (24 chars)
[SCAN] 0x19ceba0: ".P6APAVCComDominoPlayer@@XZ" (27 chars)
[SCAN] 0x19cec38: ".?AV<lambda_fe2fb1673f62432af7a8246d71340dfc>@@" (47 chars)
[SCAN] 0x19cec70: ".?AV<lambda_fc9b4e1eaa26dfda3e4d3ba08f5d9033>@@" (47 chars)
[SCAN] 0x19cedec: ".?AV<lambda_20507f657c0382faa373274d19fc113a>@@" (47 chars)
[SCAN] 0x19cee24: ".?AV<lambda_cb12e09b1dc3e533d18b4c90e01e0301>@@" (47 chars)
[SCAN] 0x19cee5c: ".P6APAVCRoomRecordInfoItemOmaha@@XZ" (35 chars)
[SCAN] 0x19cee88: ".P6APAVCRoomRecordInfoItem@@XZ" (30 chars)
[SCAN] 0x19ceeb0: ".P6APAVCFDlgFriendRoomRecord@@XZ" (32 chars)
[SCAN] 0x19cef5c: ".?AV<lambda_c6393abcbf0bc614f775b714c6dea97d>@@" (47 chars)
[SCAN] 0x19cefec: ".?AV<lambda_49210c479ea243ca2e219d8df5425ff2>@@" (47 chars)
[SCAN] 0x19cf024: ".?AV<lambda_7655a26a1361a3a6d693abe0a27fd68d>@@" (47 chars)
[SCAN] 0x19cf05c: ".?AV<lambda_40c9641e0c0cff1a03b42bf74bccbbb9>@@" (47 chars)
[SCAN] 0x19cf094: ".?AV<lambda_6e7f5980a33f89423eef211bad0c8983>@@" (47 chars)
[SCAN] 0x19cf150: ".?AV?$_Binder@U_Unforced@std@@P8CMyMttTimeDown@@AEXXZPAV3@@std@@" (64 chars)
[SCAN] 0x19cf1ec: ".?AV<lambda_91c1f33681a04012d457141c5d2487d5>@@" (47 chars)
[SCAN] 0x19cf53c: ".?AVCDlgAuctionSellConfirm@@" (28 chars)
[SCAN] 0x19cf564: ".?AVCOwnerRole@@" (16 chars)
[SCAN] 0x19cf580: ".?AVCDlgCollectUmbrellaInteract@@" (33 chars)
[SCAN] 0x19cf5ac: ".?AVCDlgRankPKPositionReward@@" (30 chars)
[SCAN] 0x19cf5d4: ".?AVCTeamArenaPlayerFace@@" (26 chars)
[SCAN] 0x19cf5f8: ".?AVCTeamArenaPlayerInfoBg@@" (28 chars)
[SCAN] 0x19cf620: ".?AVCDlgTeamArena@@" (19 chars)
[SCAN] 0x19cf63c: ".?AVCDlgWarflagLastEightFight@@" (31 chars)
[SCAN] 0x19cf664: ".?AVCEnemyInvadeEffectEvent@@" (29 chars)
[SCAN] 0x19cf68c: ".?AVCEnemyInvadeVideoEvent@@" (28 chars)
[SCAN] 0x19cf6b4: ".?AVCDlgEnemyInvade@@" (21 chars)
[SCAN] 0x19cf6d4: ".?AVCDlgEquipRefineHeroRank@@" (29 chars)
[SCAN] 0x19cf6fc: ".?AVCDlgFamilyRaceDetail@@" (26 chars)
[SCAN] 0x19cf720: ".?AVCDlgFruitsHelp@@" (20 chars)
[SCAN] 0x19cf740: ".?AVCDlgGiftGiveLog@@" (21 chars)
[SCAN] 0x19cf760: ".?AVCDlgGrowthFundReward@@" (26 chars)
[SCAN] 0x19cf784: ".?AVCDlgHundredWeaponsShow@@" (28 chars)
[SCAN] 0x19cf7ac: ".?AVCDlgLeagueChangeName@@" (26 chars)
[SCAN] 0x19cf7d0: ".?AVCDlgCrossSelect@@" (21 chars)
[SCAN] 0x19cf7f0: ".?AVCDlgFactionCreate@@" (23 chars)
[SCAN] 0x19cf810: ".?AVCDlgLostDepotConfirm@@" (26 chars)
[SCAN] 0x19cf834: ".?AVCDragonSkinPlayerInfo@@" (27 chars)
[SCAN] 0x19cf858: ".?AVCDlgDragonSkin@@" (20 chars)
[SCAN] 0x19cf878: ".?AVCDlgQuery_Skill@@" (21 chars)
[SCAN] 0x19cf898: ".?AVCDlgSettingBtn@@" (20 chars)
[SCAN] 0x19cf8b8: ".?AVCMyMttSpriteTime@@" (22 chars)
[SCAN] 0x19cf8d8: ".?AVCMyMttPerTimeCom@@" (22 chars)
[SCAN] 0x19cf8f8: ".?AVCDlgNewLotteryActivity@@" (28 chars)
[SCAN] 0x19cf920: ".?AVCDlgNinjaSkillEight@@" (25 chars)
[SCAN] 0x19cf944: ".?AVCDlgOpenServiceGoalTreasure@@" (33 chars)
[SCAN] 0x19cf970: ".?AVCDlgPirateAwakenMain@@" (26 chars)
[SCAN] 0x19cf994: ".?AVCDlgPirateAwakeFuture@@" (27 chars)
[SCAN] 0x19cf9b8: ".?AVCDlgProfessionalRank@@" (26 chars)
[SCAN] 0x19cf9dc: ".?AVCDlgRule@@" (14 chars)
[SCAN] 0x19cf9f4: ".?AVCDlgSlotQuick@@" (19 chars)
[SCAN] 0x19cfa10: ".?AVCMatchFieldButton@@" (23 chars)
[SCAN] 0x19cfa30: ".?AVCDlgTexasMatchField@@" (25 chars)
[SCAN] 0x19cfa54: ".?AVCDlgTradeAlertSetting@@" (27 chars)
[SCAN] 0x19cfa78: ".?AVCDlgVipConsumptionAward@@" (29 chars)
[SCAN] 0x19cfaa0: ".?AVCMaterialCtrl@@" (19 chars)
[SCAN] 0x19cfabc: ".?AVCDlgSynCollect@@" (20 chars)
[SCAN] 0x19cfadc: ".?AVCDlgXianYuanTen@@" (21 chars)
[SCAN] 0x19cfafc: ".?AVCDlgPrimordialSpiritMain@@" (30 chars)
[SCAN] 0x19cfb24: ".?AVCQUIManager@@" (17 chars)
[SCAN] 0x19cfb40: ".?AV?$_Func_base@XIABVValue@cocos2d@@@std@@" (43 chars)
[SCAN] 0x19cfb74: ".?AVCRoomRecordInfoItemBase@@" (29 chars)
[SCAN] 0x19cfb9c: ".?AVIDominosBoardCallback@@" (27 chars)
[SCAN] 0x19cfbc0: ".?AVCDlgDominoBoard@@" (21 chars)
[SCAN] 0x19cfbe0: ".?AVCFDlgPrimordialSpiritLu@@" (29 chars)
[SCAN] 0x19cfc08: ".?AVCDlgPrimordialSpiritLu@@" (28 chars)
[SCAN] 0x19cfc30: ".?AVCFDlgPrimordialSpiritRecycling@@" (36 chars)
[SCAN] 0x19cfc60: ".?AVCDlgPrimordialSpiritRecycling@@" (35 chars)
[SCAN] 0x19cfc8c: ".?AVCFDlgSwordsmanSwordOut@@" (28 chars)
[SCAN] 0x19cfcb4: ".?AVCDlgSwordsmanSwordOut@@" (27 chars)
[SCAN] 0x19d18e4: ".PBVCOwnerScore@@" (17 chars)
[SCAN] 0x19d1900: ".?AVCMyFaceContainer@@" (22 chars)
[SCAN] 0x19d1920: ".?AVCFDlgPrimordialSpiritSignal@@" (33 chars)
[SCAN] 0x19d1a28: ".P6APAVCFDlgOperateActivity@@XZ" (31 chars)
[SCAN] 0x19d1b3c: ".?AV<lambda_8357017d7050d9c19993319d9842654f>@@" (47 chars)
[SCAN] 0x19d1bd4: ".?AV<lambda_a92ccc25a83726fe5c06340d8650fbee>@@" (47 chars)
[SCAN] 0x19d1c0c: ".P6APAVCFDlgPrimordialSpiritSignal@@XZ" (38 chars)
[SCAN] 0x19d1c40: ".?AV?$_Binder@U_Unforced@std@@P8CMyFace@@AEXXZPAV3@@std@@" (57 chars)
[SCAN] 0x19d1c84: ".P6APAVCMyFaceContainer@@XZ" (27 chars)
[SCAN] 0x19d1ca8: ".P6APAVCMyFace@@XZ" (18 chars)
[SCAN] 0x19d1cc4: ".?AV<lambda_e04805e7e24a678c418449695851ba69>@@" (47 chars)
[SCAN] 0x19d1cfc: ".?AV<lambda_07e3a9b3072f0a2a4d86bf229f84008f>@@" (47 chars)
[SCAN] 0x19d1dbc: ".?AVCDlgActivityTaskReward@@" (28 chars)
[SCAN] 0x19d1de4: ".?AVIDominoHallCallBack@@" (25 chars)
[SCAN] 0x19d1e08: ".?AVCMyButtonSet@@" (18 chars)
[SCAN] 0x19d1e24: ".?AVCMyButtonNode@@" (19 chars)
[SCAN] 0x19d1e40: ".?AVIPokerEventsCallback@@" (26 chars)
[SCAN] 0x19d1e64: ".?AVCDlgBoYiActivitiesMain@@" (28 chars)
[SCAN] 0x19d1e8c: ".?AVCDlgCrossTeamPkBtn@@" (24 chars)
[SCAN] 0x19d1eb0: ".?AVCDlgWarFlagLastEightNoFight@@" (33 chars)
[SCAN] 0x19d1edc: ".?AVCDlgEnemyInvadeBuyChallenge@@" (33 chars)
[SCAN] 0x19d1f08: ".?AVCDlgMountAppend@@" (21 chars)
[SCAN] 0x19d1f28: ".?AVCDlgRepurchaseComposeImmeLoseBtn@@" (38 chars)
[SCAN] 0x19d1f58: ".?AVCDlgEquipRefineRank@@" (25 chars)
[SCAN] 0x19d1f7c: ".?AVCDlgFamilyRaceFinal@@" (25 chars)
[SCAN] 0x19d1fa0: ".?AVCDlgFullScreenMask@@" (24 chars)
[SCAN] 0x19d1fc4: ".?AVCDlgGuideBubble@@" (21 chars)
[SCAN] 0x19d1fe4: ".?AVCDlgHundredWeaponsSkill@@" (29 chars)
[SCAN] 0x19d200c: ".?AVCDlgLeagueEnrolling@@" (25 chars)
[SCAN] 0x19d2030: ".?AVCDlgLottery@@" (17 chars)
[SCAN] 0x19d204c: ".?AVCDlgAuctionView@@" (21 chars)
[SCAN] 0x19d206c: ".?AVCDlgColorSelect@@" (21 chars)
[SCAN] 0x19d208c: ".?AVCDlgRebateShop@@" (20 chars)
[SCAN] 0x19d20ac: ".?AVCDlgFactionDiplomatism@@" (28 chars)
[SCAN] 0x19d20d4: ".?AVCDlgSynCollectTip@@" (23 chars)
[SCAN] 0x19d20f4: ".?AVCDlgGiftRank@@" (18 chars)
[SCAN] 0x19d2110: ".?AVCDlgDragonSkinAttrInfo@@" (28 chars)
[SCAN] 0x19d2138: ".?AVCDlgQuery_Weapon@@" (22 chars)
[SCAN] 0x19d2158: ".?AVCDlgRuneAppend@@" (20 chars)
[SCAN] 0x19d2178: ".?AVCDlgSetup@@" (15 chars)
[SCAN] 0x19d2190: ".?AVCDlgTeamArenaFightScore@@" (29 chars)
[SCAN] 0x19d21b8: ".?AVCDlgTradeBuddy@@" (20 chars)
[SCAN] 0x19d21d8: ".?AVCDlgXp@@" (12 chars)
[SCAN] 0x19d21f0: ".?AVCDlgNewLotteryBtn@@" (23 chars)
[SCAN] 0x19d2210: ".?AVCDlgNinjaSkillGouYu@@" (25 chars)
[SCAN] 0x19d2234: ".?AVCPirateLotteryVideo@@" (25 chars)
[SCAN] 0x19d2258: ".?AVCDlgPirateLottery@@" (23 chars)
[SCAN] 0x19d2278: ".?AVCDlgProTitleTip@@" (21 chars)
[SCAN] 0x19d2298: ".?AVCDlgSmeltSmltLuckyRank@@" (28 chars)
[SCAN] 0x19d22c0: ".?AVCDlgTexasMFunBottomRight@@" (30 chars)
[SCAN] 0x19d22e8: ".?AVCDlgTYXJLotteryTYC@@" (24 chars)
[SCAN] 0x19d230c: ".?AVCDlgPrimordialSpiritSucReward@@" (35 chars)
[SCAN] 0x19d2338: ".?AVCMyRenderWidget@@" (21 chars)
[SCAN] 0x19d2358: ".?AVCOwnerScore@@" (17 chars)
[SCAN] 0x19d2374: ".?AVCDlgCommonAward@@" (21 chars)
[SCAN] 0x19d2394: ".?AVCFDlgPrimordialSpiritRecyclingSuc@@" (39 chars)
[SCAN] 0x19d23c4: ".?AVCDlgPrimordialSpiritRecyclingSuc@@" (38 chars)
[SCAN] 0x19d2b98: ".PBVCMySlider@@" (15 chars)
[SCAN] 0x19d2bb0: ".?AVCResultItem@@" (17 chars)
[SCAN] 0x19d2bcc: ".?AVCFDlgDevrisCraftConfirm@@" (29 chars)
[SCAN] 0x19d2bf4: ".?AVCFDlgDevrisCraftResult@@" (28 chars)
[SCAN] 0x19d2c1c: ".?AVCRedeemMoneyRecord@@" (24 chars)
[SCAN] 0x19d2c40: ".?AVCOSSynWarUpgradeNormal@@" (28 chars)
[SCAN] 0x19d2c68: ".?AVCOSSynWarUpgradeNormalTip@@" (31 chars)
[SCAN] 0x19d2c90: ".?AVCOSSynWarBuilding@@" (23 chars)
[SCAN] 0x19d2d00: ".P6APAVCOSSynWarUpgradeNormalTip@@XZ" (36 chars)
[SCAN] 0x19d2d30: ".P6APAVCOSSynWarUpgradeNormal@@XZ" (33 chars)
[SCAN] 0x19d2d5c: ".P6APAVCOSSynWarBuilding@@XZ" (28 chars)
[SCAN] 0x19d2ddc: ".?AV<lambda_c809b30dbce3f417954d8a3b0c36d1df>@@" (47 chars)
[SCAN] 0x19d2ef0: ".P6APAVCRedeemMoneyRecord@@XZ" (29 chars)
[SCAN] 0x19d2fb8: ".?AV<lambda_a0d1530cf068160e62799957f681026d>@@" (47 chars)
[SCAN] 0x19d30c4: ".P6APAVCResultItem@@XZ" (22 chars)
[SCAN] 0x19d30e4: ".P6APAVCFDlgDevrisCraftResult@@XZ" (33 chars)
[SCAN] 0x19d3110: ".P6APAVCFDlgDevrisCraftConfirm@@XZ" (34 chars)
[SCAN] 0x19d313c: ".?AV<lambda_7b89593666c2f76e96e4f1de468fa293>@@" (47 chars)
[SCAN] 0x19d3174: ".?AV<lambda_cffa6f5950bb9fb94d93276db8e40005>@@" (47 chars)
[SCAN] 0x19d31ac: ".?AV<lambda_a1595cc7eef1d0eb9fbf99059e8a7bba>@@" (47 chars)
[SCAN] 0x19d31e4: ".?AV<lambda_6c9a9dfa41d21a39d12369c32c4b1bb9>@@" (47 chars)
[SCAN] 0x19d321c: ".P6APAVCDlgVipPrivilege@@XZ" (27 chars)
[SCAN] 0x19d3240: ".P6APAVCDlgGoldFly@@XZ" (22 chars)
[SCAN] 0x19d3260: ".P6APAVCDlgVipKeepLevReward@@XZ" (31 chars)
[SCAN] 0x19d3288: ".P6APAVCDlgVipConsumptionRecord@@XZ" (35 chars)
[SCAN] 0x19d32b4: ".P6APAVCDlgCrossPokerHall@@XZ" (29 chars)
[SCAN] 0x19d32dc: ".P6APAVCDlgMailInbox@@XZ" (24 chars)
[SCAN] 0x19d3300: ".P6APAVCDlgMailContent@@XZ" (26 chars)
[SCAN] 0x19d3324: ".P6APAVCDlgNewTexasEnterBuy@@XZ" (31 chars)
[SCAN] 0x19d334c: ".P6APAVCDlgNewTexasBoard@@XZ" (28 chars)
[SCAN] 0x19d3374: ".P6APAVCDlgFriendRoomNewTexas@@XZ" (33 chars)
[SCAN] 0x19d33a0: ".P6APAVCDlgFriendRoomTexas@@XZ" (30 chars)
[SCAN] 0x19d33c8: ".P6APAVCDlgCommonAward@@XZ" (26 chars)
[SCAN] 0x19d33ec: ".P6APAVCDlgPinnacleRaceRank@@XZ" (31 chars)
[SCAN] 0x19d3414: ".P6APAVCDlgPrimordialSpiritPkMatchEvents@@XZ" (44 chars)
[SCAN] 0x19d344c: ".P6APAVCDlgPrimordialSpiritPkMatchResult@@XZ" (44 chars)
[SCAN] 0x19d3484: ".P6APAVCDlgPrimordialSpiritPkMatchNoticeExpand@@XZ" (50 chars)
[SCAN] 0x19d34c0: ".P6APAVCDlgPrimordialSpiritPkMatchNotice@@XZ" (44 chars)
[SCAN] 0x19d34f8: ".P6APAVCDlgPrimordialSpiritPkMatchEntryTips@@XZ" (47 chars)
[SCAN] 0x19d3530: ".P6APAVCDlgPrimordialSpiritPkMatchRules@@XZ" (43 chars)
[SCAN] 0x19d3564: ".P6APAVCDlgPrimordialSpiritPkMatchRankReward@@XZ" (48 chars)
[SCAN] 0x19d35a0: ".P6APAVCDlgPrimordialSpiritPkMatchRank@@XZ" (42 chars)
[SCAN] 0x19d35d4: ".P6APAVCDlgPrimordialSpiritPkMatch@@XZ" (38 chars)
[SCAN] 0x19d3604: ".P6APAVCDlgBindEmail@@XZ" (24 chars)
[SCAN] 0x19d3628: ".P6APAVCDlgGlobalPointRankingList@@XZ" (37 chars)
[SCAN] 0x19d3658: ".P6APAVCDlgGlobalPointNewSeason@@XZ" (35 chars)
[SCAN] 0x19d3684: ".P6APAVCDlgGlobalPointLastSeason@@XZ" (36 chars)
[SCAN] 0x19d36b4: ".P6APAVCDlgGlobalPointImproveOnRanking@@XZ" (42 chars)
[SCAN] 0x19d36e8: ".P6APAVCDlgGlobalPointGuide@@XZ" (31 chars)
[SCAN] 0x19d3710: ".P6APAVCDlgGlobalPointAddPoint@@XZ" (34 chars)
[SCAN] 0x19d373c: ".P6APAVCDlgDominoRule@@XZ" (25 chars)
[SCAN] 0x19d3760: ".P6APAVCDlgDominoResult@@XZ" (27 chars)
[SCAN] 0x19d3784: ".P6APAVCDlgDominoPointTableResult@@XZ" (37 chars)
[SCAN] 0x19d37b4: ".P6APAVCDlgDominoBoard@@XZ" (26 chars)
[SCAN] 0x19d37d8: ".P6APAVCDlgCOPTableTaskResult@@XZ" (33 chars)
[SCAN] 0x19d3804: ".P6APAVCDlgCOPTableTask@@XZ" (27 chars)
[SCAN] 0x19d3828: ".P6APAVCDlgFlowerRankMainNew@@XZ" (32 chars)
[SCAN] 0x19d3854: ".P6APAVCDlgHeroAttriPokerHelp@@XZ" (33 chars)
[SCAN] 0x19d3880: ".P6APAVCDlgWorldLevTipGuide@@XZ" (31 chars)
[SCAN] 0x19d38a8: ".P6APAVCDlgGuardCorpsMembers@@XZ" (32 chars)
[SCAN] 0x19d38d4: ".P6APAVCDlgCreateGuardCorps@@XZ" (31 chars)
[SCAN] 0x19d38fc: ".P6APAVCDlgAchievementReward@@XZ" (32 chars)
[SCAN] 0x19d3928: ".P6APAVCDlgAchievement@@XZ" (26 chars)
[SCAN] 0x19d394c: ".P6APAVCDlgTaskTrace@@XZ" (24 chars)
[SCAN] 0x19d3970: ".P6APAVCDlgPirateAwakeFuture@@XZ" (32 chars)
[SCAN] 0x19d399c: ".P6APAVCDlgJinLiBarrage@@XZ" (27 chars)
[SCAN] 0x19d39c0: ".P6APAVCDlgJinLiHistory@@XZ" (27 chars)
[SCAN] 0x19d39e4: ".P6APAVCDlgJinLiResult@@XZ" (26 chars)
[SCAN] 0x19d3a08: ".P6APAVCDlgJinLiMain@@XZ" (24 chars)
[SCAN] 0x19d3a2c: ".P6APAVCDlgJinLiReward@@XZ" (26 chars)
[SCAN] 0x19d3a50: ".P6APAVCDlgOtherRunePoFeng@@XZ" (30 chars)
[SCAN] 0x19d3a78: ".P6APAVCDlgRunePoFeng@@XZ" (25 chars)
[SCAN] 0x19d3a9c: ".P6APAVCDlgRuneHuaZhen@@XZ" (26 chars)
[SCAN] 0x19d3ac0: ".P6APAVCDlgFamilyEscortCart@@XZ" (31 chars)
[SCAN] 0x19d3ae8: ".P6APAVCDlgPirateFruitYYSD@@XZ" (30 chars)
[SCAN] 0x19d3b10: ".P6APAVCDlgFriendRoomHelp@@XZ" (29 chars)
[SCAN] 0x19d3b38: ".P6APAVCDlgFriendRoomMain@@XZ" (29 chars)
[SCAN] 0x19d3b60: ".P6APAVCDlgWSLWPro@@XZ" (22 chars)
[SCAN] 0x19d3b80: ".P6APAVCDlgXuanBaoEcho@@XZ" (26 chars)
[SCAN] 0x19d3ba4: ".P6APAVCDlgTexasGameRecordDetail@@XZ" (36 chars)
[SCAN] 0x19d3bd4: ".P6APAVCDlgTexasGameRecord@@XZ" (30 chars)
[SCAN] 0x19d3bfc: ".P6APAVCDlgGetVipRewardPre@@XZ" (30 chars)
[SCAN] 0x19d3c24: ".P6APAVCDlgPrimordialSpiritTopSuc@@XZ" (37 chars)
[SCAN] 0x19d3c54: ".P6APAVCDlgPrimordialSpiritPro@@XZ" (34 chars)
[SCAN] 0x19d3c80: ".P6APAVCDlgPrimordialSpiritSkillPrg@@XZ" (39 chars)
[SCAN] 0x19d3cb0: ".P6APAVCDlgPrimordialSpiritSkill@@XZ" (36 chars)
[SCAN] 0x19d3ce0: ".P6APAVCDlgPrimordialSpiritTop@@XZ" (34 chars)
[SCAN] 0x19d3d0c: ".P6APAVCDlgPrimordialSpiritSendMsg@@XZ" (38 chars)
[SCAN] 0x19d3d3c: ".P6APAVCDlgPrimordialSpiritLu@@XZ" (33 chars)
[SCAN] 0x19d3d68: ".P6APAVCDlgPrimordialSpiritRecyclingSuc@@XZ" (43 chars)
[SCAN] 0x19d3d9c: ".P6APAVCDlgPrimordialSpiritRecycling@@XZ" (40 chars)
[SCAN] 0x19d3dd0: ".P6APAVCDlgPrimordialSpiritFastBreak@@XZ" (40 chars)
[SCAN] 0x19d3e04: ".P6APAVCDlgPrimordialSpiritActiveSus@@XZ" (40 chars)
[SCAN] 0x19d3e38: ".P6APAVCDlgPrimordialSpiritBuy@@XZ" (34 chars)
[SCAN] 0x19d3e64: ".P6APAVCDlgPrimordialSpiritBag@@XZ" (34 chars)
[SCAN] 0x19d3e90: ".P6APAVCDlgPrimordialSpiritUpgradeSuc@@XZ" (41 chars)
[SCAN] 0x19d3ec4: ".P6APAVCDlgPrimordialSpiritUpgrade@@XZ" (38 chars)
[SCAN] 0x19d3ef4: ".P6APAVCDlgPrimordialSpiritSucReward@@XZ" (40 chars)
[SCAN] 0x19d3f28: ".P6APAVCDlgPrimordialSpiritGet@@XZ" (34 chars)
[SCAN] 0x19d3f54: ".P6APAVCDlgPrimordialSpiritCallRewardPreview@@XZ" (48 chars)
[SCAN] 0x19d3f90: ".P6APAVCDlgPrimordialSpiritDraw@@XZ" (35 chars)
[SCAN] 0x19d3fbc: ".P6APAVCDlgPrimordialSpiritCall@@XZ" (35 chars)
[SCAN] 0x19d3fe8: ".P6APAVCDlgPrimordialSpiritWorld@@XZ" (36 chars)
[SCAN] 0x19d4018: ".P6APAVCDlgPrimordialSpiritMain@@XZ" (35 chars)
[SCAN] 0x19d4044: ".P6APAVCDlgPrimordialSpiritBtn@@XZ" (34 chars)
[SCAN] 0x19d4070: ".P6APAVCDlgSngWaiting@@XZ" (25 chars)
[SCAN] 0x19d4094: ".P6APAVCDlgSngTips@@XZ" (22 chars)
[SCAN] 0x19d40b4: ".P6APAVCDlgSngResult@@XZ" (24 chars)
[SCAN] 0x19d40d8: ".P6APAVCDlgSngInfo@@XZ" (22 chars)
[SCAN] 0x19d40f8: ".P6APAVCDlgSngHall@@XZ" (22 chars)
[SCAN] 0x19d4118: ".P6APAVCDlgSngFirst@@XZ" (23 chars)
[SCAN] 0x19d4138: ".P6APAVCDlgSngEntrance@@XZ" (26 chars)
[SCAN] 0x19d415c: ".P6APAVCDlgPerfectActivityNew@@XZ" (33 chars)
[SCAN] 0x19d4188: ".P6APAVCDlgTaskClub@@XZ" (23 chars)
[SCAN] 0x19d41a8: ".P6APAVCDlgFootEffectView@@XZ" (29 chars)
[SCAN] 0x19d41d0: ".P6APAVCDlgFootEffectPackage@@XZ" (32 chars)
[SCAN] 0x19d41fc: ".P6APAVCDlgActionOption@@XZ" (27 chars)
[SCAN] 0x19d4220: ".P6APAVCDlgActionWrapPackage@@XZ" (32 chars)
[SCAN] 0x19d424c: ".P6APAVCDlgSpiritRank@@XZ" (25 chars)
[SCAN] 0x19d4270: ".P6APAVCDlgSpiritDebrisCraft@@XZ" (32 chars)
[SCAN] 0x19d429c: ".P6APAVCDlgWarriorMonkAwakenRanking@@XZ" (39 chars)
[SCAN] 0x19d42cc: ".P6APAVCDlgWarriorMonkAwakenQuickPurchase@@XZ" (45 chars)
[SCAN] 0x19d4304: ".P6APAVCDlgWarriorMonkAwakenMagicHotKeySetup@@XZ" (48 chars)
[SCAN] 0x19d4340: ".P6APAVCDlgWarriorMonkAwakenMagicHotKey@@XZ" (43 chars)
[SCAN] 0x19d4374: ".P6APAVCDlgWarriorMonkAwakenHomePage@@XZ" (40 chars)
[SCAN] 0x19d43a8: ".P6APAVCDlgWarriorMonkAwakenConfirm@@XZ" (39 chars)
[SCAN] 0x19d43d8: ".P6APAVCDlgWarriorMonkAwakenAnimalUpgradeSuc@@XZ" (48 chars)
[SCAN] 0x19d4414: ".P6APAVCDlgWarriorMonkAwakenAnimalUpgrade@@XZ" (45 chars)
[SCAN] 0x19d444c: ".P6APAVCDlgWarriorMonkAwakenAnimalIntro@@XZ" (43 chars)
[SCAN] 0x19d4480: ".P6APAVCDlgWarriorMonkAwakenAnimalAwakened@@XZ" (46 chars)
[SCAN] 0x19d44b8: ".P6APAVCDlgTravelRenownIncrease@@XZ" (35 chars)
[SCAN] 0x19d44e4: ".P6APAVCDlgTravelRanking@@XZ" (28 chars)
[SCAN] 0x19d450c: ".P6APAVCDlgTravelEventYesterday@@XZ" (35 chars)
[SCAN] 0x19d4538: ".P6APAVCDlgTravelEventDetail@@XZ" (32 chars)
[SCAN] 0x19d4564: ".P6APAVCDlgTeamRecruitPublish@@XZ" (33 chars)
[SCAN] 0x19d4590: ".P6APAVCDlgTeamRecruit@@XZ" (26 chars)
[SCAN] 0x19d45b4: ".P6APAVCDlgSwordsmanSwordOut@@XZ" (32 chars)
[SCAN] 0x19d45e0: ".P6APAVCDlgSwordsmanLightAsASwallow@@XZ" (39 chars)
[SCAN] 0x19d4610: ".P6APAVCDlgSwordsmanAwakenUpgradeSuc@@XZ" (40 chars)
[SCAN] 0x19d4644: ".P6APAVCDlgSwordsmanAwakenUpgradeContinue@@XZ" (45 chars)
[SCAN] 0x19d467c: ".P6APAVCDlgSwordsmanAwakenUpgrade@@XZ" (37 chars)
[SCAN] 0x19d46ac: ".P6APAVCDlgSwordsmanAwakenRanking@@XZ" (37 chars)
[SCAN] 0x19d46dc: ".P6APAVCDlgSwordsmanAwakenPurchaseQuickly@@XZ" (45 chars)
[SCAN] 0x19d4714: ".P6APAVCDlgSwordsmanAwakenHomePage@@XZ" (38 chars)
[SCAN] 0x19d4744: ".P6APAVCDlgTaskDrawBtn@@XZ" (26 chars)
[SCAN] 0x19d4768: ".P6APAVCDlgTaskDraw@@XZ" (23 chars)
[SCAN] 0x19d4788: ".P6APAVCDlgSwordsmanAwakenConfirm@@XZ" (37 chars)
[SCAN] 0x19d47b8: ".P6APAVCDlgSurvivorInstance@@XZ" (31 chars)
[SCAN] 0x19d47e0: ".P6APAVCDlgSurvivorStatus@@XZ" (29 chars)
[SCAN] 0x19d4808: ".P6APAVCDlgSurvivorReward@@XZ" (29 chars)
[SCAN] 0x19d4830: ".P6APAVCDlgSurvivorResult@@XZ" (29 chars)
[SCAN] 0x19d4858: ".P6APAVCDlgSurvivorReplace@@XZ" (30 chars)
[SCAN] 0x19d4880: ".P6APAVCDlgSurvivorRank@@XZ" (27 chars)
[SCAN] 0x19d48a4: ".P6APAVCDlgSurvivorChooseNode@@XZ" (33 chars)
[SCAN] 0x19d48d0: ".P6APAVCDlgRoleSimplifyRecommend@@XZ" (36 chars)
[SCAN] 0x19d4900: ".P6APAVCDlgRedeemMoney@@XZ" (26 chars)
[SCAN] 0x19d4924: ".P6APAVCDlgOSSynWarWaiting@@XZ" (30 chars)
[SCAN] 0x19d494c: ".P6APAVCDlgOSSynWarUpgrade@@XZ" (30 chars)
[SCAN] 0x19d4974: ".P6APAVCDlgOSSynWarSteleData@@XZ" (32 chars)
[SCAN] 0x19d49a0: ".P6APAVCDlgOSSynWarSituation1SynRanking@@XZ" (43 chars)
[SCAN] 0x19d49d4: ".P6APAVCDlgOSSynWarSituation@@XZ" (32 chars)
[SCAN] 0x19d4a00: ".P6APAVCDlgOSSynWarRules@@XZ" (28 chars)
[SCAN] 0x19d4a28: ".P6APAVCDlgOSSynWarResult@@XZ" (29 chars)
[SCAN] 0x19d4a50: ".P6APAVCDlgOSSynWarNoticeExpand@@XZ" (35 chars)
[SCAN] 0x19d4a7c: ".P6APAVCDlgOSSynWarNotice@@XZ" (29 chars)
[SCAN] 0x19d4aa4: ".P6APAVCDlgOSSynWarMeritRanking@@XZ" (35 chars)
[SCAN] 0x19d4ad0: ".P6APAVCDlgOSSynWarMerit@@XZ" (28 chars)
[SCAN] 0x19d4af8: ".P6APAVCDlgOSSynWarHomePage@@XZ" (31 chars)
[SCAN] 0x19d4b20: ".P6APAVCDlgOSSynWarGate@@XZ" (27 chars)
[SCAN] 0x19d4b44: ".P6APAVCDlgOSSynWarEvents@@XZ" (29 chars)
[SCAN] 0x19d4b6c: ".P6APAVCDlgOSSynWarEntryTips@@XZ" (32 chars)
[SCAN] 0x19d4b98: ".P6APAVCDlgOSSynWarCommanderSkills@@XZ" (38 chars)
[SCAN] 0x19d4bc8: ".P6APAVCDlgOSSynWarAction@@XZ" (29 chars)
[SCAN] 0x19d4bf0: ".P6APAVCDlgMyEscortCart@@XZ" (27 chars)
[SCAN] 0x19d4c14: ".P6APAVCDlgMicroResDownload@@XZ" (31 chars)
[SCAN] 0x19d4c3c: ".P6APAVCDlgHint@@XZ" (19 chars)
[SCAN] 0x19d4c58: ".P6APAVCDlgGuidance@@XZ" (23 chars)
[SCAN] 0x19d4c78: ".P6APAVCDlgGoodEvilRanking@@XZ" (30 chars)
[SCAN] 0x19d4ca0: ".P6APAVCDlgFuncPreview@@XZ" (26 chars)
[SCAN] 0x19d4cc4: ".P6APAVCDlgExitGameCountDown@@XZ" (32 chars)
[SCAN] 0x19d4cf0: ".P6APAVCDlgNewShop@@XZ" (22 chars)
[SCAN] 0x19d4d10: ".P6APAVCDlgDragonCityWarOtherCampMem@@XZ" (40 chars)
[SCAN] 0x19d4d44: ".P6APAVCDlgFuncPreviewBtn@@XZ" (29 chars)
[SCAN] 0x19d4d6c: ".P6APAVCDlgConfirm@@XZ" (22 chars)
[SCAN] 0x19d4d8c: ".P6APAVCDlgTalkSkinPackage@@XZ" (30 chars)
[SCAN] 0x19d4db4: ".P6APAVCDlgWrapPackageBtnSub@@XZ" (32 chars)
[SCAN] 0x19d4de0: ".P6APAVCDlgKillEffectView@@XZ" (29 chars)
[SCAN] 0x19d4e08: ".P6APAVCDlgSocialCardView@@XZ" (29 chars)
[SCAN] 0x19d4e30: ".P6APAVCDlgSocialCardPackage@@XZ" (32 chars)
[SCAN] 0x19d4e5c: ".P6APAVCDlgHeadPackage@@XZ" (26 chars)
[SCAN] 0x19d4e80: ".P6APAVCDlgKillEffectPackage@@XZ" (32 chars)
[SCAN] 0x19d4eac: ".P6APAVCDlgAllServerScrolling@@XZ" (33 chars)
[SCAN] 0x19d4ed8: ".P6APAVCDlgSkillCoatPackage@@XZ" (31 chars)
[SCAN] 0x19d4f00: ".P6APAVCDlgCoatAttr@@XZ" (23 chars)
[SCAN] 0x19d4f20: ".P6APAVCDlgSkillCoatView@@XZ" (28 chars)
[SCAN] 0x19d4f48: ".P6APAVCMyCopItemTip@@XZ" (24 chars)
[SCAN] 0x19d4f6c: ".P6APAVCMyCopItemEx@@XZ" (23 chars)
[SCAN] 0x19d4f8c: ".P6APAVCMyCopItem@@XZ" (21 chars)
[SCAN] 0x19d4fac: ".P6APAVCFDlgFlowerRankMainNew@@XZ" (33 chars)
[SCAN] 0x19d4fd8: ".P6APAVCFDlgVipPrivilege@@XZ" (28 chars)
[SCAN] 0x19d5000: ".P6APAVCFDlgGoldFly@@XZ" (23 chars)
[SCAN] 0x19d5020: ".P6APAVCFDlgVipKeepLevReward@@XZ" (32 chars)
[SCAN] 0x19d504c: ".P6APAVCFDlgVipConsumptionRecord@@XZ" (36 chars)
[SCAN] 0x19d507c: ".P6APAVCFDlgCrossPokerHall@@XZ" (30 chars)
[SCAN] 0x19d50a4: ".P6APAVCFDlgMailInbox@@XZ" (25 chars)
[SCAN] 0x19d50c8: ".P6APAVCFDlgMailContent@@XZ" (27 chars)
[SCAN] 0x19d50ec: ".P6APAVCFDlgNewTexasEnterBuy@@XZ" (32 chars)
[SCAN] 0x19d5118: ".P6APAVCFDlgNewTexasBoard@@XZ" (29 chars)
[SCAN] 0x19d5140: ".P6APAVCFDlgFriendRoomNewTexas@@XZ" (34 chars)
[SCAN] 0x19d516c: ".P6APAVCFDlgFriendRoomTexas@@XZ" (31 chars)
[SCAN] 0x19d5194: ".P6APAVCFDlgCommonAward@@XZ" (27 chars)
[SCAN] 0x19d51b8: ".P6APAVCFDlgPinnacleRaceRank@@XZ" (32 chars)
[SCAN] 0x19d51e4: ".P6APAVCFDlgPrimordialSpiritPkMatchEvents@@XZ" (45 chars)
[SCAN] 0x19d521c: ".P6APAVCFDlgPrimordialSpiritPkMatchResult@@XZ" (45 chars)
[SCAN] 0x19d5254: ".P6APAVCFDlgPrimordialSpiritPkMatchNoticeExpand@@XZ" (51 chars)
[SCAN] 0x19d5290: ".P6APAVCFDlgPrimordialSpiritPkMatchNotice@@XZ" (45 chars)
[SCAN] 0x19d52c8: ".P6APAVCFDlgPrimordialSpiritPkMatchEntryTips@@XZ" (48 chars)
[SCAN] 0x19d5304: ".P6APAVCFDlgPrimordialSpiritPkMatchRules@@XZ" (44 chars)
[SCAN] 0x19d533c: ".P6APAVCFDlgPrimordialSpiritPkMatchRankReward@@XZ" (49 chars)
[SCAN] 0x19d5378: ".P6APAVCFDlgPrimordialSpiritPkMatchRank@@XZ" (43 chars)
[SCAN] 0x19d53ac: ".P6APAVCFDlgPrimordialSpiritPkMatch@@XZ" (39 chars)
[SCAN] 0x19d53dc: ".P6APAVCFDlgGlobalPointRankingList@@XZ" (38 chars)
[SCAN] 0x19d540c: ".P6APAVCFDlgGlobalPointNewSeason@@XZ" (36 chars)
[SCAN] 0x19d543c: ".P6APAVCFDlgGlobalPointLastSeason@@XZ" (37 chars)
[SCAN] 0x19d546c: ".P6APAVCFDlgGlobalPointImproveOnRanking@@XZ" (43 chars)
[SCAN] 0x19d54a0: ".P6APAVCFDlgGlobalPointGuide@@XZ" (32 chars)
[SCAN] 0x19d54cc: ".P6APAVCFDlgGlobalPointAddPoint@@XZ" (35 chars)
[SCAN] 0x19d54f8: ".P6APAVCFDlgDominoRule@@XZ" (26 chars)
[SCAN] 0x19d551c: ".P6APAVCFDlgDominoResult@@XZ" (28 chars)
[SCAN] 0x19d5544: ".P6APAVCFDlgDominoPointTableResult@@XZ" (38 chars)
[SCAN] 0x19d5574: ".P6APAVCFDlgDominoBoard@@XZ" (27 chars)
[SCAN] 0x19d5598: ".P6APAVCFDlgCOPTableTaskResult@@XZ" (34 chars)
[SCAN] 0x19d55c4: ".P6APAVCFDlgCOPTableTask@@XZ" (28 chars)
[SCAN] 0x19d55ec: ".P6APAVCFDlgHeroAttriPokerHelp@@XZ" (34 chars)
[SCAN] 0x19d5618: ".P6APAVCFDlgWorldLevTipGuide@@XZ" (32 chars)
[SCAN] 0x19d5644: ".P6APAVCFDlgGuardCorpsMembers@@XZ" (33 chars)
[SCAN] 0x19d5670: ".P6APAVCFDlgCreateGuardCorps@@XZ" (32 chars)
[SCAN] 0x19d569c: ".P6APAVCFDlgAchievementReward@@XZ" (33 chars)
[SCAN] 0x19d56c8: ".P6APAVCFDlgAchievement@@XZ" (27 chars)
[SCAN] 0x19d56ec: ".P6APAVCFDlgTaskTrace@@XZ" (25 chars)
[SCAN] 0x19d5710: ".P6APAVCFDlgBindEmail@@XZ" (25 chars)
[SCAN] 0x19d5734: ".P6APAVCFDlgPirateAwakeFuture@@XZ" (33 chars)
[SCAN] 0x19d5760: ".P6APAVCFDlgJinLiBarrage@@XZ" (28 chars)
[SCAN] 0x19d5788: ".P6APAVCFDlgJinLiResult@@XZ" (27 chars)
[SCAN] 0x19d57ac: ".P6APAVCFDlgJinLiReward@@XZ" (27 chars)
[SCAN] 0x19d57d0: ".P6APAVCFDlgJinLiHistory@@XZ" (28 chars)
[SCAN] 0x19d57f8: ".P6APAVCFDlgJinLiMain@@XZ" (25 chars)
[SCAN] 0x19d581c: ".P6APAVCFDlgOtherRunePoFeng@@XZ" (31 chars)
[SCAN] 0x19d5844: ".P6APAVCFDlgRunePoFeng@@XZ" (26 chars)
[SCAN] 0x19d5868: ".P6APAVCFDlgRuneHuaZhen@@XZ" (27 chars)
[SCAN] 0x19d588c: ".P6APAVCFDlgFamilyEscortCart@@XZ" (32 chars)
[SCAN] 0x19d58b8: ".P6APAVCFDlgPirateFruitYYSD@@XZ" (31 chars)
[SCAN] 0x19d58e0: ".P6APAVCFDlgFriendRoomHelp@@XZ" (30 chars)
[SCAN] 0x19d5908: ".P6APAVCFDlgFriendRoomMain@@XZ" (30 chars)
[SCAN] 0x19d5930: ".P6APAVCFDlgWSLWPro@@XZ" (23 chars)
[SCAN] 0x19d5950: ".P6APAVCFDlgXuanBaoEcho@@XZ" (27 chars)
[SCAN] 0x19d5974: ".P6APAVCFDlgTexasGameRecordDetail@@XZ" (37 chars)
[SCAN] 0x19d59a4: ".P6APAVCFDlgTexasGameRecord@@XZ" (31 chars)
[SCAN] 0x19d59cc: ".P6APAVCFDlgGetVipRewardPre@@XZ" (31 chars)
[SCAN] 0x19d59f4: ".P6APAVCFDlgPrimordialSpiritTopSuc@@XZ" (38 chars)
[SCAN] 0x19d5a24: ".P6APAVCFDlgPrimordialSpiritPro@@XZ" (35 chars)
[SCAN] 0x19d5a50: ".P6APAVCFDlgPrimordialSpiritSkill@@XZ" (37 chars)
[SCAN] 0x19d5a80: ".P6APAVCFDlgPrimordialSpiritTop@@XZ" (35 chars)
[SCAN] 0x19d5aac: ".P6APAVCFDlgPrimordialSpiritSendMsg@@XZ" (39 chars)
[SCAN] 0x19d5adc: ".P6APAVCFDlgPrimordialSpiritLu@@XZ" (34 chars)
[SCAN] 0x19d5b08: ".P6APAVCFDlgPrimordialSpiritSkillPrg@@XZ" (40 chars)
[SCAN] 0x19d5b3c: ".P6APAVCFDlgPrimordialSpiritRecyclingSuc@@XZ" (44 chars)
[SCAN] 0x19d5b74: ".P6APAVCFDlgPrimordialSpiritRecycling@@XZ" (41 chars)
[SCAN] 0x19d5ba8: ".P6APAVCFDlgPrimordialSpiritFastBreak@@XZ" (41 chars)
[SCAN] 0x19d5bdc: ".P6APAVCFDlgPrimordialSpiritActiveSus@@XZ" (41 chars)
[SCAN] 0x19d5c10: ".P6APAVCFDlgPrimordialSpiritBuy@@XZ" (35 chars)
[SCAN] 0x19d5c3c: ".P6APAVCFDlgPrimordialSpiritBag@@XZ" (35 chars)
[SCAN] 0x19d5c68: ".P6APAVCFDlgPrimordialSpiritUpgradeSuc@@XZ" (42 chars)
[SCAN] 0x19d5c9c: ".P6APAVCFDlgPrimordialSpiritUpgrade@@XZ" (39 chars)
[SCAN] 0x19d5ccc: ".P6APAVCFDlgPrimordialSpiritSucReward@@XZ" (41 chars)
[SCAN] 0x19d5d00: ".P6APAVCFDlgPrimordialSpiritGet@@XZ" (35 chars)
[SCAN] 0x19d5d2c: ".P6APAVCFDlgPrimordialSpiritCallRewardPreview@@XZ" (49 chars)
[SCAN] 0x19d5d68: ".P6APAVCFDlgPrimordialSpiritDraw@@XZ" (36 chars)
[SCAN] 0x19d5d98: ".P6APAVCFDlgPrimordialSpiritCall@@XZ" (36 chars)
[SCAN] 0x19d5dc8: ".P6APAVCFDlgPrimordialSpiritWorld@@XZ" (37 chars)
[SCAN] 0x19d5df8: ".P6APAVCFDlgPrimordialSpiritMain@@XZ" (36 chars)
[SCAN] 0x19d5e28: ".P6APAVCFDlgPrimordialSpiritBtn@@XZ" (35 chars)
[SCAN] 0x19d5e54: ".P6APAVCFDlgMagicTipContainer@@XZ" (33 chars)
[SCAN] 0x19d5e80: ".P6APAVCFDlgTaskClub@@XZ" (24 chars)
[SCAN] 0x19d5ea4: ".P6APAVCFDlgSngWaiting@@XZ" (26 chars)
[SCAN] 0x19d5ec8: ".P6APAVCFDlgSngTips@@XZ" (23 chars)
[SCAN] 0x19d5ee8: ".P6APAVCFDlgSngResult@@XZ" (25 chars)
[SCAN] 0x19d5f0c: ".P6APAVCFDlgSngInfo@@XZ" (23 chars)
[SCAN] 0x19d5f2c: ".P6APAVCFDlgSngHall@@XZ" (23 chars)
[SCAN] 0x19d5f4c: ".P6APAVCFDlgSngFirst@@XZ" (24 chars)
[SCAN] 0x19d5f70: ".P6APAVCFDlgSngEntrance@@XZ" (27 chars)
[SCAN] 0x19d5f94: ".P6APAVCFDlgSpiritRank@@XZ" (26 chars)
[SCAN] 0x19d5fb8: ".P6APAVCFDlgSpiritDebrisCraft@@XZ" (33 chars)
[SCAN] 0x19d5fe4: ".P6APAVCFDlgActionWrapPackage@@XZ" (33 chars)
[SCAN] 0x19d6010: ".P6APAVCFDlgWarriorMonkAwakenRanking@@XZ" (40 chars)
[SCAN] 0x19d6044: ".P6APAVCFDlgWarriorMonkAwakenQuickPurchase@@XZ" (46 chars)
[SCAN] 0x19d607c: ".P6APAVCFDlgWarriorMonkAwakenMagicHotKeySetup@@XZ" (49 chars)
[SCAN] 0x19d60b8: ".P6APAVCFDlgWarriorMonkAwakenMagicHotKey@@XZ" (44 chars)
[SCAN] 0x19d60f0: ".P6APAVCFDlgWarriorMonkAwakenHomePage@@XZ" (41 chars)
[SCAN] 0x19d6124: ".P6APAVCFDlgWarriorMonkAwakenConfirm@@XZ" (40 chars)
[SCAN] 0x19d6158: ".P6APAVCFDlgWarriorMonkAwakenAnimalUpgradeSuc@@XZ" (49 chars)
[SCAN] 0x19d6194: ".P6APAVCFDlgWarriorMonkAwakenAnimalUpgrade@@XZ" (46 chars)
[SCAN] 0x19d61cc: ".P6APAVCFDlgWarriorMonkAwakenAnimalIntro@@XZ" (44 chars)
[SCAN] 0x19d6204: ".P6APAVCFDlgWarriorMonkAwakenAnimalAwakened@@XZ" (47 chars)
[SCAN] 0x19d623c: ".P6APAVCFDlgTravelRenownIncrease@@XZ" (36 chars)
[SCAN] 0x19d626c: ".P6APAVCFDlgTravelRanking@@XZ" (29 chars)
[SCAN] 0x19d6294: ".P6APAVCFDlgTravelEventYesterday@@XZ" (36 chars)
[SCAN] 0x19d62c4: ".P6APAVCFDlgTravelEventDetail@@XZ" (33 chars)
[SCAN] 0x19d62f0: ".P6APAVCFDlgTeamRecruitPublish@@XZ" (34 chars)
[SCAN] 0x19d631c: ".P6APAVCFDlgTeamRecruit@@XZ" (27 chars)
[SCAN] 0x19d6340: ".P6APAVCFDlgSwordsmanSwordOut@@XZ" (33 chars)
[SCAN] 0x19d636c: ".P6APAVCFDlgSwordsmanLightAsASwallow@@XZ" (40 chars)
[SCAN] 0x19d63a0: ".P6APAVCFDlgSwordsmanAwakenUpgradeSuc@@XZ" (41 chars)
[SCAN] 0x19d63d4: ".P6APAVCFDlgSwordsmanAwakenUpgradeContinue@@XZ" (46 chars)
[SCAN] 0x19d640c: ".P6APAVCFDlgSwordsmanAwakenUpgrade@@XZ" (38 chars)
[SCAN] 0x19d643c: ".P6APAVCFDlgSwordsmanAwakenRanking@@XZ" (38 chars)
[SCAN] 0x19d646c: ".P6APAVCFDlgSwordsmanAwakenPurchaseQuickly@@XZ" (46 chars)
[SCAN] 0x19d64a4: ".P6APAVCFDlgSwordsmanAwakenHomePage@@XZ" (39 chars)
[SCAN] 0x19d64d4: ".P6APAVCFDlgTaskDrawBtn@@XZ" (27 chars)
[SCAN] 0x19d64f8: ".P6APAVCFDlgTaskDraw@@XZ" (24 chars)
[SCAN] 0x19d651c: ".P6APAVCFDlgSwordsmanAwakenConfirm@@XZ" (38 chars)
[SCAN] 0x19d654c: ".P6APAVCFDlgSurvivorInstance@@XZ" (32 chars)
[SCAN] 0x19d6578: ".P6APAVCFDlgSurvivorStatus@@XZ" (30 chars)
[SCAN] 0x19d65a0: ".P6APAVCFDlgSurvivorReward@@XZ" (30 chars)
[SCAN] 0x19d65c8: ".P6APAVCFDlgSurvivorResult@@XZ" (30 chars)
[SCAN] 0x19d65f0: ".P6APAVCFDlgSurvivorReplace@@XZ" (31 chars)
[SCAN] 0x19d6618: ".P6APAVCFDlgSurvivorRank@@XZ" (28 chars)
[SCAN] 0x19d6640: ".P6APAVCFDlgSurvivorChooseNode@@XZ" (34 chars)
[SCAN] 0x19d666c: ".P6APAVCFDlgRoleSimplifyRecommend@@XZ" (37 chars)
[SCAN] 0x19d669c: ".P6APAVCFDlgRedeemMoney@@XZ" (27 chars)
[SCAN] 0x19d66c0: ".P6APAVCFDlgOSSynWarWaiting@@XZ" (31 chars)
[SCAN] 0x19d66e8: ".P6APAVCFDlgOSSynWarUpgrade@@XZ" (31 chars)
[SCAN] 0x19d6710: ".P6APAVCFDlgOSSynWarSteleData@@XZ" (33 chars)
[SCAN] 0x19d673c: ".P6APAVCFDlgOSSynWarSituation1SynRanking@@XZ" (44 chars)
[SCAN] 0x19d6774: ".P6APAVCFDlgOSSynWarSituation@@XZ" (33 chars)
[SCAN] 0x19d67a0: ".P6APAVCFDlgOSSynWarRules@@XZ" (29 chars)
[SCAN] 0x19d67c8: ".P6APAVCFDlgOSSynWarResult@@XZ" (30 chars)
[SCAN] 0x19d67f0: ".P6APAVCFDlgOSSynWarNoticeExpand@@XZ" (36 chars)
[SCAN] 0x19d6820: ".P6APAVCFDlgOSSynWarNotice@@XZ" (30 chars)
[SCAN] 0x19d6848: ".P6APAVCFDlgOSSynWarMeritRanking@@XZ" (36 chars)
[SCAN] 0x19d6878: ".P6APAVCFDlgOSSynWarMerit@@XZ" (29 chars)
[SCAN] 0x19d68a0: ".P6APAVCFDlgOSSynWarHomePage@@XZ" (32 chars)
[SCAN] 0x19d68cc: ".P6APAVCFDlgOSSynWarGate@@XZ" (28 chars)
[SCAN] 0x19d68f4: ".P6APAVCFDlgOSSynWarEvents@@XZ" (30 chars)
[SCAN] 0x19d691c: ".P6APAVCFDlgOSSynWarEntryTips@@XZ" (33 chars)
[SCAN] 0x19d6948: ".P6APAVCFDlgOSSynWarCommanderSkills@@XZ" (39 chars)
[SCAN] 0x19d6978: ".P6APAVCFDlgOSSynWarAction@@XZ" (30 chars)
[SCAN] 0x19d69a0: ".P6APAVCFDlgMyEscortCart@@XZ" (28 chars)
[SCAN] 0x19d69c8: ".P6APAVCFDlgMicroResDownload@@XZ" (32 chars)
[SCAN] 0x19d69f4: ".P6APAVCFDlgHint@@XZ" (20 chars)
[SCAN] 0x19d6a14: ".P6APAVCFDlgGuidance@@XZ" (24 chars)
[SCAN] 0x19d6a38: ".P6APAVCFDlgGoodEvilRanking@@XZ" (31 chars)
[SCAN] 0x19d6a60: ".P6APAVCFDlgFuncPreview@@XZ" (27 chars)
[SCAN] 0x19d6a84: ".P6APAVCFDlgExitGameCountDown@@XZ" (33 chars)
[SCAN] 0x19d6ab0: ".P6APAVCFDlgFootEffectView@@XZ" (30 chars)
[SCAN] 0x19d6ad8: ".P6APAVCFDlgFootEffectPackage@@XZ" (33 chars)
[SCAN] 0x19d6b04: ".P6APAVCFDlgDragonCityWarOtherCampMem@@XZ" (41 chars)
[SCAN] 0x19d6b38: ".P6APAVCFDlgFuncPreviewBtn@@XZ" (30 chars)
[SCAN] 0x19d6b60: ".P6APAVCFDlgPerfectActivity@@XZ" (31 chars)
[SCAN] 0x19d6b88: ".P6APAVCFDlgNewShop@@XZ" (23 chars)
[SCAN] 0x19d6ba8: ".P6APAVCFDlgConfirm@@XZ" (23 chars)
[SCAN] 0x19d6bc8: ".P6APAVCFDlgTalkSkinPackage@@XZ" (31 chars)
[SCAN] 0x19d6bf0: ".P6APAVCFDlgWrapPackageBtnSub@@XZ" (33 chars)
[SCAN] 0x19d6c1c: ".P6APAVCFDlgActionOption@@XZ" (28 chars)
[SCAN] 0x19d6c44: ".P6APAVCFDlgKillEffectPackage@@XZ" (33 chars)
[SCAN] 0x19d6c70: ".P6APAVCFDlgSocialCardPackage@@XZ" (33 chars)
[SCAN] 0x19d6c9c: ".P6APAVCFDlgSocialCardView@@XZ" (30 chars)
[SCAN] 0x19d6cc4: ".P6APAVCFDlgHeadPackage@@XZ" (27 chars)
[SCAN] 0x19d6ce8: ".P6APAVCFDlgAllServerScrolling@@XZ" (34 chars)
[SCAN] 0x19d6d14: ".P6APAVCFDlgKillEffectView@@XZ" (30 chars)
[SCAN] 0x19d6d3c: ".P6APAVCFDlgSkillCoatPackage@@XZ" (32 chars)
[SCAN] 0x19d6d68: ".P6APAVCFDlgCoatAttr@@XZ" (24 chars)
[SCAN] 0x19d6d8c: ".P6APAVCFDlgSkillCoatView@@XZ" (29 chars)
[SCAN] 0x19d6fd8: ".?AVICheckWordInterface@@" (25 chars)
[SCAN] 0x19d6ffc: ".?AVCCheckWord@@" (16 chars)
[SCAN] 0x19d7018: ".?AVCDlgBPVipBuyConfirm@@" (25 chars)
[SCAN] 0x19d703c: ".?AVCDlgDropGodInstance@@" (25 chars)
[SCAN] 0x19d7060: ".?AVCDlgFactionMatchNormal@@" (28 chars)
[SCAN] 0x19d7088: ".?AVCDlgTeamPK8To24@@" (21 chars)
[SCAN] 0x19d70a8: ".?AVCDlgDamageEquConfirm@@" (26 chars)
[SCAN] 0x19d70cc: ".?AVCDlgEnemyInvadeWin@@" (24 chars)
[SCAN] 0x19d70f0: ".?AVCComposGemComposeEffectEvent@@" (34 chars)
[SCAN] 0x19d711c: ".?AVCDlgComposGemCompose@@" (26 chars)
[SCAN] 0x19d7140: ".?AVCEquipSoulUpgradeEffectEvent@@" (34 chars)
[SCAN] 0x19d716c: ".?AVCDlgEquipSoulUpgrade@@" (26 chars)
[SCAN] 0x19d7190: ".?AVCDlgFamilyRaceScore@@" (25 chars)
[SCAN] 0x19d71b4: ".?AVCDlgIconMsgBtn@@" (20 chars)
[SCAN] 0x19d71d4: ".?AVCDlgLuckHouseBtn@@" (22 chars)
[SCAN] 0x19d71f4: ".?AVCDlgLeagueMsg@@" (19 chars)
[SCAN] 0x19d7210: ".?AVCDlgAutoRunBtn@@" (20 chars)
[SCAN] 0x19d7230: ".?AVCDlgWarFlagRewardFight@@" (28 chars)
[SCAN] 0x19d7258: ".?AVCDlgGameMsgPrefix@@" (23 chars)
[SCAN] 0x19d7278: ".?AVCDlgGiftSearch@@" (20 chars)
[SCAN] 0x19d7298: ".?AVCDlgZhanShenLuPlayer@@" (26 chars)
[SCAN] 0x19d72bc: ".?AVCDlgOther@@" (15 chars)
[SCAN] 0x19d72d4: ".?AVCDlgQuitInstance@@" (22 chars)
[SCAN] 0x19d72f4: ".?AVCDlgRecruitLimitConfirm@@" (29 chars)
[SCAN] 0x19d731c: ".?AVCDlgRuneEquip@@" (19 chars)
[SCAN] 0x19d7338: ".?AVCDlgMsgAnimateTip@@" (23 chars)
[SCAN] 0x19d7358: ".?AVCDlgNewPrivateChatList@@" (28 chars)
[SCAN] 0x19d7380: ".?AVCDlgNinjaSkillTip@@" (23 chars)
[SCAN] 0x19d73a0: ".?AVCDlgPirateTip@@" (19 chars)
[SCAN] 0x19d73bc: ".?AVCDlgVassalWarAttack@@" (25 chars)
[SCAN] 0x19d73e0: ".?AVCDlgPsw2Tip@@" (17 chars)
[SCAN] 0x19d73fc: ".?AVCDlgRechargeRewardBtn@@" (27 chars)
[SCAN] 0x19d7420: ".?AVCDlgShowHandGameResult@@" (28 chars)
[SCAN] 0x19d7448: ".?AVCDlgSoldierServantDataBase@@" (32 chars)
[SCAN] 0x19d7474: ".?AVCDlgSynWarRank@@" (20 chars)
[SCAN] 0x19d7494: ".?AVCDlgTexasPersonalInfo@@" (27 chars)
[SCAN] 0x19d74b8: ".?AVCDlgTradePassport@@" (23 chars)
[SCAN] 0x19d74d8: ".?AVCDlgHairColor@@" (19 chars)
[SCAN] 0x19d74f4: ".?AVCDlgWrapMedal@@" (19 chars)
[SCAN] 0x19d7510: ".?AVCDlgSpiritDebrisCraft@@" (27 chars)
[SCAN] 0x19d7534: ".?AVCPKStatusSurplusControl@@" (29 chars)
[SCAN] 0x19d755c: ".?AVCOSSynWarCity@@" (19 chars)
[SCAN] 0x19d7578: ".?AVCFDlgOSSynWarUpgrade@@" (26 chars)
[SCAN] 0x19d759c: ".?AVCDlgOSSynWarUpgrade@@" (25 chars)
[SCAN] 0x19d75c0: ".?AVCFDlgRedeemMoney@@" (22 chars)
[SCAN] 0x19d75e0: ".?AVCDlgRedeemMoney@@" (21 chars)
[SCAN] 0x19d7600: ".?AVCFDlgWarriorMonkAwakenMagicHotKey@@" (39 chars)
[SCAN] 0x19d7630: ".?AVCDlgWarriorMonkAwakenMagicHotKey@@" (38 chars)
[SCAN] 0x19d7660: ".?AV?$_Func_base@PAVWindow@fairygui@@$$V@std@@" (46 chars)
[SCAN] 0x19d7698: ".?AV?$_Func_base@PAVCMyFGUIDialog@@$$V@std@@" (44 chars)
[SCAN] 0x19e0b9c: ".PBVCMyComboBox@@" (17 chars)
[SCAN] 0x19e0bb8: ".?AVCOSSynWarCityIcon@@" (23 chars)
[SCAN] 0x19e0bd8: ".?AVCOSSynWarBuildingInTip@@" (28 chars)
[SCAN] 0x19e0c00: ".?AVCOSSynWarCityTipBase@@" (26 chars)
[SCAN] 0x19e0c24: ".?AVCOSSynWarCityTip@@" (22 chars)
[SCAN] 0x19e0c44: ".?AVCOSSynWarSituationSynRanking@@" (34 chars)
[SCAN] 0x19e0dec: ".P6APAVCOSSynWarSituationSynRanking@@XZ" (39 chars)
[SCAN] 0x19e0e1c: ".P6APAVCOSSynWarBuildingInTip@@XZ" (33 chars)
[SCAN] 0x19e0e48: ".P6APAVCOSSynWarCityTip@@XZ" (27 chars)
[SCAN] 0x19e0e6c: ".P6APAVCOSSynWarCityTipBase@@XZ" (31 chars)
[SCAN] 0x19e0e94: ".P6APAVCOSSynWarCityIcon@@XZ" (28 chars)
[SCAN] 0x19e0f18: ".?AV<lambda_cefbf7603d50d38ad9ab445d69cae74b>@@" (47 chars)
[SCAN] 0x19e0fec: ".?AV<lambda_0a1546cadb1a64908a2e138f7ed1736b>@@" (47 chars)
[SCAN] 0x19e1024: ".?AV<lambda_dcdce86ef393c64e5fbe78f57f645bf9>@@" (47 chars)
[SCAN] 0x19e1340: ".?AV?$basic_streambuf@DU?$char_traits@D@std@@@std@@" (51 chars)
[SCAN] 0x19e13d4: ".?AV?$basic_istream@DU?$char_traits@D@std@@@std@@" (49 chars)
[SCAN] 0x19e1410: ".?AV?$basic_ios@DU?$char_traits@D@std@@@std@@" (45 chars)
[SCAN] 0x19e1448: ".?AVCDlgAmphitheaterBtn@@" (25 chars)
[SCAN] 0x19e146c: ".?AVCDlgBag@@" (13 chars)
[SCAN] 0x19e1484: ".?AVCDlgBuyBless@@" (18 chars)
[SCAN] 0x19e14a0: ".?AVCDlgConfirmOnhook@@" (23 chars)
[SCAN] 0x19e14c0: ".?AVCDlgDropGodInstanceReady@@" (30 chars)
[SCAN] 0x19e14e8: ".?AVCDlgFactionMatchRound@@" (27 chars)
[SCAN] 0x19e150c: ".?AVCDlgNewQualifying@@" (23 chars)
[SCAN] 0x19e152c: ".?AVCMyComboBox@@" (17 chars)
[SCAN] 0x19e1548: ".?AVCUpgradeEffectEvent@@" (25 chars)
[SCAN] 0x19e156c: ".?AVCDlgEquipUpgrade@@" (22 chars)
[SCAN] 0x19e158c: ".?AVCDlgFamilyRaceSignUp@@" (26 chars)
[SCAN] 0x19e15b0: ".?AVCDlgGameWithChat@@" (22 chars)
[SCAN] 0x19e15d0: ".?AVCDlgHundredWeaponsWJGZ@@" (28 chars)
[SCAN] 0x19e15f8: ".?AVCDlgImmediateRebornConfirm@@" (32 chars)
[SCAN] 0x19e1624: ".?AVCDlgLeagueName@@" (20 chars)
[SCAN] 0x19e1644: ".?AVCDlgDanceAct@@" (18 chars)
[SCAN] 0x19e1660: ".?AVCPrestigeItemImage@@" (24 chars)
[SCAN] 0x19e1684: ".?AVCDlgEnhanceGangPrestige@@" (29 chars)
[SCAN] 0x19e16ac: ".?AVCDlgSynWarRewardNoFight@@" (29 chars)
[SCAN] 0x19e16d4: ".?AVCDlgWarFlagRewardNoFight@@" (30 chars)
[SCAN] 0x19e16fc: ".?AVCDlgMagic@@" (15 chars)
[SCAN] 0x19e1714: ".?AVCDlgGiftSend@@" (18 chars)
[SCAN] 0x19e1730: ".?AVCDlgPk@@" (12 chars)
[SCAN] 0x19e1748: ".?AVCDlgRuneFrame@@" (19 chars)
[SCAN] 0x19e1764: ".?AVCDlgTeamPKArenicScore@@" (27 chars)
[SCAN] 0x19e1788: ".?AVCDlgTrainingVitality@@" (26 chars)
[SCAN] 0x19e17ac: ".?AVCDlgQuizConfirm@@" (21 chars)
[SCAN] 0x19e17cc: ".?AVCDlgRedEnvelopeConfirm@@" (28 chars)
[SCAN] 0x19e17f4: ".?AVCDlgMsgBox@@" (16 chars)
[SCAN] 0x19e1810: ".?AVINinjaXZNHInteract@@" (24 chars)
[SCAN] 0x19e1834: ".?AVCDlgNinjaSkillXZNH@@" (24 chars)
[SCAN] 0x19e1858: ".?AVCDlgVassalWarChallenge@@" (28 chars)
[SCAN] 0x19e1880: ".?AVCDlgPsw2Update@@" (20 chars)
[SCAN] 0x19e18a0: ".?AVIShowHandHallInteract@@" (27 chars)
[SCAN] 0x19e18c4: ".?AVCDlgShowHandHall@@" (22 chars)
[SCAN] 0x19e18e4: ".?AVCDlgOtherAwakeSet@@" (23 chars)
[SCAN] 0x19e1904: ".?AVCDlgSoldierServantGuid@@" (28 chars)
[SCAN] 0x19e192c: ".?AVCDlgTexasPlayerInfo@@" (25 chars)
[SCAN] 0x19e1950: ".?AVCDlgWrapMedalGet@@" (22 chars)
[SCAN] 0x19e1970: ".?AVCDlgHairPackage@@" (21 chars)
[SCAN] 0x19e1990: ".?AVCMyFGUIDialogLua@@" (22 chars)
[SCAN] 0x19e19b0: ".?AVCDlgPrimordialSpiritSkill@@" (31 chars)
[SCAN] 0x19e19d8: ".?AVCDlgPrimordialSpiritPro@@" (29 chars)
[SCAN] 0x19e1a00: ".?AVCFDlgFuncPreview@@" (22 chars)
[SCAN] 0x19e1a20: ".?AVCDlgFuncPreview@@" (21 chars)
[SCAN] 0x19e1a40: ".?AVCFDlgOSSynWarSituation@@" (28 chars)
[SCAN] 0x19e1a68: ".?AVCDlgOSSynWarSituation@@" (27 chars)
[SCAN] 0x19e269c: ".?AVCMyFGUIWndLua@@" (19 chars)
[SCAN] 0x19e26b8: ".?AVCFDlgPrimordialSpiritTopSuc@@" (33 chars)
[SCAN] 0x19e2828: ".?AV?$_Binder@U_Unforced@std@@P8CFDlgTaskToday@@AEXXZPAV3@@std@@" (64 chars)
[SCAN] 0x19e2874: ".P6APAVCFDlgTaskToday@@XZ" (25 chars)
[SCAN] 0x19e28e8: ".?AV?$_Binder@U_Unforced@std@@P8CFDlgGuidance@@AEXXZPAV3@@std@@" (63 chars)
[SCAN] 0x19e29b0: ".?AV<lambda_45472e481211d0ce0b091760fe30882c>@@" (47 chars)
[SCAN] 0x19e29e8: ".?AV<lambda_ec17abe4b504f3feff83488f8d5cf635>@@" (47 chars)
[SCAN] 0x19e2a20: ".?AV<lambda_df7514c04d649ef59f2a4e7250717db5>@@" (47 chars)
[SCAN] 0x19e2a58: ".?AV<lambda_190c477e252dbe60accd4ccebeb13c77>@@" (47 chars)
[SCAN] 0x19e2a90: ".?AV<lambda_9dde3992ba1d8b0705e5a6680a772532>@@" (47 chars)
[SCAN] 0x19e2d28: ".?AVCAccountState@@" (19 chars)
[SCAN] 0x19e2d44: ".?AVCGameState@@" (16 chars)
[SCAN] 0x19e2d60: ".?AVCAccountStatePoker@@" (24 chars)
[SCAN] 0x19e2d84: ".?AVCBindState@@" (16 chars)
[SCAN] 0x19e2da0: ".?AVCExitState@@" (16 chars)
[SCAN] 0x19e2dbc: ".?AVCLoginState@@" (17 chars)
[SCAN] 0x19e2dd8: ".?AVCNoneState@@" (16 chars)
[SCAN] 0x19e2df4: ".?AVCNormalState@@" (18 chars)
[SCAN] 0x19e2e10: ".?AVCRegisterState@@" (20 chars)
[SCAN] 0x19e2e30: ".?AVCShowFlashState@@" (21 chars)
[SCAN] 0x19e2e50: ".?AVCWaitingState@@" (19 chars)
[SCAN] 0x19e2e6c: ".?AVCMyCommon@@" (15 chars)
[SCAN] 0x19e2e84: ".?AVIHalfBodyTaskCallBack@@" (27 chars)
[SCAN] 0x19e2ea8: ".?AVICustomTipInterface@@" (25 chars)
[SCAN] 0x19e2ecc: ".?AVCDlgAnnualBenefits@@" (24 chars)
[SCAN] 0x19e2ef0: ".?AVCDlgBattleLevDetail@@" (25 chars)
[SCAN] 0x19e2f14: ".?AVCDlgBuyMultipleItem@@" (25 chars)
[SCAN] 0x19e2f38: ".?AVCDlgPKAttendAward@@" (23 chars)
[SCAN] 0x19e2f58: ".?AVCDlgTeamPKFinal@@" (21 chars)
[SCAN] 0x19e2f78: ".?AVCDlgContributeConfirm@@" (27 chars)
[SCAN] 0x19e2f9c: ".?AVCDlgLeagueOrder@@" (21 chars)
[SCAN] 0x19e2fbc: ".?AVCDlgDaoistLuckDraw@@" (24 chars)
[SCAN] 0x19e2fe0: ".?AVCDlgDragonCityWarEventCampScore@@" (37 chars)
[SCAN] 0x19e3010: ".?AVCDlgEquSecAppend@@" (22 chars)
[SCAN] 0x19e3030: ".?AVCDlgFamilyRaceWatch@@" (25 chars)
[SCAN] 0x19e3054: ".?AVCDlgGameWithEmotion@@" (25 chars)
[SCAN] 0x19e3078: ".?AVCDlgGiftToFriend@@" (22 chars)
[SCAN] 0x19e3098: ".?AVCDlgHalfBodyTask@@" (22 chars)
[SCAN] 0x19e30b8: ".?AVCDlgHundredWeaponMask@@" (27 chars)
[SCAN] 0x19e30dc: ".?AVCDlgMagicalWeaponActivate@@" (31 chars)
[SCAN] 0x19e3104: ".?AVCDlgDropGodKillTime@@" (25 chars)
[SCAN] 0x19e3128: ".?AVCDlgEnmState@@" (18 chars)
[SCAN] 0x19e3144: ".?AVCDlgFactionMatchStatus@@" (28 chars)
[SCAN] 0x19e316c: ".?AVCPmNormalTree@@" (19 chars)
[SCAN] 0x19e3188: ".?AVCDlgRunePreview@@" (21 chars)
[SCAN] 0x19e31a8: ".?AVCDlgQuizMain@@" (18 chars)
[SCAN] 0x19e31c4: ".?AVCDlgRedEnvelopeMain@@" (25 chars)
[SCAN] 0x19e31e8: ".?AVCDlgMsgBoxBoothAdd@@" (24 chars)
[SCAN] 0x19e320c: ".?AVCDlgImmortalMode@@" (22 chars)
[SCAN] 0x19e322c: ".?AVCDlgNinjaSkillXZNHHelp@@" (28 chars)
[SCAN] 0x19e3254: ".?AVCDlgVassalWarPlayerInfo@@" (29 chars)
[SCAN] 0x19e327c: ".?AVCDlgPurifyNE@@" (18 chars)
[SCAN] 0x19e3298: ".?AVCDlgShowHandInteract@@" (26 chars)
[SCAN] 0x19e32bc: ".?AVCServantTalkEvent@@" (23 chars)
[SCAN] 0x19e32dc: ".?AVCDlgSoldierServantMain@@" (28 chars)
[SCAN] 0x19e3304: ".?AVCDlgSynWarRewardSet@@" (25 chars)
[SCAN] 0x19e3328: ".?AVCDlgTexasPokerHand@@" (24 chars)
[SCAN] 0x19e334c: ".?AVCDlgTrainingVitalityAddStrengthConfirm@@" (44 chars)
[SCAN] 0x19e3384: ".?AVCDlgWarFlagRewardRank@@" (27 chars)
[SCAN] 0x19e33a8: ".?AVCDlgOutchatFriendList@@" (27 chars)
[SCAN] 0x19e33cc: ".?AVCStateContext@@" (19 chars)
[SCAN] 0x19e33e8: ".?AVCFDlgGuidance@@" (19 chars)
[SCAN] 0x19e3404: ".?AVCDlgGuidance@@" (18 chars)
[SCAN] 0x19e3420: ".?AVCDlgPrimordialSpiritTop@@" (29 chars)
[SCAN] 0x19e3448: ".?AVCDlgPrimordialSpiritTopSuc@@" (32 chars)
[SCAN] 0x19e3474: ".?AVCFDlgOSSynWarGate@@" (23 chars)
[SCAN] 0x19e3494: ".?AVCDlgOSSynWarGate@@" (22 chars)
[SCAN] 0x19e34b4: ".?AVCFDlgVipPrivilege@@" (23 chars)
[SCAN] 0x19e34d4: ".?AVCDlgVipPrivilege@@" (22 chars)
[SCAN] 0x19e34f4: ".?AV?$_Ref_count@VCNoneState@@@std@@" (36 chars)
[SCAN] 0x19e3524: ".?AV?$_Ref_count@VCBindState@@@std@@" (36 chars)
[SCAN] 0x19e3554: ".?AV?$_Ref_count@VCAccountState@@@std@@" (39 chars)
[SCAN] 0x19e3584: ".?AV?$_Ref_count@VCAccountStatePoker@@@std@@" (44 chars)
[SCAN] 0x19e35bc: ".?AV?$_Ref_count@VCRegisterState@@@std@@" (40 chars)
[SCAN] 0x19e35f0: ".?AV?$_Ref_count@VCLoginState@@@std@@" (37 chars)
[SCAN] 0x19e3620: ".?AV?$_Ref_count@VCShowFlashState@@@std@@" (41 chars)
[SCAN] 0x19e3654: ".?AV?$_Ref_count@VCNormalState@@@std@@" (38 chars)
[SCAN] 0x19e3684: ".?AV?$_Ref_count@VCWaitingState@@@std@@" (39 chars)
[SCAN] 0x19e36b4: ".?AV?$_Ref_count@VCExitState@@@std@@" (36 chars)
[SCAN] 0x19e41a4: ".?AVCOSSynWarHomePageStageItem@@" (32 chars)
[SCAN] 0x19e41d0: ".?AVCOSSynWarHomePageCountDown@@" (32 chars)
[SCAN] 0x19e4200: ".?AV?$_Binder@U_Unforced@std@@P8CMy3DUIEffect@@AEXXZPAV3@@std@@" (63 chars)
[SCAN] 0x19e4248: ".P6APAVCMy3DUIEffect@@XZ" (24 chars)
[SCAN] 0x19e42c0: ".P6APAVCOSSynWarHomePageStageItem@@XZ" (37 chars)
[SCAN] 0x19e42f0: ".P6APAVCOSSynWarHomePageGrandPrizePreview@@XZ" (45 chars)
[SCAN] 0x19e4328: ".P6APAVCOSSynWarHomePageCountDown@@XZ" (37 chars)
[SCAN] 0x19e44cc: ".?AVCDialogDelRole@@" (20 chars)
[SCAN] 0x19e44ec: ".?AVCDlgBattleLevel@@" (21 chars)
[SCAN] 0x19e450c: ".?AVCDlgAnnualBenefitsAward@@" (29 chars)
[SCAN] 0x19e4534: ".?AVCDlgBuyMultipleItemConfirm@@" (32 chars)
[SCAN] 0x19e4560: ".?AVCDlgDropGodRecruit@@" (24 chars)
[SCAN] 0x19e4584: ".?AVCDlgPKAttrLimitDetail@@" (27 chars)
[SCAN] 0x19e45a8: ".?AVCDlgTeamPKRankQuery@@" (25 chars)
[SCAN] 0x19e45cc: ".?AVCDlgLeagueOrderAid@@" (24 chars)
[SCAN] 0x19e45f0: ".?AVStartShowEffectEvent@@" (26 chars)
[SCAN] 0x19e4614: ".?AVCDlgDaoistLuckdrawResult@@" (30 chars)
[SCAN] 0x19e463c: ".?AVCDlgDragonCityGate@@" (24 chars)
[SCAN] 0x19e4660: ".?AVCDlgDragonCityWatch@@" (25 chars)
[SCAN] 0x19e4684: ".?AVCDlgEnthrallmentConfirm@@" (29 chars)
[SCAN] 0x19e46ac: ".?AVCEquSpecialEffectExtractEffectEvent@@" (41 chars)
[SCAN] 0x19e46e0: ".?AVCDlgEquSpecialEffectExtract@@" (33 chars)
[SCAN] 0x19e470c: ".?AVCDlgGameWithEmotionEx@@" (27 chars)
[SCAN] 0x19e4730: ".?AVCDlgGiftToMe@@" (18 chars)
[SCAN] 0x19e474c: ".?AVCDlgHangUpEXP@@" (19 chars)
[SCAN] 0x19e4768: ".?AVCDlgMagicalWeaponMaterialIntro@@" (36 chars)
[SCAN] 0x19e4798: ".?AVCDlgContributeSort@@" (24 chars)
[SCAN] 0x19e47bc: ".?AVCDlgFactionMem@@" (20 chars)
[SCAN] 0x19e47dc: ".?AVCDlgFamilyRelation@@" (24 chars)
[SCAN] 0x19e4800: ".?AVCDlgInsHelp@@" (17 chars)
[SCAN] 0x19e481c: ".?AVCPmUserTree@@" (17 chars)
[SCAN] 0x19e4838: ".?AVCDlgTrainingVitalityAuto@@" (30 chars)
[SCAN] 0x19e4860: ".?AVCDlgQuizResult@@" (20 chars)
[SCAN] 0x19e4880: ".?AVCDlgMsgBoxCounter@@" (23 chars)
[SCAN] 0x19e48a0: ".?AVCDlgNewServerWarcraft@@" (27 chars)
[SCAN] 0x19e48c4: ".?AVIPropCallback@@" (19 chars)
[SCAN] 0x19e48e0: ".?AVCDlgNinjaSkillXZNHPlayer@@" (30 chars)
[SCAN] 0x19e4908: ".?AVIVassalWarProcessCallback@@" (31 chars)
[SCAN] 0x19e4930: ".?AVCDlgVassalWarProcess@@" (26 chars)
[SCAN] 0x19e4954: ".?AVCDlgPushInfo@@" (18 chars)
[SCAN] 0x19e4970: ".?AVCDlgRuneRecommend@@" (23 chars)
[SCAN] 0x19e4990: ".?AVCPropMask@@" (15 chars)
[SCAN] 0x19e49a8: ".?AVCPropBoYiMask@@" (19 chars)
[SCAN] 0x19e49c4: ".?AVCDlgTexasProp@@" (19 chars)
[SCAN] 0x19e49e0: ".?AVCDlgShowHandKickVote@@" (26 chars)
[SCAN] 0x19e4a04: ".?AVCDlgSoldierServantProDesc@@" (31 chars)
[SCAN] 0x19e4a2c: ".?AVCDlgSysMsg@@" (16 chars)
[SCAN] 0x19e4a48: ".?AVCDlgWarFlagRewardSet@@" (26 chars)
[SCAN] 0x19e4a6c: ".?AVCDlgOutChatMode@@" (21 chars)
[SCAN] 0x19e4a8c: ".?AVCDlgRedEnvelopePassword@@" (29 chars)
[SCAN] 0x19e4ab4: ".?AVCDlgFightDragonCityGameResult@@" (35 chars)
[SCAN] 0x19e4ae0: ".?AVCMyCursorMgr@@" (18 chars)
[SCAN] 0x19e4afc: ".?AVCFDlgHint@@" (15 chars)
[SCAN] 0x19e4b14: ".?AVCDlgHint@@" (14 chars)
[SCAN] 0x19e4b2c: ".?AVCOSSynWarHomePageStage@@" (28 chars)
[SCAN] 0x19e4b54: ".?AVCFDlgOSSynWarHomePage@@" (27 chars)
[SCAN] 0x19e4b78: ".?AVCDlgOSSynWarHomePage@@" (26 chars)
[SCAN] 0x19e4b9c: ".?AVCOSSynWarHomePageGrandPrizePreview@@" (40 chars)
[SCAN] 0x19e4bd0: ".?AVCUI3DEffectViewBase@@" (25 chars)
[SCAN] 0x19e5100: ".PBVCMyDialog@@" (15 chars)
[SCAN] 0x19e5248: ".?AV<lambda_f1c1fc766bada87e502fe2c780876da8>@@" (47 chars)
[SCAN] 0x19e52f4: ".?AV<lambda_77193f5f15c44793709402525de85d9b>@@" (47 chars)
[SCAN] 0x19e53a0: ".?AVITexasBoardCallback@@" (25 chars)
[SCAN] 0x19e53c4: ".?AVITexasMutexCallback@@" (25 chars)
[SCAN] 0x19e53e8: ".?AVIMagicalWeaponUpgradeInteract@@" (35 chars)
[SCAN] 0x19e5414: ".?AVCDlgBattleLevelOther@@" (26 chars)
[SCAN] 0x19e5438: ".?AVCDlgAnnualBenefitsRanking@@" (31 chars)
[SCAN] 0x19e5460: ".?AVCDlgCarpRaffle@@" (20 chars)
[SCAN] 0x19e5480: ".?AVCDlgCOPPlayerDetail@@" (25 chars)
[SCAN] 0x19e54a4: ".?AVCDlgLeagueOrderRob@@" (24 chars)
[SCAN] 0x19e54c8: ".?AVCDlgDaoistSetWords@@" (24 chars)
[SCAN] 0x19e54ec: ".?AVCDlgDragonCityWarEventMyCampMemScore@@" (42 chars)
[SCAN] 0x19e5520: ".?AVCDlgEquAppend@@" (19 chars)
[SCAN] 0x19e553c: ".?AVCTrainingProgress@@" (23 chars)
[SCAN] 0x19e555c: ".?AVCDlgTrainingVitalityExp@@" (29 chars)
[SCAN] 0x19e5584: ".?AVCDlgEquSpecialEffectExtractSuc@@" (36 chars)
[SCAN] 0x19e55b4: ".?AVCDlgFamilyShop@@" (20 chars)
[SCAN] 0x19e55d4: ".?AVCDlgGameWithFriendMsg@@" (27 chars)
[SCAN] 0x19e55f8: ".?AVCDlgGetLevStageGoalSuc@@" (28 chars)
[SCAN] 0x19e5620: ".?AVCDlgGlobalLottery@@" (23 chars)
[SCAN] 0x19e5640: ".?AVCOwnerImageCanGray@@" (24 chars)
[SCAN] 0x19e5664: ".?AVCDlgMagicalWeaponUpgrade@@" (30 chars)
[SCAN] 0x19e568c: ".?AVCDlgDropGodTimer@@" (22 chars)
[SCAN] 0x19e56ac: ".?AVCDlgFactionRankList@@" (25 chars)
[SCAN] 0x19e56d0: ".?AVCDlgHangUpMsgTip@@" (22 chars)
[SCAN] 0x19e56f0: ".?AVCDlgInsStarTip@@" (20 chars)
[SCAN] 0x19e5710: ".?AVCDlgNewSkill@@" (18 chars)
[SCAN] 0x19e572c: ".?AVCDlgPKDetain@@" (18 chars)
[SCAN] 0x19e5748: ".?AVCDlgQuizShow@@" (18 chars)
[SCAN] 0x19e5764: ".?AVCDlgQKBag@@" (15 chars)
[SCAN] 0x19e577c: ".?AVCDlgRedEnvelopeSend@@" (25 chars)
[SCAN] 0x19e57a0: ".?AVCDlgMsgBoxCounterEffect@@" (29 chars)
[SCAN] 0x19e57c8: ".?AVITexasDealerChipCallback@@" (30 chars)
[SCAN] 0x19e57f0: ".?AVCDlgNinjaTruing@@" (21 chars)
[SCAN] 0x19e5810: ".?AVCDlgOwnKongfuGather@@" (25 chars)
[SCAN] 0x19e5834: ".?AVCDlgVassalWarRank@@" (23 chars)
[SCAN] 0x19e5854: ".?AVCDlgRuneRecommendName@@" (27 chars)
[SCAN] 0x19e5878: ".?AVCDlgTexasRaffleBtn@@" (24 chars)
[SCAN] 0x19e589c: ".?AVCDlgShowHandPlayerInfo@@" (28 chars)
[SCAN] 0x19e58c4: ".?AVCDlgSoldierServantQuickBuy@@" (32 chars)
[SCAN] 0x19e58f0: ".?AVCDlgSysMsgEntrance@@" (24 chars)
[SCAN] 0x19e5914: ".?AVCDealtCardEvent@@" (21 chars)
[SCAN] 0x19e5934: ".?AVCDlgTexasBoard@@" (20 chars)
[SCAN] 0x19e5954: ".?AVCDlgWarFlagTopInfo@@" (24 chars)
[SCAN] 0x19e5978: ".?AVCDialogOutChat@@" (20 chars)
[SCAN] 0x19e5998: ".?AVCDlgSngEntrance@@" (21 chars)
[SCAN] 0x19e59b8: ".?AVCFDlgPrimordialSpiritSendMsg@@" (34 chars)
[SCAN] 0x19e59e4: ".?AVCDlgPrimordialSpiritSendMsg@@" (33 chars)
[SCAN] 0x19e5a10: ".?AVCFDlgExitGameCountDown@@" (28 chars)
[SCAN] 0x19e5a38: ".?AVCDlgExitGameCountDown@@" (27 chars)
[SCAN] 0x19e5a5c: ".?AVCFDlgVipKeepLevReward@@" (27 chars)
[SCAN] 0x19e5a80: ".?AVCDlgVipKeepLevReward@@" (26 chars)
[SCAN] 0x19e5f1c: ".?AVUIManagerLua@@" (18 chars)
[SCAN] 0x19e5f37: "!.?AVCQUIManagerLua@@" (21 chars)
[SCAN] 0x19e5f58: ".?AVCGameRecordItem@@" (21 chars)
[SCAN] 0x19e5f78: ".?AVCActionListItem@@" (21 chars)
[SCAN] 0x19e5f98: ".?AVCTypeListItem@@" (19 chars)
[SCAN] 0x19e5fb4: ".?AVCSkillCoatItem@@" (20 chars)
[SCAN] 0x19e5fd4: ".?AV<lambda_34d613ddaaf5b5b582501a78040c5606>@@" (47 chars)
[SCAN] 0x19e60dc: ".P6APAVCSkillCoatItem@@XZ" (25 chars)
[SCAN] 0x19e61cc: ".P6APAVCTypeListItem@@XZ" (24 chars)
[SCAN] 0x19e61f0: ".P6APAVCActionListItem@@XZ" (26 chars)
[SCAN] 0x19e63d0: ".?AV<lambda_7bcd25564151e1e1ace61000a028f14c>@@" (47 chars)
[SCAN] 0x19e6408: ".?AV<lambda_10975fe9119b7e18d161aa6cee8f0ea3>@@" (47 chars)
[SCAN] 0x19e6440: ".?AV<lambda_8346e3e6186eda6df01cb47e30182dcd>@@" (47 chars)
[SCAN] 0x19e6478: ".?AV<lambda_dba283644f81e4da3e52dd0d8edfa6b9>@@" (47 chars)
[SCAN] 0x19e6834: ".?AV?$basic_ostream@DU?$char_traits@D@std@@@std@@" (49 chars)
[SCAN] 0x19e6870: ".?AV?$basic_filebuf@DU?$char_traits@D@std@@@std@@" (49 chars)
[SCAN] 0x19e68ac: ".?AV?$basic_ifstream@DU?$char_traits@D@std@@@std@@" (50 chars)
[SCAN] 0x19e68e8: ".?AVCMyTextTwinkleAnimate@@" (27 chars)
[SCAN] 0x19e690c: ".?AVCDlg18Change@@" (18 chars)
[SCAN] 0x19e6928: ".?AVCDlgAnnualBigReward@@" (25 chars)
[SCAN] 0x19e694c: ".?AVCDlgBattleObserve@@" (23 chars)
[SCAN] 0x19e696c: ".?AVCDlgCartoon@@" (17 chars)
[SCAN] 0x19e6988: ".?AVCDlgCountry@@" (17 chars)
[SCAN] 0x19e69a4: ".?AVCDlgDaoistWordBag@@" (23 chars)
[SCAN] 0x19e69c4: ".?AVCGouYuTipCtrl@@" (19 chars)
[SCAN] 0x19e69e0: ".?AVCDlgDragonCityWarEventRank@@" (32 chars)
[SCAN] 0x19e6a0c: ".?AVCDlgDZLotteryRank@@" (23 chars)
[SCAN] 0x19e6a2c: ".?AVCDlgTrainingVitalityExpNext@@" (33 chars)
[SCAN] 0x19e6a58: ".?AVCEquAppendByComposGemEffectEvent@@" (38 chars)
[SCAN] 0x19e6a88: ".?AVCDlgEquAppendByComposGem@@" (30 chars)
[SCAN] 0x19e6ab0: ".?AVCEquSpecialEffectInjectEffectEvent@@" (40 chars)
[SCAN] 0x19e6ae4: ".?AVCDlgEquSpecialEffectInject@@" (32 chars)
[SCAN] 0x19e6b10: ".?AVCDlgQLMerge@@" (17 chars)
[SCAN] 0x19e6b2c: ".?AVCDlgFamilyWar@@" (19 chars)
[SCAN] 0x19e6b48: ".?AVCDlgGameWithMain@@" (22 chars)
[SCAN] 0x19e6b68: ".?AVCDlgGlobalLotteryConfirm@@" (30 chars)
[SCAN] 0x19e6b90: ".?AVCDlgInstanceAddTip@@" (24 chars)
[SCAN] 0x19e6bb4: ".?AVCDlgLeagueRank@@" (20 chars)
[SCAN] 0x19e6bd4: ".?AVCMyDialogMgr@@" (18 chars)
[SCAN] 0x19e6bf0: ".?AVCDlgMagicalWeaponWaiting@@" (30 chars)
[SCAN] 0x19e6c18: ".?AVCDlgFactionRecruit@@" (24 chars)
[SCAN] 0x19e6c3c: ".?AVCDlgHawk@@" (14 chars)
[SCAN] 0x19e6c54: ".?AVCDlgPkHideWindowSetting@@" (29 chars)
[SCAN] 0x19e6c7c: ".?AVCDlgSystemMsgTip@@" (22 chars)
[SCAN] 0x19e6c9c: ".?AVCDlgWarning4Psw@@" (21 chars)
[SCAN] 0x19e6cbc: ".?AVCDlgRedEnvelopeSingle@@" (27 chars)
[SCAN] 0x19e6ce0: ".?AVCDlgMsgBoxInput@@" (21 chars)
[SCAN] 0x19e6d00: ".?AVCDlgNewTexasMTTEventRank@@" (30 chars)
[SCAN] 0x19e6d28: ".?AVCDlgNewSynWarDoor@@" (23 chars)
[SCAN] 0x19e6d48: ".?AVCDlgNinjaTruingConfirm@@" (28 chars)
[SCAN] 0x19e6d70: ".?AVCDlgOwnKongfuImproveAuto@@" (30 chars)
[SCAN] 0x19e6d98: ".?AVCDlgVassalWarRankAward@@" (28 chars)
[SCAN] 0x19e6dc0: ".?AVCDlgQuizSort@@" (18 chars)
[SCAN] 0x19e6ddc: ".?AVCDlgRuneRecommendSelect@@" (29 chars)
[SCAN] 0x19e6e04: ".?AVCDlgShowHandRaceInfo@@" (26 chars)
[SCAN] 0x19e6e28: ".?AVCServantUnlockEffectEvent@@" (31 chars)
[SCAN] 0x19e6e50: ".?AVCDlgSoldierServantUnlock@@" (30 chars)
[SCAN] 0x19e6e78: ".?AVCDlgTexasRaffleReward@@" (27 chars)
[SCAN] 0x19e6e9c: ".?AVCScrollableImage@@" (22 chars)
[SCAN] 0x19e6ebc: ".?AVCDlgActionOption@@" (22 chars)
[SCAN] 0x19e6edc: ".?AVCDlgFightDragonCityGameReward@@" (35 chars)
[SCAN] 0x19e6f08: ".?AVCGameRecordItemBlitz3@@" (27 chars)
[SCAN] 0x19e6f2c: ".?AVCGameRecordItemDZ@@" (23 chars)
[SCAN] 0x19e6f4c: ".?AVCGameRecordItemOMH@@" (24 chars)
[SCAN] 0x19e6f70: ".?AVCFDlgTexasGameRecord@@" (26 chars)
[SCAN] 0x19e6f94: ".?AVCDlgTexasGameRecord@@" (25 chars)
[SCAN] 0x19e6fb8: ".?AVCFDlgOSSynWarSteleData@@" (28 chars)
[SCAN] 0x19e6fe0: ".?AVCDlgOSSynWarSteleData@@" (27 chars)
[SCAN] 0x19e7004: ".?AVCDlgSkillCoatPackage@@" (26 chars)
[SCAN] 0x19e7d88: ".?AVFatalException@protobuf@google@@" (36 chars)
[SCAN] 0x19e7db8: ".?AVClosure@protobuf@google@@" (29 chars)
[SCAN] 0x19e7de0: ".?AVFunctionClosure0@internal@protobuf@google@@" (47 chars)
[SCAN] 0x19e7e68: ".?AV?$basic_iostream@DU?$char_traits@D@std@@@std@@" (50 chars)
[SCAN] 0x19e7ea4: ".?AVruntime_error@std@@" (23 chars)
[SCAN] 0x19e7ec4: ".?AVrange_error@std@@" (21 chars)
[SCAN] 0x19e7ee4: ".?AVcodecvt_base@std@@" (22 chars)
[SCAN] 0x19e7f04: ".?AV?$codecvt@GDU_Mbstatet@@@std@@" (34 chars)
[SCAN] 0x19e7f30: ".?AV?$codecvt_utf8@G$0BAPPPP@$0A@@std@@" (39 chars)
[SCAN] 0x19e7fcb: "!.?AVGTweener@fairygui@@" (24 chars)
[SCAN] 0x19e7feb: "!.?AVGController@fairygui@@" (27 chars)
[SCAN] 0x19e8010: ".?AVGearBase@fairygui@@" (23 chars)
[SCAN] 0x19e8030: ".?AVGearDisplay2@fairygui@@" (27 chars)
[SCAN] 0x19e8054: ".?AVFUIContainer@fairygui@@" (27 chars)
[SCAN] 0x19e8134: ".?AVCTransformData@fairygui@@" (29 chars)
[SCAN] 0x19e8278: ".?AVResizableBuffer@cocos2d@@" (29 chars)
[SCAN] 0x19e82a0: ".?AV?$ResizableBufferAdapter@VData@cocos2d@@@cocos2d@@" (54 chars)
[SCAN] 0x19e82df: "!.?AVUIPackage@fairygui@@" (25 chars)
[SCAN] 0x19e8304: ".?AVIHitTest@fairygui@@" (23 chars)
[SCAN] 0x19e8324: ".?AVPixelHitTest@fairygui@@" (27 chars)
[SCAN] 0x19e8348: ".?AVFUIInnerContainer@fairygui@@" (32 chars)
[SCAN] 0x19e8374: ".?AVIDeviceReset@fairygui@@" (27 chars)
[SCAN] 0x19e8398: ".?AVGLabel@fairygui@@" (21 chars)
[SCAN] 0x19e880c: ".?AV<lambda_3d21986264a784378e15ba3eda7421ab>@@" (47 chars)
[SCAN] 0x19e8844: ".?AV<lambda_b76559be860fb8a1b3d0cd89f5757ed9>@@" (47 chars)
[SCAN] 0x19e88ec: ".?AVFUIWindowContainer@fairygui@@" (33 chars)
[SCAN] 0x19e8bcc: ".?AVEvent@cocos2d@@" (19 chars)
[SCAN] 0x19e8be8: ".?AVEventMouse@cocos2d@@" (24 chars)
[SCAN] 0x19e8c0c: ".?AV<lambda_a9dd8f320a23c0ad14c63f1d766c0766>@@" (47 chars)
[SCAN] 0x19e8d07: "!.?AVTransition@fairygui@@" (26 chars)
[SCAN] 0x19e8e9c: ".?AVFUIRichText@fairygui@@" (26 chars)
[SCAN] 0x19e9150: ".?AV?$_Func_base@XPAVEventMouse@cocos2d@@@std@@" (47 chars)
[SCAN] 0x19e9188: ".?AV?$_Func_base@_NPAVTouch@cocos2d@@PAVEvent@2@@std@@" (54 chars)
[SCAN] 0x19e91c8: ".?AV?$_Func_base@XPAVTouch@cocos2d@@PAVEvent@2@@std@@" (53 chars)
[SCAN] 0x19e9540: ".?AV?$_Func_base@XM@std@@" (25 chars)
[SCAN] 0x19e9564: ".?AVC3EffectData@fairygui@@" (27 chars)
[SCAN] 0x19e9588: ".?AVLuaEngineProtocol@cocos2d@@" (31 chars)
[SCAN] 0x19e95b0: ".?AVLuaEngine@cocos2d@@" (23 chars)
[SCAN] 0x19e963f: "!.?AVPopupMenu@fairygui@@" (25 chars)
[SCAN] 0x19e9710: ".?AV<lambda_d33b0d9b85484298bc323229afb09bb4>@@" (47 chars)
[SCAN] 0x19e9748: ".?AVDirector@cocos2d@@" (22 chars)
[SCAN] 0x19e97c0: ".?AVSpineSprite@fairygui@@" (26 chars)
[SCAN] 0x19e97e4: ".?AVFUISpriteBitmap@fairygui@@" (30 chars)
[SCAN] 0x19e980c: ".?AVCFUISimpleObj@fairygui@@" (28 chars)
[SCAN] 0x19e9834: ".?AVFGuiBrowser@fairygui@@" (26 chars)
[SCAN] 0x19e9858: ".?AVFGuiVideo@fairygui@@" (24 chars)
[SCAN] 0x19e987c: ".?AVCFUISpriteCircle@fairygui@@" (31 chars)
[SCAN] 0x19e98a4: ".?AV<lambda_49eb3e2db642f2cd8eb93023a38d3ddd>@@" (47 chars)
[SCAN] 0x19e994f: "!.?AVGScrollBar@fairygui@@" (26 chars)
[SCAN] 0x19e99e4: ".?AV<lambda_4682bc76f60a1c9807a94dbc06deae8d>@@" (47 chars)
[SCAN] 0x19e9a8f: "!.?AVScrollPane@fairygui@@" (26 chars)
[SCAN] 0x19e9ce0: ".?AVEditBoxDelegate@ui@cocos2d@@" (32 chars)
[SCAN] 0x19e9ecf: "!.?AVGTreeNode@fairygui@@" (25 chars)
[SCAN] 0x19ea00c: ".P6AXPAVEventCustom@cocos2d@@@Z" (31 chars)
[SCAN] 0x19ea034: ".?AV<lambda_449e52fb9ed40247692b341131565344>@@" (47 chars)
[SCAN] 0x19ea06c: ".?AV?$_Func_base@XPAVEventCustom@cocos2d@@@std@@" (48 chars)
[SCAN] 0x19ea278: ".?AVLabelProtocol@cocos2d@@" (27 chars)
[SCAN] 0x19ea29c: ".?AVLabel@cocos2d@@" (19 chars)
[SCAN] 0x19ea2b8: ".?AVControllerAction@fairygui@@" (31 chars)
[SCAN] 0x19ea2e0: ".?AVChangePageAction@fairygui@@" (31 chars)
[SCAN] 0x19ea308: ".?AVGearDisplay@fairygui@@" (26 chars)
[SCAN] 0x19ea32c: ".?AVGearXY@fairygui@@" (21 chars)
[SCAN] 0x19ea34c: ".?AVClonable@cocos2d@@" (22 chars)
[SCAN] 0x19ea36c: ".?AVAnimationFrame@cocos2d@@" (28 chars)
[SCAN] 0x19ea394: ".?AVAnimation@cocos2d@@" (23 chars)
[SCAN] 0x19ea3b4: ".?AVSpriteFont@cocos2d@@" (24 chars)
[SCAN] 0x19ea3d8: ".?AVFileUtilsWin32@cocos2d@@" (28 chars)
[SCAN] 0x19ea400: ".?AVFileUtils@cocos2d@@" (23 chars)
[SCAN] 0x19ea420: ".?AV?$collate@D@std@@" (21 chars)
[SCAN] 0x19ea440: ".?AV?$_Node_class@DV?$regex_traits@D@std@@@std@@" (48 chars)
[SCAN] 0x19ea47c: ".?AV?$_Node_str@D@std@@" (23 chars)
[SCAN] 0x19ea49c: ".?AVPackageItem@fairygui@@" (26 chars)
[SCAN] 0x19ea4c0: ".?AVBitmapFont@fairygui@@" (25 chars)
[SCAN] 0x19ea4e4: ".?AVFUISprite@fairygui@@" (24 chars)
[SCAN] 0x19ea508: ".?AVTimerTargetSelector@cocos2d@@" (33 chars)
[SCAN] 0x19ea534: ".?AVScheduler@cocos2d@@" (23 chars)
[SCAN] 0x19ea554: ".?AVTimer@cocos2d@@" (19 chars)
[SCAN] 0x19ea570: ".?AVGBasicTextField@fairygui@@" (30 chars)
[SCAN] 0x19ea598: ".?AVAction@cocos2d@@" (20 chars)
[SCAN] 0x19ea5b8: ".?AVActionMovieClip@fairygui@@" (30 chars)
[SCAN] 0x19ea6f8: ".?AVDrawNode@cocos2d@@" (22 chars)
[SCAN] 0x19ea718: ".?AV<lambda_cc594ebf186e5eecb8bd51c16e840e54>@@" (47 chars)
[SCAN] 0x19ea750: ".?AV<lambda_0c814918e9c93f9fcf7919d343eeda66>@@" (47 chars)
[SCAN] 0x19ea788: ".?AV<lambda_0e3a47e30f063696beae167f72ec38a3>@@" (47 chars)
[SCAN] 0x19ea7c0: ".?AVEventDispatcher@cocos2d@@" (29 chars)
[SCAN] 0x19ea7e8: ".?AV?$_Func_base@_NPAVEventListener@cocos2d@@@std@@" (51 chars)
[SCAN] 0x19ea98c: ".?AV<lambda_6cb521506490973a9f14f40b41e939f9>@@" (47 chars)
[SCAN] 0x19ea9c4: ".?AV?$_Func_base@XPAVEvent@cocos2d@@@std@@" (42 chars)
[SCAN] 0x19ea9f8: ".?AVEventListenerKeyboard@cocos2d@@" (35 chars)
[SCAN] 0x19eaa24: ".?AVEventListener@cocos2d@@" (27 chars)
[SCAN] 0x19eaab0: ".?AV<lambda_e9bc4ee2c52036316450034901393ae1>@@" (47 chars)
[SCAN] 0x19eaae8: ".?AVEventListenerMouse@cocos2d@@" (32 chars)
[SCAN] 0x19eab80: ".?AVEventListenerTouchOneByOne@cocos2d@@" (40 chars)
[SCAN] 0x19eabb4: ".?AVLuaStack@cocos2d@@" (22 chars)
[SCAN] 0x19eabd4: ".?AVScriptHandlerMgr@cocos2d@@" (30 chars)
[SCAN] 0x19eac50: ".?AV_Pad@std@@" (14 chars)
[SCAN] 0x19eaed0: ".?AV<lambda_ca37ec39d560109b141dfb29fd4da1c3>@@" (47 chars)
[SCAN] 0x19eb040: ".?AV<lambda_d8ca72f81b087d595c91116506f187ad>@@" (47 chars)
[SCAN] 0x19eb298: ".?AV<lambda_30cdee9953ee8c1da2f1ec6a30ccdccb>@@" (47 chars)
[SCAN] 0x19eb2d0: ".?AV?$_Binder@U_Unforced@std@@ABV?$function@$$A6AXJ@Z@2@J@std@@" (63 chars)
[SCAN] 0x19eb3b8: ".?AV<lambda_3c0880fa90853e526ccd4e9c567f5202>@@" (47 chars)
[SCAN] 0x19eb490: ".?AV<lambda_086fa806953d37af4be119668451cbaa>@@" (47 chars)
[SCAN] 0x19eb568: ".?AV<lambda_37926c33c6996cb20198aca0b19443fb>@@" (47 chars)
[SCAN] 0x19eb640: ".?AV<lambda_9e768fcb5ee3bcdaff28817b090ac41a>@@" (47 chars)
[SCAN] 0x19eb718: ".?AV<lambda_9048f28ee18cddeef2074ce60ff30993>@@" (47 chars)
[SCAN] 0x19eb7f0: ".?AV<lambda_6a1128feaa055ab3a7135aa8bbcda9a8>@@" (47 chars)
[SCAN] 0x19eb8c8: ".?AV<lambda_52eabf2df3899f0568368cf7e8c007e7>@@" (47 chars)
[SCAN] 0x19eb9ac: ".?AV<lambda_e1501d126cef503087638dade0f73edd>@@" (47 chars)
[SCAN] 0x19ebb2c: ".?AV<lambda_e96d52dfb2d09e270f090f555b819c08>@@" (47 chars)
[SCAN] 0x19ebcd8: ".?AV<lambda_c1c651854cc15e0a78f820226a4c228c>@@" (47 chars)
[SCAN] 0x19ebdec: ".?AV<lambda_04539d55d5d98951d15e1615cc08311c>@@" (47 chars)
[SCAN] 0x19ebe74: ".?AV?$_Func_base@XPAX@std@@" (27 chars)
[SCAN] 0x19ed48c: ".?AVActionManager@cocos2d@@" (27 chars)
[SCAN] 0x19ed4b0: ".?AVEventCustom@cocos2d@@" (25 chars)
[SCAN] 0x19ed4d4: ".?AUISpineKeyEventListener@@" (28 chars)
[SCAN] 0x19ed4fc: ".?AVEditBox@ui@cocos2d@@" (24 chars)
[SCAN] 0x19ed520: ".?AVWidget@ui@cocos2d@@" (23 chars)
[SCAN] 0x19ed540: ".?AVProtectedNode@cocos2d@@" (27 chars)
[SCAN] 0x19ed564: ".?AVIMEDelegate@cocos2d@@" (25 chars)
[SCAN] 0x19ed670: ".?AVFUIInput@fairygui@@" (23 chars)
[SCAN] 0x19ed848: ".?AVUBBParser@fairygui@@" (24 chars)
[SCAN] 0x19eda1c: ".?AVPlayTransitionAction@fairygui@@" (35 chars)
[SCAN] 0x19edb6c: ".?AVGearAnimation@fairygui@@" (28 chars)
[SCAN] 0x19edc54: ".?AVGearColor@fairygui@@" (24 chars)
[SCAN] 0x19edd88: ".?AVGearFontSize@fairygui@@" (27 chars)
[SCAN] 0x19eddac: ".?AVGearIcon@fairygui@@" (23 chars)
[SCAN] 0x19ede8c: ".?AVGearLook@fairygui@@" (23 chars)
[SCAN] 0x19ee07c: ".?AVGearSize@fairygui@@" (23 chars)
[SCAN] 0x19ee1b0: ".?AVGearText@fairygui@@" (23 chars)
[SCAN] 0x19ee394: ".?AVFUILabel@fairygui@@" (23 chars)
[SCAN] 0x19ee3b4: ".?AV<lambda_9e195c0adbafdc8d1b2f3cedae5778b9>@@" (47 chars)
[SCAN] 0x19ee3ec: ".?AVEventListenerCustom@cocos2d@@" (33 chars)
[SCAN] 0x19ee47f: "!.?AVInputEvent@fairygui@@" (26 chars)
[SCAN] 0x19ee4a3: "!.?AVGObjectPool@fairygui@@" (27 chars)
[SCAN] 0x19ee4c8: ".?AVUIObjectFactory@fairygui@@" (30 chars)
[SCAN] 0x19ee4f0: ".?AVDragDropManager@fairygui@@" (30 chars)
[SCAN] 0x19ee518: ".?AVInputProcessor@fairygui@@" (29 chars)
[SCAN] 0x19ee540: ".?AVRect@cocos2d@@" (18 chars)
[SCAN] 0x19ee55c: ".?AVRelations@fairygui@@" (24 chars)
[SCAN] 0x19ee580: ".?AV<lambda_b6a171776eae97aea1ad539f9e271560>@@" (47 chars)
[SCAN] 0x19ee5b8: ".?AV<lambda_f3c47235bdddec60182d4810581b0a97>@@" (47 chars)
[SCAN] 0x19ee5f0: ".?AV<lambda_016ce6a69c56955b4e6d569de0f0e6b8>@@" (47 chars)
[SCAN] 0x19ee628: ".?AV<lambda_7c6c745d2016bff0636f264276271167>@@" (47 chars)
[SCAN] 0x19ee660: ".?AV<lambda_5372f5b2be332d5530afbfbfada1e201>@@" (47 chars)
[SCAN] 0x19ee698: ".?AV<lambda_d5fed1d74fcb8699da08fafe7eeacab4>@@" (47 chars)
[SCAN] 0x19ee6d0: ".?AV<lambda_14357091534d047a5ffa7a0821566e06>@@" (47 chars)
[SCAN] 0x19ee708: ".?AV<lambda_8b12610edefeb92c03c0a5e521cad620>@@" (47 chars)
[SCAN] 0x19ee740: ".?AV<lambda_6b01b1f6cb8fb7e16576e98a9daee866>@@" (47 chars)
[SCAN] 0x19ee778: ".?AV<lambda_6748d66a2d08d1f61ac9de0e8071ca4c>@@" (47 chars)
[SCAN] 0x19ee7b0: ".?AV<lambda_396fc20acb442c886b785da43a447e0b>@@" (47 chars)
[SCAN] 0x19ee7e8: ".?AV<lambda_f2b50c40333ec621fe3120743e8e99f6>@@" (47 chars)
[SCAN] 0x19ee820: ".?AV<lambda_5fe4ace84b1734a489605d727227833c>@@" (47 chars)
[SCAN] 0x19ee858: ".?AV<lambda_f2143894da64c2bcaebb0a57f2674ad6>@@" (47 chars)
[SCAN] 0x19ee890: ".?AV<lambda_ef5680f882fc617861599a6332b59c50>@@" (47 chars)
[SCAN] 0x19ee8c8: ".?AV<lambda_e3f029aea64c695ad33ae0df34b02001>@@" (47 chars)
[SCAN] 0x19ee900: ".?AV<lambda_481f2791967c5f71246a860c5288343f>@@" (47 chars)
[SCAN] 0x19ee938: ".?AV<lambda_7d266c9e1306fb1c293f1481c4bde979>@@" (47 chars)
[SCAN] 0x19ee970: ".?AV<lambda_5e98f98d0e0240647e9f1e1a4d49c0b4>@@" (47 chars)
[SCAN] 0x19ee9a8: ".?AV<lambda_5be8720ccde5ad79a8f43c285ae3ef1a>@@" (47 chars)
[SCAN] 0x19ee9e0: ".?AV<lambda_b77167e2d3ca0829f85fbc28aac9b212>@@" (47 chars)
[SCAN] 0x19eea18: ".?AV<lambda_91d847b3a4b1b7fd234029f84a3ffca6>@@" (47 chars)
[SCAN] 0x19eea50: ".?AV<lambda_dba0c659e3d29da0b47033756c27fd05>@@" (47 chars)
[SCAN] 0x19eea88: ".?AV<lambda_8f8526ce483e1b610a86963cb2da250b>@@" (47 chars)
[SCAN] 0x19eeac0: ".?AV<lambda_57facd83603dd1843216016d09a03a17>@@" (47 chars)
[SCAN] 0x19eeaf8: ".?AV?$_Func_base@XPAVGTreeNode@fairygui@@PAVGComponent@2@@std@@" (63 chars)
[SCAN] 0x19eeb40: ".?AV?$_Func_base@XPAVGTreeNode@fairygui@@_N@std@@" (49 chars)
[SCAN] 0x19ef5f8: ".?AV<lambda_a4249669d53921cfb9db9bce5082f510>@@" (47 chars)
[SCAN] 0x19ef824: ".?AV?$_Func_base@XPAVWidget@ui@cocos2d@@PAV123@@std@@" (53 chars)
[SCAN] 0x19efaf0: ".?AVEditBoxImpl@ui@cocos2d@@" (28 chars)
[SCAN] 0x19efb18: ".?AVEditBoxImplWin@ui@cocos2d@@" (31 chars)
[SCAN] 0x19efb40: ".?AVEditBoxImplCommon@ui@cocos2d@@" (34 chars)
[SCAN] 0x19efbe8: ".?AVBaseVisitor@Loki@@" (22 chars)
[SCAN] 0x19efc08: ".?AV?$Visitor@VCAniRender@@H$0A@@Loki@@" (39 chars)
[SCAN] 0x19efc38: ".?AV?$Visitor@VCMapObj@@H$0A@@Loki@@" (36 chars)
[SCAN] 0x19efc68: ".?AV?$Visitor@VCCylinderObj@@H$0A@@Loki@@" (41 chars)
[SCAN] 0x19efc9c: ".?AV?$Visitor@VCCylinderMoveObj@@H$0A@@Loki@@" (45 chars)
[SCAN] 0x19efcd4: ".?AV?$Visitor@VC3DMapEffect@@H$0A@@Loki@@" (41 chars)
[SCAN] 0x19efd08: ".?AV?$Visitor@VC3DMagicMapItem@@H$0A@@Loki@@" (44 chars)
[SCAN] 0x19efd40: ".?AV?$Visitor@VCBoxObj@@H$0A@@Loki@@" (36 chars)
[SCAN] 0x19efd70: ".?AV?$Visitor@VC2DMapItem@@H$0A@@Loki@@" (39 chars)
[SCAN] 0x19efda0: ".?AV?$Visitor@VCPuzzleBmpRender@@H$0A@@Loki@@" (45 chars)
[SCAN] 0x19efdd8: ".?AV?$Visitor@VCCompositeMapObj@@H$0A@@Loki@@" (45 chars)
[SCAN] 0x19efe10: ".?AV?$Visitor@VCRole@@H$0A@@Loki@@" (34 chars)
[SCAN] 0x19efe3c: ".?AV?$Visitor@VCPlayer@@H$0A@@Loki@@" (36 chars)
[SCAN] 0x19efe6c: ".?AV?$Visitor@VCTexasTableRole@@H$0A@@Loki@@" (44 chars)
[SCAN] 0x19efea4: ".?AVLifetimeTracker@Private@Loki@@" (34 chars)
[SCAN] 0x19efed0: ".?AV?$BaseVisitable@HUDefaultCatchAll@Loki@@$0A@@Loki@@" (55 chars)
[SCAN] 0x19eff10: ".?AVC3DRender@@" (15 chars)
[SCAN] 0x19eff28: ".?AVIRoleViewRender@@" (21 chars)
[SCAN] 0x19eff48: ".?AVCAniRender@@" (16 chars)
[SCAN] 0x19eff64: ".?AVCMapObj@@" (13 chars)
[SCAN] 0x19eff7c: ".?AVCCylinderObj@@" (18 chars)
[SCAN] 0x19f00a8: ".?AVCCylinderMoveObj@@" (22 chars)
[SCAN] 0x19f00c8: ".?AVC3DMapEffect@@" (18 chars)
[SCAN] 0x19f00e4: ".?AVCMapLayer@@" (15 chars)
[SCAN] 0x19f00fc: ".?AVICarmackDrawCallBack@@" (26 chars)
[SCAN] 0x19f0120: ".?AVCBoxObj@@" (13 chars)
[SCAN] 0x19f0138: ".?AVC2DMapItem@@" (16 chars)
[SCAN] 0x19f0154: ".?AVCCompositeMapObj@@" (22 chars)
[SCAN] 0x19f02bc: ".?AV?$Visitor@VCHero@@H$0A@@Loki@@" (34 chars)
[SCAN] 0x19f02e8: ".?AV?$Visitor@VCScapegoat@@H$0A@@Loki@@" (39 chars)
[SCAN] 0x19f0318: ".?AVCPuzzleBmpRender@@" (22 chars)
[SCAN] 0x19f0338: ".?AVCSoundRender@@" (18 chars)
[SCAN] 0x19f0354: ".?AV?$Visitor@VC3DTraceEffect@@H$0A@@Loki@@" (43 chars)
[SCAN] 0x19f0388: ".?AV?$Visitor@VC3DMapSimpleObj@@H$0A@@Loki@@" (44 chars)
[SCAN] 0x19f03c0: ".?AV?$Visitor@VCCompositeRender@@H$0A@@Loki@@" (45 chars)
[SCAN] 0x19f03f8: ".?AVC3DMagicMapItem@@" (21 chars)
[SCAN] 0x19f0418: ".?AVC2DMapTerrainObj@@" (22 chars)
[SCAN] 0x19f0438: ".?AVCScapegoat@@" (16 chars)
[SCAN] 0x19f0454: ".?AVC3DSimpleObjRender@@" (24 chars)
[SCAN] 0x19f0478: ".?AV?$Visitor@VCVirtualMapItem@@H$0A@@Loki@@" (44 chars)
[SCAN] 0x19f04b0: ".?AVCVirtualMapItem@@" (21 chars)
[SCAN] 0x19f04d0: ".?AV?$Visitor@VCSoulObj@@H$0A@@Loki@@" (37 chars)
[SCAN] 0x19f0500: ".?AVCFileReader@@" (17 chars)
[SCAN] 0x19f051c: ".?AVCPath@@" (11 chars)
[SCAN] 0x19f0530: ".?AVC3DTraceEffect@@" (20 chars)
[SCAN] 0x19f0550: ".?AVCEarthQuakeEffect@@" (23 chars)
[SCAN] 0x19f0570: ".?AVCMagicEffectBodyBody@@" (26 chars)
[SCAN] 0x19f0594: ".?AVCMagicEffectBase@@" (22 chars)
[SCAN] 0x19f05b4: ".?AVIMagicEffect@@" (18 chars)
[SCAN] 0x19f05d0: ".?AVCMagicEffectBodyTerrain@@" (29 chars)
[SCAN] 0x19f05f8: ".?AVCMagicEffectBodyTraceBody@@" (31 chars)
[SCAN] 0x19f0620: ".?AVCMagicEffectBruceLeeComboKick@@" (35 chars)
[SCAN] 0x19f064c: ".?AVCMagicEffectBruceLeeVolleyAttack@@" (38 chars)
[SCAN] 0x19f067c: ".?AVCMagicEffectControlChi1@@" (29 chars)
[SCAN] 0x19f06a4: ".?AVCMagicEffectRunningWheel@@" (30 chars)
[SCAN] 0x19f06cc: ".?AVCMagicEffectHook@@" (22 chars)
[SCAN] 0x19f06ec: ".?AVCMagicEffectLotus@@" (23 chars)
[SCAN] 0x19f070c: ".?AVCMagicEffectMultiHit@@" (26 chars)
[SCAN] 0x19f0730: ".?AVCMagicEffectNewArrow@@" (26 chars)
[SCAN] 0x19f0754: ".?AVCMagicEffectQuickHand@@" (27 chars)
[SCAN] 0x19f0778: ".?AVCMagicEffectTripleHit@@" (27 chars)
[SCAN] 0x19f079c: ".?AVCMapSeeker@@" (16 chars)
[SCAN] 0x19f07b8: ".?AVCInteractiveLayer@@" (23 chars)
[SCAN] 0x19f07d8: ".?AVCMapItemManager@@" (21 chars)
[SCAN] 0x19f07f8: ".?AVCRadar@@" (12 chars)
[SCAN] 0x19f0810: ".?AVCAoxPuzzle@@" (16 chars)
[SCAN] 0x19f082c: ".?AVCTerrainLayer@@" (19 chars)
[SCAN] 0x19f0848: ".?AVCTerrainObjManager@@" (24 chars)
[SCAN] 0x19f086c: ".?AVCSkyLayer@@" (15 chars)
[SCAN] 0x19f0884: ".?AVCGameMap@@" (14 chars)
[SCAN] 0x19f089c: ".?AVCMagicEffect@@" (18 chars)
[SCAN] 0x19f08b8: ".?AVCSceneLayer@@" (17 chars)
[SCAN] 0x19f08d4: ".?AVCCarmackBeginVisitor@@" (26 chars)
[SCAN] 0x19f08f8: ".?AVCCarmackEndVisitor@@" (24 chars)
[SCAN] 0x19f091c: ".?AVCCarmackCanCarmackDrawVisitor@@" (35 chars)
[SCAN] 0x19f0948: ".?AVCSoulObj@@" (14 chars)
[SCAN] 0x19f0960: ".?AVCClippingVisitor@@" (22 chars)
[SCAN] 0x19f0980: ".?AV?$Visitor@VCArrowObj@@H$0A@@Loki@@" (38 chars)
[SCAN] 0x19f09b0: ".?AV?$Visitor@VCPet@@H$0A@@Loki@@" (33 chars)
[SCAN] 0x19f09dc: ".?AV?$Visitor@VCTexasChairRole@@H$0A@@Loki@@" (44 chars)
[SCAN] 0x19f0a14: ".?AV?$Visitor@VCTravelPet@@H$0A@@Loki@@" (39 chars)
[SCAN] 0x19f0a44: ".?AVCPostRenderVisitor@@" (24 chars)
[SCAN] 0x19f0a68: ".?AV?$Visitor@VCRouletteTableRole@@H$0A@@Loki@@" (47 chars)
[SCAN] 0x19f0aa0: ".?AVCPreRenderVisitor@@" (23 chars)
[SCAN] 0x19f0ac0: ".?AV?$Visitor@VC3DRender@@H$0A@@Loki@@" (38 chars)
[SCAN] 0x19f0af0: ".?AVCProcessVisitor@@" (21 chars)
[SCAN] 0x19f0b10: ".?AVCRenderDecomposer@@" (23 chars)
[SCAN] 0x19f0b30: ".?AVCRelocationVisitor@@" (24 chars)
[SCAN] 0x19f0b54: ".?AV?$_Ref_count@VCMapSeeker@@@std@@" (36 chars)
[SCAN] 0x19f0b84: ".?AV?$_Ref_count@VC2DMapTerrainObj@@@std@@" (42 chars)
[SCAN] 0x19f0bb8: ".?AV?$_Ref_count@VC2DMapTerrainObjPart@@@std@@" (46 chars)
[SCAN] 0x19f0bf0: ".?AV?$_Ref_count@VC3DMapEffect@@@std@@" (38 chars)
[SCAN] 0x19f0c20: ".?AV?$_Ref_count@VC3DTraceEffect@@@std@@" (40 chars)
[SCAN] 0x19f0c54: ".?AV?$_Ref_count@VCEarthQuakeEffect@@@std@@" (43 chars)
[SCAN] 0x19f0c88: ".?AV?$_Ref_count@VCScapegoat@@@std@@" (36 chars)
[SCAN] 0x19f0cb8: ".?AV?$_Ref_count@VCMagicEffectBodyBody@@@std@@" (46 chars)
[SCAN] 0x19f0cf0: ".?AV?$_Ref_count@VCMagicEffectBodyTerrain@@@std@@" (49 chars)
[SCAN] 0x19f0d2c: ".?AV?$_Ref_count@VCMagicEffectBodyTraceBody@@@std@@" (51 chars)
[SCAN] 0x19f0d68: ".?AV?$_Ref_count@VCMagicEffectBruceLeeComboKick@@@std@@" (55 chars)
[SCAN] 0x19f0da8: ".?AV?$_Ref_count@VCMagicEffectBruceLeeVolleyAttack@@@std@@" (58 chars)
[SCAN] 0x19f0dec: ".?AV?$_Ref_count@VCMagicEffectControlChi1@@@std@@" (49 chars)
[SCAN] 0x19f0e28: ".?AV?$_Ref_count@VCMagicEffectHook@@@std@@" (42 chars)
[SCAN] 0x19f0e5c: ".?AV?$_Ref_count@VCMagicEffectLotus@@@std@@" (43 chars)
[SCAN] 0x19f0e90: ".?AV?$_Ref_count@VCMagicEffectMultiHit@@@std@@" (46 chars)
[SCAN] 0x19f0ec8: ".?AV?$_Ref_count@VCMagicEffectNewArrow@@@std@@" (46 chars)
[SCAN] 0x19f0f00: ".?AV?$_Ref_count@VCMagicEffectQuickHand@@@std@@" (47 chars)
[SCAN] 0x19f0f38: ".?AV?$_Ref_count@VCMagicEffectTripleHit@@@std@@" (47 chars)
[SCAN] 0x19f0f70: ".?AV?$_Ref_count@VCSoulObj@@@std@@" (34 chars)
[SCAN] 0x19f0f9c: ".?AVCCompositeRender@@" (22 chars)
[SCAN] 0x19f0fbc: ".?AVC2DMapTerrainObjPart@@" (26 chars)
[SCAN] 0x19f0fe0: ".?AVCMagicEffectBodyLinkBody@@" (30 chars)
[SCAN] 0x19f1008: ".?AVCMagicEffectBodyTerrainBody@@" (33 chars)
[SCAN] 0x19f1034: ".?AVCMagicEffectBodyTraceBodyChain@@" (36 chars)
[SCAN] 0x19f1064: ".?AVCMagicEffectBruceLeePickToFly@@" (35 chars)
[SCAN] 0x19f1090: ".?AVCMagicEffectBumpArrow@@" (27 chars)
[SCAN] 0x19f10b4: ".?AVCMagicEffectCrossSword@@" (28 chars)
[SCAN] 0x19f10dc: ".?AVCMagicEffectLightChain@@" (28 chars)
[SCAN] 0x19f1104: ".?AVCMagicEffectMultiHitEx@@" (28 chars)
[SCAN] 0x19f112c: ".?AVCMagicEffectNewBump@@" (25 chars)
[SCAN] 0x19f1150: ".?AVICarmackCanvas@@" (20 chars)
[SCAN] 0x19f1170: ".?AVCTerrainEffectManager@@" (27 chars)
[SCAN] 0x19f1194: ".?AVCLayer@@" (12 chars)
[SCAN] 0x19f11ac: ".?AVC2DMapRegion@@" (18 chars)
[SCAN] 0x19f11c8: ".?AVCMultipuzzle@@" (18 chars)
[SCAN] 0x19f11e4: ".?AVC3DMapSimpleObj@@" (21 chars)
[SCAN] 0x19f1204: ".?AVCArrowObj@@" (15 chars)
[SCAN] 0x19f121c: ".?AVCarmackCanvasImp@@" (22 chars)
[SCAN] 0x19f123c: ".?AVCColorDataVisitor@@" (23 chars)
[SCAN] 0x19f125c: ".?AVCEarthQuakeEffectMgr@@" (26 chars)
[SCAN] 0x19f1280: ".?AVCMagicEffectMgr@@" (21 chars)
[SCAN] 0x19f12a0: ".?AVCSkyRose@@" (14 chars)
[SCAN] 0x19f12b8: ".?AV?$_Ref_count@VC2DMapItem@@@std@@" (36 chars)
[SCAN] 0x19f12e8: ".?AV?$_Ref_count@VC3DMagicMapItem@@@std@@" (41 chars)
[SCAN] 0x19f131c: ".?AV?$_Ref_count@VC3DMapSimpleObj@@@std@@" (41 chars)
[SCAN] 0x19f1350: ".?AV?$_Ref_count@VCArrowObj@@@std@@" (35 chars)
[SCAN] 0x19f137c: ".?AV?$_Ref_count@VCMagicEffectBodyLinkBody@@@std@@" (50 chars)
[SCAN] 0x19f13b8: ".?AV?$_Ref_count@VCMagicEffectBodyTerrainBody@@@std@@" (53 chars)
[SCAN] 0x19f13f8: ".?AV?$_Ref_count@VCMagicEffectBodyTraceBodyChain@@@std@@" (56 chars)
[SCAN] 0x19f1440: ".?AV?$_Ref_count@VCMagicEffectBruceLeePickToFly@@@std@@" (55 chars)
[SCAN] 0x19f1480: ".?AV?$_Ref_count@VCMagicEffectBumpArrow@@@std@@" (47 chars)
[SCAN] 0x19f14b8: ".?AV?$_Ref_count@VCMagicEffectCrossSword@@@std@@" (48 chars)
[SCAN] 0x19f14f4: ".?AV?$_Ref_count@VCMagicEffectLightChain@@@std@@" (48 chars)
[SCAN] 0x19f1530: ".?AV?$_Ref_count@VCMagicEffectMultiHitEx@@@std@@" (48 chars)
[SCAN] 0x19f156c: ".?AV?$_Ref_count@VCMagicEffectNewBump@@@std@@" (45 chars)
[SCAN] 0x19f15a4: ".?AV?$_Ref_count@VCMagicEffectRunningWheel@@@std@@" (50 chars)
[SCAN] 0x19f15e0: ".?AV?$_Ref_count@UMapRelationInfo@@@std@@" (41 chars)
[SCAN] 0x19f1614: ".?AV?$_Ref_count@VCSkyRose@@@std@@" (34 chars)
[SCAN] 0x19f1640: ".?AV?$_Ref_count@VCPatternRose@@@std@@" (38 chars)
[SCAN] 0x19f1670: ".?AV?$_Ref_count@VPatternRose@@@std@@" (37 chars)
[SCAN] 0x19f16a0: ".?AV?$_Ref_count@VCRose@@@std@@" (31 chars)
[SCAN] 0x19f16c8: ".?AV?$_Ref_count@VRose@@@std@@" (30 chars)
[SCAN] 0x19f16f0: ".?AV?$_Ref_count@VCVirtualMapItem@@@std@@" (41 chars)
[SCAN] 0x19f1724: ".?AVIConfigMgr@@" (16 chars)
[SCAN] 0x19f1740: ".?AVILangMgr@@" (14 chars)
[SCAN] 0x19f1758: ".?AVCRaiderPlayer@@" (19 chars)
[SCAN] 0x19f1774: ".?AVCShowHandPlayer@@" (21 chars)
[SCAN] 0x19f1794: ".?AVCInstanceMgr@@" (18 chars)
[SCAN] 0x19f17b0: ".?AVCMsgOperatingAct@@" (22 chars)
[SCAN] 0x19f17d0: ".?AVCNetMsg@@" (13 chars)
[SCAN] 0x19f17e8: ".?AVMessageLite@protobuf@google@@" (33 chars)
[SCAN] 0x19f1814: ".?AVCMsgActionPB@@" (18 chars)
[SCAN] 0x19f1830: ".?AVCMsgCasualGamePlayerPB@@" (28 chars)
[SCAN] 0x19f1858: ".?AVCMsgCasualGamePlayerListPB@@" (32 chars)
[SCAN] 0x19f1884: ".?AVCMsgAction@@" (16 chars)
[SCAN] 0x19f18a0: ".?AVCMsgBattlePassRankItemPB@@" (30 chars)
[SCAN] 0x19f18c8: ".?AVCMsgBattlePassRankPB@@" (26 chars)
[SCAN] 0x19f18ec: ".?AVCMsgBattlePassRank@@" (24 chars)
[SCAN] 0x19f1910: ".?AVCMsgChangeName@@" (20 chars)
[SCAN] 0x19f1930: ".?AVCMsgCOPPlayerInfoPB@@" (25 chars)
[SCAN] 0x19f1954: ".?AVCMsgCOPPlayerInfo@@" (23 chars)
[SCAN] 0x19f1974: ".?AVCMsgDetainItemUpdate@@" (26 chars)
[SCAN] 0x19f1998: ".?AVCEquipScoreRankInfoPB@@" (27 chars)
[SCAN] 0x19f19bc: ".?AVCMsgEquipScoreRankPB@@" (26 chars)
[SCAN] 0x19f19e0: ".?AVCMsgEquipRefineRank@@" (25 chars)
[SCAN] 0x19f1a04: ".?AVCMsgFruitMachinePB@@" (24 chars)
[SCAN] 0x19f1a28: ".?AVCMsgFruitMachineBetIconPB@@" (31 chars)
[SCAN] 0x19f1a50: ".?AVCMsgFruitMachineRewardPB@@" (30 chars)
[SCAN] 0x19f1a78: ".?AVCMsgFruitMachineGoPB@@" (26 chars)
[SCAN] 0x19f1a9c: ".?AVCMsgFruitMachineGoResultPB@@" (32 chars)
[SCAN] 0x19f1ac8: ".?AVCMsgFruitMachineLobbyPB@@" (29 chars)
[SCAN] 0x19f1af0: ".?AVCMsgFruitMachineLobbyStatusPB@@" (35 chars)
[SCAN] 0x19f1b1c: ".?AVCMsgFruitMachineLobbyResultPB@@" (35 chars)
[SCAN] 0x19f1b48: ".?AVCMsgFruitMachineLobbyWinRankItemPB@@" (40 chars)
[SCAN] 0x19f1b7c: ".?AVCMsgFruitMachineLobbyWinRankPB@@" (36 chars)
[SCAN] 0x19f1bac: ".?AVCMsgFruitMachineLobbyBetStatPB@@" (36 chars)
[SCAN] 0x19f1bdc: ".?AVCMsgFruitMachineLobbyWinBroadcastPB@@" (41 chars)
[SCAN] 0x19f1c10: ".?AVCMsgFruitMachine@@" (22 chars)
[SCAN] 0x19f1c30: ".?AVCMsgGouYuAptitudePB@@" (25 chars)
[SCAN] 0x19f1c54: ".?AVCMsgGouYuAptitude@@" (23 chars)
[SCAN] 0x19f1c74: ".?AVCMsgItemDialogPB@@" (22 chars)
[SCAN] 0x19f1c94: ".?AVCMsgItemDialog@@" (20 chars)
[SCAN] 0x19f1cb4: ".?AVCMsgLeagueOpt@@" (19 chars)
[SCAN] 0x19f1cd0: ".?AVCMailInfoPB@@" (17 chars)
[SCAN] 0x19f1cec: ".?AVCMsgMailListPB@@" (20 chars)
[SCAN] 0x19f1d0c: ".?AVCMsgMailList@@" (18 chars)
[SCAN] 0x19f1d28: ".?AVCMissionSystemData@@" (24 chars)
[SCAN] 0x19f1d4c: ".?AVCMsgNamePB@@" (16 chars)
[SCAN] 0x19f1d68: ".?AVCMsgName@@" (14 chars)
[SCAN] 0x19f1d80: ".?AVCMsgNewSlotCarRank@@" (24 chars)
[SCAN] 0x19f1da4: ".?AVCMsgPing@@" (14 chars)
[SCAN] 0x19f1dbc: ".?AVCMsgPromotionAct@@" (22 chars)
[SCAN] 0x19f1ddc: ".?AVCMsgRegister@@" (18 chars)
[SCAN] 0x19f1df8: ".?AVCServerDetailPB@@" (21 chars)
[SCAN] 0x19f1e18: ".?AVCMsgServerListPB@@" (22 chars)
[SCAN] 0x19f1e38: ".?AVCMsgServerList@@" (20 chars)
[SCAN] 0x19f1e58: ".?AVCMsgSlotAction@@" (20 chars)
[SCAN] 0x19f1e78: ".?AVCSynEventInfo@@" (19 chars)
[SCAN] 0x19f1e94: ".?AVCMsgSynEventListPB@@" (24 chars)
[SCAN] 0x19f1eb8: ".?AVCMsgSynEventList@@" (22 chars)
[SCAN] 0x19f1ed8: ".?AVCMsgTeamPKMatchInfo@@" (25 chars)
[SCAN] 0x19f1efc: ".?AVCMsgTitle@@" (15 chars)
[SCAN] 0x19f1f14: ".?AVCAchievementMgr@@" (21 chars)
[SCAN] 0x19f1f34: ".?AVCVassalWarAgentIntoPB@@" (27 chars)
[SCAN] 0x19f1f58: ".?AVCVassalWarRewardIntoPB@@" (28 chars)
[SCAN] 0x19f1f80: ".?AVCMsgVassalWarOptPB@@" (24 chars)
[SCAN] 0x19f1fa4: ".?AVCMsgVassalWarOpt@@" (22 chars)
[SCAN] 0x19f1fc4: ".?AVBattlePassMgr@@" (19 chars)
[SCAN] 0x19f1fe0: ".?AVCChatItemInfoMgr@@" (22 chars)
[SCAN] 0x19f2000: ".?AVCGuideUniversalMgr@@" (24 chars)
[SCAN] 0x19f2024: ".?AVCLostDepotItemMgr@@" (23 chars)
[SCAN] 0x19f2044: ".?AVCRouletteMgr@@" (18 chars)
[SCAN] 0x19f2060: ".?AVCSynAwardRankMgr@@" (22 chars)
[SCAN] 0x19f2080: ".?AVCTexasPersonalInfoMgr@@" (27 chars)
[SCAN] 0x19f20a4: ".?AVCTutorParamReader@@" (23 chars)
[SCAN] 0x19f20c4: ".?AVCNewTexasMTTMgr@@" (21 chars)
[SCAN] 0x19f20e4: ".?AVCMsgNTexasSNGTableInfoItemPB@@" (34 chars)
[SCAN] 0x19f2110: ".?AVCMsgNTexasSNGTableInfoPB@@" (30 chars)
[SCAN] 0x19f2138: ".?AVCMsgNTexasSNGTableInfo@@" (28 chars)
[SCAN] 0x19f2160: ".?AVCMsgYearFruitPB@@" (21 chars)
[SCAN] 0x19f2180: ".?AVCMsgYearFruit@@" (19 chars)
[SCAN] 0x19f219c: ".?AVCTalkSkinMgr@@" (18 chars)
[SCAN] 0x19f21b8: ".?AV?$_Ref_count@VCConfigMgr@@@std@@" (36 chars)
[SCAN] 0x19f21e8: ".?AVCI3DRoleRender@@" (20 chars)
[SCAN] 0x19f2208: ".?AVCMyBitmapRender@@" (21 chars)
[SCAN] 0x19f2228: ".?AVCImgNumCounter@@" (20 chars)
[SCAN] 0x19f2248: ".?AVCNewTexasPlayer@@" (21 chars)
[SCAN] 0x19f2268: ".?AVCSuitStatus@@" (17 chars)
[SCAN] 0x19f2284: ".?AVCFloatingStr@@" (18 chars)
[SCAN] 0x19f22a0: ".?AVCFullScreenEffectEvent@@" (28 chars)
[SCAN] 0x19f22c8: ".?AVCRole@@" (11 chars)
[SCAN] 0x19f22dc: ".?AVCGoldenLeagueShopMgr@@" (26 chars)
[SCAN] 0x19f2300: ".?AVCMsgAccountByQRCode@@" (25 chars)
[SCAN] 0x19f2324: ".?AVCEquipSpeffectPB@@" (22 chars)
[SCAN] 0x19f2344: ".?AVCMsgBatchSpEffectOptPB@@" (28 chars)
[SCAN] 0x19f236c: ".?AVCMsgBatchSpEffectOpt@@" (26 chars)
[SCAN] 0x19f2390: ".?AVCMsgConnectOtherErr@@" (25 chars)
[SCAN] 0x19f23b4: ".?AVCMsgDataArray@@" (19 chars)
[SCAN] 0x19f23d0: ".?AVCEnemyInvadeInfoPB@@" (24 chars)
[SCAN] 0x19f23f4: ".?AVCMsgEnemyInvadeOptPB@@" (26 chars)
[SCAN] 0x19f2418: ".?AVCMsgEnemyInvadeOpt@@" (24 chars)
[SCAN] 0x19f243c: ".?AVCMsgFMRoundRobin@@" (22 chars)
[SCAN] 0x19f245c: ".?AVCMsgGodExp@@" (16 chars)
[SCAN] 0x19f2478: ".?AVCMsgInvadeWarning@@" (23 chars)
[SCAN] 0x19f2498: ".?AVCMsgLeagueInfo@@" (20 chars)
[SCAN] 0x19f24b8: ".?AVCEffectTimeInfoPB@@" (23 chars)
[SCAN] 0x19f24d8: ".?AVCMsgMagicEffectTimePB@@" (27 chars)
[SCAN] 0x19f24fc: ".?AVCMsgMagicEffectTime@@" (25 chars)
[SCAN] 0x19f2520: ".?AVCMsgMultiFruitMachineLobbyResult@@" (38 chars)
[SCAN] 0x19f2550: ".?AVCNewLostCardPB@@" (20 chars)
[SCAN] 0x19f2570: ".?AVCNewLostHelpCardInfoPB@@" (28 chars)
[SCAN] 0x19f2598: ".?AVCNewLostUserInfoPB@@" (24 chars)
[SCAN] 0x19f25bc: ".?AVCMsgNewShowHandLostInfoPB@@" (31 chars)
[SCAN] 0x19f25e4: ".?AVCMsgNewShowHandLostInfo@@" (29 chars)
[SCAN] 0x19f260c: ".?AVCMsgNpcInfoPB@@" (19 chars)
[SCAN] 0x19f2628: ".?AVCMsgNpcInfo@@" (17 chars)
[SCAN] 0x19f2644: ".?AVCMsgPetInfo@@" (17 chars)
[SCAN] 0x19f2660: ".?AVCPrirateDictLotteryInfoPB@@" (31 chars)
[SCAN] 0x19f2688: ".?AVCMsgPrirateDictLotteryPB@@" (30 chars)
[SCAN] 0x19f26b0: ".?AVCMsgPrirateDictLottery@@" (28 chars)
[SCAN] 0x19f26d8: ".?AVCMsgRedeemExpInfoPB@@" (25 chars)
[SCAN] 0x19f26fc: ".?AVCMsgRedeemExpPB@@" (21 chars)
[SCAN] 0x19f271c: ".?AVCMsgRedeemExp@@" (19 chars)
[SCAN] 0x19f2738: ".?AVCSealedTreasurecRankItemPB@@" (32 chars)
[SCAN] 0x19f2764: ".?AVCMsgSealedTreasureRankPB@@" (30 chars)
[SCAN] 0x19f278c: ".?AVCMsgSealedTreasureRank@@" (28 chars)
[SCAN] 0x19f27b4: ".?AVCMsgShowHandRaceInteractive@@" (33 chars)
[SCAN] 0x19f27e0: ".?AVCMsgSyndicate@@" (19 chars)
[SCAN] 0x19f27fc: ".?AVCMsgTeamMember@@" (20 chars)
[SCAN] 0x19f281c: ".?AVCMsgTexasPersonalInfo@@" (27 chars)
[SCAN] 0x19f2840: ".?AVCMsgTransportor@@" (21 chars)
[SCAN] 0x19f2860: ".?AVCRefineLevPB@@" (18 chars)
[SCAN] 0x19f287c: ".?AVCMsgUserTotalRefineLevPB@@" (30 chars)
[SCAN] 0x19f28a4: ".?AVCMsgUserTotalRefineLev@@" (28 chars)
[SCAN] 0x19f28cc: ".?AVCAutoUseMagicData@@" (23 chars)
[SCAN] 0x19f28ec: ".?AVCChallengeGangBossMgr@@" (27 chars)
[SCAN] 0x19f2910: ".?AVCHeroReturnMgr@@" (20 chars)
[SCAN] 0x19f2930: ".?AVCMelterMgr@@" (16 chars)
[SCAN] 0x19f294c: ".?AVCRaceTrackPropEffectMgr@@" (29 chars)
[SCAN] 0x19f2974: ".?AVCShopData@@" (15 chars)
[SCAN] 0x19f298c: ".?AVCTexasGameRecordMgr@@" (25 chars)
[SCAN] 0x19f29b0: ".?AVCWeaponCoatPackageMgr@@" (27 chars)
[SCAN] 0x19f29d4: ".?AVCMTTMatchTypePB@@" (21 chars)
[SCAN] 0x19f29f4: ".?AVCMTTRaceTypePB@@" (20 chars)
[SCAN] 0x19f2a14: ".?AVCMTTRaceBuyTablePB@@" (24 chars)
[SCAN] 0x19f2a38: ".?AVCMTTRaceBuyRebornPB@@" (25 chars)
[SCAN] 0x19f2a5c: ".?AVCMTTRaceBuyPB@@" (19 chars)
[SCAN] 0x19f2a78: ".?AVCMTTRacePrizeRankPB@@" (25 chars)
[SCAN] 0x19f2a9c: ".?AVCMTTRacePrizePB@@" (21 chars)
[SCAN] 0x19f2abc: ".?AVCMsgNTexasMTTConfigPB@@" (27 chars)
[SCAN] 0x19f2ae0: ".?AVCMsgNTexasMTTRunConfig@@" (28 chars)
[SCAN] 0x19f2b08: ".?AVCMsgMedalInfoPB@@" (21 chars)
[SCAN] 0x19f2b28: ".?AVCMsgMedalStoragePB@@" (24 chars)
[SCAN] 0x19f2b4c: ".?AVCMsgMedalStorage@@" (22 chars)
[SCAN] 0x19f2b6c: ".?AVCMsgRedeemMoneyInfoPB@@" (27 chars)
[SCAN] 0x19f2b90: ".?AVCMsgRedeemMoneyPB@@" (23 chars)
[SCAN] 0x19f2bb0: ".?AVCMsgRedeemMoney@@" (21 chars)
[SCAN] 0x19f2bd0: ".?AVCMsgRuneAccInfoPB@@" (23 chars)
[SCAN] 0x19f2bf0: ".?AVCMsgRuneHuaZhenInfoPB@@" (27 chars)
[SCAN] 0x19f2c14: ".?AVCMsgRunePB@@" (16 chars)
[SCAN] 0x19f2c30: ".?AVCMsgRune@@" (14 chars)
[SCAN] 0x19f2c48: ".?AVCMsgDominoTableActPB@@" (26 chars)
[SCAN] 0x19f2c6c: ".?AVCDominoPlayerInfoPB@@" (25 chars)
[SCAN] 0x19f2c90: ".?AVCDominoTableLostInfoItemPB@@" (32 chars)
[SCAN] 0x19f2cbc: ".?AVCMsgDominoTableLostInfoPB@@" (31 chars)
[SCAN] 0x19f2ce4: ".?AVCDominoTableResultItemPB@@" (30 chars)
[SCAN] 0x19f2d0c: ".?AVCMsgDominoTableResultPB@@" (29 chars)
[SCAN] 0x19f2d34: ".?AVCMsgDominoTableAct@@" (24 chars)
[SCAN] 0x19f2d58: ".?AVCMsgDominoResult@@" (22 chars)
[SCAN] 0x19f2d78: ".?AVCMsgDominoLostInfo@@" (24 chars)
[SCAN] 0x19f2d9c: ".?AVCMsgTeamRecruitInfoPB@@" (27 chars)
[SCAN] 0x19f2dc0: ".?AVCMsgTeamApplyRecruitPB@@" (28 chars)
[SCAN] 0x19f2de8: ".?AVCMsgTeamRecruitPB@@" (23 chars)
[SCAN] 0x19f2e08: ".?AVCMsgTeamRecruit@@" (21 chars)
[SCAN] 0x19f2e28: ".?AV?$_Ref_count@VCPet@@@std@@" (30 chars)
[SCAN] 0x19f2e50: ".?AV?$_Ref_count@VCRaceTrackPropEffect@@@std@@" (46 chars)
[SCAN] 0x19f2e88: ".?AVCDominosPlayer@@" (20 chars)
[SCAN] 0x19f2ea8: ".?AVIGamePlayer@@" (17 chars)
[SCAN] 0x19f2ec4: ".?AVCPackage@@" (14 chars)
[SCAN] 0x19f2edc: ".?AVCMsgAllot@@" (15 chars)
[SCAN] 0x19f2ef4: ".?AVCMsgBattlePassUserAttrPB@@" (30 chars)
[SCAN] 0x19f2f1c: ".?AVCMsgBattlePassUserInfoPB@@" (30 chars)
[SCAN] 0x19f2f44: ".?AVCMsgBattlePassUser@@" (24 chars)
[SCAN] 0x19f2f68: ".?AVCItemData@@" (15 chars)
[SCAN] 0x19f2f80: ".?AVCUserAttribMgr@@" (20 chars)
[SCAN] 0x19f2fa0: ".?AVCMsgCloneAttack@@" (21 chars)
[SCAN] 0x19f2fc0: ".?AVCMsgCOPToyInfoElementPB@@" (29 chars)
[SCAN] 0x19f2fe8: ".?AVCMsgCOPToyInfoPB@@" (22 chars)
[SCAN] 0x19f3008: ".?AVCMsgCOPToyInfo@@" (20 chars)
[SCAN] 0x19f3028: ".?AVCMsgDominateTeamPopPkName@@" (31 chars)
[SCAN] 0x19f3050: ".?AVCSyndicateInfo@@" (20 chars)
[SCAN] 0x19f3070: ".?AVCMsgQuerySyndicatePB@@" (26 chars)
[SCAN] 0x19f3094: ".?AVCMsgFactionList@@" (21 chars)
[SCAN] 0x19f30b4: ".?AVCMsgFruitMachineGoResult@@" (30 chars)
[SCAN] 0x19f30dc: ".?AVCMsgGuide@@" (15 chars)
[SCAN] 0x19f30f4: ".?AVCMsgItemRefinePB@@" (22 chars)
[SCAN] 0x19f3114: ".?AVCMsgItemRefine@@" (20 chars)
[SCAN] 0x19f3134: ".?AVCMsgLeagueRobOptServerPB@@" (30 chars)
[SCAN] 0x19f315c: ".?AVCMsgLeagueRobOptPB@@" (24 chars)
[SCAN] 0x19f3180: ".?AVCMsgLeagueRobOpt@@" (22 chars)
[SCAN] 0x19f31a0: ".?AVCMsgMapInfoPB@@" (19 chars)
[SCAN] 0x19f31bc: ".?AVCMsgMapInfo@@" (17 chars)
[SCAN] 0x19f31d8: ".?AVCEmoneySaleShopMgr@@" (24 chars)
[SCAN] 0x19f31fc: ".?AVCNewShopGoodInfoPB@@" (24 chars)
[SCAN] 0x19f3220: ".?AVCNewShopAccInfoPB@@" (23 chars)
[SCAN] 0x19f3240: ".?AVCMsgNewShopGoodsPB@@" (24 chars)
[SCAN] 0x19f3264: ".?AVCMsgNewShopGoods@@" (22 chars)
[SCAN] 0x19f3284: ".?AVCMsgNewSlotWinLinePB@@" (26 chars)
[SCAN] 0x19f32a8: ".?AVCMsgNewSlotResultPB@@" (25 chars)
[SCAN] 0x19f32cc: ".?AVCSlotMachine5X3Mgr@@" (24 chars)
[SCAN] 0x19f32f0: ".?AVCMsgNewSlotResult@@" (23 chars)
[SCAN] 0x19f3310: ".?AVCMsgOsShopPB@@" (18 chars)
[SCAN] 0x19f332c: ".?AVCMsgOsShop@@" (16 chars)
[SCAN] 0x19f3348: ".?AVCMsgPlayerPB@@" (18 chars)
[SCAN] 0x19f3364: ".?AVCMsgPlayer@@" (16 chars)
[SCAN] 0x19f3380: ".?AVCMsgQualifyingInteractive@@" (31 chars)
[SCAN] 0x19f33a8: ".?AVCMsgQualifyingSeasonRankList@@" (34 chars)
[SCAN] 0x19f33d4: ".?AVCMsgQualifyingDetailInfo@@" (30 chars)
[SCAN] 0x19f33fc: ".?AVCMsgQualifyingFightersList@@" (32 chars)
[SCAN] 0x19f3428: ".?AVCMsgQualifyingRank@@" (24 chars)
[SCAN] 0x19f344c: ".?AVCMsgArenicScore@@" (21 chars)
[SCAN] 0x19f346c: ".?AVCMsgRemotePrizeInfoPB@@" (27 chars)
[SCAN] 0x19f3490: ".?AVCMsgRemotePrize@@" (21 chars)
[SCAN] 0x19f34b0: ".?AVCMsgShowHandActivePlayer@@" (30 chars)
[SCAN] 0x19f34d8: ".?AVCMsgSpiritInteractivePB@@" (29 chars)
[SCAN] 0x19f3500: ".?AVCMsgSpiritInteractive@@" (27 chars)
[SCAN] 0x19f3524: ".?AVCMsgSynMemberInfo@@" (23 chars)
[SCAN] 0x19f3544: ".?AVCMsgTaskDetailInfo@@" (24 chars)
[SCAN] 0x19f3568: ".?AVCMsgTeamPopPKArenicScore@@" (30 chars)
[SCAN] 0x19f3590: ".?AVCMsgTQP@@" (13 chars)
[SCAN] 0x19f35a8: ".?AVCAbilityScoreInfoPB@@" (25 chars)
[SCAN] 0x19f35cc: ".?AVCMsgUserAbilityScorePB@@" (28 chars)
[SCAN] 0x19f35f4: ".?AVCMsgUserAbilityScore@@" (26 chars)
[SCAN] 0x19f3618: ".?AVCMsgVipFunctionValidNotify@@" (32 chars)
[SCAN] 0x19f3644: ".?AVCActivityTaskData@@" (23 chars)
[SCAN] 0x19f3664: ".?AVCChatSkinMgr@@" (18 chars)
[SCAN] 0x19f3680: ".?AVCMonthlyCardMgr@@" (21 chars)
[SCAN] 0x19f36a0: ".?AVCPresentCenterMgr@@" (23 chars)
[SCAN] 0x19f36c0: ".?AVCMsgUserLastRaceSignUpItemPB@@" (34 chars)
[SCAN] 0x19f36ec: ".?AVCMsgUserLastRaceSignUpPB@@" (30 chars)
[SCAN] 0x19f3714: ".?AVCMsgUserLastRaceSignUp@@" (28 chars)
[SCAN] 0x19f373c: ".?AVCMsgYuanShenAccInfoPB@@" (27 chars)
[SCAN] 0x19f3760: ".?AVCMsgYuanShenPB@@" (20 chars)
[SCAN] 0x19f3780: ".?AVCMsgYuanshen@@" (18 chars)
[SCAN] 0x19f379c: ".?AVCNetMsgLua@@" (16 chars)
[SCAN] 0x19f37b8: ".?AV?$_Ref_count@VCWeaponSkill@@@std@@" (38 chars)
[SCAN] 0x19f37e8: ".?AVCEnemy@@" (12 chars)
[SCAN] 0x19f3800: ".?AVCTradeBuddy@@" (17 chars)
[SCAN] 0x19f381c: ".?AVCDataMigrationSubject@@" (27 chars)
[SCAN] 0x19f3840: ".?AVCMyNetwork@@" (16 chars)
[SCAN] 0x19f385c: ".?AV?$CMySafeList@PAVCNetMsg@@@@" (32 chars)
[SCAN] 0x19f3888: ".?AV?$list@PAVCNetMsg@@V?$allocator@PAVCNetMsg@@@std@@@std@@" (60 chars)
[SCAN] 0x19f3988: ".?AVIResponseGameRecord@@" (25 chars)
[SCAN] 0x19f39ac: ".?AVCRecordGameModule@@" (23 chars)
[SCAN] 0x19f39cc: ".?AVCMagicData@@" (16 chars)
[SCAN] 0x19f39e8: ".?AVCKillImgString@@" (20 chars)
[SCAN] 0x19f3a08: ".?AVCMsgAuctionDirListItemPB@@" (30 chars)
[SCAN] 0x19f3a30: ".?AVCMsgAuctionDirListPB@@" (26 chars)
[SCAN] 0x19f3a54: ".?AVCMsgAuctionDirList@@" (24 chars)
[SCAN] 0x19f3a78: ".?AVCMsgBetLevelPB@@" (20 chars)
[SCAN] 0x19f3a98: ".?AVCMsgBetLevel@@" (18 chars)
[SCAN] 0x19f3ab4: ".?AVCPirateLotteryMgr@@" (23 chars)
[SCAN] 0x19f3ad4: ".?AVCCombatGearInfoPB@@" (23 chars)
[SCAN] 0x19f3af4: ".?AVCombatMartialArts@@" (23 chars)
[SCAN] 0x19f3b14: ".?AVCMsgCombatGearPB@@" (22 chars)
[SCAN] 0x19f3b34: ".?AVCMsgCombatGear@@" (20 chars)
[SCAN] 0x19f3b54: ".?AVCMsgCrossFlagWarMerit@@" (27 chars)
[SCAN] 0x19f3b78: ".?AVCMsgElitePKArenic@@" (23 chars)
[SCAN] 0x19f3b98: ".?AVCMsgFamilyDmgPB@@" (21 chars)
[SCAN] 0x19f3bb8: ".?AVCMsgFamilyDmg@@" (19 chars)
[SCAN] 0x19f3bd4: ".?AVCMsgGameServerShutDown@@" (28 chars)
[SCAN] 0x19f3bfc: ".?AVCMsgHangUp@@" (16 chars)
[SCAN] 0x19f3c18: ".?AVCVendueUserInfoPB@@" (23 chars)
[SCAN] 0x19f3c38: ".?AVCMsgItemVenduePB@@" (22 chars)
[SCAN] 0x19f3c58: ".?AVCMsgItemVendue@@" (20 chars)
[SCAN] 0x19f3c78: ".?AVCMsgLogin@@" (15 chars)
[SCAN] 0x19f3c90: ".?AVCMsgMelterInfoPB@@" (22 chars)
[SCAN] 0x19f3cb0: ".?AVCMsgMelterOptPB@@" (21 chars)
[SCAN] 0x19f3cd0: ".?AVCMsgMelterRankInfoPB@@" (26 chars)
[SCAN] 0x19f3cf4: ".?AVCMsgMelterRankListPB@@" (26 chars)
[SCAN] 0x19f3d18: ".?AVCMsgMelterOpt@@" (19 chars)
[SCAN] 0x19f3d34: ".?AVCMsgMelterRankList@@" (24 chars)
[SCAN] 0x19f3d58: ".?AVCNewDealtCardPB@@" (21 chars)
[SCAN] 0x19f3d78: ".?AVCNewDealtCardInfoPB@@" (25 chars)
[SCAN] 0x19f3d9c: ".?AVCMsgNewShowHandDealtCardPB@@" (32 chars)
[SCAN] 0x19f3dc8: ".?AVCMsgNewShowHandDealtCard@@" (30 chars)
[SCAN] 0x19f3df0: ".?AVCMsgNewTexasTableChipItemPB@@" (33 chars)
[SCAN] 0x19f3e1c: ".?AVCMsgNewTexasTableChipPB@@" (29 chars)
[SCAN] 0x19f3e44: ".?AVCMsgNewTexasTableChip@@" (27 chars)
[SCAN] 0x19f3e68: ".?AVCMsgPaint@@" (15 chars)
[SCAN] 0x19f3e80: ".?AVCMsgPokerFriendActionPB@@" (29 chars)
[SCAN] 0x19f3ea8: ".?AVCMsgPokerFriendBasePB@@" (27 chars)
[SCAN] 0x19f3ecc: ".?AVCMsgPokerFriendListPB@@" (27 chars)
[SCAN] 0x19f3ef0: ".?AVCMsgPokerFriendInvitePB@@" (29 chars)
[SCAN] 0x19f3f18: ".?AVCMsgPokerFriendOnlinePB@@" (29 chars)
[SCAN] 0x19f3f40: ".?AVCMsgPokerFriendOnlineListPB@@" (33 chars)
[SCAN] 0x19f3f6c: ".?AVCMsgPokerFriendInvite@@" (27 chars)
[SCAN] 0x19f3f90: ".?AVCMsgRaceTrackProp@@" (23 chars)
[SCAN] 0x19f3fb0: ".?AVCMsgSafeHeartPB@@" (21 chars)
[SCAN] 0x19f3fd0: ".?AVCMsgSafeHeat@@" (18 chars)
[SCAN] 0x19f3fec: ".?AVCMsgShowHandExit@@" (22 chars)
[SCAN] 0x19f400c: ".?AVCEventDataPB@@" (18 chars)
[SCAN] 0x19f4028: ".?AVCMsgStatisticActivePB@@" (27 chars)
[SCAN] 0x19f404c: ".?AVCMsgStatisticActive@@" (25 chars)
[SCAN] 0x19f4070: ".?AVCMsgSynRecruitAdvertising@@" (31 chars)
[SCAN] 0x19f4098: ".?AVCMsgTaskReward@@" (20 chars)
[SCAN] 0x19f40b8: ".?AVCMsgTenTimesLotteryRewardPB@@" (33 chars)
[SCAN] 0x19f40e4: ".?AVCMsgTenTimesLotteryReward@@" (31 chars)
[SCAN] 0x19f410c: ".?AVCMsgTraining@@" (18 chars)
[SCAN] 0x19f4128: ".?AVCMsgUserInfoPB@@" (20 chars)
[SCAN] 0x19f4148: ".?AVCMsgUserInfo@@" (18 chars)
[SCAN] 0x19f4164: ".?AVCMsgWarFlag@@" (17 chars)
[SCAN] 0x19f4180: ".?AVCAnnualBenefitsRankingMgr@@" (31 chars)
[SCAN] 0x19f41a8: ".?AVCBossEffectMgr@@" (20 chars)
[SCAN] 0x19f41c8: ".?AVCCheckWordMgr@@" (19 chars)
[SCAN] 0x19f41e4: ".?AVCFactionShopMgr@@" (21 chars)
[SCAN] 0x19f4204: ".?AVCGangBuildingUpgradeMgr@@" (29 chars)
[SCAN] 0x19f422c: ".?AVCNanGClothesMgr@@" (21 chars)
[SCAN] 0x19f424c: ".?AVCPurifyNEMgr@@" (18 chars)
[SCAN] 0x19f4268: ".?AVCSceneChat@@" (16 chars)
[SCAN] 0x19f4284: ".?AVCControlVideoMgr@@" (22 chars)
[SCAN] 0x19f42a4: ".?AVCMsgCostVipGiftPB@@" (23 chars)
[SCAN] 0x19f42c4: ".?AVCMsgCostVipExpPB@@" (22 chars)
[SCAN] 0x19f42e4: ".?AVCMsgCostVipHistoryPB@@" (26 chars)
[SCAN] 0x19f4308: ".?AVCMsgCostVipPB@@" (19 chars)
[SCAN] 0x19f4324: ".?AVCMsgVipConsumption@@" (24 chars)
[SCAN] 0x19f4348: ".?AVCDragonCityWar@@" (20 chars)
[SCAN] 0x19f4368: ".?AVCTaskDialogNewMgr@@" (23 chars)
[SCAN] 0x19f4388: ".?AVCPokerVipMgr@@" (18 chars)
[SCAN] 0x19f43a4: ".?AV?$_Ref_count@VCEnemy@@@std@@" (32 chars)
[SCAN] 0x19f43d0: ".?AU?$ptr2user@VCMagicData@@@CLuaBase@@" (39 chars)
[SCAN] 0x19f4400: ".?AVCEncryptData@@" (18 chars)
[SCAN] 0x19f441c: ".?AVCZoomNum@@" (14 chars)
[SCAN] 0x19f4434: ".?AVCGamePlayerSet@@" (20 chars)
[SCAN] 0x19f4454: ".?AVCMyMutex@@" (14 chars)
[SCAN] 0x19f446c: ".?AVCMsgAuction@@" (17 chars)
[SCAN] 0x19f4488: ".?AVCCheckSeed@@" (16 chars)
[SCAN] 0x19f44a4: ".?AVCHonorShopItemMgr@@" (23 chars)
[SCAN] 0x19f44c4: ".?AVCTaskDialog@@" (17 chars)
[SCAN] 0x19f44e0: ".?AVCTrade@@" (12 chars)
[SCAN] 0x19f44f8: ".?AVCMsgCollectionStorageInfoPB@@" (33 chars)
[SCAN] 0x19f4524: ".?AVCMsgCollectionCommPartInfoPB@@" (34 chars)
[SCAN] 0x19f4550: ".?AVCMsgCollectionStoragePB@@" (29 chars)
[SCAN] 0x19f4578: ".?AVCMsgCollectionStorage@@" (27 chars)
[SCAN] 0x19f459c: ".?AVCMsgCrossFlagWarFlag@@" (26 chars)
[SCAN] 0x19f45c0: ".?AVCMsgDutyMinContri@@" (23 chars)
[SCAN] 0x19f45e0: ".?AVCMsgFamily@@" (16 chars)
[SCAN] 0x19f45fc: ".?AVCPlayerInfoPB@@" (19 chars)
[SCAN] 0x19f4618: ".?AVCCardInfoPB@@" (17 chars)
[SCAN] 0x19f4634: ".?AVCBetPosIfoPB@@" (18 chars)
[SCAN] 0x19f4650: ".?AVCMsgTableInfoPB@@" (21 chars)
[SCAN] 0x19f4670: ".?AVCMsgGamblingOptPB@@" (23 chars)
[SCAN] 0x19f4690: ".?AVCMsgJackpotPB@@" (19 chars)
[SCAN] 0x19f46ac: ".?AVCMsgPlayerListPB@@" (22 chars)
[SCAN] 0x19f46cc: ".?AVCSeatPlayerBalanceInfoPB@@" (30 chars)
[SCAN] 0x19f46f4: ".?AVCMsgGamblingResultPB@@" (26 chars)
[SCAN] 0x19f4718: ".?AVCPosChipsPB@@" (17 chars)
[SCAN] 0x19f4734: ".?AVCMsgChipsExpressionPB@@" (27 chars)
[SCAN] 0x19f4758: ".?AVCPlayerPosRetPB@@" (21 chars)
[SCAN] 0x19f4778: ".?AVCMsgPlayerResultPB@@" (24 chars)
[SCAN] 0x19f479c: ".?AVCMsgGameTrendPB@@" (21 chars)
[SCAN] 0x19f47bc: ".?AVCMsgGamblingNpcPB@@" (23 chars)
[SCAN] 0x19f47dc: ".?AVCMsgGamblingTableOpt@@" (26 chars)
[SCAN] 0x19f4800: ".?AVCMsgGamblingTablePlayerList@@" (33 chars)
[SCAN] 0x19f482c: ".?AVCMsgGamblingTableInfo@@" (27 chars)
[SCAN] 0x19f4850: ".?AVCMsgGamblingResult@@" (24 chars)
[SCAN] 0x19f4874: ".?AVCMsgChipsExpression@@" (25 chars)
[SCAN] 0x19f4898: ".?AVCMsgPotHistory@@" (20 chars)
[SCAN] 0x19f48b8: ".?AVCMsgPlayerResult@@" (22 chars)
[SCAN] 0x19f48d8: ".?AVCMsgGamblingNpc@@" (21 chars)
[SCAN] 0x19f48f8: ".?AVCMsgGameTrend@@" (19 chars)
[SCAN] 0x19f4914: ".?AVCMsgHandBrickInfo@@" (23 chars)
[SCAN] 0x19f4934: ".?AVCMsgItemStatus@@" (20 chars)
[SCAN] 0x19f4954: ".?AVCMsgLeaveWord@@" (19 chars)
[SCAN] 0x19f4970: ".?AVCMaterialDetailPB@@" (23 chars)
[SCAN] 0x19f4990: ".?AVCMsgMaterialsPB@@" (21 chars)
[SCAN] 0x19f49b0: ".?AVCMsgMaterials@@" (19 chars)
[SCAN] 0x19f49cc: ".?AVCMsgNewShowHandDataPB@@" (27 chars)
[SCAN] 0x19f49f0: ".?AVCMsgNewShowHandData@@" (25 chars)
[SCAN] 0x19f4a14: ".?AVCMsgPackage@@" (17 chars)
[SCAN] 0x19f4a30: ".?AVCMsgPokerFriendAction@@" (27 chars)
[SCAN] 0x19f4a54: ".?AVCMsgQuiz@@" (14 chars)
[SCAN] 0x19f4a6c: ".?AVCMsgRuneStorageOptPB@@" (26 chars)
[SCAN] 0x19f4a90: ".?AVCMsgRuneStorage@@" (21 chars)
[SCAN] 0x19f4ab0: ".?AVCMyShellCallback@@" (22 chars)
[SCAN] 0x19f4ad0: ".?AVCMsgShowHandEnterPB@@" (25 chars)
[SCAN] 0x19f4af4: ".?AVCMsgShowHandEnter@@" (23 chars)
[SCAN] 0x19f4b14: ".?AVCMsgStatisticListPB@@" (25 chars)
[SCAN] 0x19f4b38: ".?AVCMsgStatisticPB@@" (21 chars)
[SCAN] 0x19f4b58: ".?AVCMsgServerLotteryInfoPB@@" (29 chars)
[SCAN] 0x19f4b80: ".?AVCMsgServerLotteryUserDetailPB@@" (35 chars)
[SCAN] 0x19f4bac: ".?AVCMsgSpecialInfo@@" (21 chars)
[SCAN] 0x19f4bcc: ".?AVCMsgServerLotteryPB@@" (25 chars)
[SCAN] 0x19f4bf0: ".?AVCMsgServerLottery@@" (23 chars)
[SCAN] 0x19f4c10: ".?AVCMsgStatistic@@" (19 chars)
[SCAN] 0x19f4c2c: ".?AVCMsgCostPrestigeItemPB@@" (28 chars)
[SCAN] 0x19f4c54: ".?AVCMsgSynPrestigePB@@" (23 chars)
[SCAN] 0x19f4c74: ".?AVCMsgSynPrestige@@" (21 chars)
[SCAN] 0x19f4c94: ".?AVCMsgTaskRankInfoPB@@" (24 chars)
[SCAN] 0x19f4cb8: ".?AVCMsgTaskRankPB@@" (20 chars)
[SCAN] 0x19f4cd8: ".?AVCMsgTaskRank@@" (18 chars)
[SCAN] 0x19f4cf4: ".?AVCMsgTeamRoll@@" (18 chars)
[SCAN] 0x19f4d10: ".?AVCMsgTradeUserInfoPB@@" (25 chars)
[SCAN] 0x19f4d34: ".?AVCMsgTradeUserInfo@@" (23 chars)
[SCAN] 0x19f4d54: ".?AVCMsgUserFreezePB@@" (22 chars)
[SCAN] 0x19f4d74: ".?AVCMsgUserFreeze@@" (20 chars)
[SCAN] 0x19f4d94: ".?AVCPet@@" (10 chars)
[SCAN] 0x19f4da8: ".?AVCPlayer@@" (13 chars)
[SCAN] 0x19f4dc0: ".?AVCMsgWalkPB@@" (16 chars)
[SCAN] 0x19f4ddc: ".?AVCMsgWalk@@" (14 chars)
[SCAN] 0x19f4df4: ".?AVCBoothNumberMgr@@" (21 chars)
[SCAN] 0x19f4e14: ".?AVCFactionRecruitMgr@@" (24 chars)
[SCAN] 0x19f4e38: ".?AVCMagicalWeaponMgr@@" (23 chars)
[SCAN] 0x19f4e58: ".?AVCSoldierWeaponRankMgr@@" (27 chars)
[SCAN] 0x19f4e7c: ".?AVCVassalWarRankMgr@@" (23 chars)
[SCAN] 0x19f4e9c: ".?AVCCampMemberInfoPB@@" (23 chars)
[SCAN] 0x19f4ebc: ".?AVCCampInfoPB@@" (17 chars)
[SCAN] 0x19f4ed8: ".?AVCMsgCampWarPB@@" (19 chars)
[SCAN] 0x19f4ef4: ".?AVCMsgCampWar@@" (17 chars)
[SCAN] 0x19f4f10: ".?AVCLanguageMgr@@" (18 chars)
[SCAN] 0x19f4f2c: ".?AVCMsgGameListActPB@@" (23 chars)
[SCAN] 0x19f4f4c: ".?AVCMsgGameListAct@@" (21 chars)
[SCAN] 0x19f4f6c: ".?AV?$_Ref_count@VCTexasTableRole@@@std@@" (41 chars)
[SCAN] 0x19f4fa0: ".?AV?$TDoNothingDeleter@VCRole@@@@" (34 chars)
[SCAN] 0x19f4fcc: ".?AVCFriend@@" (13 chars)
[SCAN] 0x19f4fe4: ".?AVCWeaponSkill@@" (18 chars)
[SCAN] 0x19f5000: ".?AVCTexasChairRole@@" (21 chars)
[SCAN] 0x19f5020: ".?AVCTexasTableRole@@" (21 chars)
[SCAN] 0x19f5040: ".?AVCWeaponSkillData@@" (22 chars)
[SCAN] 0x19f5060: ".?AVCTutor@@" (12 chars)
[SCAN] 0x19f5078: ".?AVCMsgAchievement@@" (21 chars)
[SCAN] 0x19f5098: ".?AVCMsgBattlePassPB@@" (22 chars)
[SCAN] 0x19f50b8: ".?AVCMsgBattlePass@@" (20 chars)
[SCAN] 0x19f50d8: ".?AVCMsgCOPLeaveWordPB@@" (24 chars)
[SCAN] 0x19f50fc: ".?AVCMsgCOPLeaveWord@@" (22 chars)
[SCAN] 0x19f511c: ".?AVCMsgDetainItemInfo@@" (24 chars)
[SCAN] 0x19f5140: ".?AVCMsgEquipLock@@" (19 chars)
[SCAN] 0x19f515c: ".?AVCFamilyInfoPB@@" (19 chars)
[SCAN] 0x19f5178: ".?AVCUserKillInfoPB@@" (21 chars)
[SCAN] 0x19f5198: ".?AVCTowerLifeInfoPB@@" (22 chars)
[SCAN] 0x19f51b8: ".?AVCFamilyKillInfoPB@@" (23 chars)
[SCAN] 0x19f51d8: ".?AVCMsgFrontierFamilyWarPB@@" (29 chars)
[SCAN] 0x19f5200: ".?AVCMsgFrontierFamilyWar@@" (27 chars)
[SCAN] 0x19f5224: ".?AVCMsgGoldLeaguePointPB@@" (27 chars)
[SCAN] 0x19f5248: ".?AVCMsgGoldLeaguePoint@@" (25 chars)
[SCAN] 0x19f526c: ".?AVCMsgItemPB@@" (16 chars)
[SCAN] 0x19f5288: ".?AVCMsgItem@@" (14 chars)
[SCAN] 0x19f52a0: ".?AVCMsgLeagueConcubinesInfoPB@@" (32 chars)
[SCAN] 0x19f52cc: ".?AVCMsgLeagueConcubinesPB@@" (28 chars)
[SCAN] 0x19f52f4: ".?AVCMsgLeaguePalaceGuardsList@@" (32 chars)
[SCAN] 0x19f5320: ".?AVCMsgLeagueConcubines@@" (26 chars)
[SCAN] 0x19f5344: ".?AVCMsgMailContent@@" (21 chars)
[SCAN] 0x19f5364: ".?AVMyNosuchItemInfoPB@@" (24 chars)
[SCAN] 0x19f5388: ".?AVCMsgMyNosuchQueryPB@@" (25 chars)
[SCAN] 0x19f53ac: ".?AVCMsgMyNosuchQuery@@" (23 chars)
[SCAN] 0x19f53cc: ".?AVCMsgNewSlotCarPB@@" (22 chars)
[SCAN] 0x19f53ec: ".?AVCMsgNewSlotCarRankItemPB@@" (30 chars)
[SCAN] 0x19f5414: ".?AVCMsgNewSlotCarRankPB@@" (26 chars)
[SCAN] 0x19f5438: ".?AVCMsgNewSlotCar@@" (20 chars)
[SCAN] 0x19f5458: ".?AVCMsgNSDSHisDataInfoPB@@" (27 chars)
[SCAN] 0x19f547c: ".?AVCMsgNSDSHisDataPB@@" (23 chars)
[SCAN] 0x19f549c: ".?AVCMsgNSDSSortDataInfoPB@@" (28 chars)
[SCAN] 0x19f54c4: ".?AVCMsgNSDSSortDataPB@@" (24 chars)
[SCAN] 0x19f54e8: ".?AVCMsgNsdsHisData@@" (21 chars)
[SCAN] 0x19f5508: ".?AVCMsgNsdsSortData@@" (22 chars)
[SCAN] 0x19f5528: ".?AVCMsgPigeonQuery@@" (21 chars)
[SCAN] 0x19f5548: ".?AVCMsgTitleOwnerInfo@@" (24 chars)
[SCAN] 0x19f556c: ".?AVCMsgProfLevUpPB@@" (21 chars)
[SCAN] 0x19f558c: ".?AVCMsgProfLevUp@@" (19 chars)
[SCAN] 0x19f55a8: ".?AVCMsgRefineEffectPB@@" (24 chars)
[SCAN] 0x19f55cc: ".?AVCMsgRefineEffect@@" (22 chars)
[SCAN] 0x19f55ec: ".?AVCMsgServerInfo@@" (20 chars)
[SCAN] 0x19f560c: ".?AVCMsgSignIn@@" (16 chars)
[SCAN] 0x19f5628: ".?AVCMsgSyndicateAttributeInfo@@" (32 chars)
[SCAN] 0x19f5654: ".?AVCMsgTeamPKArenicScore@@" (27 chars)
[SCAN] 0x19f5678: ".?AVCMsgTime@@" (14 chars)
[SCAN] 0x19f5690: ".?AVCTreasureInfo@@" (19 chars)
[SCAN] 0x19f56ac: ".?AVCTreasureSyncPB@@" (21 chars)
[SCAN] 0x19f56cc: ".?AVCMsgTreasureSync@@" (22 chars)
[SCAN] 0x19f56ec: ".?AVCVassalWarValueIntoPB@@" (27 chars)
[SCAN] 0x19f5710: ".?AVCVassalWarBuffPB@@" (22 chars)
[SCAN] 0x19f5730: ".?AVCMsgVassalWarListPB@@" (25 chars)
[SCAN] 0x19f5754: ".?AVCMsgVassalWarList@@" (23 chars)
[SCAN] 0x19f5774: ".?AVCAccountSafeMgr@@" (21 chars)
[SCAN] 0x19f5794: ".?AVCDummyMovieMgr@@" (20 chars)
[SCAN] 0x19f57b4: ".?AVCGuideMgr@@" (15 chars)
[SCAN] 0x19f57cc: ".?AVCInstanceAuctionMgr@@" (25 chars)
[SCAN] 0x19f57f0: ".?AVCPlayerTitleMgr@@" (21 chars)
[SCAN] 0x19f5810: ".?AVCRacetrackStatusEffecter@@" (30 chars)
[SCAN] 0x19f5838: ".?AVCUserFreezeEffecter@@" (25 chars)
[SCAN] 0x19f585c: ".?AVCUserSpeedChangeEffecter@@" (30 chars)
[SCAN] 0x19f5884: ".?AVCUserSpeedUpEffecter@@" (26 chars)
[SCAN] 0x19f58a8: ".?AVCUserSpeedDownEffecter@@" (28 chars)
[SCAN] 0x19f58d0: ".?AVCUserGiddyEffecter@@" (24 chars)
[SCAN] 0x19f58f4: ".?AVCUserProtectionEffecter@@" (29 chars)
[SCAN] 0x19f591c: ".?AVCUserImproveMountMovePoint@@" (32 chars)
[SCAN] 0x19f5948: ".?AVCMsgCasinoInteractivePB@@" (29 chars)
[SCAN] 0x19f5970: ".?AVCMsgCasinoInteractive@@" (27 chars)
[SCAN] 0x19f5994: ".?AVCShowHandMgr@@" (18 chars)
[SCAN] 0x19f59b0: ".?AVCSuperFlagMgr@@" (19 chars)
[SCAN] 0x19f59cc: ".?AVCNewTexasMTTEventMgr@@" (26 chars)
[SCAN] 0x19f59f0: ".?AVCMsgProcessGoalTaskNumRewardPB@@" (36 chars)
[SCAN] 0x19f5a20: ".?AVCMsgProcessGoalTaskNumReward@@" (34 chars)
[SCAN] 0x19f5a4c: ".?AVCMsgNTexasSNGActPB@@" (24 chars)
[SCAN] 0x19f5a70: ".?AVCMsgNTexasSNGAct@@" (22 chars)
[SCAN] 0x19f5a90: ".?AVCDominoPointTableResultItemPB@@" (35 chars)
[SCAN] 0x19f5abc: ".?AVCMsgDominoPointTableResultPB@@" (34 chars)
[SCAN] 0x19f5ae8: ".?AVCMsgDominoPointTableResult@@" (32 chars)
[SCAN] 0x19f5b14: ".?AVCMsgItemPing@@" (18 chars)
[SCAN] 0x19f5b30: ".?AV?$_Ref_count@VCFriend@@@std@@" (33 chars)
[SCAN] 0x19f5bb4: ".?AV?$_Ref_count@VCShowHandDealer@@@std@@" (41 chars)
[SCAN] 0x19f5be8: ".?AV?$_Ref_count@VCRole@@@std@@" (31 chars)
[SCAN] 0x19f5c10: ".?AV?$_Ref_count@VCShowHandPlayer@@@std@@" (41 chars)
[SCAN] 0x19f5c44: ".?AV?$_Ref_count@VCTexasChairRole@@@std@@" (41 chars)
[SCAN] 0x19f5c78: ".?AVCRaceTrackPropEffect@@" (26 chars)
[SCAN] 0x19f5c9c: ".?AVCMsg2ndPsw@@" (16 chars)
[SCAN] 0x19f5cb8: ".?AVCEquipInfoPB@@" (18 chars)
[SCAN] 0x19f5cd4: ".?AVCMsgBatchEquipPB@@" (22 chars)
[SCAN] 0x19f5cf4: ".?AVCMsgBatchEquip@@" (20 chars)
[SCAN] 0x19f5d14: ".?AVCMsgConnect@@" (17 chars)
[SCAN] 0x19f5d30: ".?AVCMsgConnectEx@@" (19 chars)
[SCAN] 0x19f5d4c: ".?AVCLegendaryBeastRankMgr@@" (28 chars)
[SCAN] 0x19f5d74: ".?AVCMsgDataPB@@" (16 chars)
[SCAN] 0x19f5d90: ".?AVCMsgData@@" (14 chars)
[SCAN] 0x19f5da8: ".?AVCEnemyInvadeArenicInfoPB@@" (30 chars)
[SCAN] 0x19f5dd0: ".?AVCMsgEnemyInvadeArenicPB@@" (29 chars)
[SCAN] 0x19f5df8: ".?AVCMsgEnemyInvadeArenic@@" (27 chars)
[SCAN] 0x19f5e1c: ".?AVCMsgFMMatch@@" (17 chars)
[SCAN] 0x19f5e38: ".?AVCPrizeInfoPB@@" (18 chars)
[SCAN] 0x19f5e54: ".?AVCMsgGlobalLotteryRankListPB@@" (33 chars)
[SCAN] 0x19f5e80: ".?AVCMsgGlobalLotteryRankList@@" (31 chars)
[SCAN] 0x19f5ea8: ".?AVIPlayerInteract@@" (21 chars)
[SCAN] 0x19f5ec8: ".?AVCPlayerInteractSweetKiss@@" (30 chars)
[SCAN] 0x19f5ef0: ".?AVCPlayerInteractCenturyKiss@@" (32 chars)
[SCAN] 0x19f5f1c: ".?AVCPlayerInteractCrazyKiss@@" (30 chars)
[SCAN] 0x19f5f44: ".?AVCPlayerInteractPureKiss@@" (29 chars)
[SCAN] 0x19f5f6c: ".?AVCPlayerInteractEmbrace@@" (28 chars)
[SCAN] 0x19f5f94: ".?AVCPlayerInteractHoldHandLR@@" (31 chars)
[SCAN] 0x19f5fbc: ".?AVCPlayerInteractColloctUmbrella@@" (36 chars)
[SCAN] 0x19f5fec: ".?AVCPlayerInteractHugWalk@@" (28 chars)
[SCAN] 0x19f6014: ".?AVCPlayerDoubleDance@@" (24 chars)
[SCAN] 0x19f6038: ".?AVCPlayerDoubleDanceEx@@" (26 chars)
[SCAN] 0x19f605c: ".?AVCPlayerInteractHugSit@@" (27 chars)
[SCAN] 0x19f6080: ".?AVCPlayerInteractHoldHandSit@@" (32 chars)
[SCAN] 0x19f60ac: ".?AVCPlayerInteractDoubleRide@@" (31 chars)
[SCAN] 0x19f60d4: ".?AVCPlayerInteractShareRide@@" (30 chars)
[SCAN] 0x19f60fc: ".?AVCPlayerInteractMgr@@" (24 chars)
[SCAN] 0x19f6120: ".?AVCMsgInteractPB@@" (20 chars)
[SCAN] 0x19f6140: ".?AVCWarFlagResultMgr@@" (23 chars)
[SCAN] 0x19f6160: ".?AVCMsgInteract@@" (18 chars)
[SCAN] 0x19f617c: ".?AVCMsgLeagueImperialCourtList@@" (33 chars)
[SCAN] 0x19f61a8: ".?AVIMagicEffectNew@@" (21 chars)
[SCAN] 0x19f61c8: ".?AVCMagicEffectRoleInfoPB@@" (28 chars)
[SCAN] 0x19f61f0: ".?AVCMsgMagicEffectPB@@" (23 chars)
[SCAN] 0x19f6210: ".?AVCMsgMagicEffect@@" (21 chars)
[SCAN] 0x19f6230: ".?AVCMsgMultiFruitMachineLobby@@" (32 chars)
[SCAN] 0x19f625c: ".?AVCNewTexasMgr@@" (18 chars)
[SCAN] 0x19f6278: ".?AVCNewLayCardPB@@" (19 chars)
[SCAN] 0x19f6294: ".?AVCNewLayCardInfoPB@@" (23 chars)
[SCAN] 0x19f62b4: ".?AVCMsgNewShowHandLayCardPB@@" (30 chars)
[SCAN] 0x19f62dc: ".?AVCMsgNewShowHandLayCard@@" (28 chars)
[SCAN] 0x19f6304: ".?AVCMsgNpcPB@@" (15 chars)
[SCAN] 0x19f631c: ".?AVCMsgNpc@@" (13 chars)
[SCAN] 0x19f6334: ".?AVCMsgPeerage@@" (17 chars)
[SCAN] 0x19f6350: ".?AVCMsgVassalBuildingInfoList@@" (32 chars)
[SCAN] 0x19f637c: ".?AVCMsgVassalBuildingPB@@" (26 chars)
[SCAN] 0x19f63a0: ".?AVCMsgPrincesWarBuilding@@" (28 chars)
[SCAN] 0x19f63c8: ".?AVCMemberShowInfoPB@@" (23 chars)
[SCAN] 0x19f63e8: ".?AVCMsgRankMemberShowPB@@" (26 chars)
[SCAN] 0x19f640c: ".?AVCMsgRankMemberShow@@" (24 chars)
[SCAN] 0x19f6430: ".?AVCMsgSealedTreasureRewardPB@@" (32 chars)
[SCAN] 0x19f645c: ".?AVCMsgSealedTreasureListPB@@" (30 chars)
[SCAN] 0x19f6484: ".?AVCMsgSealedTreasureList@@" (28 chars)
[SCAN] 0x19f64ac: ".?AVCMsgShowHandOnlineStatus@@" (30 chars)
[SCAN] 0x19f64d4: ".?AVCMsgSynCompete@@" (20 chars)
[SCAN] 0x19f64f4: ".?AVCMsgTeamAward@@" (19 chars)
[SCAN] 0x19f6510: ".?AVCMsgTexasNpcInfo@@" (22 chars)
[SCAN] 0x19f6530: ".?AVCMsgTrainingVitalityScore@@" (31 chars)
[SCAN] 0x19f6558: ".?AVCItemInfoPB@@" (17 chars)
[SCAN] 0x19f6574: ".?AVCMsgUserSendShowPB@@" (24 chars)
[SCAN] 0x19f6598: ".?AVCMsgUserSendShow@@" (22 chars)
[SCAN] 0x19f65b8: ".?AVCCampBuffInfoPB@@" (21 chars)
[SCAN] 0x19f65d8: ".?AVCCampRankInfoPB@@" (21 chars)
[SCAN] 0x19f65f8: ".?AVCCampFlagUserInfoPB@@" (25 chars)
[SCAN] 0x19f661c: ".?AVCMsgCampWarEventPB@@" (24 chars)
[SCAN] 0x19f6640: ".?AVCMsgCampWarEvent@@" (22 chars)
[SCAN] 0x19f6660: ".?AVCMsgCSWSynRank@@" (20 chars)
[SCAN] 0x19f6680: ".?AVCMsgCSWGameInfo@@" (21 chars)
[SCAN] 0x19f66a0: ".?AVCMsgCSWQualifyInfo@@" (24 chars)
[SCAN] 0x19f66c4: ".?AVCMsgCSWGameStateInfo@@" (26 chars)
[SCAN] 0x19f66e8: ".?AVCMsgCSWStage1Info@@" (23 chars)
[SCAN] 0x19f6708: ".?AVCMsgCSWStage2Info@@" (23 chars)
[SCAN] 0x19f6728: ".?AVCMsgCSWCityInfo@@" (21 chars)
[SCAN] 0x19f6748: ".?AVCMsgCSWNpcInfo@@" (20 chars)
[SCAN] 0x19f6768: ".?AVCMsgCSWEvent@@" (18 chars)
[SCAN] 0x19f6784: ".?AVCMsgCSWNpcDamageInfo@@" (26 chars)
[SCAN] 0x19f67a8: ".?AVCMsgJudgeInfo@@" (19 chars)
[SCAN] 0x19f67c4: ".?AVCMsgJudgeKillInfo@@" (23 chars)
[SCAN] 0x19f67e4: ".?AVCMsgJudgeScore@@" (20 chars)
[SCAN] 0x19f6804: ".?AVCMsgCSWTime@@" (17 chars)
[SCAN] 0x19f6820: ".?AVCMsgCrossSynWarPB@@" (23 chars)
[SCAN] 0x19f6840: ".?AVCMsgCrossSynWar@@" (21 chars)
[SCAN] 0x19f6860: ".?AVCMsgDominoJoinCountListItemPB@@" (35 chars)
[SCAN] 0x19f688c: ".?AVCMsgDominoJoinCountListPB@@" (31 chars)
[SCAN] 0x19f68b4: ".?AVCMsgDominoJoinCountList@@" (29 chars)
[SCAN] 0x19f68dc: ".?AVCMsgNTexasMTTRankItemPB@@" (29 chars)
[SCAN] 0x19f6904: ".?AVCMsgNTexasMTTRankPB@@" (25 chars)
[SCAN] 0x19f6928: ".?AVCMsgNTexasMTTRank@@" (23 chars)
[SCAN] 0x19f6948: ".?AVCFuncDataPB@@" (17 chars)
[SCAN] 0x19f6964: ".?AVCMsgUserFuncDataPB@@" (24 chars)
[SCAN] 0x19f6988: ".?AVCMsgUserFuncData@@" (22 chars)
[SCAN] 0x19f69a8: ".?AVCAutoHangUpMgr@@" (20 chars)
[SCAN] 0x19f69c8: ".?AVCCasionMgr@@" (16 chars)
[SCAN] 0x19f69e4: ".?AVCDisplayMgr@@" (17 chars)
[SCAN] 0x19f6a00: ".?AVCMapDestination@@" (21 chars)
[SCAN] 0x19f6a20: ".?AVCRideMatchMgr@@" (19 chars)
[SCAN] 0x19f6a3c: ".?AVCShop@@" (11 chars)
[SCAN] 0x19f6a50: ".?AVCSubProfMrg@@" (17 chars)
[SCAN] 0x19f6a6c: ".?AVCTexasClosetMgr@@" (21 chars)
[SCAN] 0x19f6a8c: ".?AVJinLiLotteryMgr@@" (21 chars)
[SCAN] 0x19f6aac: ".?AV?$_Ref_count@VCNewTexasPlayer@@@std@@" (41 chars)
[SCAN] 0x19f6ae0: ".?AV?$_Ref_count@VCPlayerInteractSweetKiss@@@std@@" (50 chars)
[SCAN] 0x19f6b1c: ".?AV?$_Ref_count@VCPlayerInteractCenturyKiss@@@std@@" (52 chars)
[SCAN] 0x19f6b5c: ".?AV?$_Ref_count@VCPlayerInteractCrazyKiss@@@std@@" (50 chars)
[SCAN] 0x19f6b98: ".?AV?$_Ref_count@VCPlayerInteractPureKiss@@@std@@" (49 chars)
[SCAN] 0x19f6bd4: ".?AV?$_Ref_count@VCPlayerInteractEmbrace@@@std@@" (48 chars)
[SCAN] 0x19f6c10: ".?AV?$_Ref_count@VCPlayerInteractHoldHandLR@@@std@@" (51 chars)
[SCAN] 0x19f6c50: ".?AV?$_Ref_count@VCPlayerInteractColloctUmbrella@@@std@@" (56 chars)
[SCAN] 0x19f6c94: ".?AV?$_Ref_count@VCPlayerInteractHugWalk@@@std@@" (48 chars)
[SCAN] 0x19f6cd0: ".?AV?$_Ref_count@VCPlayerInteractHugSit@@@std@@" (47 chars)
[SCAN] 0x19f6d08: ".?AV?$_Ref_count@VCPlayerInteractHoldHandSit@@@std@@" (52 chars)
[SCAN] 0x19f6d48: ".?AV?$_Ref_count@VCPlayerDoubleDance@@@std@@" (44 chars)
[SCAN] 0x19f6d80: ".?AV?$_Ref_count@VCPlayerDoubleDanceEx@@@std@@" (46 chars)
[SCAN] 0x19f6db8: ".?AV?$_Ref_count@VCPlayerInteractDoubleRide@@@std@@" (51 chars)
[SCAN] 0x19f6df4: ".?AV?$_Ref_count@VCPlayerInteractShareRide@@@std@@" (50 chars)
[SCAN] 0x19f6e30: ".?AV?$_Ref_count@USubProfessionInfo@@@std@@" (43 chars)
[SCAN] 0x19f6e64: ".?AU?$ptr2user@VCCombatGearMgr@@@CLuaBase@@" (43 chars)
[SCAN] 0x19f6e98: ".?AVCExpandRender@@" (19 chars)
[SCAN] 0x19f6eb4: ".?AV?$Visitor@VCUISimpleObjRender@@H$0A@@Loki@@" (47 chars)
[SCAN] 0x19f6eec: ".?AVC3DTaskNpc@@" (16 chars)
[SCAN] 0x19f6f08: ".?AUIC3VerifyListener@@" (23 chars)
[SCAN] 0x19f6f28: ".?AUIDefaultSimObjCancelListener@@" (34 chars)
[SCAN] 0x19f6f54: ".?AVCShowHandDealer@@" (21 chars)
[SCAN] 0x19f6f74: ".?AVCBank@@" (11 chars)
[SCAN] 0x19f6f88: ".?AVCDummy@@" (12 chars)
[SCAN] 0x19f6fa0: ".?AVCMsgAccountEx@@" (19 chars)
[SCAN] 0x19f6fbc: ".?AVCMsgAccountPoker@@" (22 chars)
[SCAN] 0x19f6fdc: ".?AVCMsgBattleEffectPB@@" (24 chars)
[SCAN] 0x19f7000: ".?AVCMsgBattleEffectiveness@@" (29 chars)
[SCAN] 0x19f7028: ".?AVCDmgInfoPB@@" (16 chars)
[SCAN] 0x19f7044: ".?AVCMsgBossDmgPB@@" (19 chars)
[SCAN] 0x19f7060: ".?AVCMsgBossHarmRanking@@" (25 chars)
[SCAN] 0x19f7084: ".?AVCMsgContribute@@" (20 chars)
[SCAN] 0x19f70a4: ".?AVCMsgDeadMark@@" (18 chars)
[SCAN] 0x19f70c0: ".?AVCMsgEnemyList@@" (19 chars)
[SCAN] 0x19f70dc: ".?AVCMsgFriend@@" (16 chars)
[SCAN] 0x19f70f8: ".?AVCGodWeaponsItemPB@@" (23 chars)
[SCAN] 0x19f7118: ".?AVCGodWeaponsTypePB@@" (23 chars)
[SCAN] 0x19f7138: ".?AVCMsgGodWeaponsPB@@" (22 chars)
[SCAN] 0x19f7158: ".?AVCMsgGodWeapons@@" (20 chars)
[SCAN] 0x19f7178: ".?AVCMsgInviteTrans@@" (21 chars)
[SCAN] 0x19f7198: ".?AVCMsgLeagueMemList@@" (23 chars)
[SCAN] 0x19f71b8: ".?AVCMsgMagicInfoPB@@" (21 chars)
[SCAN] 0x19f71d8: ".?AVCMsgMagicInfo@@" (19 chars)
[SCAN] 0x19f71f4: ".?AVCMsgMultiFruitMachineLobbyStatus@@" (38 chars)
[SCAN] 0x19f7224: ".?AVCMsgNewShowHandOnlineStatusPB@@" (35 chars)
[SCAN] 0x19f7250: ".?AVCMsgNewShowHandOnlineStatus@@" (33 chars)
[SCAN] 0x19f727c: ".?AVCMsgNpcInfoExPB@@" (21 chars)
[SCAN] 0x19f729c: ".?AVCMsgNpcInfoEX@@" (19 chars)
[SCAN] 0x19f72b8: ".?AVCMsgPigeon@@" (16 chars)
[SCAN] 0x19f72d4: ".?AVCMsgProcessCompleteInfoDetailPB@@" (37 chars)
[SCAN] 0x19f7304: ".?AVCMsgProcessCompleteInfo@@" (29 chars)
[SCAN] 0x19f732c: ".?AVCMsgProcessGoalQueryItemPB@@" (32 chars)
[SCAN] 0x19f7358: ".?AVCMsgProcessGoalQueryPB@@" (28 chars)
[SCAN] 0x19f7380: ".?AVCMsgProcessGoalScheduleDetailPB@@" (37 chars)
[SCAN] 0x19f73b0: ".?AVCMsgProcessGoalSchedulePB@@" (31 chars)
[SCAN] 0x19f73d8: ".?AVCMsgProcessGoalTaskOpt@@" (28 chars)
[SCAN] 0x19f7400: ".?AVCMsgProcessGoalTask@@" (25 chars)
[SCAN] 0x19f7424: ".?AVCMsgProcessComplete@@" (25 chars)
[SCAN] 0x19f7448: ".?AVCMsgProcessGoalSchedule@@" (29 chars)
[SCAN] 0x19f7470: ".?AVCMsgProcessGoalQuery@@" (26 chars)
[SCAN] 0x19f7494: ".?AVCMsgUserRedEnvelopsPB@@" (27 chars)
[SCAN] 0x19f74b8: ".?AVCMsgRedEnvelopsPB@@" (23 chars)
[SCAN] 0x19f74d8: ".?AVCMsgRedEnvelops@@" (21 chars)
[SCAN] 0x19f74f8: ".?AVCMsgSelfSynMemAwardRank@@" (29 chars)
[SCAN] 0x19f7520: ".?AVCTexasMgr@@" (15 chars)
[SCAN] 0x19f7538: ".?AVCMsgShowHandTrusteeship@@" (29 chars)
[SCAN] 0x19f7560: ".?AVCApplicationInfo@@" (22 chars)
[SCAN] 0x19f7580: ".?AVCMsgSyndicateApplyListSyncPB@@" (34 chars)
[SCAN] 0x19f75ac: ".?AVCMsgSyndicateApplyListSyn@@" (31 chars)
[SCAN] 0x19f75d4: ".?AVCMsgTeamPKArenic@@" (22 chars)
[SCAN] 0x19f75f4: ".?AVCMsgTick@@" (14 chars)
[SCAN] 0x19f760c: ".?AVCMsgTreasureOptPB@@" (23 chars)
[SCAN] 0x19f762c: ".?AVCMsgTreasureOpt@@" (21 chars)
[SCAN] 0x19f764c: ".?AVCVassalWarReflectInfoPB@@" (29 chars)
[SCAN] 0x19f7674: ".?AVCMsgVassalReflectPB@@" (25 chars)
[SCAN] 0x19f7698: ".?AVCMsgVassalReflect@@" (23 chars)
[SCAN] 0x19f76b8: ".?AVCNinjaSkillMgr@@" (20 chars)
[SCAN] 0x19f76d8: ".?AVCPlayerSoldierServantMgr@@" (30 chars)
[SCAN] 0x19f7700: ".?AVCChangeNameMgr@@" (20 chars)
[SCAN] 0x19f7720: ".?AVCCommanderMgr@@" (19 chars)
[SCAN] 0x19f773c: ".?AVCForeignInvasionRankMgr@@" (29 chars)
[SCAN] 0x19f7764: ".?AVCGroupBuyData@@" (19 chars)
[SCAN] 0x19f7780: ".?AVCInnerWebMgr@@" (18 chars)
[SCAN] 0x19f779c: ".?AVCRaceTrackPropMgr@@" (23 chars)
[SCAN] 0x19f77bc: ".?AVIMicroRolePartPrepareListener@@" (35 chars)
[SCAN] 0x19f77e8: ".?AVCMicroResVerifyListener@@" (29 chars)
[SCAN] 0x19f7810: ".?AVCSuitStatusMgr@@" (20 chars)
[SCAN] 0x19f7830: ".?AVCWeaponIllusionMgr@@" (24 chars)
[SCAN] 0x19f7854: ".?AVCMsgNTexasMTTTableInfoItemPB@@" (34 chars)
[SCAN] 0x19f7880: ".?AVCMsgNTexasMTTTableInfoPB@@" (30 chars)
[SCAN] 0x19f78a8: ".?AVCMsgNTexasMTTTableInfo@@" (28 chars)
[SCAN] 0x19f78d0: ".?AVCBeginnerMgr@@" (18 chars)
[SCAN] 0x19f78ec: ".?AV?$_Ref_count@VCRaceTrackProp@@@std@@" (40 chars)
[SCAN] 0x19f7920: ".?AV?$_Ref_count@VCSuitStatus@@@std@@" (37 chars)
[SCAN] 0x19f799c: ".?AV?$TDoNothingDeleter@VCPlayer@@@@" (36 chars)
[SCAN] 0x19f79cc: ".?AVCImageString@@" (18 chars)
[SCAN] 0x19f79e8: ".?AVCMagicEffectConfig@@" (24 chars)
[SCAN] 0x19f7a0c: ".?AVCMsgAuctionQuery@@" (22 chars)
[SCAN] 0x19f7a2c: ".?AVCPrizeInfo@@" (16 chars)
[SCAN] 0x19f7a48: ".?AVCMsgBigLotteryPB@@" (22 chars)
[SCAN] 0x19f7a68: ".?AVCMsgLottery@@" (17 chars)
[SCAN] 0x19f7a84: ".?AVCMsgBigLottery@@" (20 chars)
[SCAN] 0x19f7aa4: ".?AVCCombatGearSkinInfoPB@@" (27 chars)
[SCAN] 0x19f7ac8: ".?AVCMsgCombatGearSkinPB@@" (26 chars)
[SCAN] 0x19f7aec: ".?AVCMsgCombatGearSkin@@" (24 chars)
[SCAN] 0x19f7b10: ".?AVCKoImgString@@" (18 chars)
[SCAN] 0x19f7b2c: ".?AVCMsgCrossSwitch@@" (21 chars)
[SCAN] 0x19f7b4c: ".?AVCMsgElitePKScore@@" (22 chars)
[SCAN] 0x19f7b6c: ".?AVCMsgFamilyOccupyInfoList@@" (30 chars)
[SCAN] 0x19f7b94: ".?AVCMsgFamilyOccupyInfoPB@@" (28 chars)
[SCAN] 0x19f7bbc: ".?AVCMsgFamilyOccupyInfo@@" (26 chars)
[SCAN] 0x19f7be0: ".?AVCMsgGlobalActiveRouletteHistoryItemPB@@" (43 chars)
[SCAN] 0x19f7c14: ".?AVCMsgGlobalActiveRouletteHistoryPB@@" (39 chars)
[SCAN] 0x19f7c44: ".?AVCMsgGlobalActiveRouletteDrawInfoPB@@" (40 chars)
[SCAN] 0x19f7c78: ".?AVCMsgGlobalActiveRouletteDrawResultPB@@" (42 chars)
[SCAN] 0x19f7cac: ".?AVCMsgGlobalActiveRoulettePB@@" (32 chars)
[SCAN] 0x19f7cd8: ".?AVCMsgGlobalActiveRouletteRankItemPB@@" (40 chars)
[SCAN] 0x19f7d0c: ".?AVCMsgGlobalActiveRouletteRankPB@@" (36 chars)
[SCAN] 0x19f7d3c: ".?AVCMsgGlobalActiveRouletteRankChangePB@@" (42 chars)
[SCAN] 0x19f7d70: ".?AVCMsgGlobalActiveRoulette@@" (30 chars)
[SCAN] 0x19f7d98: ".?AVCMsgGlobalActiveRouletteHis@@" (33 chars)
[SCAN] 0x19f7dc4: ".?AVCMsgGlobalRouletteRankYesterday@@" (37 chars)
[SCAN] 0x19f7df4: ".?AVCMsgGlobalRouletteRankChange@@" (34 chars)
[SCAN] 0x19f7e20: ".?AVCMsgExchangeInnerStrengthPB@@" (33 chars)
[SCAN] 0x19f7e4c: ".?AVCMsgInnerStrengthInfo@@" (27 chars)
[SCAN] 0x19f7e70: ".?AVCMsgInnerStrengthTotalInfo@@" (32 chars)
[SCAN] 0x19f7e9c: ".?AVCMsgInnerStrengthOpt@@" (26 chars)
[SCAN] 0x19f7ec0: ".?AVCMsgExchangeInnerStrength@@" (31 chars)
[SCAN] 0x19f7ee8: ".?AVCMsgLeagueAllegianceList@@" (30 chars)
[SCAN] 0x19f7f10: ".?AVCMsgMeteSpecial@@" (21 chars)
[SCAN] 0x19f7f30: ".?AVCMsgNewShowHandExitPB@@" (27 chars)
[SCAN] 0x19f7f54: ".?AVCMsgNewShowHandExit@@" (25 chars)
[SCAN] 0x19f7f78: ".?AVCMsgNosuchPB@@" (18 chars)
[SCAN] 0x19f7f94: ".?AVCMsgNosuch@@" (16 chars)
[SCAN] 0x19f7fb0: ".?AVCMsgPCCOPInteractPB@@" (25 chars)
[SCAN] 0x19f7fd4: ".?AVCMsgPCCOPInteract@@" (23 chars)
[SCAN] 0x19f7ff4: ".?AVCMsgPresent@@" (17 chars)
[SCAN] 0x19f8010: ".?AVCMsgRaceTrackStatus@@" (25 chars)
[SCAN] 0x19f8034: ".?AVCScreenChatSkinInfo@@" (25 chars)
[SCAN] 0x19f8058: ".?AVCMsgScreenChatSkinSyncPB@@" (30 chars)
[SCAN] 0x19f8080: ".?AVCMsgScreenChatSkinOptPB@@" (29 chars)
[SCAN] 0x19f80a8: ".?AVCMsgScreenChatSkinSync@@" (28 chars)
[SCAN] 0x19f80d0: ".?AVCMsgScreenChatSkinOpt@@" (27 chars)
[SCAN] 0x19f80f4: ".?AVCMsgShowHandKick@@" (22 chars)
[SCAN] 0x19f8114: ".?AVCMsgSubPro@@" (16 chars)
[SCAN] 0x19f8130: ".?AVCMsgSynRecruitAdvertisingOpt@@" (34 chars)
[SCAN] 0x19f815c: ".?AVCMsgTaskStatus@@" (20 chars)
[SCAN] 0x19f817c: ".?AVCMsgTexasGameRecordUserPB@@" (31 chars)
[SCAN] 0x19f81a4: ".?AVCMsgTexasGameRecordItemPB@@" (31 chars)
[SCAN] 0x19f81cc: ".?AVCMsgTexasGameRecordPB@@" (27 chars)
[SCAN] 0x19f81f0: ".?AVCMsgTexasGameReocrdSimplePB@@" (33 chars)
[SCAN] 0x19f821c: ".?AVCMsgTexasGameReocrdSimpleListPB@@" (37 chars)
[SCAN] 0x19f824c: ".?AVCMsgTexasGameRecord@@" (25 chars)
[SCAN] 0x19f8270: ".?AVCMsgTrainingVitality@@" (26 chars)
[SCAN] 0x19f8294: ".?AVCMsgUserMelterPB@@" (22 chars)
[SCAN] 0x19f82b4: ".?AVCMsgUserMelter@@" (20 chars)
[SCAN] 0x19f82d4: ".?AVCMsgWeather@@" (17 chars)
[SCAN] 0x19f82f0: ".?AVCCloneMgr@@" (15 chars)
[SCAN] 0x19f8308: ".?AVCEntrance@@" (15 chars)
[SCAN] 0x19f8320: ".?AVCFamilyRaceMgr@@" (20 chars)
[SCAN] 0x19f8340: ".?AVCGiftRankMgr@@" (18 chars)
[SCAN] 0x19f835c: ".?AVCTeamArenaMgr@@" (19 chars)
[SCAN] 0x19f8378: ".?AVCRegister@@" (15 chars)
[SCAN] 0x19f8390: ".?AVCSealedTreasureMgr@@" (24 chars)
[SCAN] 0x19f83b4: ".?AVCWarFlagLastEightMgr@@" (26 chars)
[SCAN] 0x19f83d8: ".?AVCMsgNewShowHandTrusteeshipPB@@" (34 chars)
[SCAN] 0x19f8404: ".?AVCMsgNewShowHandTrusteeship@@" (32 chars)
[SCAN] 0x19f8430: ".?AVCMsgCampTeamList@@" (22 chars)
[SCAN] 0x19f8450: ".?AVCMsgCampUserList@@" (22 chars)
[SCAN] 0x19f8470: ".?AVCMsgCampTeamMemberList@@" (28 chars)
[SCAN] 0x19f8498: ".?AVCMsgCampArenicTeamUserList@@" (32 chars)
[SCAN] 0x19f84c4: ".?AVCMsgCampLeiZhuInfoList@@" (28 chars)
[SCAN] 0x19f84ec: ".?AVCMsgCampTeamArenicPB@@" (26 chars)
[SCAN] 0x19f8510: ".?AVCMsgCampTeamArenic@@" (24 chars)
[SCAN] 0x19f8534: ".?AVCMsgSurvivorActionPB@@" (26 chars)
[SCAN] 0x19f8558: ".?AVCMsgSurvivorAction@@" (24 chars)
[SCAN] 0x19f857c: ".?AVCMyWindowEventDispatcher@@" (30 chars)
[SCAN] 0x19f85a4: ".?AV?$_Ref_count@VCDevilsNightPlayer@@@std@@" (44 chars)
[SCAN] 0x19f8638: ".?AV?$_Ref_count@VCTravelPet@@@std@@" (36 chars)
[SCAN] 0x19f8668: ".?AVCEmoneyShop@@" (17 chars)
[SCAN] 0x19f8684: ".?AVCMyClientSocket@@" (21 chars)
[SCAN] 0x19f86a4: ".?AVCMySocket@@" (15 chars)
[SCAN] 0x19f86bc: ".?AVCMsgTaskDialog@@" (20 chars)
[SCAN] 0x19f86dc: ".?AVCBooth@@" (12 chars)
[SCAN] 0x19f86f4: ".?AVCHonorEffect@@" (18 chars)
[SCAN] 0x19f8710: ".?AVCMsgArenicWitness@@" (23 chars)
[SCAN] 0x19f8730: ".?AVCMsgBeastsInfoPB@@" (22 chars)
[SCAN] 0x19f8750: ".?AVCMsgCostItemPB@@" (20 chars)
[SCAN] 0x19f8770: ".?AVCMsgBeastsOptPB@@" (21 chars)
[SCAN] 0x19f8790: ".?AVCMsgBeastsOpt@@" (19 chars)
[SCAN] 0x19f87ac: ".?AVCMsgBeastsInfo@@" (20 chars)
[SCAN] 0x19f87cc: ".?AVCExItemInfoPB@@" (19 chars)
[SCAN] 0x19f87e8: ".?AVCMsgCoatOptPB@@" (19 chars)
[SCAN] 0x19f8804: ".?AVCMsgCoatOpt@@" (17 chars)
[SCAN] 0x19f8820: ".?AVCCrossFlagWarMgr@@" (22 chars)
[SCAN] 0x19f8840: ".?AVCMsgCrossFlagWar@@" (22 chars)
[SCAN] 0x19f8860: ".?AVCDragonSkinInfoPB@@" (23 chars)
[SCAN] 0x19f8880: ".?AVCMsgDragonSkinPB@@" (22 chars)
[SCAN] 0x19f88a0: ".?AVCMsgDragonSkin@@" (20 chars)
[SCAN] 0x19f88c0: ".?AVCMsgFactionMatch@@" (22 chars)
[SCAN] 0x19f88e0: ".?AVCMsgFruitMachineLobbyWinRank@@" (34 chars)
[SCAN] 0x19f890c: ".?AVCMsgGuideInfo@@" (19 chars)
[SCAN] 0x19f8928: ".?AVCMsgItemRefineOptPB@@" (25 chars)
[SCAN] 0x19f894c: ".?AVCMsgItemRefineOpt@@" (23 chars)
[SCAN] 0x19f896c: ".?AVCMsgLeagueSynList@@" (23 chars)
[SCAN] 0x19f898c: ".?AVCMsgMapItemPB@@" (19 chars)
[SCAN] 0x19f89a8: ".?AVCMsgMapItem@@" (17 chars)
[SCAN] 0x19f89c4: ".?AVCMsgNewShowHandActivePlayerPB@@" (35 chars)
[SCAN] 0x19f89f0: ".?AVCMsgNewShowHandActivePlayer@@" (33 chars)
[SCAN] 0x19f8a1c: ".?AVCMsgNewSynWarListPB@@" (25 chars)
[SCAN] 0x19f8a40: ".?AVCMsgNewSynWarPB@@" (21 chars)
[SCAN] 0x19f8a60: ".?AVCMsgNewSynWar@@" (19 chars)
[SCAN] 0x19f8a7c: ".?AVCMsgOverheadLeagueInfoPB@@" (30 chars)
[SCAN] 0x19f8aa4: ".?AVCMsgOverheadLeagueInfo@@" (28 chars)
[SCAN] 0x19f8acc: ".?AVCMsgPlayerAttriInfo@@" (25 chars)
[SCAN] 0x19f8af0: ".?AVCMsgQuench@@" (16 chars)
[SCAN] 0x19f8b0c: ".?AVCMsgShowHandCallAction@@" (28 chars)
[SCAN] 0x19f8b34: ".?AVCMsgSponsor@@" (17 chars)
[SCAN] 0x19f8b50: ".?AVCMsgSynMemberList@@" (23 chars)
[SCAN] 0x19f8b70: ".?AVCMsgTeamPopPKMatchInfo@@" (28 chars)
[SCAN] 0x19f8b98: ".?AVCMsgTradePB@@" (17 chars)
[SCAN] 0x19f8bb4: ".?AVCMsgTrade@@" (15 chars)
[SCAN] 0x19f8bcc: ".?AVCActivityTaskMgr@@" (22 chars)
[SCAN] 0x19f8bec: ".?AVCUserAttribPB@@" (19 chars)
[SCAN] 0x19f8c08: ".?AVCMsgUserAttribPB@@" (22 chars)
[SCAN] 0x19f8c28: ".?AVCMsgUserAttrib@@" (20 chars)
[SCAN] 0x19f8c48: ".?AVCMsgVipUserHandle@@" (23 chars)
[SCAN] 0x19f8c68: ".?AVCFactionListMgr@@" (21 chars)
[SCAN] 0x19f8c88: ".?AVLuckHouseMgr@@" (18 chars)
[SCAN] 0x19f8ca4: ".?AVCMultiPlayerGameMgr@@" (25 chars)
[SCAN] 0x19f8cc8: ".?AVCPrincesWarMgr@@" (20 chars)
[SCAN] 0x19f8ce8: ".?AVCSaleShopMgr@@" (18 chars)
[SCAN] 0x19f8d04: ".?AVCSlotMachineMgr@@" (21 chars)
[SCAN] 0x19f8d24: ".?AVCTargetBmpMgr@@" (19 chars)
[SCAN] 0x19f8d40: ".?AVCUserFreezeMgr@@" (20 chars)
[SCAN] 0x19f8d60: ".?AVCYanwuHallMgr@@" (19 chars)
[SCAN] 0x19f8d7c: ".?AVCMsgUserSignUpRaceHistoryItemPB@@" (37 chars)
[SCAN] 0x19f8dac: ".?AVCMsgUserSignUpRaceHistoryPB@@" (33 chars)
[SCAN] 0x19f8dd8: ".?AVCMsgUserSignUpRaceHistory@@" (31 chars)
[SCAN] 0x19f8e00: ".?AVCMsgCOPTradeUserInfoPB@@" (28 chars)
[SCAN] 0x19f8e28: ".?AVCMsgCOPTradeUserInfo@@" (26 chars)
[SCAN] 0x19f8e4c: ".?AV?$_Ref_count@VCStudent@@@std@@" (34 chars)
[SCAN] 0x19f8e78: ".?AV?$_Ref_count@VCPackage@@@std@@" (34 chars)
[SCAN] 0x19f8ea4: ".?AVCGameMsgUnit@@" (18 chars)
[SCAN] 0x19f8ec0: ".?AVCMagic@@" (12 chars)
[SCAN] 0x19f8ed8: ".?AVCGameMsg@@" (14 chars)
[SCAN] 0x19f8ef0: ".?AVCBoothManager@@" (19 chars)
[SCAN] 0x19f8f0c: ".?AVCCheck@@" (12 chars)
[SCAN] 0x19f8f24: ".?AVCProfessional@@" (19 chars)
[SCAN] 0x19f8f40: ".?AVCZoomInImgString@@" (22 chars)
[SCAN] 0x19f8f60: ".?AVCMsgAthleteShopPB@@" (23 chars)
[SCAN] 0x19f8f80: ".?AVCMsgAthleteShop@@" (21 chars)
[SCAN] 0x19f8fa0: ".?AVCMsgBenefitsConfig@@" (24 chars)
[SCAN] 0x19f8fc4: ".?AVCMsgCoatItemInfoPB@@" (24 chars)
[SCAN] 0x19f8fe8: ".?AVCMsgCoatColorInfoPB@@" (25 chars)
[SCAN] 0x19f900c: ".?AVCMsgCoatStoragePB@@" (23 chars)
[SCAN] 0x19f902c: ".?AVCMsgCoatStorage@@" (21 chars)
[SCAN] 0x19f904c: ".?AVCMsgCrossFlagWarAltar@@" (27 chars)
[SCAN] 0x19f9070: ".?AVCDragonSkinRecordInfoPB@@" (29 chars)
[SCAN] 0x19f9098: ".?AVCMsgDragonSkinRecordPB@@" (28 chars)
[SCAN] 0x19f90c0: ".?AVCMsgDragonSkinRecord@@" (26 chars)
[SCAN] 0x19f90e4: ".?AVCMsgFactionMatchWitness@@" (29 chars)
[SCAN] 0x19f910c: ".?AVCMsgFuse@@" (14 chars)
[SCAN] 0x19f9124: ".?AVCMsgHairFaceInfoPB@@" (24 chars)
[SCAN] 0x19f9148: ".?AVCMsgHairFaceRuleParamPB@@" (29 chars)
[SCAN] 0x19f9170: ".?AVCMsgHairFaceParamPB@@" (25 chars)
[SCAN] 0x19f9194: ".?AVCMsgHairColorParamPB@@" (26 chars)
[SCAN] 0x19f91b8: ".?AVCMsgHairFaceStoragePB@@" (27 chars)
[SCAN] 0x19f91dc: ".?AVCMsgHairFaceStorage@@" (25 chars)
[SCAN] 0x19f9200: ".?AVCRefineRecordInfoPB@@" (25 chars)
[SCAN] 0x19f9224: ".?AVCMsgItemRefineRecordPB@@" (28 chars)
[SCAN] 0x19f924c: ".?AVCMsgItemRefineRecord@@" (26 chars)
[SCAN] 0x19f9270: ".?AVCMsgLeagueTokenPB@@" (23 chars)
[SCAN] 0x19f9290: ".?AVCMsgLeagueToken@@" (21 chars)
[SCAN] 0x19f92b0: ".?AVCMsgMarketingActPB@@" (24 chars)
[SCAN] 0x19f92d4: ".?AVCMsgMarketingAct@@" (22 chars)
[SCAN] 0x19f92f4: ".?AVCMsgNewShowHandCallActionPB@@" (33 chars)
[SCAN] 0x19f9320: ".?AVCMsgNewShowHandCallAction@@" (31 chars)
[SCAN] 0x19f9348: ".?AVCAnalyticSDKMgr@@" (21 chars)
[SCAN] 0x19f9368: ".?AVCMsgNewTexasActPB@@" (23 chars)
[SCAN] 0x19f9388: ".?AVCMsgNewTexasAct@@" (21 chars)
[SCAN] 0x19f93a8: ".?AVCMsgOwnKongfuBase@@" (23 chars)
[SCAN] 0x19f93c8: ".?AVCMsgOwnKongfuImproveSummaryInfo@@" (37 chars)
[SCAN] 0x19f93f8: ".?AVCMsgOwnKongfuImproveFeedback@@" (34 chars)
[SCAN] 0x19f9424: ".?AVCMsgOwnKongRank@@" (21 chars)
[SCAN] 0x19f9444: ".?AVCMsgOwnKongfuPKSetting@@" (28 chars)
[SCAN] 0x19f946c: ".?AVCMsgPlayerNpcInfoPB@@" (25 chars)
[SCAN] 0x19f9490: ".?AVCSoldierServantMgr@@" (24 chars)
[SCAN] 0x19f94b4: ".?AVCMsgPlayerNpcInfo@@" (23 chars)
[SCAN] 0x19f94d4: ".?AVCMsgQueryQRCodeKey@@" (24 chars)
[SCAN] 0x19f94f8: ".?AVCMsgRouletteBet@@" (21 chars)
[SCAN] 0x19f9518: ".?AVCMsgRoulettePlayerBet@@" (27 chars)
[SCAN] 0x19f953c: ".?AVCMsgRouletteWinningNumber@@" (31 chars)
[SCAN] 0x19f9564: ".?AVCMsgRouletteLatestProfitLossList@@" (38 chars)
[SCAN] 0x19f9594: ".?AVCMsgRouletteWatcherList@@" (29 chars)
[SCAN] 0x19f95bc: ".?AVCMsgRouletteAction@@" (24 chars)
[SCAN] 0x19f95e0: ".?AVCMsgRoulette1ArgAction@@" (28 chars)
[SCAN] 0x19f9608: ".?AVCMsgRouletteInvite@@" (24 chars)
[SCAN] 0x19f962c: ".?AVCMsgRouletteNpcInfo@@" (25 chars)
[SCAN] 0x19f9650: ".?AVCMsgRouletteTable@@" (23 chars)
[SCAN] 0x19f9670: ".?AVCMsgRoulettePlayer@@" (24 chars)
[SCAN] 0x19f9694: ".?AVCDealtCardPB@@" (18 chars)
[SCAN] 0x19f96b0: ".?AVCDealtCardInfoPB@@" (22 chars)
[SCAN] 0x19f96d0: ".?AVCMsgShowHandDealtCardPB@@" (29 chars)
[SCAN] 0x19f96f8: ".?AVCMsgShowHandDealtCard@@" (27 chars)
[SCAN] 0x19f971c: ".?AVCFactionPKMgr@@" (19 chars)
[SCAN] 0x19f9738: ".?AVCMsgSponsorInfo@@" (21 chars)
[SCAN] 0x19f9758: ".?AVCMsgSynpOffer@@" (19 chars)
[SCAN] 0x19f9774: ".?AVCMsgDialogPB@@" (18 chars)
[SCAN] 0x19f9790: ".?AVCMsgTaskDialogNew@@" (23 chars)
[SCAN] 0x19f97b0: ".?AVCMsgTeamPopPKRankInfo@@" (27 chars)
[SCAN] 0x19f97d4: ".?AVCMsgTradeBuddy@@" (20 chars)
[SCAN] 0x19f97f4: ".?AVCMsgUserCityInfo@@" (22 chars)
[SCAN] 0x19f9814: ".?AVCKillInfoPB@@" (17 chars)
[SCAN] 0x19f9830: ".?AVCScoreDetailPB@@" (20 chars)
[SCAN] 0x19f9850: ".?AVCScoreLevelPB@@" (19 chars)
[SCAN] 0x19f986c: ".?AVCScoreTypeValuePB@@" (23 chars)
[SCAN] 0x19f988c: ".?AVCMsgVlmScoreInfoPB@@" (24 chars)
[SCAN] 0x19f98b0: ".?AVCMsgVlmScoreInfo@@" (22 chars)
[SCAN] 0x19f98d0: ".?AVCEmoneyShopMgr@@" (20 chars)
[SCAN] 0x19f98f0: ".?AVCHonorRewardsMgr@@" (22 chars)
[SCAN] 0x19f9910: ".?AVCItemSpecialEffectMgr@@" (27 chars)
[SCAN] 0x19f9934: ".?AVCPeerageMgr@@" (17 chars)
[SCAN] 0x19f9950: ".?AVCTowerWeekRankMgr@@" (23 chars)
[SCAN] 0x19f9970: ".?AVCVassalWarAttackMgr@@" (25 chars)
[SCAN] 0x19f9994: ".?AVCSwordAncestorItemPB@@" (26 chars)
[SCAN] 0x19f99b8: ".?AVCMsgSwordAncestorPB@@" (25 chars)
[SCAN] 0x19f99dc: ".?AVCMsgSwordAncestor@@" (23 chars)
[SCAN] 0x19f99fc: ".?AVCMsgDominoTableChipItemPB@@" (31 chars)
[SCAN] 0x19f9a24: ".?AVCMsgDominoTableChipPB@@" (27 chars)
[SCAN] 0x19f9a48: ".?AVCMsgDominoTableChip@@" (25 chars)
[SCAN] 0x19f9a6c: ".?AV?$_Ref_count@VCRouletteTableRole@@@std@@" (44 chars)
[SCAN] 0x19f9aa4: ".?AV?$_Ref_count@VCTradeBuddy@@@std@@" (37 chars)
[SCAN] 0x19f9ad4: ".?AV?$_Ref_count@VCEmoneyShop@@@std@@" (37 chars)
[SCAN] 0x19f9b04: ".?AV?$_Ref_count@VCPopPanelData@@@std@@" (39 chars)
[SCAN] 0x19f9b34: ".?AV?$_Ref_count@VCGameMsgUnit@@@std@@" (38 chars)
[SCAN] 0x19f9b64: ".?AV?$_Ref_count@VCMagic@@@std@@" (32 chars)
[SCAN] 0x19f9b90: ".?AVCRaceTrackProp@@" (20 chars)
[SCAN] 0x19f9bb0: ".?AVCStudent@@" (14 chars)
[SCAN] 0x19f9bc8: ".?AVCTravelPet@@" (16 chars)
[SCAN] 0x19f9be4: ".?AVCFDword@@" (13 chars)
[SCAN] 0x19f9bfc: ".?AVCImageStringHitNum@@" (24 chars)
[SCAN] 0x19f9c20: ".?AVCMsgAutoGroup@@" (19 chars)
[SCAN] 0x19f9c3c: ".?AVCMsgCompeteRank@@" (21 chars)
[SCAN] 0x19f9c5c: ".?AVCDictInfoPB@@" (17 chars)
[SCAN] 0x19f9c78: ".?AVCMsgDaoQiPB@@" (17 chars)
[SCAN] 0x19f9c94: ".?AVCMsgDaoQi@@" (15 chars)
[SCAN] 0x19f9cac: ".?AVCMsgEncryptCode@@" (21 chars)
[SCAN] 0x19f9ccc: ".?AVCMsgFlushExpPB@@" (20 chars)
[SCAN] 0x19f9cec: ".?AVCMsgFlushExp@@" (18 chars)
[SCAN] 0x19f9d08: ".?AVCBigPrizeInfoPB@@" (21 chars)
[SCAN] 0x19f9d28: ".?AVCMsgGlobalLotteryPB@@" (25 chars)
[SCAN] 0x19f9d4c: ".?AVCMsgGlobalLottery@@" (23 chars)
[SCAN] 0x19f9d6c: ".?AVCInstancePrizeInfoPB@@" (26 chars)
[SCAN] 0x19f9d90: ".?AVCStatisticsInfoPB@@" (23 chars)
[SCAN] 0x19f9db0: ".?AVCFailInfoPB@@" (17 chars)
[SCAN] 0x19f9dcc: ".?AVCMsgInstancePB@@" (20 chars)
[SCAN] 0x19f9dec: ".?AVCUserInstanceInfo@@" (23 chars)
[SCAN] 0x19f9e0c: ".?AVCCompleteInstanceInfo@@" (27 chars)
[SCAN] 0x19f9e30: ".?AVCKillBossTimeInfo@@" (23 chars)
[SCAN] 0x19f9e50: ".?AVCMsgInstanceInfoPB@@" (24 chars)
[SCAN] 0x19f9e74: ".?AVCServerStrMgr@@" (19 chars)
[SCAN] 0x19f9e90: ".?AVCMsgInstance@@" (18 chars)
[SCAN] 0x19f9eac: ".?AVCMsgInstanceInfo@@" (22 chars)
[SCAN] 0x19f9ecc: ".?AVCLeagueAllegianceMgr@@" (26 chars)
[SCAN] 0x19f9ef0: ".?AVCMsgLeagueBeRobRePB@@" (25 chars)
[SCAN] 0x19f9f14: ".?AVCMsgLeagueBeRobPB@@" (23 chars)
[SCAN] 0x19f9f34: ".?AVCMsgLeagueBeRob@@" (21 chars)
[SCAN] 0x19f9f54: ".?AVCMagicColdTimeInfoPB@@" (26 chars)
[SCAN] 0x19f9f78: ".?AVCMsgMagicColdTimePB@@" (25 chars)
[SCAN] 0x19f9f9c: ".?AVCMsgMagicColdTime@@" (23 chars)
[SCAN] 0x19f9fbc: ".?AVCTransformInfoPB@@" (22 chars)
[SCAN] 0x19f9fdc: ".?AVCMsgMonsterTransformPB@@" (28 chars)
[SCAN] 0x19fa004: ".?AVCMsgMonsterTransform@@" (26 chars)
[SCAN] 0x19fa028: ".?AVCNewTexasGameResultInfoPB@@" (31 chars)
[SCAN] 0x19fa050: ".?AVCNewTexasGameResultPoolUserPB@@" (35 chars)
[SCAN] 0x19fa07c: ".?AVCNewTexasGameResultPoolPB@@" (31 chars)
[SCAN] 0x19fa0a4: ".?AVCMsgNewShowHandGameResultPB@@" (33 chars)
[SCAN] 0x19fa0d0: ".?AVCMsgNewShowHandGameResult@@" (31 chars)
[SCAN] 0x19fa0f8: ".?AVNosuchAutoInfoPB@@" (22 chars)
[SCAN] 0x19fa118: ".?AVCMsgNosuchAutoListPB@@" (26 chars)
[SCAN] 0x19fa13c: ".?AVCMsgNosuchAutoList@@" (24 chars)
[SCAN] 0x19fa160: ".?AVGoalMgr@@" (13 chars)
[SCAN] 0x19fa178: ".?AVCMsgPCServerConfig@@" (24 chars)
[SCAN] 0x19fa19c: ".?AVCMsgPresentPB@@" (19 chars)
[SCAN] 0x19fa1b8: ".?AVCMsgPresentUserPB@@" (23 chars)
[SCAN] 0x19fa1d8: ".?AVCMsgPresentRecordPB@@" (25 chars)
[SCAN] 0x19fa1fc: ".?AVCMsgPresentListPB@@" (23 chars)
[SCAN] 0x19fa21c: ".?AVCMsgPresentUserData@@" (25 chars)
[SCAN] 0x19fa240: ".?AVCMsgRankPB@@" (16 chars)
[SCAN] 0x19fa25c: ".?AVCMsgTrainingVitalityProtectInfo@@" (37 chars)
[SCAN] 0x19fa28c: ".?AVCMsgTrainingVitalityProtect@@" (33 chars)
[SCAN] 0x19fa2b8: ".?AVCMsgTrainingVitalityExpiryNotify@@" (38 chars)
[SCAN] 0x19fa2e8: ".?AVCSortInfoPB@@" (17 chars)
[SCAN] 0x19fa304: ".?AVCMsgRank@@" (14 chars)
[SCAN] 0x19fa31c: ".?AVCMsgSealedTreasurePB@@" (26 chars)
[SCAN] 0x19fa340: ".?AVCMsgSealedTreasure@@" (24 chars)
[SCAN] 0x19fa364: ".?AVCLostCardPB@@" (17 chars)
[SCAN] 0x19fa380: ".?AVCLostHelpCardInfoPB@@" (25 chars)
[SCAN] 0x19fa3a4: ".?AVCLostUserInfoPB@@" (21 chars)
[SCAN] 0x19fa3c4: ".?AVCMsgShowHandLostInfoPB@@" (28 chars)
[SCAN] 0x19fa3ec: ".?AVCMsgShowHandLostInfo@@" (26 chars)
[SCAN] 0x19fa410: ".?AVCMsgSyncActionPB@@" (22 chars)
[SCAN] 0x19fa430: ".?AVCMsgSyncAction@@" (20 chars)
[SCAN] 0x19fa450: ".?AVCMsgTeamArenaInteractive@@" (30 chars)
[SCAN] 0x19fa478: ".?AVCMsgTeamArenaYTop10List@@" (29 chars)
[SCAN] 0x19fa4a0: ".?AVCMsgTeamArenaRank@@" (23 chars)
[SCAN] 0x19fa4c0: ".?AVCMsgTeamArenaHeroData@@" (27 chars)
[SCAN] 0x19fa4e4: ".?AVCMsgTeamArenaFightingTeamList@@" (35 chars)
[SCAN] 0x19fa510: ".?AVCMsgTeamArenaFightingMemberInfo@@" (37 chars)
[SCAN] 0x19fa540: ".?AVCMsgTeamArenaScore@@" (24 chars)
[SCAN] 0x19fa564: ".?AVCMsgTexasInteractive@@" (26 chars)
[SCAN] 0x19fa588: ".?AVCardItemPB@@" (16 chars)
[SCAN] 0x19fa5a4: ".?AVCMsgUserMonthCardInfoPB@@" (29 chars)
[SCAN] 0x19fa5cc: ".?AVCMsgUserMonthCardInfo@@" (27 chars)
[SCAN] 0x19fa5f0: ".?AVCAuraMgr@@" (14 chars)
[SCAN] 0x19fa608: ".?AVCCombatDictCollectMgr@@" (27 chars)
[SCAN] 0x19fa62c: ".?AVCMailMgr@@" (14 chars)
[SCAN] 0x19fa644: ".?AVCSlotNewSynWarEffectEvent@@" (31 chars)
[SCAN] 0x19fa66c: ".?AVCNewSynWarMgr@@" (19 chars)
[SCAN] 0x19fa688: ".?AVCPlayerFaceMgr@@" (20 chars)
[SCAN] 0x19fa6a8: ".?AVCTeamRollMgr@@" (18 chars)
[SCAN] 0x19fa6c4: ".?AVCWarFlagMgr@@" (17 chars)
[SCAN] 0x19fa6e0: ".?AVCMsgNTexasMTTListItemPB@@" (29 chars)
[SCAN] 0x19fa708: ".?AVCMsgNTexasMTTListPB@@" (25 chars)
[SCAN] 0x19fa72c: ".?AVCMsgNTexasMTTList@@" (23 chars)
[SCAN] 0x19fa74c: ".?AVCCampTeamMgr@@" (18 chars)
[SCAN] 0x19fa768: ".?AVCGlobalPointMgr@@" (21 chars)
[SCAN] 0x19fa788: ".?AVCFriendRoomMgr@@" (20 chars)
[SCAN] 0x19fa7a8: ".?AVCMsgGameListJoinCountListItemPB@@" (37 chars)
[SCAN] 0x19fa7d8: ".?AVCMsgGameListJoinCountListByGameListTypePB@@" (47 chars)
[SCAN] 0x19fa810: ".?AVCMsgGameListJoinCountListPB@@" (33 chars)
[SCAN] 0x19fa83c: ".?AVCMsgGameListJoinCountList@@" (31 chars)
[SCAN] 0x19fa864: ".?AVCMsgDominoActPB@@" (21 chars)
[SCAN] 0x19fa884: ".?AVCMsgDominoAct@@" (19 chars)
[SCAN] 0x19fa8a0: ".?AVCMsgNobleGuardMemberPB@@" (28 chars)
[SCAN] 0x19fa8c8: ".?AVCMsgNobleGuardGroupPB@@" (27 chars)
[SCAN] 0x19fa8ec: ".?AVCMsgNobleGuardPB@@" (22 chars)
[SCAN] 0x19fa90c: ".?AVCMsgGuardCorps@@" (20 chars)
[SCAN] 0x19fa92c: ".?AVCMsgInstanceDownCountEncryptPB@@" (36 chars)
[SCAN] 0x19fa95c: ".?AVCMsgInstanceDownCountEncrypt@@" (34 chars)
[SCAN] 0x19fa988: ".?AV?$TDoNothingDeleter@VCHero@@@@" (34 chars)
[SCAN] 0x19fa9b4: ".?AVCItem@@" (11 chars)
[SCAN] 0x19fa9c8: ".?AVCPopPanelData@@" (19 chars)
[SCAN] 0x19fa9e4: ".?AVCMsgOSAction@@" (18 chars)
[SCAN] 0x19faa00: ".?AVCMsgOSConnectInfo@@" (23 chars)
[SCAN] 0x19faa20: ".?AVCMsgOSEnter@@" (17 chars)
[SCAN] 0x19faa3c: ".?AVCXpCounterDown@@" (20 chars)
[SCAN] 0x19faa5c: ".?AVCHero@@" (11 chars)
[SCAN] 0x19faa70: ".?AVCMsgAfterConnect@@" (22 chars)
[SCAN] 0x19faa90: ".?AVCMsgBattlePassTaskItemPB@@" (30 chars)
[SCAN] 0x19faab8: ".?AVCMsgBattlePassTaskListPB@@" (30 chars)
[SCAN] 0x19faae0: ".?AVCMsgBattlePassTaskList@@" (28 chars)
[SCAN] 0x19fab08: ".?AVCMsgClientCheck@@" (21 chars)
[SCAN] 0x19fab28: ".?AVCMsgDominateTeamName@@" (26 chars)
[SCAN] 0x19fab4c: ".?AVCMsgExpPoolPB@@" (19 chars)
[SCAN] 0x19fab68: ".?AVCMsgExpPool@@" (17 chars)
[SCAN] 0x19fab84: ".?AVCMsgFruitMachineGo@@" (24 chars)
[SCAN] 0x19faba8: ".?AVCMsgGouYuOptPB@@" (20 chars)
[SCAN] 0x19fabc8: ".?AVCMsgGouYuOpt@@" (18 chars)
[SCAN] 0x19fabe4: ".?AVCMsgItemInfoEx@@" (20 chars)
[SCAN] 0x19fac04: ".?AVCMsgLeagueRank@@" (20 chars)
[SCAN] 0x19fac24: ".?AVCMsgMailOperation@@" (23 chars)
[SCAN] 0x19fac44: ".?AVCMsgNetSafeInteractPB@@" (27 chars)
[SCAN] 0x19fac68: ".?AVCMsgNetSafeInteract@@" (25 chars)
[SCAN] 0x19fac8c: ".?AVCMsgNewSlotRecordPB@@" (25 chars)
[SCAN] 0x19facb0: ".?AVCMsgNewSlotRecord@@" (23 chars)
[SCAN] 0x19facd0: ".?AVCElitePKGameMgr@@" (21 chars)
[SCAN] 0x19facf0: ".?AVCMsgPKEliteMatchInfo@@" (26 chars)
[SCAN] 0x19fad14: ".?AVCMsgQRCodeScanResult@@" (26 chars)
[SCAN] 0x19fad38: ".?AVCUserInfoPB@@" (17 chars)
[SCAN] 0x19fad54: ".?AVCMsgRelationInfoPB@@" (24 chars)
[SCAN] 0x19fad78: ".?AVCMsgRelationInfo@@" (22 chars)
[SCAN] 0x19fad98: ".?AVCShootAwardPB@@" (19 chars)
[SCAN] 0x19fadb4: ".?AVCMsgShootGameOptPB@@" (24 chars)
[SCAN] 0x19fadd8: ".?AVCMsgShootGameOpt@@" (22 chars)
[SCAN] 0x19fadf8: ".?AVCMsgSolidify@@" (18 chars)
[SCAN] 0x19fae14: ".?AVCMsgSynFormAloneInfoPB@@" (28 chars)
[SCAN] 0x19fae3c: ".?AVCMsgSynFormInfoPB@@" (23 chars)
[SCAN] 0x19fae5c: ".?AVCMsgSynFormInfo@@" (21 chars)
[SCAN] 0x19fae7c: ".?AVCMsgTaskAccumulate@@" (24 chars)
[SCAN] 0x19faea0: ".?AVCMsgTeamPopPKArenic@@" (25 chars)
[SCAN] 0x19faec4: ".?AVCMsgTokenUpdateInfoPB@@" (27 chars)
[SCAN] 0x19faee8: ".?AVCMsgTokenUpdatePB@@" (23 chars)
[SCAN] 0x19faf08: ".?AVCMsgTokenUpdate@@" (21 chars)
[SCAN] 0x19faf28: ".?AVCMsgUpLoadPic@@" (19 chars)
[SCAN] 0x19faf44: ".?AVCVigorInfoPB@@" (18 chars)
[SCAN] 0x19faf60: ".?AVCMsgVigorPB@@" (17 chars)
[SCAN] 0x19faf7c: ".?AVCMsgVigor@@" (15 chars)
[SCAN] 0x19faf94: ".?AVCChatMgrAgent@@" (19 chars)
[SCAN] 0x19fafb0: ".?AVCFactionApplyListMgr@@" (26 chars)
[SCAN] 0x19fafd4: ".?AVCOwnKongfuMgr@@" (19 chars)
[SCAN] 0x19faff0: ".?AVCRuneSysMgr@@" (17 chars)
[SCAN] 0x19fb00c: ".?AVCSynCompeteMgr@@" (20 chars)
[SCAN] 0x19fb02c: ".?AVCTexasPoker@@" (17 chars)
[SCAN] 0x19fb048: ".?AVCMsgYuanShenArenicPB@@" (26 chars)
[SCAN] 0x19fb06c: ".?AVCRandomDailyTaskMgr@@" (25 chars)
[SCAN] 0x19fb090: ".?AVSkillEditorBase@@" (21 chars)
[SCAN] 0x19fb0b0: ".?AVCSkillEditorMY@@" (20 chars)
[SCAN] 0x19fb0d0: ".?AVCUpdateNoticeMgr@@" (22 chars)
[SCAN] 0x19fb0f0: ".?AVCMsgYSArenicRankInGame@@" (28 chars)
[SCAN] 0x19fb118: ".?AVCMSGYSArenicOchouKill@@" (27 chars)
[SCAN] 0x19fb13c: ".?AVCMsgYuanShenArenic@@" (24 chars)
[SCAN] 0x19fb160: ".?AVCMsgCOPTradePB@@" (20 chars)
[SCAN] 0x19fb180: ".?AVCMsgCopTrade@@" (18 chars)
[SCAN] 0x19fb19c: ".?AVCMsgSpiritEncryptPB@@" (25 chars)
[SCAN] 0x19fb1c0: ".?AVCMsgSpritEncrypt@@" (22 chars)
[SCAN] 0x19fb234: ".?AV?$_Ref_count@VCTexasPlayer@@@std@@" (38 chars)
[SCAN] 0x19fb264: ".?AV?$_Ref_count@VCDominosPlayer@@@std@@" (40 chars)
[SCAN] 0x19fb298: ".?AU?$ptr2user@VC3DMapEffect@@@CLuaBase@@" (41 chars)
[SCAN] 0x19fb2cc: ".?AU?$ptr2user@VCLuaScriptMgr@@@CLuaBase@@" (42 chars)
[SCAN] 0x19fb300: ".?AVCPKDetainItem@@" (19 chars)
[SCAN] 0x19fb31c: ".?AVCKillShareImgString@@" (25 chars)
[SCAN] 0x19fb340: ".?AVCTeam@@" (11 chars)
[SCAN] 0x19fb354: ".?AVAuctionItemInfoPB@@" (23 chars)
[SCAN] 0x19fb374: ".?AVCMsgAuctionItemPB@@" (23 chars)
[SCAN] 0x19fb394: ".?AVCMsgAuctionItem@@" (21 chars)
[SCAN] 0x19fb3b4: ".?AVCMsgBigEmotionPB@@" (22 chars)
[SCAN] 0x19fb3d4: ".?AVCMsgBigEmotion@@" (20 chars)
[SCAN] 0x19fb3f4: ".?AVCDevilFruitMgr@@" (20 chars)
[SCAN] 0x19fb414: ".?AVCCombatGearItemPB@@" (23 chars)
[SCAN] 0x19fb434: ".?AVCMsgCombatGearOptPB@@" (25 chars)
[SCAN] 0x19fb458: ".?AVCMsgCombatGearOpt@@" (23 chars)
[SCAN] 0x19fb478: ".?AVCMsgCrossFlagWarRankListPB@@" (32 chars)
[SCAN] 0x19fb4a4: ".?AVCMsgCrossFlagWarRankPB@@" (28 chars)
[SCAN] 0x19fb4cc: ".?AVCMsgCrossFlagWarRank@@" (26 chars)
[SCAN] 0x19fb4f0: ".?AVCMsgElitePKGameRankInfo@@" (29 chars)
[SCAN] 0x19fb518: ".?AVCFamilyMgr@@" (16 chars)
[SCAN] 0x19fb534: ".?AVCMsgFamilyOccupy@@" (22 chars)
[SCAN] 0x19fb554: ".?AVCMsgGemEmbed@@" (18 chars)
[SCAN] 0x19fb570: ".?AVCWeaponSwapPB@@" (19 chars)
[SCAN] 0x19fb58c: ".?AVCMsgHundredWeaponOptPB@@" (28 chars)
[SCAN] 0x19fb5b4: ".?AVCWeaponInfoPB@@" (19 chars)
[SCAN] 0x19fb5d0: ".?AVCMsgHundredWeaponInfoPB@@" (29 chars)
[SCAN] 0x19fb5f8: ".?AVCHWComposeInfoPB@@" (22 chars)
[SCAN] 0x19fb618: ".?AVCMsgHWComposePB@@" (21 chars)
[SCAN] 0x19fb638: ".?AVCMsgHundredWeaponsOpt@@" (27 chars)
[SCAN] 0x19fb65c: ".?AVCMsgHundredWeaponsInfo@@" (28 chars)
[SCAN] 0x19fb684: ".?AVCMsgHWCompose@@" (19 chars)
[SCAN] 0x19fb6a0: ".?AVCMsgLoginNotice@@" (21 chars)
[SCAN] 0x19fb6c0: ".?AVCMsgMentorPlayer@@" (22 chars)
[SCAN] 0x19fb6e0: ".?AVCMsgNewShowHandEnterPB@@" (28 chars)
[SCAN] 0x19fb708: ".?AVCMsgNewShowHandEnter@@" (26 chars)
[SCAN] 0x19fb72c: ".?AVCMsgPCCOPCollectListItemPB@@" (32 chars)
[SCAN] 0x19fb758: ".?AVCMsgPCCOPCollectListPB@@" (28 chars)
[SCAN] 0x19fb780: ".?AVCMsgPCCOPCollectList@@" (26 chars)
[SCAN] 0x19fb7a4: ".?AVCHeroFriendAndEnemyMgr@@" (28 chars)
[SCAN] 0x19fb7cc: ".?AVCMsgPokerFriendList@@" (25 chars)
[SCAN] 0x19fb7f0: ".?AVCMsgRaceTrackPropEffect@@" (29 chars)
[SCAN] 0x19fb818: ".?AVCMsgSceneChatPB@@" (21 chars)
[SCAN] 0x19fb838: ".?AVCScreenChat@@" (17 chars)
[SCAN] 0x19fb854: ".?AVCMsgSceneChat@@" (19 chars)
[SCAN] 0x19fb870: ".?AVCMsgShowHandGameResult@@" (28 chars)
[SCAN] 0x19fb898: ".?AVCMsgStatisticDaily@@" (24 chars)
[SCAN] 0x19fb8bc: ".?AVCMsgSynRecruitAdvertisingList@@" (35 chars)
[SCAN] 0x19fb8e8: ".?AVCMsgTaskRewardRankInfoPB@@" (30 chars)
[SCAN] 0x19fb910: ".?AVCMsgTaskRewardRankPB@@" (26 chars)
[SCAN] 0x19fb934: ".?AVCMsgTaskRewardRank@@" (24 chars)
[SCAN] 0x19fb958: ".?AVCMsgTexasSinglePersonalInfoPB@@" (35 chars)
[SCAN] 0x19fb984: ".?AVCMsgTexasPersonalInfoPB@@" (29 chars)
[SCAN] 0x19fb9ac: ".?AVCMsgTexasExInteractivePB@@" (30 chars)
[SCAN] 0x19fb9d4: ".?AVCMsgTexasExMatchFieldPB@@" (29 chars)
[SCAN] 0x19fb9fc: ".?AVCMsgTexasExMatchFieldListPB@@" (33 chars)
[SCAN] 0x19fba28: ".?AVCMsgTexasExInteractive@@" (28 chars)
[SCAN] 0x19fba50: ".?AVCMsgTexasExMatchFieldList@@" (31 chars)
[SCAN] 0x19fba78: ".?AVCMsgTrainingInfo@@" (22 chars)
[SCAN] 0x19fba98: ".?AVCMsgUserIPInfo@@" (20 chars)
[SCAN] 0x19fbab8: ".?AVCMsgWeaponSkill@@" (21 chars)
[SCAN] 0x19fbad8: ".?AVCAntiCheatMgr@@" (19 chars)
[SCAN] 0x19fbaf4: ".?AVCEnemyInvadeMgr@@" (21 chars)
[SCAN] 0x19fbb14: ".?AVCGangGuardMgr@@" (19 chars)
[SCAN] 0x19fbb30: ".?AVCQuenchStatusMgr@@" (22 chars)
[SCAN] 0x19fbb50: ".?AVStatisticActiveMgr@@" (24 chars)
[SCAN] 0x19fbb74: ".?AVCVipConsumptionMgr@@" (24 chars)
[SCAN] 0x19fbb98: ".?AVCMsgNTexasMTTRunRaceSortItemPB@@" (36 chars)
[SCAN] 0x19fbbc8: ".?AVCMsgNTexasMTTRunRaceSortPB@@" (32 chars)
[SCAN] 0x19fbbf4: ".?AVCMsgNTexasMTTRunRaceSort@@" (30 chars)
[SCAN] 0x19fbc1c: ".?AVCHourTimerMgr@@" (19 chars)
[SCAN] 0x19fbc38: ".?AVCMsgCOPTableTaskItemPB@@" (28 chars)
[SCAN] 0x19fbc60: ".?AVCMsgCOPTableTaskPB@@" (24 chars)
[SCAN] 0x19fbc84: ".?AVCMsgCOPTableTask@@" (22 chars)
[SCAN] 0x19fbca4: ".?AVSurvivorMgr@@" (17 chars)
[SCAN] 0x19fbcc0: ".?AVCMsgRichMinePos@@" (21 chars)
[SCAN] 0x19fbce0: ".?AVCMsgRichMinePB@@" (20 chars)
[SCAN] 0x19fbd00: ".?AVCMsgRichMine@@" (18 chars)
[SCAN] 0x19fbd1c: ".?AVsp_counted_base@detail@boost@@" (34 chars)
[SCAN] 0x19fbd48: ".?AU?$checked_array_deleter@D@boost@@" (37 chars)
[SCAN] 0x19fbd78: ".?AU?$checked_array_deleter@E@boost@@" (37 chars)
[SCAN] 0x19fbda8: ".P6AXPAUbignum_st@@@Z" (21 chars)
[SCAN] 0x19fbdc8: ".?AVCDevilsNightPlayer@@" (24 chars)
[SCAN] 0x19fbdec: ".?AVCMagicEffectNew@@" (21 chars)
[SCAN] 0x19fbe0c: ".?AVCRacePointShopMgr@@" (23 chars)
[SCAN] 0x19fbe2c: ".?AVCMsgAuraPB@@" (16 chars)
[SCAN] 0x19fbe48: ".?AVCMsgAura@@" (14 chars)
[SCAN] 0x19fbe60: ".?AVCCombatHeartItemPB@@" (24 chars)
[SCAN] 0x19fbe84: ".?AVCMsgCombatHeartPB@@" (23 chars)
[SCAN] 0x19fbea4: ".?AVCMsgCombatHeart@@" (21 chars)
[SCAN] 0x19fbec4: ".?AVCMsgCrossTaskRankInfoPB@@" (29 chars)
[SCAN] 0x19fbeec: ".?AVCMsgCrossTaskRankPB@@" (25 chars)
[SCAN] 0x19fbf10: ".?AVCMsgCrossTaskRank@@" (23 chars)
[SCAN] 0x19fbf30: ".?AVCMsgEmoticonsInfoPB@@" (25 chars)
[SCAN] 0x19fbf54: ".?AVCMsgEmoticonsPB@@" (21 chars)
[SCAN] 0x19fbf74: ".?AVCMsgEmoticons@@" (19 chars)
[SCAN] 0x19fbf90: ".?AVCMsgFlower@@" (16 chars)
[SCAN] 0x19fbfac: ".?AVCMsgGlobalCrossRankItemPB@@" (31 chars)
[SCAN] 0x19fbfd4: ".?AVCMsgGlobalCrossRankPB@@" (27 chars)
[SCAN] 0x19fbff8: ".?AVCMsgGlobalCrossRank@@" (25 chars)
[SCAN] 0x19fc01c: ".?AVCMsgInlinePagePB@@" (22 chars)
[SCAN] 0x19fc03c: ".?AVCMsgInnerWebPage@@" (22 chars)
[SCAN] 0x19fc05c: ".?AVCMsgLeagueApplyListInfo@@" (29 chars)
[SCAN] 0x19fc084: ".?AVCMsgLeagueApplyListPB@@" (27 chars)
[SCAN] 0x19fc0a8: ".?AVCMsgLeagueApplyList@@" (25 chars)
[SCAN] 0x19fc0cc: ".?AVCMsgMagicCoat@@" (19 chars)
[SCAN] 0x19fc0e8: ".?AVCMsgMonsterLiveInfoPB@@" (27 chars)
[SCAN] 0x19fc10c: ".?AVCMsgMonsterLive@@" (21 chars)
[SCAN] 0x19fc12c: ".?AVCMsgNewFinishShowResultInfoPB@@" (35 chars)
[SCAN] 0x19fc158: ".?AVCMsgNewShowHandFinishShowResultPB@@" (39 chars)
[SCAN] 0x19fc188: ".?AVCMsgNewShowHandFinishShowResult@@" (37 chars)
[SCAN] 0x19fc1b8: ".?AVCAuctionMgr@@" (17 chars)
[SCAN] 0x19fc1d4: ".?AVNosuchAutoHisInfoPB@@" (25 chars)
[SCAN] 0x19fc1f8: ".?AVCMsgNosuchAutoHisListPB@@" (29 chars)
[SCAN] 0x19fc220: ".?AVCMsgNosuchAutoHisList@@" (27 chars)
[SCAN] 0x19fc244: ".?AVCMsgPCCOPTableListItemPB@@" (30 chars)
[SCAN] 0x19fc26c: ".?AVCMsgPCCOPTableListPB@@" (26 chars)
[SCAN] 0x19fc290: ".?AVCMsgPCCOPTableList@@" (24 chars)
[SCAN] 0x19fc2b4: ".?AVCMsgPresentList@@" (21 chars)
[SCAN] 0x19fc2d4: ".?AVCMsgRandomDailyTaskPB@@" (27 chars)
[SCAN] 0x19fc2f8: ".?AVCMsgRandomDailyTask@@" (25 chars)
[SCAN] 0x19fc31c: ".?AVCMsgSdkLoginSignPB@@" (24 chars)
[SCAN] 0x19fc340: ".?AVCMsgSdkLoginSign@@" (22 chars)
[SCAN] 0x19fc360: ".?AVCLayCardPB@@" (16 chars)
[SCAN] 0x19fc37c: ".?AVCLayCardInfoPB@@" (20 chars)
[SCAN] 0x19fc39c: ".?AVCMsgShowHandLayCardPB@@" (27 chars)
[SCAN] 0x19fc3c0: ".?AVCMsgShowHandLayCard@@" (25 chars)
[SCAN] 0x19fc3e4: ".?AVCMsgSuperFlag@@" (19 chars)
[SCAN] 0x19fc400: ".?AVCSynSkillinfoPB@@" (21 chars)
[SCAN] 0x19fc420: ".?AVCMsgSynSkillPB@@" (20 chars)
[SCAN] 0x19fc440: ".?AVCMsgSynSkill@@" (18 chars)
[SCAN] 0x19fc45c: ".?AVCMsgTeam@@" (14 chars)
[SCAN] 0x19fc474: ".?AVCMsgTexasGlobalRankActiveHistoryItemPB@@" (44 chars)
[SCAN] 0x19fc4ac: ".?AVCMsgTexasGlobalRankActiveHistoryPB@@" (40 chars)
[SCAN] 0x19fc4e0: ".?AVCMsgTexasGlobalRankActiveDrawInfoPB@@" (41 chars)
[SCAN] 0x19fc514: ".?AVCMsgTexasGlobalRankActivePB@@" (33 chars)
[SCAN] 0x19fc540: ".?AVCMsgTexasGlobalRankYesterdayItemPB@@" (40 chars)
[SCAN] 0x19fc574: ".?AVCMsgTexasGlobalRankYesterdayPB@@" (36 chars)
[SCAN] 0x19fc5a4: ".?AVCMsgTexasGlobalRankActive@@" (31 chars)
[SCAN] 0x19fc5cc: ".?AVCMsgTexasGlobalRankActiveHis@@" (34 chars)
[SCAN] 0x19fc5f8: ".?AVCMsgTexasGlobalRankYesterday@@" (34 chars)
[SCAN] 0x19fc624: ".?AVNewServerWarcraftMgr@@" (26 chars)
[SCAN] 0x19fc648: ".?AVCMsgTrainingVitalityInfo@@" (30 chars)
[SCAN] 0x19fc670: ".?AVCMsgUserMonthCardActionPB@@" (31 chars)
[SCAN] 0x19fc698: ".?AVCMsgUserMonthCardAction@@" (29 chars)
[SCAN] 0x19fc6c0: ".?AVCXuanBaoAccInfoPB@@" (23 chars)
[SCAN] 0x19fc6e0: ".?AVCMsgXuanBaoOptPB@@" (22 chars)
[SCAN] 0x19fc700: ".?AVCMsgXuanBaoOpt@@" (20 chars)
[SCAN] 0x19fc720: ".?AVCBoYiLevelMgr@@" (19 chars)
[SCAN] 0x19fc73c: ".?AVCColllectMgr@@" (18 chars)
[SCAN] 0x19fc758: ".?AVCGlobalLotteryMgr@@" (23 chars)
[SCAN] 0x19fc778: ".?AVCTransfromSkillMgr@@" (24 chars)
[SCAN] 0x19fc79c: ".?AVCLastingActionMgr@@" (23 chars)
[SCAN] 0x19fc7bc: ".?AVCPlayerAttribute@@" (22 chars)
[SCAN] 0x19fc7dc: ".?AVCRemotePrizeMgr@@" (21 chars)
[SCAN] 0x19fc7fc: ".?AVCSelfSynMemAwardRankMgr@@" (29 chars)
[SCAN] 0x19fc824: ".?AVCTeamPKGameMgr@@" (20 chars)
[SCAN] 0x19fc844: ".?AVCWarFlagMeritMgr@@" (22 chars)
[SCAN] 0x19fc864: ".?AVCMsgNTexasMTTActPB@@" (24 chars)
[SCAN] 0x19fc888: ".?AVCMsgNTexasMTTAct@@" (22 chars)
[SCAN] 0x19fc8a8: ".?AVCampsConfrontationMgr@@" (27 chars)
[SCAN] 0x19fc8cc: ".?AVCMsgGlobalPointRankInfoPB@@" (31 chars)
[SCAN] 0x19fc8f4: ".?AVCMsgGlobalPointUserInfoPB@@" (31 chars)
[SCAN] 0x19fc91c: ".?AVCMsgGlobalPointRankPB@@" (27 chars)
[SCAN] 0x19fc940: ".?AVCMsgGlobalPointRank@@" (25 chars)
[SCAN] 0x19fc964: ".?AVCMsgFriendRoomParamPB@@" (27 chars)
[SCAN] 0x19fc988: ".?AVCMsgFriendRoomInfoPB@@" (26 chars)
[SCAN] 0x19fc9ac: ".?AVCMsgFriendRoomPB@@" (22 chars)
[SCAN] 0x19fc9cc: ".?AVCMsgFriendRoom@@" (20 chars)
[SCAN] 0x19fc9ec: ".?AVCGuardCorpsMgr@@" (20 chars)
[SCAN] 0x19fca0c: ".?AVCMsgUserCOPVipPB@@" (22 chars)
[SCAN] 0x19fca2c: ".?AVCMsgUserCopVip@@" (20 chars)
[SCAN] 0x19fcb4c: ".?AV?$_Ref_count@VCMagicEffectNew@@@std@@" (41 chars)
[SCAN] 0x19fcb80: ".P6AXPAU_iobuf@@@Z" (18 chars)
[SCAN] 0x19fcb9c: ".?AV?$basic_ofstream@DU?$char_traits@D@std@@@std@@" (50 chars)
[SCAN] 0x19fcbd8: ".?AVCTexasPlayer@@" (18 chars)
[SCAN] 0x19fcbf4: ".?AVCChatLog@@" (14 chars)
[SCAN] 0x19fcc0c: ".?AVCTxtMsgSet@@" (16 chars)
[SCAN] 0x19fcc28: ".?AVCRouletteTableRole@@" (24 chars)
[SCAN] 0x19fcc4c: ".?AVCMsgActivityTask@@" (22 chars)
[SCAN] 0x19fcc6c: ".?AVCMsgActivityTaskReward@@" (28 chars)
[SCAN] 0x19fcc94: ".?AVCMsgBattlePassTaskPB@@" (26 chars)
[SCAN] 0x19fccb8: ".?AVCMsgBattlePassTask@@" (24 chars)
[SCAN] 0x19fccdc: ".?AVCMsgCheatingProgram@@" (25 chars)
[SCAN] 0x19fcd00: ".?AVCMsgCOPPrizeBroadcastPB@@" (29 chars)
[SCAN] 0x19fcd28: ".?AVCMsgCOPPrizeBroadcast@@" (27 chars)
[SCAN] 0x19fcd4c: ".?AVCMsgDisconnect@@" (20 chars)
[SCAN] 0x19fcd6c: ".?AVCLotteryMgr@@" (17 chars)
[SCAN] 0x19fcd88: ".?AVCGoodsInfoPB@@" (18 chars)
[SCAN] 0x19fcda4: ".?AVCMsgExchangeShopGoodsPB@@" (29 chars)
[SCAN] 0x19fcdcc: ".?AVCMsgExchangeShopPB@@" (24 chars)
[SCAN] 0x19fcdf0: ".?AVCMaterialInfoPB@@" (21 chars)
[SCAN] 0x19fce10: ".?AVCMsgExchangeShopBuyPB@@" (27 chars)
[SCAN] 0x19fce34: ".?AVCMsgExchangeShop@@" (22 chars)
[SCAN] 0x19fce54: ".?AVCMsgExchangeShopGoods@@" (27 chars)
[SCAN] 0x19fce78: ".?AVCMsgExchangeShopBuy@@" (25 chars)
[SCAN] 0x19fce9c: ".?AVCMsgFruitMachineBossDmgItemPB@@" (35 chars)
[SCAN] 0x19fcec8: ".?AVCMsgFruitMachineBossDmgRankPB@@" (35 chars)
[SCAN] 0x19fcef4: ".?AVCFruitMachineMgr@@" (22 chars)
[SCAN] 0x19fcf14: ".?AVCMsgFruitMachineBossDmgRank@@" (33 chars)
[SCAN] 0x19fcf40: ".?AVCGouYuInfoPB@@" (18 chars)
[SCAN] 0x19fcf5c: ".?AVCMsgGouYuInfoPB@@" (21 chars)
[SCAN] 0x19fcf7c: ".?AVCMsgGouYuInfo@@" (19 chars)
[SCAN] 0x19fcf98: ".?AVCMsgItemInfoPB@@" (20 chars)
[SCAN] 0x19fcfb8: ".?AVCMsgItemInfo@@" (18 chars)
[SCAN] 0x19fcfd4: ".?AVCMsgLeagueOrderStatusInfoPB@@" (33 chars)
[SCAN] 0x19fd000: ".?AVCMsgLeagueOrderStatusPB@@" (29 chars)
[SCAN] 0x19fd028: ".?AVCMsgLeagueRobItemPB@@" (25 chars)
[SCAN] 0x19fd04c: ".?AVCMsgLeagueRobListPB@@" (25 chars)
[SCAN] 0x19fd070: ".?AVCMsgLeagueOrderStatus@@" (27 chars)
[SCAN] 0x19fd094: ".?AVCMsgLeagueRobList@@" (23 chars)
[SCAN] 0x19fd0b4: ".?AVCMsgMailNotify@@" (20 chars)
[SCAN] 0x19fd0d4: ".?AVCMsgNationality@@" (21 chars)
[SCAN] 0x19fd0f4: ".?AVCMsgNewSlotOptPB@@" (22 chars)
[SCAN] 0x19fd114: ".?AVCMsgNewSlotOpt@@" (20 chars)
[SCAN] 0x19fd134: ".?AVCMsgOperatingActInfo@@" (26 chars)
[SCAN] 0x19fd158: ".?AVCOperateActivityData@@" (26 chars)
[SCAN] 0x19fd17c: ".?AVCMsgPKEliteAction@@" (23 chars)
[SCAN] 0x19fd19c: ".?AVCMsgPromotionInfo@@" (23 chars)
[SCAN] 0x19fd1bc: ".?AVCMsgRelation@@" (18 chars)
[SCAN] 0x19fd1d8: ".?AVCShootMonsterPB@@" (21 chars)
[SCAN] 0x19fd1f8: ".?AVCMsgShootGamePB@@" (21 chars)
[SCAN] 0x19fd218: ".?AVCMsgShootGame@@" (19 chars)
[SCAN] 0x19fd234: ".?AVCMsgSlotResult@@" (20 chars)
[SCAN] 0x19fd254: ".?AVCMsgSynFormPB@@" (19 chars)
[SCAN] 0x19fd270: ".?AVCMsgSynForm@@" (17 chars)
[SCAN] 0x19fd28c: ".?AVCPokerFriendMgr@@" (21 chars)
[SCAN] 0x19fd2ac: ".?AVCMonsterSayMgr@@" (20 chars)
[SCAN] 0x19fd2cc: ".?AVCMsgCOPShareTexasTablePB@@" (30 chars)
[SCAN] 0x19fd2f4: ".?AVCMsgCOPSharedTexasResultPB@@" (32 chars)
[SCAN] 0x19fd320: ".?AVCMsgCOPShareCardPB@@" (24 chars)
[SCAN] 0x19fd344: ".?AVCMsgCOPShareMedalPB@@" (25 chars)
[SCAN] 0x19fd368: ".?AVCMsgCOPSharePB@@" (20 chars)
[SCAN] 0x19fd388: ".?AVCMsgTalkPB@@" (16 chars)
[SCAN] 0x19fd3a4: ".?AVCMsgTalk@@" (14 chars)
[SCAN] 0x19fd3bc: ".?AVCMsgTeamPKRankInfo@@" (24 chars)
[SCAN] 0x19fd3e0: ".?AVCMsgTitleInfoPB@@" (21 chars)
[SCAN] 0x19fd400: ".?AVCMsgTitleStoragePB@@" (24 chars)
[SCAN] 0x19fd424: ".?AVCMsgTitleStorage@@" (22 chars)
[SCAN] 0x19fd444: ".?AVCLotteryInfoPB@@" (20 chars)
[SCAN] 0x19fd464: ".?AVCMsgCardsLotteryOptPB@@" (27 chars)
[SCAN] 0x19fd488: ".?AVCRankInfoPB@@" (17 chars)
[SCAN] 0x19fd4a4: ".?AVCMsgCardsLotteryRankListPB@@" (32 chars)
[SCAN] 0x19fd4d0: ".?AVCMsgTurnoverLottery@@" (25 chars)
[SCAN] 0x19fd4f4: ".?AVCMsgCardsLotteryRankList@@" (30 chars)
[SCAN] 0x19fd51c: ".?AVCMsgVerifyCheck@@" (21 chars)
[SCAN] 0x19fd53c: ".?AVCBigEmotionMgr@@" (20 chars)
[SCAN] 0x19fd55c: ".?AVTiXmlDocument@@" (19 chars)
[SCAN] 0x19fd578: ".?AVTiXmlNode@@" (15 chars)
[SCAN] 0x19fd590: ".?AVTiXmlBase@@" (15 chars)
[SCAN] 0x19fd5a8: ".?AVCConfigMgr@@" (16 chars)
[SCAN] 0x19fd5c4: ".?AVCEducationMgr@@" (19 chars)
[SCAN] 0x19fd5e0: ".?AVCFaceMgr@@" (14 chars)
[SCAN] 0x19fd5f8: ".?AVCMsgNTexasMTTNotifyItemPB@@" (31 chars)
[SCAN] 0x19fd620: ".?AVCMsgNTexasMTTNotifyPB@@" (27 chars)
[SCAN] 0x19fd644: ".?AVCMsgNTexasMTTNotify@@" (25 chars)
[SCAN] 0x19fd668: ".?AVCTravelNotesServerPB@@" (26 chars)
[SCAN] 0x19fd68c: ".?AVCTravelNotesPersonalPB@@" (28 chars)
[SCAN] 0x19fd6b4: ".?AVCMsgTravelNotesPB@@" (23 chars)
[SCAN] 0x19fd6d4: ".?AVCMsgTravelNotes@@" (21 chars)
[SCAN] 0x19fd6f4: ".?AV?$_Ref_count@UChatLogFile@@@std@@" (37 chars)
[SCAN] 0x19fd724: ".?AV?$_Ref_count@UChatLogLine@@@std@@" (37 chars)
[SCAN] 0x19fd754: ".?AV?$_Ref_count@UChatLogLineBuffer@@@std@@" (43 chars)
[SCAN] 0x19fd788: ".?AV?$sp_counted_impl_pd@PAU_iobuf@@P6AXPAU1@@Z@detail@boost@@" (62 chars)
[SCAN] 0x19fd7d0: ".?AV?$_Ref_count@VCRaiderPlayer@@@std@@" (39 chars)
[SCAN] 0x19fd800: ".?AVCDebugMgr@@" (15 chars)
[SCAN] 0x19fd818: ".?AV?$_Ref_count@VCMyStr@@@std@@" (32 chars)
[SCAN] 0x19fd844: ".?AVCStringManager@@" (20 chars)
[SCAN] 0x19fd864: ".?AVCIniMgrW@@" (14 chars)
[SCAN] 0x19fd87c: ".?AV?$_Ref_count@VCMyIniW@@@std@@" (33 chars)
[SCAN] 0x19fd8fc: ".?AVCMyEncryptFile@@" (20 chars)
[SCAN] 0x19fd91c: ".?AVCIniMgr@@" (13 chars)
[SCAN] 0x19fd934: ".?AV?$_Ref_count@VCMyIni@@@std@@" (32 chars)
[SCAN] 0x19fd960: ".?AVCGameCharacterParser@@" (26 chars)
[SCAN] 0x19fd984: ".?AVCCipher@@" (13 chars)
[SCAN] 0x19fd99c: ".?AVCMyString@@" (15 chars)
[SCAN] 0x19fda5c: ".?AVCMyIni@@" (12 chars)
[SCAN] 0x19fda74: ".?AVCMD5Checksum@@" (18 chars)
[SCAN] 0x19fda90: ".?AVIFile@@" (11 chars)
[SCAN] 0x19fdaa4: ".?AVC7zFile@@" (13 chars)
[SCAN] 0x19fdabc: ".?AV?$_Ref_count@VC7zFile@@@std@@" (33 chars)
[SCAN] 0x19fdae8: ".?AVCNetStringPacker@@" (22 chars)
[SCAN] 0x19fdb08: ".?AVCMyStringW@@" (16 chars)
[SCAN] 0x19fdbcc: ".?AVCMyIniW@@" (13 chars)
[SCAN] 0x19fdbe4: ".?AVCDns@@" (10 chars)
[SCAN] 0x19fdbf8: ".?AV?$Visitor@VIRender@@H$0A@@Loki@@" (36 chars)
[SCAN] 0x19fdc28: ".?AV?$Visitor@VCGame3DEffectExRender@@H$0A@@Loki@@" (50 chars)
[SCAN] 0x19fdc64: ".?AV?$_Ref_count@VCGame3DEffectExRender@@@std@@" (47 chars)
[SCAN] 0x19fdc9c: ".?AUException@?$DefaultFactoryError@HVIRender@@@Loki@@" (54 chars)
[SCAN] 0x19fde94: ".?AV?$_Ref_count@VIRender@@@std@@" (33 chars)
[SCAN] 0x19fdec0: ".?AV?$Visitor@VCUIAniRender@@H$0A@@Loki@@" (41 chars)
[SCAN] 0x19fdef4: ".?AV?$Visitor@VCUIEffectRender@@H$0A@@Loki@@" (44 chars)
[SCAN] 0x19fdf2c: ".?AV?$Visitor@VC3DSimpleObjRender@@H$0A@@Loki@@" (47 chars)
[SCAN] 0x19fdf64: ".?AV?$Visitor@VCSoundRender@@H$0A@@Loki@@" (41 chars)
[SCAN] 0x19fdf98: ".?AV?$Visitor@VCI3DRoleRender@@H$0A@@Loki@@" (43 chars)
[SCAN] 0x19fdfcc: ".?AUIDefaultRolepartCancelListener@@" (36 chars)
[SCAN] 0x19fdffc: ".?AV?$Visitor@VC3DTextureRender@@H$0A@@Loki@@" (45 chars)
[SCAN] 0x19fe034: ".?AVC3DTextureRender@@" (22 chars)
[SCAN] 0x19fe054: ".?AV?$Visitor@VCMultiBmpRender@@H$0A@@Loki@@" (44 chars)
[SCAN] 0x19fe08c: ".?AVCMultiBmpRender@@" (21 chars)
[SCAN] 0x19fe0ac: ".?AV?$Visitor@VCPuzzleBlockRender@@H$0A@@Loki@@" (47 chars)
[SCAN] 0x19fe0e4: ".?AVCPuzzleBlockRender@@" (24 chars)
[SCAN] 0x19fe108: ".?AV?$Visitor@VCPuzzleTriangleRender@@H$0A@@Loki@@" (50 chars)
[SCAN] 0x19fe144: ".?AVCPuzzleTriangleRender@@" (27 chars)
[SCAN] 0x19fe168: ".?AV?$Visitor@VCStringRender@@H$0A@@Loki@@" (42 chars)
[SCAN] 0x19fe19c: ".?AVCStringRender@@" (19 chars)
[SCAN] 0x19fe1b8: ".?AV?$Visitor@VCTargetBmpRender@@H$0A@@Loki@@" (45 chars)
[SCAN] 0x19fe1f0: ".?AVCTargetBmpRender@@" (22 chars)
[SCAN] 0x19fe210: ".?AV?$Visitor@VCUIRoleRender@@H$0A@@Loki@@" (42 chars)
[SCAN] 0x19fe244: ".?AVCCriticalSection@@" (22 chars)
[SCAN] 0x19fe264: ".?AVCSyncObject@@" (17 chars)
[SCAN] 0x19fe280: ".?AVCLuaBase@@" (14 chars)
[SCAN] 0x19fe298: ".?AVCLuaVM@@" (12 chars)
[SCAN] 0x19fe2b0: ".?AUException@?$DefaultFactoryError@HVCMapObj@@@Loki@@" (54 chars)
[SCAN] 0x19fe41c: ".?AV?$_Ref_count@VCMapObj@@@std@@" (33 chars)
[SCAN] 0x19fe448: ".?AU?$checked_deleter@VOALMusicBuffer@MySoundEngine@@@boost@@" (61 chars)
[SCAN] 0x19fe490: ".?AU?$checked_deleter@VCMp3DataSource@MySoundEngine@@@boost@@" (61 chars)
[SCAN] 0x19fe4d8: ".?AU?$checked_deleter@VOALSoundBuffer@MySoundEngine@@@boost@@" (61 chars)
[SCAN] 0x19fe520: ".?AU?$checked_deleter@VCWaveDataSource@MySoundEngine@@@boost@@" (62 chars)
[SCAN] 0x19fe784: ".?AVAudioFactory@MySoundEngine@@" (32 chars)
[SCAN] 0x19fe7b0: ".?AVAudioEngine@MySoundEngine@@" (31 chars)
[SCAN] 0x19fe7d8: ".?AVOALSoundBuffer@MySoundEngine@@" (34 chars)
[SCAN] 0x19fe804: ".?AVnoncopyable@noncopyable_@boost@@" (36 chars)
[SCAN] 0x19fe834: ".?AVSoundBuffer@MySoundEngine@@" (31 chars)
[SCAN] 0x19fe85c: ".?AVAudioBuffer@MySoundEngine@@" (31 chars)
[SCAN] 0x19fe884: ".?AVOALMusicBuffer@MySoundEngine@@" (34 chars)
[SCAN] 0x19fe8b0: ".?AVMusicBuffer@MySoundEngine@@" (31 chars)
[SCAN] 0x19fe8d8: ".?AU?$checked_deleter@VOALAudioEngine@MySoundEngine@@@boost@@" (61 chars)
[SCAN] 0x19febd4: ".?AVAudioDataSource@MySoundEngine@@" (35 chars)
[SCAN] 0x19fec00: ".?AVCWaveDataSource@MySoundEngine@@" (35 chars)
[SCAN] 0x19fec2c: ".?AVCMp3DataSource@MySoundEngine@@" (34 chars)
[SCAN] 0x19fec58: ".?AVOALAudioEngine@MySoundEngine@@" (34 chars)
[SCAN] 0x19fec84: ".?AVCWaves@@" (12 chars)
[SCAN] 0x19feca0: ".?AUException@?$DefaultFactoryError@HVIRoleViewRender@@@Loki@@" (62 chars)
[SCAN] 0x19fee34: ".?AV?$_Ref_count@VIRoleViewRender@@@std@@" (41 chars)
[SCAN] 0x19fee68: ".?AVC3DPlayerNpc@@" (18 chars)
[SCAN] 0x19fee84: ".?AVC3DStatuary@@" (17 chars)
[SCAN] 0x19feea0: ".?AVC3DTarget@@" (15 chars)
[SCAN] 0x19feeb8: ".?AVC3DTaskNpcEx@@" (18 chars)
[SCAN] 0x19feed4: ".?AVCBoothNpc@@" (15 chars)
[SCAN] 0x19feeec: ".?AVCDiceView@@" (15 chars)
[SCAN] 0x19fef04: ".?AVCSynStone@@" (15 chars)
[SCAN] 0x19fef1c: ".?AVCTerrainNpcView@@" (21 chars)
[SCAN] 0x19fef3c: ".?AVTiXmlElement@@" (18 chars)
[SCAN] 0x19fef58: ".?AVTiXmlComment@@" (18 chars)
[SCAN] 0x19fef74: ".?AVTiXmlUnknown@@" (18 chars)
[SCAN] 0x19fef90: ".?AVTiXmlAttribute@@" (20 chars)
[SCAN] 0x19fefb0: ".?AVTiXmlText@@" (15 chars)
[SCAN] 0x19fefc8: ".?AVTiXmlDeclaration@@" (22 chars)
[SCAN] 0x19fefe8: ".?AVtype_info@@" (15 chars)
[SCAN] 0x19ff000: ".?AVbad_alloc@std@@" (19 chars)
[SCAN] 0x19ff01c: ".?AVbad_array_new_length@std@@" (30 chars)
[SCAN] 0x19ff044: ".?AVZeroCopyOutputStream@io@protobuf@google@@" (45 chars)
[SCAN] 0x19ff07c: ".?AVArrayOutputStream@io@protobuf@google@@" (42 chars)
[SCAN] 0x19ff0b0: ".?AVStringOutputStream@io@protobuf@google@@" (43 chars)
[SCAN] 0x19ff0e4: ".?AVRuntimeError@Json@@" (23 chars)
[SCAN] 0x19ff104: ".?AVException@Json@@" (20 chars)
[SCAN] 0x19ff124: ".?AVLogicError@Json@@" (21 chars)
[SCAN] 0x19ff144: ".?AVCDecoder@NSevenZ@NCrypto@@" (30 chars)
[SCAN] 0x19ff16c: ".?AVCBaseCoder@NSevenZ@NCrypto@@" (32 chars)
[SCAN] 0x19ff198: ".?AVCBase@NSevenZ@NCrypto@@" (27 chars)
[SCAN] 0x19ff1bc: ".?AV?$CBuffer@E@@" (17 chars)
[SCAN] 0x19ff1d8: ".?AUCAesCbcDecoder@NCrypto@@" (28 chars)
[SCAN] 0x19ff200: ".?AVCAesCbcCoder@NCrypto@@" (26 chars)
[SCAN] ===== SCAN COMPLETE =====

[*] All hooks ready! Login now.


[HS] ===== HANDSHAKE #1 STARTED =====
[HS] this/context: 0x1788ff08
[HS] Context dump (1024 bytes):
           0  1  2  3  4  5  6  7  8  9  A  B  C  D  E  F  0123456789ABCDEF
1788ff08  28 2a 50 1b 00 00 00 00 3c ff 88 17 80 d6 cb 76  (*P.....<......v
1788ff18  02 00 00 00 b9 d7 c3 76 80 90 a0 01 90 ee 0e 1d  .......v........
1788ff28  b0 e9 c8 76 f8 fe 88 17 64 ff 88 17 7e c4 44 01  ...v....d...~.D.
1788ff38  01 00 00 00 74 ff 88 17 eb e9 c8 76 78 cb d6 2d  ....t......vx..-
1788ff48  3f 80 83 4c b0 e9 c8 76 b0 e9 c8 76 90 ee 0e 1d  ?..L...v...v....
1788ff58  00 00 00 00 48 ff 88 17 00 00 00 00 cc ff 88 17  ....H...........
1788ff68  e0 92 ca 76 b3 69 db 2d 00 00 00 00 84 ff 88 17  ...v.i.-........
1788ff78  49 5d 20 76 90 ee 0e 1d 30 5d 20 76 dc ff 88 17  I] v....0] v....
1788ff88  1b d8 a4 77 90 ee 0e 1d 8b ac 4c 64 00 00 00 00  ...w......Ld....
1788ff98  00 00 00 00 90 ee 0e 1d 00 00 00 00 00 00 00 00  ................
1788ffa8  00 00 00 00 00 00 00 00 00 00 00 00 00 00 00 00  ................
1788ffb8  00 00 00 00 00 00 00 00 00 00 00 00 90 ff 88 17  ................
1788ffc8  00 00 00 00 e4 ff 88 17 b0 1d a6 77 67 b6 6b 04  ...........wg.k.
1788ffd8  00 00 00 00 ec ff 88 17 a1 d7 a4 77 ff ff ff ff  ...........w....
1788ffe8  e1 46 a9 77 00 00 00 00 00 00 00 00 b0 e9 c8 76  .F.w...........v
1788fff8  90 ee 0e 1d 00 00 00 00 00 00 00 00 0b 00 02 00  ................
17890008  70 d8 e2 16 66 05 69 77 30 09 a2 77 28 fe bd 16  p...f.iw0..w(...
17890018  78 05 00 00 30 43 da 16 00 00 00 00 00 00 00 00  x...0C..........
17890028  00 00 00 00 00 00 00 00 00 00 00 00 00 00 00 00  ................
17890038  00 00 00 00 00 00 00 00 00 00 00 00 00 00 3d 6f  ..............=o
17890048  00 00 00 00 00 00 00 00 00 00 00 00 00 00 00 00  ................
17890058  00 00 00 00 00 00 00 00 00 00 00 00 00 00 00 00  ................
17890068  00 00 00 00 00 00 00 00 00 00 00 00 00 00 00 00  ................
17890078  00 00 00 00 00 00 00 00 00 00 00 00 00 00 00 00  ................
17890088  00 00 00 00 00 00 00 00 00 00 00 00 00 00 00 00  ................
17890098  00 00 00 00 00 00 00 00 00 00 00 00 00 00 00 00  ................
178900a8  00 00 00 00 00 00 00 00 00 00 00 00 00 00 00 00  ................
178900b8  00 00 00 00 00 00 00 00 00 00 00 00 00 00 00 00  ................
178900c8  00 00 00 00 00 00 00 00 00 00 00 00 00 00 00 00  ................
178900d8  00 00 00 00 00 00 00 00 00 00 00 00 00 00 00 00  ................
178900e8  00 00 00 00 00 00 00 00 00 00 00 00 00 00 00 00  ................
178900f8  00 00 00 00 00 00 00 00 00 00 00 00 00 00 00 00  ................
17890108  00 00 00 00 00 00 00 00 00 00 00 00 00 00 00 00  ................
17890118  00 00 00 00 00 00 00 00 00 00 00 00 00 00 00 00  ................
17890128  00 00 00 00 00 00 00 00 00 00 00 00 00 00 00 00  ................
17890138  00 00 00 00 00 00 00 00 00 00 00 00 00 00 00 00  ................
17890148  00 00 00 00 00 00 00 00 00 00 00 00 00 00 00 00  ................
17890158  00 00 00 00 00 00 00 00 00 00 00 00 00 00 00 00  ................
17890168  00 00 00 00 00 00 00 00 00 00 00 00 00 00 00 00  ................
17890178  00 00 00 00 00 00 00 00 00 00 00 00 00 00 00 00  ................
17890188  00 00 00 00 00 00 00 00 00 00 00 00 00 00 00 00  ................
17890198  00 00 00 00 00 00 00 00 00 00 00 00 00 00 00 00  ................
178901a8  00 00 00 00 00 00 00 00 00 00 00 00 00 00 00 00  ................
178901b8  00 00 00 00 00 00 00 00 00 00 00 00 00 00 00 00  ................
178901c8  00 00 00 00 00 00 00 00 00 00 00 00 00 00 00 00  ................
178901d8  00 00 00 00 00 00 00 00 00 00 00 00 00 00 00 00  ................
178901e8  00 00 00 00 00 00 00 00 00 00 00 00 00 00 00 00  ................
178901f8  00 00 00 00 00 00 00 00 00 00 00 00 00 00 00 00  ................
17890208  00 00 00 00 00 00 00 00 00 00 00 00 00 00 00 00  ................
17890218  00 00 00 00 00 00 00 00 00 00 00 00 00 00 00 00  ................
17890228  00 00 00 00 00 00 00 00 00 00 00 00 00 00 00 00  ................
17890238  00 00 00 00 00 00 00 00 00 00 00 00 00 00 00 00  ................
17890248  00 00 00 00 00 00 00 00 00 00 00 00 00 00 00 00  ................
17890258  00 00 00 00 00 00 00 00 00 00 00 00 00 00 00 00  ................
17890268  00 00 00 00 00 00 00 00 00 00 00 00 00 00 00 00  ................
17890278  00 00 00 00 00 00 00 00 00 00 00 00 00 00 00 00  ................
17890288  00 00 00 00 00 00 00 00 00 00 00 00 00 00 00 00  ................
17890298  00 00 00 00 00 00 00 00 00 00 00 00 00 00 00 00  ................
178902a8  00 00 00 00 00 00 00 00 00 00 00 00 00 00 00 00  ................
178902b8  00 00 00 00 00 00 00 00 00 00 00 00 00 00 00 00  ................
178902c8  00 00 00 00 00 00 00 00 00 00 00 00 00 00 00 00  ................
178902d8  00 00 00 00 00 00 00 00 00 00 00 00 00 00 00 00  ................
178902e8  00 00 00 00 00 00 00 00 00 00 00 00 00 00 00 00  ................
178902f8  00 00 00 00 00 00 00 00 00 00 00 00 00 00 00 00  ................
[HS] Returned: 0
[HS] ===== HANDSHAKE #1 ENDED =====


[HS] ===== HANDSHAKE #2 STARTED =====
[HS] this/context: 0x1788ff08
[HS] Context dump (1024 bytes):
           0  1  2  3  4  5  6  7  8  9  A  B  C  D  E  F  0123456789ABCDEF
1788ff08  90 2b 50 1b 00 00 00 00 3c ff 88 17 80 d6 cb 76  .+P.....<......v
1788ff18  02 00 00 00 b9 d7 c3 76 80 90 a0 01 90 ee 0e 1d  .......v........
1788ff28  b0 e9 c8 76 f8 fe 88 17 64 ff 88 17 7e c4 44 01  ...v....d...~.D.
1788ff38  01 00 00 00 74 ff 88 17 eb e9 c8 76 78 cb d6 2d  ....t......vx..-
1788ff48  3f 80 83 4c b0 e9 c8 76 b0 e9 c8 76 90 ee 0e 1d  ?..L...v...v....
1788ff58  00 00 00 00 48 ff 88 17 00 00 00 00 cc ff 88 17  ....H...........
1788ff68  e0 92 ca 76 b3 69 db 2d 00 00 00 00 84 ff 88 17  ...v.i.-........
1788ff78  49 5d 20 76 90 ee 0e 1d 30 5d 20 76 dc ff 88 17  I] v....0] v....
1788ff88  1b d8 a4 77 90 ee 0e 1d 8b ac 4c 64 00 00 00 00  ...w......Ld....
1788ff98  00 00 00 00 90 ee 0e 1d 00 00 00 00 00 00 00 00  ................
1788ffa8  00 00 00 00 00 00 00 00 00 00 00 00 00 00 00 00  ................
1788ffb8  00 00 00 00 00 00 00 00 00 00 00 00 90 ff 88 17  ................
1788ffc8  00 00 00 00 e4 ff 88 17 b0 1d a6 77 67 b6 6b 04  ...........wg.k.
1788ffd8  00 00 00 00 ec ff 88 17 a1 d7 a4 77 ff ff ff ff  ...........w....
1788ffe8  e1 46 a9 77 00 00 00 00 00 00 00 00 b0 e9 c8 76  .F.w...........v
1788fff8  90 ee 0e 1d 00 00 00 00 00 00 00 00 0b 00 02 00  ................
17890008  70 d8 e2 16 66 05 69 77 30 09 a2 77 28 fe bd 16  p...f.iw0..w(...
17890018  78 05 00 00 30 43 da 16 00 00 00 00 00 00 00 00  x...0C..........
17890028  00 00 00 00 00 00 00 00 00 00 00 00 00 00 00 00  ................
17890038  00 00 00 00 00 00 00 00 00 00 00 00 00 00 3d 6f  ..............=o
17890048  00 00 00 00 00 00 00 00 00 00 00 00 00 00 00 00  ................
17890058  00 00 00 00 00 00 00 00 00 00 00 00 00 00 00 00  ................
17890068  00 00 00 00 00 00 00 00 00 00 00 00 00 00 00 00  ................
17890078  00 00 00 00 00 00 00 00 00 00 00 00 00 00 00 00  ................
17890088  00 00 00 00 00 00 00 00 00 00 00 00 00 00 00 00  ................
17890098  00 00 00 00 00 00 00 00 00 00 00 00 00 00 00 00  ................
178900a8  00 00 00 00 00 00 00 00 00 00 00 00 00 00 00 00  ................
178900b8  00 00 00 00 00 00 00 00 00 00 00 00 00 00 00 00  ................
178900c8  00 00 00 00 00 00 00 00 00 00 00 00 00 00 00 00  ................
178900d8  00 00 00 00 00 00 00 00 00 00 00 00 00 00 00 00  ................
178900e8  00 00 00 00 00 00 00 00 00 00 00 00 00 00 00 00  ................
178900f8  00 00 00 00 00 00 00 00 00 00 00 00 00 00 00 00  ................
17890108  00 00 00 00 00 00 00 00 00 00 00 00 00 00 00 00  ................
17890118  00 00 00 00 00 00 00 00 00 00 00 00 00 00 00 00  ................
17890128  00 00 00 00 00 00 00 00 00 00 00 00 00 00 00 00  ................
17890138  00 00 00 00 00 00 00 00 00 00 00 00 00 00 00 00  ................
17890148  00 00 00 00 00 00 00 00 00 00 00 00 00 00 00 00  ................
17890158  00 00 00 00 00 00 00 00 00 00 00 00 00 00 00 00  ................
17890168  00 00 00 00 00 00 00 00 00 00 00 00 00 00 00 00  ................
17890178  00 00 00 00 00 00 00 00 00 00 00 00 00 00 00 00  ................
17890188  00 00 00 00 00 00 00 00 00 00 00 00 00 00 00 00  ................
17890198  00 00 00 00 00 00 00 00 00 00 00 00 00 00 00 00  ................
178901a8  00 00 00 00 00 00 00 00 00 00 00 00 00 00 00 00  ................
178901b8  00 00 00 00 00 00 00 00 00 00 00 00 00 00 00 00  ................
178901c8  00 00 00 00 00 00 00 00 00 00 00 00 00 00 00 00  ................
178901d8  00 00 00 00 00 00 00 00 00 00 00 00 00 00 00 00  ................
178901e8  00 00 00 00 00 00 00 00 00 00 00 00 00 00 00 00  ................
178901f8  00 00 00 00 00 00 00 00 00 00 00 00 00 00 00 00  ................
17890208  00 00 00 00 00 00 00 00 00 00 00 00 00 00 00 00  ................
17890218  00 00 00 00 00 00 00 00 00 00 00 00 00 00 00 00  ................
17890228  00 00 00 00 00 00 00 00 00 00 00 00 00 00 00 00  ................
17890238  00 00 00 00 00 00 00 00 00 00 00 00 00 00 00 00  ................
17890248  00 00 00 00 00 00 00 00 00 00 00 00 00 00 00 00  ................
17890258  00 00 00 00 00 00 00 00 00 00 00 00 00 00 00 00  ................
17890268  00 00 00 00 00 00 00 00 00 00 00 00 00 00 00 00  ................
17890278  00 00 00 00 00 00 00 00 00 00 00 00 00 00 00 00  ................
17890288  00 00 00 00 00 00 00 00 00 00 00 00 00 00 00 00  ................
17890298  00 00 00 00 00 00 00 00 00 00 00 00 00 00 00 00  ................
178902a8  00 00 00 00 00 00 00 00 00 00 00 00 00 00 00 00  ................
178902b8  00 00 00 00 00 00 00 00 00 00 00 00 00 00 00 00  ................
178902c8  00 00 00 00 00 00 00 00 00 00 00 00 00 00 00 00  ................
178902d8  00 00 00 00 00 00 00 00 00 00 00 00 00 00 00 00  ................
178902e8  00 00 00 00 00 00 00 00 00 00 00 00 00 00 00 00  ................
178902f8  00 00 00 00 00 00 00 00 00 00 00 00 00 00 00 00  ................

[BF] ===== NEW BF_KEY CONTEXT: 0x1788e5a0 =====
[BF] Mode: DECRYPT

[BF] --- P-ARRAY (18 entries, 8-byte stride) ---
[BF] P[0] = 0xdb298a75  (extra: 0x0000001d)
[BF] P[1] = 0x3c83ff0c  (extra: 0x00000002)
[BF] P[2] = 0x0dec4548  (extra: 0x00000002)
[BF] P[3] = 0xf8c273e0  (extra: 0x0000000b)
[BF] P[4] = 0x38a99512  (extra: 0x00000000)
[BF] P[5] = 0xfc7fcfc8  (extra: 0x00000001)
[BF] P[6] = 0x4e110080  (extra: 0x00000014)
[BF] P[7] = 0xf8c13f63  (extra: 0x00000010)
[BF] P[8] = 0x8523e092  (extra: 0x00000012)
[BF] P[9] = 0x8f496087  (extra: 0x00000012)
[BF] P[10] = 0x9fbc973b  (extra: 0x00000014)
[BF] P[11] = 0x22969a7b  (extra: 0x00000009)
[BF] P[12] = 0xb892fffa  (extra: 0x00000001)
[BF] P[13] = 0xf6d19ec7  (extra: 0x00000018)
[BF] P[14] = 0xf6c53add  (extra: 0x00000002)
[BF] P[15] = 0x5a66f96e  (extra: 0x00000004)
[BF] P[16] = 0x00000000  (extra: 0x20303020)
[BF] P[17] = 0x30203030  (extra: 0x30302030)

[BF] --- MEMORY BEFORE BF_KEY (-512 bytes) ---
           0  1  2  3  4  5  6  7  8  9  A  B  C  D  E  F  0123456789ABCDEF
1788e3a0  00 00 00 00 00 00 00 00 00 00 00 00 00 00 00 00  ................
1788e3b0  68 2b 11 02 7c 47 11 02 3c ee 88 17 df 10 24 01  h+..|G..<.....$.
1788e3c0  f5 00 00 00 ad a1 09 31 95 00 00 00 1d 92 38 49  .......1......8I
1788e3d0  6b 00 00 00 4a 00 00 00 97 00 00 00 f7 00 00 00  k...J...........
1788e3e0  bf 85 59 62 5f 43 29 78 b0 00 00 00 40 00 00 00  ..Yb_C)x....@...
1788e3f0  62 79 01 6a 0f 57 51 89 4c 00 00 00 e7 00 00 00  by.j.WQ.L.......
1788e400  34 a9 81 69 b0 61 44 bf a0 e5 88 17 52 00 00 00  4..i.aD.....R...
1788e410  33 00 00 00 58 00 00 00 78 00 00 00 39 00 00 00  3...X...x...9...
1788e420  37 00 00 00 72 00 00 00 61 00 00 00 35 00 00 00  7...r...a...5...
1788e430  6a 00 00 00 38 00 00 00 44 00 00 00 36 00 00 00  j...8...D...6...
1788e440  75 00 00 00 5a 00 00 00 7a 00 00 00 75 8a 29 db  u...Z...z...u.).
1788e450  0c ff 83 3c 48 45 ec 0d e0 73 c2 f8 12 95 a9 38  ...<HE...s.....8
1788e460  c8 cf 7f fc 80 00 11 4e 63 3f c1 f8 92 e0 23 85  .......Nc?....#.
1788e470  87 60 49 8f 3b 97 bc 9f 7b 9a 96 22 fa ff 92 b8  .`I.;...{.."....
1788e480  3c 02 00 00 68 2b 11 02 7c 47 11 02 a0 e5 88 17  <...h+..|G......
1788e490  7c 47 11 02 f0 10 24 01 68 2b 11 02 7c 47 11 02  |G....$.h+..|G..
1788e4a0  3c ee 88 17 c0 e4 88 17 00 00 00 00 a0 e5 88 17  <...............
1788e4b0  7c 47 11 02 24 ea 88 17 06 02 00 00 50 df e2 16  |G..$.......P...
1788e4c0  ab 23 e4 01 68 f6 88 17 24 ea 88 17 0f 00 00 00  .#..h...$.......
1788e4d0  a0 e5 88 17 24 ee 88 17 58 e5 88 17 00 00 00 00  ....$...X.......
1788e4e0  49 9a 96 ee 68 2b 11 02 7c 47 11 02 00 00 00 00  I...h+..|G......
1788e4f0  20 30 30 20 30 30 20 30 30 20 30 62 20 30 30 20   00 00 00 0b 00 
1788e500  30 32 20 30 30 20 20 2e 2e 2e 2e 2e 2e 2e 2e 2e  02 00  .........
1788e510  2e 2e 2e 2e 2e 2e 2e 0d 0a 31 37 38 39 30 30 30  .........1789000
1788e520  38 20 20 37 30 20 64 38 20 65 32 20 31 36 20 36  8  70 d8 e2 16 6
1788e530  36 20 30 35 20 36 39 20 37 37 20 33 30 20 30 39  6 05 69 77 30 09
1788e540  20 61 32 20 37 37 20 32 38 20 66 65 20 62 64 20   a2 77 28 fe bd 
1788e550  31 36 20 20 70 2e 2e 2e 00 00 00 00 30 2e 2e 77  16  p.......0..w
1788e560  0f 00 00 00 0d 0a 31 37 38 39 30 30 31 38 20 20  ......17890018  
1788e570  37 38 20 30 35 20 30 30 20 30 30 20 00 00 00 00  78 05 00 00 ....
1788e580  33 20 64 61 20 31 36 20 30 30 20 30 30 20 30 30  3 da 16 00 00 00
1788e590  01 00 00 00 00 00 00 00 00 00 00 00 7c 47 11 02  ............|G..

[BF] --- MEMORY AFTER P-ARRAY (+144 to +800) ---
           0  1  2  3  4  5  6  7  8  9  A  B  C  D  E  F  0123456789ABCDEF
1788e630  20 30 30 20 33 64 20 36 66 20 20 2e 2e 2e 2e 2e   00 3d 6f  .....
1788e640  2e 2e 2e 2e 2e 2e 2e 2e 2e 3d 6f 0d 0a 31 37 38  .........=o..178
1788e650  39 30 30 34 38 20 20 30 30 20 30 30 20 30 30 20  90048  00 00 00 
1788e660  30 30 20 30 30 20 30 30 20 30 30 20 30 30 20 30  00 00 00 00 00 0
1788e670  30 20 30 30 20 30 30 20 30 30 20 30 30 20 30 30  0 00 00 00 00 00
1788e680  20 30 30 20 30 30 20 20 2e 2e 2e 2e 2e 2e 2e 2e   00 00  ........
1788e690  2e 2e 2e 2e 2e 2e 2e 2e 0d 0a 31 37 38 39 30 30  ..........178900
1788e6a0  35 38 20 20 30 30 20 30 30 20 30 30 20 30 30 20  58  00 00 00 00 
1788e6b0  30 30 20 30 30 20 30 30 20 30 30 20 30 30 20 30  00 00 00 00 00 0
1788e6c0  30 20 30 30 20 30 30 20 30 30 20 30 30 20 30 30  0 00 00 00 00 00
1788e6d0  20 30 30 20 20 2e 2e 2e 2e 2e 2e 2e 2e 2e 2e 2e   00  ...........
1788e6e0  2e 2e 2e 2e 2e 0d 0a 31 37 38 39 30 30 36 38 20  .......17890068 
1788e6f0  20 30 30 20 30 30 20 30 30 20 30 30 20 30 30 20   00 00 00 00 00 
1788e700  30 30 20 30 30 20 30 30 20 30 30 20 30 30 20 30  00 00 00 00 00 0
1788e710  30 20 30 30 20 30 30 20 30 30 20 30 30 20 30 30  0 00 00 00 00 00
1788e720  20 20 2e 2e 2e 2e 2e 2e 2e 2e 2e 2e 2e 2e 2e 2e    ..............
1788e730  2e 2e 0d 0a 31 37 38 39 30 30 37 38 20 20 30 30  ....17890078  00
1788e740  20 30 30 20 30 30 20 30 30 20 30 30 20 30 30 20   00 00 00 00 00 
1788e750  30 30 20 30 30 20 30 30 20 30 30 20 30 30 20 30  00 00 00 00 00 0
1788e760  30 20 30 30 20 30 30 20 30 30 20 30 30 20 20 2e  0 00 00 00 00  .
1788e770  2e 2e 2e 2e 2e 2e 2e 2e 2e 2e 2e 2e 2e 2e 2e 0d  ................
1788e780  0a 31 37 38 39 30 30 38 38 20 20 30 30 20 30 30  .17890088  00 00
1788e790  20 30 30 20 30 30 20 30 30 20 30 30 20 30 30 20   00 00 00 00 00 
1788e7a0  30 30 20 30 30 20 30 30 20 30 30 20 30 30 20 30  00 00 00 00 00 0
1788e7b0  30 20 30 30 20 30 30 20 30 30 20 20 2e 2e 2e 2e  0 00 00 00  ....
1788e7c0  2e 2e 2e 2e 2e 2e 2e 2e 2e 2e 2e 2e 0d 0a 31 37  ..............17
1788e7d0  38 39 30 30 39 38 20 20 30 30 20 30 30 20 30 30  890098  00 00 00
1788e7e0  20 30 30 20 30 30 20 30 30 20 30 30 20 30 30 20   00 00 00 00 00 
1788e7f0  30 30 20 30 30 20 30 30 20 30 30 20 30 30 20 30  00 00 00 00 00 0
1788e800  30 20 30 30 20 30 30 20 20 2e 2e 2e 2e 2e 2e 2e  0 00 00  .......
1788e810  2e 2e 2e 2e 2e 2e 2e 2e 2e 0d 0a 31 37 38 39 30  ...........17890
1788e820  30 61 38 20 20 30 30 20 30 30 20 30 30 20 30 30  0a8  00 00 00 00
1788e830  20 30 30 20 30 30 20 30 30 20 30 30 20 30 30 20   00 00 00 00 00 
1788e840  30 30 20 30 30 20 30 30 20 30 30 20 30 30 20 30  00 00 00 00 00 0
1788e850  30 20 30 30 20 20 2e 2e 2e 2e 2e 2e 2e 2e 2e 2e  0 00  ..........
1788e860  2e 2e 2e 2e 2e 2e 0d 0a 31 37 38 39 30 30 62 38  ........178900b8
1788e870  20 20 30 30 20 30 30 20 30 30 20 30 30 20 30 30    00 00 00 00 00
1788e880  20 30 30 20 30 30 20 30 30 20 30 30 20 30 30 20   00 00 00 00 00 
1788e890  30 30 20 30 30 20 30 30 20 30 30 20 30 30 20 30  00 00 00 00 00 0
1788e8a0  30 20 20 2e 2e 2e 2e 2e 2e 2e 2e 2e 2e 2e 2e 2e  0  .............
1788e8b0  2e 2e 2e 0d 0a 31 37 38 39 30 30 63 38 20 20 30  .....178900c8  0

[BF] --- ASCII STRING SCAN (-512 to +1024) ---
[BF] STRING at 0x1788e3e2 (6 chars): "Yb_C)x"
[BF] STRING at 0x1788e4f0 (39 chars): " 00 00 00 0b 00 02 00  ................"
[BF] STRING at 0x1788e519 (63 chars): "17890008  70 d8 e2 16 66 05 69 77 30 09 a2 77 28 fe bd 16  p..."
[BF] STRING at 0x1788e566 (22 chars): "17890018  78 05 00 00 "
[BF] STRING at 0x1788e580 (16 chars): "3 da 16 00 00 00"
[BF] STRING at 0x1788e624 (39 chars): " 00 00 00 00 00 3d 6f  ..............=o"
[BF] STRING at 0x1788e64d (75 chars): "17890048  00 00 00 00 00 00 00 00 00 00 00 00 00 00 00 00  ................"
[BF] STRING at 0x1788e69a (75 chars): "17890058  00 00 00 00 00 00 00 00 00 00 00 00 00 00 00 00  ................"
[BF] STRING at 0x1788e6e7 (75 chars): "17890068  00 00 00 00 00 00 00 00 00 00 00 00 00 00 00 00  ................"
[BF] STRING at 0x1788e734 (75 chars): "17890078  00 00 00 00 00 00 00 00 00 00 00 00 00 00 00 00  ................"
[BF] STRING at 0x1788e781 (75 chars): "17890088  00 00 00 00 00 00 00 00 00 00 00 00 00 00 00 00  ................"
[BF] STRING at 0x1788e7ce (75 chars): "17890098  00 00 00 00 00 00 00 00 00 00 00 00 00 00 00 00  ................"
[BF] STRING at 0x1788e81b (75 chars): "178900a8  00 00 00 00 00 00 00 00 00 00 00 00 00 00 00 00  ................"
[BF] STRING at 0x1788e868 (75 chars): "178900b8  00 00 00 00 00 00 00 00 00 00 00 00 00 00 00 00  ................"
[BF] STRING at 0x1788e8b5 (75 chars): "178900c8  00 00 00 00 00 00 00 00 00 00 00 00 00 00 00 00  ................"
[BF] STRING at 0x1788e902 (75 chars): "178900d8  00 00 00 00 00 00 00 00 00 00 00 00 00 00 00 00  ................"
[BF] STRING at 0x1788e94f (75 chars): "178900e8  00 00 00 00 00 00 00 00 00 00 00 00 00 00 00 00  ................"
[BF] ===== END CONTEXT =====


[BF] ===== NEW BF_KEY CONTEXT: 0x1788e978 =====
[BF] Mode: ENCRYPT

[BF] --- P-ARRAY (18 entries, 8-byte stride) ---
[BF] P[0] = 0xdb298a75  (extra: 0x0000001d)
[BF] P[1] = 0x3c83ff0c  (extra: 0x00000002)
[BF] P[2] = 0x0dec4548  (extra: 0x00000002)
[BF] P[3] = 0xf8c273e0  (extra: 0x0000000b)
[BF] P[4] = 0x38a99512  (extra: 0x00000000)
[BF] P[5] = 0xfc7fcfc8  (extra: 0x00000001)
[BF] P[6] = 0x4e110080  (extra: 0x00000014)
[BF] P[7] = 0xf8c13f63  (extra: 0x00000010)
[BF] P[8] = 0x8523e092  (extra: 0x00000012)
[BF] P[9] = 0x8f496087  (extra: 0x00000012)
[BF] P[10] = 0x9fbc973b  (extra: 0x00000014)
[BF] P[11] = 0x22969a7b  (extra: 0x00000009)
[BF] P[12] = 0xb892fffa  (extra: 0x00000001)
[BF] P[13] = 0xf6d19ec7  (extra: 0x00000018)
[BF] P[14] = 0xf6c53add  (extra: 0x00000002)
[BF] P[15] = 0x5a66f96e  (extra: 0x00000004)
[BF] P[16] = 0x00000000  (extra: 0xe4cdaec3)
[BF] P[17] = 0xbee744f7  (extra: 0x2a000000)

[BF] --- MEMORY BEFORE BF_KEY (-512 bytes) ---
           0  1  2  3  4  5  6  7  8  9  A  B  C  D  E  F  0123456789ABCDEF
1788e778  00 00 00 00 00 00 00 00 00 00 00 00 00 00 00 00  ................
1788e788  00 00 00 00 00 00 00 00 00 00 00 00 00 00 00 00  ................
1788e798  00 00 00 00 00 00 00 00 00 00 00 00 00 00 00 00  ................
1788e7a8  00 00 00 00 00 00 00 00 36 00 00 00 75 00 00 00  ........6...u...
1788e7b8  5a 00 00 00 7a 00 00 00 00 00 00 00 00 00 00 00  Z...z...........
1788e7c8  00 00 00 00 00 00 00 00 00 00 00 00 00 00 00 00  ................
1788e7d8  00 00 00 00 00 00 00 00 00 00 00 00 00 00 00 00  ................
1788e7e8  00 00 00 00 00 00 00 00 00 00 00 00 00 00 00 00  ................
1788e7f8  00 00 00 00 00 00 00 00 01 00 00 00 00 00 00 00  ................
1788e808  00 00 00 00 00 00 00 00 85 a2 47 8e 58 ec b9 90  ..........G.X...
1788e818  fb 4a d1 4f 4a 98 0e b3 ff 03 00 00 8e 22 a7 77  .J.OJ........".w
1788e828  68 2b 11 02 7c 47 11 02 3c ee 88 17 df 10 24 01  h+..|G..<.....$.
1788e838  f5 00 00 00 ad a1 09 31 95 00 00 00 1d 92 38 49  .......1......8I
1788e848  6b 00 00 00 4a 00 00 00 97 00 00 00 f7 00 00 00  k...J...........
1788e858  bf 85 59 62 5f 43 29 78 b0 00 00 00 40 00 00 00  ..Yb_C)x....@...
1788e868  62 79 01 6a 0f 57 51 89 4c 00 00 00 e7 00 00 00  by.j.WQ.L.......
1788e878  34 a9 81 69 b0 61 44 bf 78 e9 88 17 52 00 00 00  4..i.aD.x...R...
1788e888  33 00 00 00 58 00 00 00 78 00 00 00 39 00 00 00  3...X...x...9...
1788e898  37 00 00 00 72 00 00 00 61 00 00 00 35 00 00 00  7...r...a...5...
1788e8a8  6a 00 00 00 38 00 00 00 44 00 00 00 36 00 00 00  j...8...D...6...
1788e8b8  75 00 00 00 5a 00 00 00 7a 00 00 00 75 8a 29 db  u...Z...z...u.).
1788e8c8  0c ff 83 3c 48 45 ec 0d e0 73 c2 f8 12 95 a9 38  ...<HE...s.....8
1788e8d8  c8 cf 7f fc 80 00 11 4e 63 3f c1 f8 92 e0 23 85  .......Nc?....#.
1788e8e8  87 60 49 8f 3b 97 bc 9f 3c 02 00 00 f2 ff ff ff  .`I.;...<.......
1788e8f8  68 74 b8 01 68 2b 11 02 7c 47 11 02 78 e9 88 17  ht..h+..|G..x...
1788e908  7c 47 11 02 f0 10 24 01 68 2b 11 02 7c 47 11 02  |G....$.h+..|G..
1788e918  3c ee 88 17 38 e9 88 17 00 00 00 00 78 e9 88 17  <...8.......x...
1788e928  7c 47 11 02 fc e9 88 17 16 02 00 00 50 df e2 16  |G..........P...
1788e938  8a 08 e5 01 fc e9 88 17 68 ee 88 17 c5 00 00 00  ........h.......
1788e948  78 e9 88 17 30 ee 88 17 64 e9 88 17 01 00 00 00  x...0...d.......
1788e958  68 2b 11 02 7c 47 11 02 00 00 00 00 00 00 00 00  h+..|G..........
1788e968  18 b0 0a 02 38 6a fe 30 7c 47 11 02 be 00 00 00  ....8j.0|G......

[BF] --- MEMORY AFTER P-ARRAY (+144 to +800) ---
           0  1  2  3  4  5  6  7  8  9  A  B  C  D  E  F  0123456789ABCDEF
1788ea08  00 00 00 a4 3d 33 0b 45 26 38 f1 59 90 5f 78 8c  ....=3.E&8.Y._x.
1788ea18  a9 64 b5 ba 7b 4a 19 cc ea 4f b6 76 ae 5f fd 60  .d..{J...O.v._.`
1788ea28  e0 31 0b b3 2d 62 fa b5 17 6f 9b fc a2 80 00 00  .1..-b...o......
1788ea38  00 30 37 43 35 42 34 43 38 45 31 38 36 41 38 39  .07C5B4C8E186A89
1788ea48  31 36 37 45 43 38 42 34 34 39 36 34 38 43 44 43  167EC8B449648CDC
1788ea58  33 39 39 34 38 34 39 39 45 32 35 45 37 46 35 33  39948499E25E7F53
1788ea68  32 36 42 34 37 38 45 42 39 41 34 39 32 45 39 42  26B478EB9A492E9B
1788ea78  36 46 33 30 44 31 43 46 35 34 42 46 32 45 44 38  6F30D1CF54BF2ED8
1788ea88  39 33 38 31 36 39 43 30 34 45 43 38 38 46 35 45  938169C04EC88F5E
1788ea98  44 35 43 42 31 43 41 34 36 33 42 45 45 43 31 31  D5CB1CA463BEEC11
1788eaa8  30 45 37 43 45 30 46 43 44 31 41 32 43 30 42 39  0E7CE0FCD1A2C0B9
1788eab8  43 54 51 43 6c 69 65 6e 74 00 00 00 00 00 00 00  CTQClient.......
1788eac8  00 00 00 00 00 00 00 00 00 00 00 00 00 00 00 00  ................
1788ead8  00 00 00 00 00 00 00 00 00 00 00 00 00 00 00 00  ................
1788eae8  00 00 00 00 00 00 00 00 00 00 00 00 00 00 00 00  ................
1788eaf8  00 00 00 00 00 00 00 00 00 00 00 00 00 00 00 00  ................
1788eb08  00 00 00 00 00 00 00 00 00 00 00 00 00 00 00 00  ................
1788eb18  00 00 00 00 00 00 00 00 00 00 00 00 00 00 00 00  ................
1788eb28  00 00 00 00 00 00 00 00 00 00 00 00 00 00 00 00  ................
1788eb38  00 00 00 00 00 00 00 00 00 00 00 00 00 00 00 00  ................
1788eb48  00 00 00 00 00 00 00 00 00 00 00 00 00 00 00 00  ................
1788eb58  00 00 00 00 00 00 00 00 00 00 00 00 00 00 00 00  ................
1788eb68  00 00 00 00 00 00 00 00 00 00 00 00 00 00 00 00  ................
1788eb78  00 00 00 00 00 00 00 00 00 00 00 00 00 00 00 00  ................
1788eb88  00 00 00 00 00 00 00 00 00 00 00 00 00 00 00 00  ................
1788eb98  00 00 00 00 00 00 00 00 00 00 00 00 00 00 00 00  ................
1788eba8  00 00 00 00 00 00 00 00 00 00 00 00 00 00 00 00  ................
1788ebb8  00 00 00 00 00 00 00 00 00 00 00 00 00 00 00 00  ................
1788ebc8  00 00 00 00 00 00 00 00 00 00 00 00 00 00 00 00  ................
1788ebd8  00 00 00 00 00 00 00 00 00 00 00 00 00 00 00 00  ................
1788ebe8  00 00 00 00 00 00 00 00 00 00 00 00 00 00 00 00  ................
1788ebf8  00 00 00 00 00 00 00 00 00 00 00 00 00 00 00 00  ................
1788ec08  00 00 00 00 00 00 00 00 00 00 00 00 00 00 00 00  ................
1788ec18  00 00 00 00 00 00 00 00 00 00 00 00 00 00 00 00  ................
1788ec28  00 00 00 00 00 00 00 00 00 00 00 00 00 00 00 00  ................
1788ec38  00 00 00 00 00 00 00 00 00 00 00 00 00 00 00 00  ................
1788ec48  00 00 00 00 00 00 00 00 00 00 00 00 00 00 00 00  ................
1788ec58  00 00 00 00 00 00 00 00 00 00 00 00 00 00 00 00  ................
1788ec68  00 00 00 00 00 00 00 00 00 00 00 00 00 00 00 00  ................
1788ec78  00 00 00 00 00 00 00 00 00 00 00 00 00 00 00 00  ................
1788ec88  00 00 00 00 00 00 00 00 00 00 00 00 00 00 00 00  ................

[BF] --- ASCII STRING SCAN (-512 to +1024) ---
[BF] STRING at 0x1788e85a (6 chars): "Yb_C)x"
[BF] STRING at 0x1788ea39 (136 chars): "07C5B4C8E186A89167EC8B449648CDC39948499E25E7F5326B478EB9A492E9B6F30D1CF54BF2ED8938169C04EC88F5ED5CB1CA463BEEC110E7CE0FCD1A2C0B9CTQClient"
[BF] ===== END CONTEXT =====

[HS] Returned: 3
[HS] *** HANDSHAKE COMPLETED (ret=3) ***
[HS] Scanning heap for P[0]=0xdb298a75...
[HS] Scanning from 0x1736e000:
[HS] Scan failed for 0x1736e000: Error: access violation accessing 0x1736e000
[HS] Scanning from 0x1736f000:
[HS] Scan failed for 0x1736f000: Error: access violation accessing 0x1736f000
[HS] ===== HANDSHAKE #2 ENDED =====


[BF] ===== NEW BF_KEY CONTEXT: 0x21147bc =====
[BF] Mode: ENCRYPT

[BF] --- P-ARRAY (18 entries, 8-byte stride) ---
[BF] P[0] = 0x3cc13908  (extra: 0x0000000a)
[BF] P[1] = 0x2743f1f6  (extra: 0x00000004)
[BF] P[2] = 0x93005aa2  (extra: 0x0000000c)
[BF] P[3] = 0x746272db  (extra: 0x0000000e)
[BF] P[4] = 0xbc969ebc  (extra: 0x00000009)
[BF] P[5] = 0xbec29f11  (extra: 0x0000000c)
[BF] P[6] = 0xa09da94c  (extra: 0x00000019)
[BF] P[7] = 0x7caff94f  (extra: 0x00000010)
[BF] P[8] = 0xa196ec63  (extra: 0x00000007)
[BF] P[9] = 0xd213fee7  (extra: 0x0000000d)
[BF] P[10] = 0x2db9c838  (extra: 0x00000012)
[BF] P[11] = 0x187e1363  (extra: 0x00000005)
[BF] P[12] = 0x268d0260  (extra: 0x00000011)
[BF] P[13] = 0x8a08e7c1  (extra: 0x00000018)
[BF] P[14] = 0x0287e0bc  (extra: 0x00000001)
[BF] P[15] = 0xac68f8bf  (extra: 0x00000015)
[BF] P[16] = 0x00000000  (extra: 0x0000000c)
[BF] P[17] = 0x00000000  (extra: 0x8664d2e6)

[BF] --- MEMORY BEFORE BF_KEY (-512 bytes) ---
           0  1  2  3  4  5  6  7  8  9  A  B  C  D  E  F  0123456789ABCDEF
021145bc  00 00 00 00 00 00 00 00 00 00 00 00 00 00 00 00  ................
021145cc  00 00 00 00 00 00 00 00 00 00 00 00 00 00 00 00  ................
021145dc  00 00 00 00 00 00 00 00 00 00 00 00 00 00 00 00  ................
021145ec  00 00 00 00 00 00 00 00 00 00 00 00 00 00 00 00  ................
021145fc  00 00 00 00 00 00 00 00 00 00 00 00 00 00 00 00  ................
0211460c  00 00 00 00 00 00 00 00 00 00 00 00 00 00 00 00  ................
0211461c  00 00 00 00 00 00 00 00 00 00 00 00 00 00 00 00  ................
0211462c  00 00 00 00 00 00 00 00 00 00 00 00 00 00 00 00  ................
0211463c  00 00 00 00 00 00 00 00 00 00 00 00 00 00 00 00  ................
0211464c  00 00 00 00 00 00 00 00 00 00 00 00 00 00 00 00  ................
0211465c  00 00 00 00 00 00 00 00 00 00 00 00 00 00 00 00  ................
0211466c  00 00 00 00 00 00 00 00 00 00 00 00 00 00 00 00  ................
0211467c  00 00 00 00 00 00 00 00 00 00 00 00 00 00 00 00  ................
0211468c  00 00 00 00 00 00 00 00 00 00 00 00 00 00 00 00  ................
0211469c  00 00 00 00 00 00 00 00 00 00 00 00 00 00 00 00  ................
021146ac  00 00 00 00 00 00 00 00 00 00 00 00 00 00 00 00  ................
021146bc  00 00 00 00 00 00 00 00 00 00 00 00 00 00 00 00  ................
021146cc  00 00 00 00 00 00 00 00 00 00 00 00 00 00 00 00  ................
021146dc  00 00 00 00 00 00 00 00 00 00 00 00 00 00 00 00  ................
021146ec  00 00 00 00 00 00 00 00 00 00 00 00 00 00 00 00  ................
021146fc  00 00 00 00 00 00 00 00 00 00 00 00 00 00 00 00  ................
0211470c  00 00 00 00 00 00 00 00 00 00 00 00 00 00 00 00  ................
0211471c  00 00 00 00 00 00 00 00 00 00 00 00 00 00 00 00  ................
0211472c  00 00 00 00 00 00 00 00 00 00 00 00 00 00 00 00  ................
0211473c  00 00 00 00 00 00 00 00 00 00 00 00 00 00 00 00  ................
0211474c  00 00 00 00 00 00 00 00 00 00 00 00 00 00 00 00  ................
0211475c  00 00 00 00 00 00 00 00 00 00 00 00 00 00 00 00  ................
0211476c  00 00 00 00 02 00 00 00 00 00 00 00 e0 13 11 02  ................
0211477c  28 6c b9 2d 00 00 00 00 00 00 00 00 01 f6 c2 ff  (l.-............
0211478c  a3 f5 63 92 dc e5 ca 63 03 ca f0 b0 24 52 33 58  ..c....c....$R3X
0211479c  78 39 37 72 61 35 69 38 44 36 75 5a 7a 00 00 00  x97ra5i8D6uZz...
021147ac  00 00 00 00 00 00 00 00 00 00 00 00 00 00 00 00  ................

[BF] --- MEMORY AFTER P-ARRAY (+144 to +800) ---
           0  1  2  3  4  5  6  7  8  9  A  B  C  D  E  F  0123456789ABCDEF
0211484c  aa ce 00 fa 5e 6a 0c 8e e2 26 68 22 56 02 34 f6  ....^j...&h"V.4.
0211485c  9a fe 50 ea ce 9a dc fe d2 d6 b8 12 c6 b2 c4 66  ..P............f
0211486c  8a ae 60 da 3e ca 6c 6e c2 86 c8 02 36 e2 94 d6  ..`.>.ln....6...
0211487c  7a 5e b0 ca ae 7a 3c de b2 b6 18 f2 a6 12 24 46  z^...z<.......$F
0211488c  6a 0e c0 ba 1e aa cc 4e a2 66 28 e2 16 42 f4 b6  j......N.f(..B..
0211489c  5a 3e 10 aa 8e da 9c be 92 16 78 d2 86 f2 84 26  Z>........x....&
021148ac  4a ee 20 9a fe 0a 2c 2e 82 c6 88 c2 f6 22 54 96  J. ...,......"T.
021148bc  3a 9e 70 8a 6e ba fc 9e 72 f6 d8 b2 66 52 e4 06  :.p.n...r...fR..
021148cc  2a 4e 80 7a de ea 8c 0e 62 a6 e8 a2 d6 82 b4 76  *N.z....b......v
021148dc  1a 7e d0 6a 4e 1a 5c 7e 52 56 38 92 46 32 44 e6  .~.jN.\~RV8.F2D.
021148ec  0a 2e e0 5a be 4a ec ee 42 06 48 82 b6 62 14 56  ...Z.J..B.H..b.V
021148fc  fa de 30 4a 2e fa bc 5e 32 36 98 72 26 92 a4 c6  ..0J...^26.r&...
0211490c  ea 8e 40 3a 9e 2a 4c ce 22 e6 a8 62 96 c2 74 36  ..@:.*L."..b..t6
0211491c  da be 90 2a 0e 5a 1c 3e 12 96 f8 52 06 72 04 a6  ...*.Z.>...R.r..
0211492c  ca 6e a0 1a 7e 8a ac ae 02 46 08 42 76 a2 d4 16  .n..~....F.Bv...
0211493c  ba 1e f0 0a ee 3a 7c 1e f2 76 58 32 7b e8 d5 86  .....:|..vX2{...
0211494c  c7 4c 39 02 03 60 dd de 0f 44 41 da cb 98 e5 16  .L9..`...DA.....
0211495c  57 7c c9 92 93 10 ed 2e 9f 74 51 2a 5b 88 f5 66  W|.......tQ*[..f
0211496c  a7 6c d9 e2 e3 00 fd be ef 64 61 ba ab b8 85 f6  .l.......da.....
0211497c  37 1c e9 72 73 30 8d 0e 7f 14 71 0a 3b a8 95 46  7..rs0....q.;..F
0211498c  87 0c f9 c2 c3 20 9d 9e cf 04 01 9a 8b 58 a5 d6  ..... .......X..
0211499c  17 3c 89 52 53 d0 ad ee 5f 34 11 ea 1b 48 b5 26  .<.RS..._4...H.&
021149ac  67 2c 99 a2 a3 c0 bd 7e af 24 21 7a 6b 78 45 b6  g,.....~.$!zkxE.
021149bc  f7 dc a9 32 33 f0 4d ce 3f d4 31 ca fb 68 55 06  ...23.M.?.1..hU.
021149cc  47 cc b9 82 83 e0 5d 5e 8f c4 c1 5a 4b 18 65 96  G.....]^...ZK.e.
021149dc  d7 fc 49 12 13 90 6d ae 1f f4 d1 aa db 08 75 e6  ..I...m.......u.
021149ec  27 ec 59 62 63 80 7d 3e 6f e4 e1 3a 2b 38 05 76  '.Ybc.}>o..:+8.v
021149fc  b7 9c 69 f2 f3 b0 0d 8e ff 94 f1 8a bb 28 15 c6  ..i..........(..
02114a0c  07 8c 79 42 43 a0 1d 1e 4f 84 81 1a 0b d8 25 56  ..yBC...O.....%V
02114a1c  97 bc 09 d2 d3 50 2d 6e df b4 91 6a 9b c8 35 a6  .....P-n...j..5.
02114a2c  e7 ac 19 22 23 40 3d fe 2f a4 a1 fa eb f8 c5 36  ..."#@=./......6
02114a3c  77 5c 29 b2 b3 70 cd 4e bf 54 b1 4a 00 00 00 00  w\)..p.N.T.J....
02114a4c  00 00 00 00 9d 90 83 8a d1 8c e7 f6 25 28 eb 82  ............%(..
02114a5c  99 64 8f 2e 2d 40 d3 fa e1 bc b7 e6 b5 d8 3b f2  .d..-@........;.
02114a6c  a9 94 5f 1e bd f0 23 6a f1 ec 87 d6 45 88 8b 62  .._...#j....E..b
02114a7c  b9 c4 2f 0e 4d a0 73 da 01 1c 57 c6 d5 38 db d2  ../.M.s...W..8..
02114a8c  c9 f4 ff fe dd 50 c3 4a 11 4c 27 b6 65 e8 2b 42  .....P.J.L'.e.+B
02114a9c  d9 24 cf ee 6d 00 13 ba 21 7c f7 a6 f5 98 7b b2  .$..m...!|....{.
02114aac  e9 54 9f de fd b0 63 2a 31 ac c7 96 85 48 cb 22  .T....c*1....H."
02114abc  f9 84 6f ce 8d 60 b3 9a 41 dc 97 86 15 f8 1b 92  ..o..`..A.......
02114acc  09 b4 3f be 1d 10 03 0a 51 0c 67 76 a5 a8 6b 02  ..?.....Q.gv..k.

[BF] --- ASCII STRING SCAN (-512 to +1024) ---
[BF] STRING at 0x2114798 (17 chars): "$R3Xx97ra5i8D6uZz"
[BF] STRING at 0x21149b5 (6 chars): "$!zkxE"
[BF] STRING at 0x2114ae2 (8 chars): "Sza<7f5X"
[BF] ===== END CONTEXT =====

