[*] Frida v14 — Module Map & Address Resolver — 2026-03-31T04:12:23.580Z
================================================================================

[MODULES] All loaded modules:
--------------------------------------------------------------------------------
[MODULE]   1  base=0x400000  end=0x1ef3000  size=0x01af3000  name=Conquer.exe  path=F:\TQ\Env_dx9\Conquer.exe
[MODULE]   2  base=0x2670000  end=0x2c27000  size=0x005b7000  name=graphic.dll  path=F:\TQ\Env_dx9\graphic.dll
[MODULE]   3  base=0x2c30000  end=0x2cae000  size=0x0007e000  name=Role3D.dll  path=F:\TQ\Env_dx9\Role3D.dll
[MODULE]   4  base=0x2cb0000  end=0x2d75000  size=0x000c5000  name=GraphicData.dll  path=F:\TQ\Env_dx9\GraphicData.dll
[MODULE]   5  base=0x2d90000  end=0x2dcb000  size=0x0003b000  name=TqPackage.dll  path=F:\TQ\Env_dx9\TqPackage.dll
[MODULE]   6  base=0x2dd0000  end=0x3a51000  size=0x00c81000  name=DataThread.dll  path=F:\TQ\Env_dx9\DataThread.dll
[MODULE]   7  base=0x5d20000  end=0x5d34000  size=0x00014000  name=Assist.dll  path=F:\TQ\Assist.dll
[MODULE]   8  base=0x5d50000  end=0x5d69000  size=0x00019000  name=OpenAL32.dll  path=F:\TQ\OpenAL32.dll
[MODULE]   9  base=0x6a40000  end=0x6e98000  size=0x00458000  name=wrap_oal.dll  path=F:\TQ\wrap_oal.dll
[MODULE]  10  base=0x7ac0000  end=0x7af3000  size=0x00033000  name=TqPackageWdf.dll  path=F:\TQ\Env_dx9\TqPackageWdf.dll
[MODULE]  11  base=0x10000000  end=0x1004c000  size=0x0004c000  name=GameData.dll  path=F:\TQ\Env_dx9\GameData.dll
[MODULE]  12  base=0x57970000  end=0x58ff8000  size=0x01688000  name=C3Video.dll  path=F:\TQ\C3Video.dll
[MODULE]  13  base=0x59000000  end=0x5c0de000  size=0x030de000  name=libcef.dll  path=F:\TQ\Chrome\libcef.dll
[MODULE]  14  base=0x5c0e0000  end=0x5c1e3000  size=0x00103000  name=textinputframework.dll  path=C:\WINDOWS\SYSTEM32\textinputframework.dll
[MODULE]  15  base=0x5c1f0000  end=0x5c302000  size=0x00112000  name=TqNDProtect.dll  path=F:\TQ\Env_dx9\TqNDProtect.dll
[MODULE]  16  base=0x5c310000  end=0x5c320000  size=0x00010000  name=resourcepolicyclient.dll  path=C:\WINDOWS\SYSTEM32\resourcepolicyclient.dll
[MODULE]  17  base=0x5c330000  end=0x5c3ca000  size=0x0009a000  name=ResampleDmo.DLL  path=C:\WINDOWS\SYSTEM32\ResampleDmo.DLL
[MODULE]  18  base=0x5c3d0000  end=0x5c446000  size=0x00076000  name=dsound.dll  path=C:\WINDOWS\SYSTEM32\dsound.dll
[MODULE]  19  base=0x5c450000  end=0x5d593000  size=0x01143000  name=ndac.dll  path=F:\TQ\ndac.dll
[MODULE]  20  base=0x5d5a0000  end=0x5d713000  size=0x00173000  name=inputhost.dll  path=C:\WINDOWS\SYSTEM32\inputhost.dll
[MODULE]  21  base=0x5d720000  end=0x5e728000  size=0x01008000  name=license.dll  path=F:\TQ\Env_dx9\license.dll
[MODULE]  22  base=0x5e730000  end=0x5e92f000  size=0x001ff000  name=d3dx9_43.dll  path=F:\TQ\Env_dx9\d3dx9_43.dll
[MODULE]  23  base=0x5e930000  end=0x5edbd000  size=0x0048d000  name=mfc140.dll  path=F:\TQ\Env_dx9\mfc140.dll
[MODULE]  24  base=0x5ee30000  end=0x5f059000  size=0x00229000  name=COMCTL32.dll  path=C:\WINDOWS\WinSxS\x86_microsoft.windows.common-controls_6595b64144ccf1df_6.0.26100.8037_none_85b66681f7afde41\COMCTL32.dll
[MODULE]  25  base=0x5f060000  end=0x5f13d000  size=0x000dd000  name=CoreMessaging.dll  path=C:\WINDOWS\SYSTEM32\CoreMessaging.dll
[MODULE]  26  base=0x5f290000  end=0x5f335000  size=0x000a5000  name=TextShaping.dll  path=C:\WINDOWS\SYSTEM32\TextShaping.dll
[MODULE]  27  base=0x5f340000  end=0x5f4a8000  size=0x00168000  name=libcef_dll_wrapper.dll  path=F:\TQ\Chrome\libcef_dll_wrapper.dll
[MODULE]  28  base=0x5f4b0000  end=0x63126000  size=0x03c76000  name=nvd3dum.dll  path=C:\WINDOWS\System32\DriverStore\FileRepository\nv_dispi.inf_amd64_adc55ecfca814224\nvd3dum.dll
[MODULE]  29  base=0x63130000  end=0x63159000  size=0x00029000  name=ntmarta.dll  path=C:\WINDOWS\SYSTEM32\ntmarta.dll
[MODULE]  30  base=0x63530000  end=0x63754000  size=0x00224000  name=WININET.dll  path=C:\WINDOWS\SYSTEM32\WININET.dll
[MODULE]  31  base=0x637a0000  end=0x637a9000  size=0x00009000  name=fltlib.dll  path=C:\WINDOWS\SYSTEM32\fltlib.dll
[MODULE]  32  base=0x637b0000  end=0x637ca000  size=0x0001a000  name=MSACM32.dll  path=C:\WINDOWS\SYSTEM32\MSACM32.dll
[MODULE]  33  base=0x637d0000  end=0x637eb000  size=0x0001b000  name=wdmaud2.drv  path=C:\WINDOWS\SYSTEM32\wdmaud2.drv
[MODULE]  34  base=0x637f0000  end=0x6382d000  size=0x0003d000  name=wdmaud.drv  path=C:\WINDOWS\SYSTEM32\wdmaud.drv
[MODULE]  35  base=0x63830000  end=0x6386e000  size=0x0003e000  name=WordsCheck.dll  path=F:\TQ\WordsCheck.dll
[MODULE]  36  base=0x63870000  end=0x638f8000  size=0x00088000  name=NdResUpdate.dll  path=F:\TQ\Env_dx9\NdResUpdate.dll
[MODULE]  37  base=0x63900000  end=0x6392f000  size=0x0002f000  name=dbgcore.DLL  path=C:\WINDOWS\SYSTEM32\dbgcore.DLL
[MODULE]  38  base=0x63940000  end=0x639ab000  size=0x0006b000  name=ExtendGraphic.dll  path=F:\TQ\Env_dx9\ExtendGraphic.dll
[MODULE]  39  base=0x639b0000  end=0x63b90000  size=0x001e0000  name=dbghelp.dll  path=C:\WINDOWS\SYSTEM32\dbghelp.dll
[MODULE]  40  base=0x63ba0000  end=0x63c0f000  size=0x0006f000  name=MSVCP140.dll  path=F:\TQ\Env_dx9\MSVCP140.dll
[MODULE]  41  base=0x63d20000  end=0x63e60000  size=0x00140000  name=nvppe.dll  path=C:\WINDOWS\System32\DriverStore\FileRepository\nv_dispi.inf_amd64_adc55ecfca814224\nvppe.dll
[MODULE]  42  base=0x63ef0000  end=0x63f16000  size=0x00026000  name=winmmbase.dll  path=C:\WINDOWS\SYSTEM32\winmmbase.dll
[MODULE]  43  base=0x63f20000  end=0x63f37000  size=0x00017000  name=USP10.dll  path=C:\WINDOWS\SYSTEM32\USP10.dll
[MODULE]  44  base=0x63f60000  end=0x63f73000  size=0x00013000  name=VCRUNTIME140.dll  path=F:\TQ\Env_dx9\VCRUNTIME140.dll
[MODULE]  45  base=0x63f80000  end=0x63f9d000  size=0x0001d000  name=AloneFace.dll  path=F:\TQ\Env_dx9\AloneFace.dll
[MODULE]  46  base=0x64070000  end=0x64186000  size=0x00116000  name=nvspcap.dll  path=C:\WINDOWS\system32\nvspcap.dll
[MODULE]  47  base=0x65ae0000  end=0x69973000  size=0x03e93000  name=nvgpucomp32.dll  path=C:\WINDOWS\System32\DriverStore\FileRepository\nv_dispi.inf_amd64_adc55ecfca814224\nvgpucomp32.dll
[MODULE]  48  base=0x6ba30000  end=0x6ba38000  size=0x00008000  name=midimap.dll  path=C:\WINDOWS\SYSTEM32\midimap.dll
[MODULE]  49  base=0x6ba60000  end=0x6baf1000  size=0x00091000  name=COMCTL32.dll  path=C:\WINDOWS\WinSxS\x86_microsoft.windows.common-controls_6595b64144ccf1df_5.82.26100.8037_none_cf98fbe08eabc758\COMCTL32.dll
[MODULE]  50  base=0x6bb50000  end=0x6bba5000  size=0x00055000  name=powrprof.dll  path=C:\WINDOWS\SYSTEM32\powrprof.dll
[MODULE]  51  base=0x6bc20000  end=0x6bd01000  size=0x000e1000  name=WINHTTP.dll  path=C:\WINDOWS\SYSTEM32\WINHTTP.dll
[MODULE]  52  base=0x6be20000  end=0x6be2e000  size=0x0000e000  name=UMPDC.dll  path=C:\WINDOWS\SYSTEM32\UMPDC.dll
[MODULE]  53  base=0x6be40000  end=0x6be58000  size=0x00018000  name=C3Browser.dll  path=F:\TQ\Env_dx9\C3Browser.dll
[MODULE]  54  base=0x6be60000  end=0x6be98000  size=0x00038000  name=DINPUT8.dll  path=C:\WINDOWS\SYSTEM32\DINPUT8.dll
[MODULE]  55  base=0x6c420000  end=0x6c42b000  size=0x0000b000  name=msacm32.drv  path=C:\WINDOWS\SYSTEM32\msacm32.drv
[MODULE]  56  base=0x6c480000  end=0x6c48e000  size=0x0000e000  name=msasn1.dll  path=C:\WINDOWS\SYSTEM32\msasn1.dll
[MODULE]  57  base=0x6c4a0000  end=0x6c4aa000  size=0x0000a000  name=Secur32.dll  path=C:\WINDOWS\SYSTEM32\Secur32.dll
[MODULE]  58  base=0x6c4b0000  end=0x6c4bb000  size=0x0000b000  name=WINNSI.DLL  path=C:\WINDOWS\SYSTEM32\WINNSI.DLL
[MODULE]  59  base=0x6c4c0000  end=0x6c4dc000  size=0x0001c000  name=dhcpcsvc.DLL  path=C:\WINDOWS\SYSTEM32\dhcpcsvc.DLL
[MODULE]  60  base=0x6c520000  end=0x6c538000  size=0x00018000  name=ondemandconnroutehelper.dll  path=C:\WINDOWS\SYSTEM32\ondemandconnroutehelper.dll
[MODULE]  61  base=0x6cbd0000  end=0x6ccdd000  size=0x0010d000  name=Windows.UI.dll  path=C:\Windows\System32\Windows.UI.dll
[MODULE]  62  base=0x6cd00000  end=0x6cd27000  size=0x00027000  name=gpapi.dll  path=C:\WINDOWS\SYSTEM32\gpapi.dll
[MODULE]  63  base=0x6cd30000  end=0x6cd45000  size=0x00015000  name=NETAPI32.dll  path=C:\WINDOWS\SYSTEM32\NETAPI32.dll
[MODULE]  64  base=0x6cd70000  end=0x6cd79000  size=0x00009000  name=AVRT.dll  path=C:\WINDOWS\SYSTEM32\AVRT.dll
[MODULE]  65  base=0x6ce70000  end=0x6cfdd000  size=0x0016d000  name=AUDIOSES.DLL  path=C:\WINDOWS\SYSTEM32\AUDIOSES.DLL
[MODULE]  66  base=0x6cfe0000  end=0x6d188000  size=0x001a8000  name=MFPlat.DLL  path=C:\WINDOWS\SYSTEM32\MFPlat.DLL
[MODULE]  67  base=0x6d600000  end=0x6d609000  size=0x00009000  name=msdmo.dll  path=C:\WINDOWS\SYSTEM32\msdmo.dll
[MODULE]  68  base=0x6dc60000  end=0x6dc91000  size=0x00031000  name=RTWorkQ.DLL  path=C:\WINDOWS\SYSTEM32\RTWorkQ.DLL
[MODULE]  69  base=0x6deb0000  end=0x6df2e000  size=0x0007e000  name=MMDevAPI.DLL  path=C:\WINDOWS\SYSTEM32\MMDevAPI.DLL
[MODULE]  70  base=0x6e850000  end=0x6e8d9000  size=0x00089000  name=WINSPOOL.DRV  path=C:\WINDOWS\SYSTEM32\WINSPOOL.DRV
[MODULE]  71  base=0x6e8e0000  end=0x6e96b000  size=0x0008b000  name=MpOav.dll  path=C:\ProgramData\Microsoft\Windows Defender\Platform\4.18.26020.6-0\X86\MpOav.dll
[MODULE]  72  base=0x6ebc0000  end=0x6ec40000  size=0x00080000  name=UxTheme.dll  path=C:\WINDOWS\SYSTEM32\UxTheme.dll
[MODULE]  73  base=0x6ec70000  end=0x6eccb000  size=0x0005b000  name=OLEACC.dll  path=C:\WINDOWS\SYSTEM32\OLEACC.dll
[MODULE]  74  base=0x6ecd0000  end=0x6ecdb000  size=0x0000b000  name=HID.DLL  path=C:\WINDOWS\SYSTEM32\HID.DLL
[MODULE]  75  base=0x6ed90000  end=0x6edaf000  size=0x0001f000  name=WTSAPI32.dll  path=C:\WINDOWS\SYSTEM32\WTSAPI32.dll
[MODULE]  76  base=0x6edc0000  end=0x6ee0f000  size=0x0004f000  name=directxdatabasehelper.dll  path=C:\WINDOWS\SYSTEM32\directxdatabasehelper.dll
[MODULE]  77  base=0x6ee20000  end=0x6ee53000  size=0x00033000  name=WINMM.dll  path=C:\WINDOWS\SYSTEM32\WINMM.dll
[MODULE]  78  base=0x6ee60000  end=0x6ef4d000  size=0x000ed000  name=NvMemMapStorage.dll  path=C:\WINDOWS\System32\DriverStore\FileRepository\nv_dispi.inf_amd64_adc55ecfca814224\NvMemMapStorage.dll
[MODULE]  79  base=0x6ef50000  end=0x6f079000  size=0x00129000  name=drvstore.dll  path=C:\WINDOWS\SYSTEM32\drvstore.dll
[MODULE]  80  base=0x6f080000  end=0x6f0ab000  size=0x0002b000  name=cryptnet.dll  path=C:\WINDOWS\SYSTEM32\cryptnet.dll
[MODULE]  81  base=0x6f0b0000  end=0x6f14c000  size=0x0009c000  name=nvldumd.dll  path=C:\WINDOWS\System32\DriverStore\FileRepository\nv_dispi.inf_amd64_adc55ecfca814224\nvldumd.dll
[MODULE]  82  base=0x6f1b0000  end=0x6f32a000  size=0x0017a000  name=d3d9.dll  path=C:\WINDOWS\SYSTEM32\d3d9.dll
[MODULE]  83  base=0x6f330000  end=0x6f366000  size=0x00036000  name=dxcore.dll  path=C:\WINDOWS\SYSTEM32\dxcore.dll
[MODULE]  84  base=0x6f370000  end=0x6f395000  size=0x00025000  name=dwmapi.dll  path=C:\WINDOWS\SYSTEM32\dwmapi.dll
[MODULE]  85  base=0x6f5c0000  end=0x6f5d9000  size=0x00019000  name=mpr.dll  path=C:\WINDOWS\SYSTEM32\mpr.dll
[MODULE]  86  base=0x6f600000  end=0x6f65a000  size=0x0005a000  name=wldp.dll  path=C:\WINDOWS\SYSTEM32\wldp.dll
[MODULE]  87  base=0x6f680000  end=0x6f6ab000  size=0x0002b000  name=SspiCli.dll  path=C:\WINDOWS\SYSTEM32\SspiCli.dll
[MODULE]  88  base=0x6f6e0000  end=0x6f6eb000  size=0x0000b000  name=netutils.dll  path=C:\WINDOWS\SYSTEM32\netutils.dll
[MODULE]  89  base=0x6f6f0000  end=0x6f70e000  size=0x0001e000  name=srvcli.dll  path=C:\WINDOWS\SYSTEM32\srvcli.dll
[MODULE]  90  base=0x6f720000  end=0x6f961000  size=0x00241000  name=iertutil.dll  path=C:\WINDOWS\SYSTEM32\iertutil.dll
[MODULE]  91  base=0x6f970000  end=0x6fb19000  size=0x001a9000  name=urlmon.dll  path=C:\WINDOWS\SYSTEM32\urlmon.dll
[MODULE]  92  base=0x6fbe0000  end=0x6fc42000  size=0x00062000  name=fwpuclnt.dll  path=C:\WINDOWS\System32\fwpuclnt.dll
[MODULE]  93  base=0x6fc50000  end=0x6fc58000  size=0x00008000  name=rasadhlp.dll  path=C:\Windows\System32\rasadhlp.dll
[MODULE]  94  base=0x6fc60000  end=0x6fc87000  size=0x00027000  name=Iphlpapi.dll  path=C:\WINDOWS\SYSTEM32\Iphlpapi.dll
[MODULE]  95  base=0x6fc90000  end=0x6fd74000  size=0x000e4000  name=DNSAPI.dll  path=C:\WINDOWS\SYSTEM32\DNSAPI.dll
[MODULE]  96  base=0x71550000  end=0x7156c000  size=0x0001c000  name=bcrypt.dll  path=C:\WINDOWS\SYSTEM32\bcrypt.dll
[MODULE]  97  base=0x71fb0000  end=0x71fd8000  size=0x00028000  name=USERENV.dll  path=C:\WINDOWS\SYSTEM32\USERENV.dll
[MODULE]  98  base=0x72a80000  end=0x72a95000  size=0x00015000  name=amsi.dll  path=C:\WINDOWS\SYSTEM32\amsi.dll
[MODULE]  99  base=0x72aa0000  end=0x72b6c000  size=0x000cc000  name=fastprox.dll  path=C:\WINDOWS\system32\wbem\fastprox.dll
[MODULE] 100  base=0x72c50000  end=0x72c61000  size=0x00011000  name=wbemsvc.dll  path=C:\WINDOWS\system32\wbem\wbemsvc.dll
[MODULE] 101  base=0x741a0000  end=0x74209000  size=0x00069000  name=wbemcomn.dll  path=C:\WINDOWS\SYSTEM32\wbemcomn.dll
[MODULE] 102  base=0x74210000  end=0x7421d000  size=0x0000d000  name=wbemprox.dll  path=C:\WINDOWS\system32\wbem\wbemprox.dll
[MODULE] 103  base=0x74300000  end=0x74324000  size=0x00024000  name=DEVOBJ.dll  path=C:\WINDOWS\SYSTEM32\DEVOBJ.dll
[MODULE] 104  base=0x74330000  end=0x7434d000  size=0x0001d000  name=profapi.dll  path=C:\WINDOWS\SYSTEM32\profapi.dll
[MODULE] 105  base=0x74350000  end=0x7435a000  size=0x0000a000  name=CRYPTBASE.DLL  path=C:\WINDOWS\SYSTEM32\CRYPTBASE.DLL
[MODULE] 106  base=0x74360000  end=0x74392000  size=0x00032000  name=rsaenh.dll  path=C:\WINDOWS\system32\rsaenh.dll
[MODULE] 107  base=0x743a0000  end=0x743b4000  size=0x00014000  name=CRYPTSP.dll  path=C:\WINDOWS\SYSTEM32\CRYPTSP.dll
[MODULE] 108  base=0x74b80000  end=0x74b88000  size=0x00008000  name=VERSION.dll  path=C:\WINDOWS\SYSTEM32\VERSION.dll
[MODULE] 109  base=0x74b90000  end=0x74ba5000  size=0x00015000  name=kernel.appcore.dll  path=C:\WINDOWS\SYSTEM32\kernel.appcore.dll
[MODULE] 110  base=0x74bb0000  end=0x74bf3000  size=0x00043000  name=cfgmgr32.dll  path=C:\WINDOWS\SYSTEM32\cfgmgr32.dll
[MODULE] 111  base=0x74c00000  end=0x74c54000  size=0x00054000  name=mswsock.dll  path=C:\WINDOWS\system32\mswsock.dll
[MODULE] 112  base=0x74d50000  end=0x74e22000  size=0x000d2000  name=shcore.dll  path=C:\WINDOWS\System32\shcore.dll
[MODULE] 113  base=0x74ea0000  end=0x75069000  size=0x001c9000  name=USER32.dll  path=C:\WINDOWS\System32\USER32.dll
[MODULE] 114  base=0x75070000  end=0x750d7000  size=0x00067000  name=wintrust.dll  path=C:\WINDOWS\System32\wintrust.dll
[MODULE] 115  base=0x750e0000  end=0x75165000  size=0x00085000  name=ADVAPI32.dll  path=C:\WINDOWS\System32\ADVAPI32.dll
[MODULE] 116  base=0x75170000  end=0x75854000  size=0x006e4000  name=Windows.Storage.dll  path=C:\WINDOWS\System32\Windows.Storage.dll
[MODULE] 117  base=0x75900000  end=0x75906000  size=0x00006000  name=PSAPI.DLL  path=C:\WINDOWS\System32\PSAPI.DLL
[MODULE] 118  base=0x75910000  end=0x75f46000  size=0x00636000  name=SHELL32.dll  path=C:\WINDOWS\System32\SHELL32.dll
[MODULE] 119  base=0x75f50000  end=0x76017000  size=0x000c7000  name=msvcrt.dll  path=C:\WINDOWS\System32\msvcrt.dll
[MODULE] 120  base=0x76020000  end=0x760a6000  size=0x00086000  name=clbcatq.dll  path=C:\WINDOWS\System32\clbcatq.dll
[MODULE] 121  base=0x760b0000  end=0x7614f000  size=0x0009f000  name=OLEAUT32.dll  path=C:\WINDOWS\System32\OLEAUT32.dll
[MODULE] 122  base=0x76160000  end=0x761e5000  size=0x00085000  name=msvcp_win.dll  path=C:\WINDOWS\System32\msvcp_win.dll
[MODULE] 123  base=0x761f0000  end=0x762e0000  size=0x000f0000  name=KERNEL32.DLL  path=C:\WINDOWS\System32\KERNEL32.DLL
[MODULE] 124  base=0x762f0000  end=0x76582000  size=0x00292000  name=combase.dll  path=C:\WINDOWS\System32\combase.dll
[MODULE] 125  base=0x76590000  end=0x765aa000  size=0x0001a000  name=win32u.dll  path=C:\WINDOWS\System32\win32u.dll
[MODULE] 126  base=0x76620000  end=0x76a71000  size=0x00451000  name=SETUPAPI.DLL  path=C:\WINDOWS\System32\SETUPAPI.DLL
[MODULE] 127  base=0x76a80000  end=0x76bd1000  size=0x00151000  name=ole32.dll  path=C:\WINDOWS\System32\ole32.dll
[MODULE] 128  base=0x76be0000  end=0x76c02000  size=0x00022000  name=GDI32.dll  path=C:\WINDOWS\System32\GDI32.dll
[MODULE] 129  base=0x76c10000  end=0x76d20000  size=0x00110000  name=ucrtbase.dll  path=C:\WINDOWS\System32\ucrtbase.dll
[MODULE] 130  base=0x76d30000  end=0x76db3000  size=0x00083000  name=sechost.dll  path=C:\WINDOWS\System32\sechost.dll
[MODULE] 131  base=0x76dc0000  end=0x76e72000  size=0x000b2000  name=COMDLG32.dll  path=C:\WINDOWS\System32\COMDLG32.dll
[MODULE] 132  base=0x76e80000  end=0x76f3c000  size=0x000bc000  name=RPCRT4.dll  path=C:\WINDOWS\System32\RPCRT4.dll
[MODULE] 133  base=0x76f40000  end=0x76f47000  size=0x00007000  name=NSI.dll  path=C:\WINDOWS\System32\NSI.dll
[MODULE] 134  base=0x76f50000  end=0x76fc4000  size=0x00074000  name=bcryptPrimitives.dll  path=C:\WINDOWS\System32\bcryptPrimitives.dll
[MODULE] 135  base=0x76fd0000  end=0x770c9000  size=0x000f9000  name=wintypes.dll  path=C:\WINDOWS\System32\wintypes.dll
[MODULE] 136  base=0x770d0000  end=0x771bb000  size=0x000eb000  name=gdi32full.dll  path=C:\WINDOWS\System32\gdi32full.dll
[MODULE] 137  base=0x77340000  end=0x773a1000  size=0x00061000  name=WS2_32.dll  path=C:\WINDOWS\System32\WS2_32.dll
[MODULE] 138  base=0x773b0000  end=0x773d5000  size=0x00025000  name=IMM32.dll  path=C:\WINDOWS\System32\IMM32.dll
[MODULE] 139  base=0x773e0000  end=0x77432000  size=0x00052000  name=SHLWAPI.dll  path=C:\WINDOWS\System32\SHLWAPI.dll
[MODULE] 140  base=0x77440000  end=0x77549000  size=0x00109000  name=CRYPT32.dll  path=C:\WINDOWS\System32\CRYPT32.dll
[MODULE] 141  base=0x77550000  end=0x77818000  size=0x002c8000  name=KERNELBASE.dll  path=C:\WINDOWS\System32\KERNELBASE.dll
[MODULE] 142  base=0x77820000  end=0x7783b000  size=0x0001b000  name=imagehlp.dll  path=C:\WINDOWS\System32\imagehlp.dll
[MODULE] 143  base=0x77840000  end=0x77959000  size=0x00119000  name=MSCTF.dll  path=C:\WINDOWS\System32\MSCTF.dll
[MODULE] 144  base=0x779e0000  end=0x77b9f000  size=0x001bf000  name=ntdll.dll  path=C:\WINDOWS\SYSTEM32\ntdll.dll

[MODULES] Total: 144 modules loaded

================================================================================
[RESOLVE] Checking known addresses against module map:
--------------------------------------------------------------------------------
[RESOLVE] BF_cfb64_encrypt @ 0x12410f0 => INSIDE [Conquer.exe]  offset=0xe410f0  path=F:\TQ\Env_dx9\Conquer.exe
[RESOLVE] DoReceiveShakeHand @ 0xfeeb6c => INSIDE [Conquer.exe]  offset=0xbeeb6c  path=F:\TQ\Env_dx9\Conquer.exe

================================================================================
[MEMORY] Writable memory regions (rw-):
--------------------------------------------------------------------------------
[RW] base=0x30000  end=0x31000  size=4.0KB  prot=rw-  owner=unknown
[RW] base=0xa7000  end=0xb0000  size=36.0KB  prot=rw-  owner=unknown
[RW] base=0x187000  end=0x1b0000  size=164.0KB  prot=rw-  owner=unknown
[RW] base=0x1c0000  end=0x1c2000  size=8.0KB  prot=rw-  owner=unknown
[RW] base=0x234000  end=0x23a000  size=24.0KB  prot=rw-  owner=unknown
[RW] base=0x246000  end=0x256000  size=64.0KB  prot=rw-  owner=unknown
[RW] base=0x276000  end=0x292000  size=112.0KB  prot=rw-  owner=unknown
[RW] base=0x296000  end=0x2a2000  size=48.0KB  prot=rw-  owner=unknown
[RW] base=0x2a6000  end=0x2aa000  size=16.0KB  prot=rw-  owner=unknown
[RW] base=0x2b2000  end=0x2c2000  size=64.0KB  prot=rw-  owner=unknown
[RW] base=0x2ca000  end=0x33e000  size=464.0KB  prot=rw-  owner=unknown
[RW] base=0x1993000  end=0x199c000  size=36.0KB  prot=rw-  owner=Conquer.exe
[RW] base=0x199c000  end=0x19a0000  size=16.0KB  prot=rw-  owner=Conquer.exe
[RW] base=0x19a0000  end=0x19a2000  size=8.0KB  prot=rw-  owner=Conquer.exe
[RW] base=0x19a2000  end=0x19ad000  size=44.0KB  prot=rw-  owner=Conquer.exe
[RW] base=0x19ad000  end=0x19af000  size=8.0KB  prot=rw-  owner=Conquer.exe
[RW] base=0x19af000  end=0x19bd000  size=56.0KB  prot=rw-  owner=Conquer.exe
[RW] base=0x19bd000  end=0x19be000  size=4.0KB  prot=rw-  owner=Conquer.exe
[RW] base=0x19be000  end=0x19ce000  size=64.0KB  prot=rw-  owner=Conquer.exe
[RW] base=0x19ce000  end=0x19cf000  size=4.0KB  prot=rw-  owner=Conquer.exe
[RW] base=0x19cf000  end=0x19e5000  size=88.0KB  prot=rw-  owner=Conquer.exe
[RW] base=0x19e5000  end=0x19e6000  size=4.0KB  prot=rw-  owner=Conquer.exe
[RW] base=0x19e6000  end=0x19e7000  size=4.0KB  prot=rw-  owner=Conquer.exe
[RW] base=0x19e7000  end=0x19ea000  size=12.0KB  prot=rw-  owner=Conquer.exe
[RW] base=0x19ea000  end=0x19ee000  size=16.0KB  prot=rw-  owner=Conquer.exe
[RW] base=0x19ee000  end=0x19ef000  size=4.0KB  prot=rw-  owner=Conquer.exe
[RW] base=0x19ef000  end=0x19ff000  size=64.0KB  prot=rw-  owner=Conquer.exe
[RW] base=0x19ff000  end=0x1a12000  size=76.0KB  prot=rw-  owner=Conquer.exe
[RW] base=0x1a12000  end=0x1a1b000  size=36.0KB  prot=rw-  owner=Conquer.exe
[RW] base=0x1a1b000  end=0x1a28000  size=52.0KB  prot=rw-  owner=Conquer.exe
[RW] base=0x1b3d000  end=0x1b87000  size=296.0KB  prot=rwx  owner=Conquer.exe
[RW] base=0x1b87000  end=0x1b88000  size=4.0KB  prot=rwx  owner=Conquer.exe
[RW] base=0x1b88000  end=0x1c62000  size=872.0KB  prot=rwx  owner=Conquer.exe
[RW] base=0x1c62000  end=0x1c64000  size=8.0KB  prot=rwx  owner=Conquer.exe
[RW] base=0x1c64000  end=0x1ef3000  size=2620.0KB  prot=rwx  owner=Conquer.exe
[RW] base=0x1f50000  end=0x1f5f000  size=60.0KB  prot=rw-  owner=unknown
[RW] base=0x1f70000  end=0x1f72000  size=8.0KB  prot=rw-  owner=unknown
[RW] base=0x2020000  end=0x2024000  size=16.0KB  prot=rw-  owner=unknown
[RW] base=0x2040000  end=0x213f000  size=1020.0KB  prot=rw-  owner=unknown
[RW] base=0x2140000  end=0x2150000  size=64.0KB  prot=rw-  owner=unknown
[RW] base=0x2280000  end=0x2284000  size=16.0KB  prot=rw-  owner=unknown
[RW] base=0x2290000  end=0x2291000  size=4.0KB  prot=rwx  owner=unknown
[RW] base=0x22a1000  end=0x22a2000  size=4.0KB  prot=rw-  owner=unknown
[RW] base=0x22e8000  end=0x22f0000  size=32.0KB  prot=rw-  owner=unknown
[RW] base=0x2410000  end=0x2411000  size=4.0KB  prot=rw-  owner=unknown
[RW] base=0x24b8000  end=0x24c0000  size=32.0KB  prot=rw-  owner=unknown
[RW] base=0x2608000  end=0x2610000  size=32.0KB  prot=rw-  owner=unknown
[RW] base=0x2ab7000  end=0x2adb000  size=144.0KB  prot=rw-  owner=graphic.dll
[RW] base=0x2adb000  end=0x2adc000  size=4.0KB  prot=rw-  owner=graphic.dll
[RW] base=0x2adc000  end=0x2add000  size=4.0KB  prot=rw-  owner=graphic.dll
[RW] base=0x2add000  end=0x2ade000  size=4.0KB  prot=rw-  owner=graphic.dll
[RW] base=0x2ade000  end=0x2ae0000  size=8.0KB  prot=rw-  owner=graphic.dll
[RW] base=0x2ae0000  end=0x2ae3000  size=12.0KB  prot=rw-  owner=graphic.dll
[RW] base=0x2ae3000  end=0x2ae9000  size=24.0KB  prot=rw-  owner=graphic.dll
[RW] base=0x2ae9000  end=0x2aea000  size=4.0KB  prot=rw-  owner=graphic.dll
[RW] base=0x2aea000  end=0x2aec000  size=8.0KB  prot=rw-  owner=graphic.dll
[RW] base=0x2aec000  end=0x2aef000  size=12.0KB  prot=rw-  owner=graphic.dll
[RW] base=0x2aef000  end=0x2af7000  size=32.0KB  prot=rw-  owner=graphic.dll
[RW] base=0x2af7000  end=0x2afb000  size=16.0KB  prot=rw-  owner=graphic.dll
[RW] base=0x2afb000  end=0x2b03000  size=32.0KB  prot=rw-  owner=graphic.dll
[RW] base=0x2b03000  end=0x2b04000  size=4.0KB  prot=rw-  owner=graphic.dll
[RW] base=0x2b04000  end=0x2b07000  size=12.0KB  prot=rw-  owner=graphic.dll
[RW] base=0x2b07000  end=0x2b0a000  size=12.0KB  prot=rw-  owner=graphic.dll
[RW] base=0x2b0a000  end=0x2b0b000  size=4.0KB  prot=rw-  owner=graphic.dll
[RW] base=0x2b0b000  end=0x2b12000  size=28.0KB  prot=rw-  owner=graphic.dll
[RW] base=0x2b12000  end=0x2b15000  size=12.0KB  prot=rw-  owner=graphic.dll
[RW] base=0x2b15000  end=0x2b1d000  size=32.0KB  prot=rw-  owner=graphic.dll
[RW] base=0x2b1d000  end=0x2b1e000  size=4.0KB  prot=rw-  owner=graphic.dll
[RW] base=0x2b1e000  end=0x2b26000  size=32.0KB  prot=rw-  owner=graphic.dll
[RW] base=0x2b26000  end=0x2b2b000  size=20.0KB  prot=rw-  owner=graphic.dll
[RW] base=0x2b2b000  end=0x2b2d000  size=8.0KB  prot=rw-  owner=graphic.dll
[RW] base=0x2b2d000  end=0x2b2e000  size=4.0KB  prot=rw-  owner=graphic.dll
[RW] base=0x2b2e000  end=0x2b30000  size=8.0KB  prot=rw-  owner=graphic.dll
[RW] base=0x2b30000  end=0x2b32000  size=8.0KB  prot=rw-  owner=graphic.dll
[RW] base=0x2b32000  end=0x2b36000  size=16.0KB  prot=rw-  owner=graphic.dll
[RW] base=0x2b36000  end=0x2b37000  size=4.0KB  prot=rw-  owner=graphic.dll
[RW] base=0x2b37000  end=0x2b3a000  size=12.0KB  prot=rw-  owner=graphic.dll
[RW] base=0x2b3a000  end=0x2b4b000  size=68.0KB  prot=rw-  owner=graphic.dll
[RW] base=0x2b4b000  end=0x2bfa000  size=700.0KB  prot=rw-  owner=graphic.dll
[RW] base=0x2bfa000  end=0x2bfc000  size=8.0KB  prot=rw-  owner=graphic.dll
[RW] base=0x2c90000  end=0x2c91000  size=4.0KB  prot=rw-  owner=Role3D.dll
[RW] base=0x2c91000  end=0x2c92000  size=4.0KB  prot=rw-  owner=Role3D.dll
[RW] base=0x2c92000  end=0x2c96000  size=16.0KB  prot=rw-  owner=Role3D.dll
[RW] base=0x2c96000  end=0x2c99000  size=12.0KB  prot=rw-  owner=Role3D.dll
[RW] base=0x2c99000  end=0x2c9e000  size=20.0KB  prot=rw-  owner=Role3D.dll
[RW] base=0x2c9e000  end=0x2ca2000  size=16.0KB  prot=rw-  owner=Role3D.dll
[RW] base=0x2ca2000  end=0x2ca5000  size=12.0KB  prot=rw-  owner=Role3D.dll
[RW] base=0x2d61000  end=0x2d69000  size=32.0KB  prot=rw-  owner=GraphicData.dll
[RW] base=0x2dc3000  end=0x2dc8000  size=20.0KB  prot=rw-  owner=TqPackage.dll
[RW] base=0x2ded000  end=0x2dee000  size=4.0KB  prot=rw-  owner=DataThread.dll
[RW] base=0x2dee000  end=0x2df6000  size=32.0KB  prot=rwx  owner=DataThread.dll
[RW] base=0x2df6000  end=0x2df7000  size=4.0KB  prot=rw-  owner=DataThread.dll
[RW] base=0x2df8000  end=0x2df9000  size=4.0KB  prot=rw-  owner=DataThread.dll
[RW] base=0x2df9000  end=0x3565000  size=7600.0KB  prot=rwx  owner=DataThread.dll
[RW] base=0x3ab8000  end=0x3ac0000  size=32.0KB  prot=rw-  owner=unknown
[RW] base=0x3ac0000  end=0x3ac1000  size=4.0KB  prot=rw-  owner=unknown
[RW] base=0x3ad0000  end=0x3ada000  size=40.0KB  prot=rw-  owner=unknown
[RW] base=0x3ae0000  end=0x3aef000  size=60.0KB  prot=rw-  owner=unknown
[RW] base=0x3e80000  end=0x3e81000  size=4.0KB  prot=rw-  owner=unknown
[RW] base=0x3e90000  end=0x3e95000  size=20.0KB  prot=rw-  owner=unknown
[RW] base=0x3ea0000  end=0x3eaa000  size=40.0KB  prot=rw-  owner=unknown
[RW] base=0x3eb0000  end=0x3eb2000  size=8.0KB  prot=rw-  owner=unknown
[RW] base=0x53cd000  end=0x53d0000  size=12.0KB  prot=rw-  owner=unknown
[RW] base=0x53d0000  end=0x53eb000  size=108.0KB  prot=rw-  owner=unknown
[RW] base=0x5810000  end=0x5811000  size=4.0KB  prot=rw-  owner=unknown
[RW] base=0x5890000  end=0x58af000  size=124.0KB  prot=rw-  owner=unknown
[RW] base=0x59c8000  end=0x59d0000  size=32.0KB  prot=rw-  owner=unknown
[RW] base=0x5ace000  end=0x5ad0000  size=8.0KB  prot=rw-  owner=unknown
[RW] base=0x5af0000  end=0x5af1000  size=4.0KB  prot=rw-  owner=unknown
[RW] base=0x5b10000  end=0x5b15000  size=20.0KB  prot=rw-  owner=unknown
[RW] base=0x5b20000  end=0x5b21000  size=4.0KB  prot=rw-  owner=unknown
[RW] base=0x5b68000  end=0x5b70000  size=32.0KB  prot=rw-  owner=unknown
[RW] base=0x5c6e000  end=0x5c70000  size=8.0KB  prot=rw-  owner=unknown
[RW] base=0x5c70000  end=0x5c76000  size=24.0KB  prot=rw-  owner=unknown
[RW] base=0x5c80000  end=0x5c82000  size=8.0KB  prot=rw-  owner=unknown
[RW] base=0x5cb0000  end=0x5cbf000  size=60.0KB  prot=rw-  owner=unknown
[RW] base=0x5cf8000  end=0x5d00000  size=32.0KB  prot=rw-  owner=unknown
[RW] base=0x5d10000  end=0x5d1f000  size=60.0KB  prot=rw-  owner=unknown
[RW] base=0x5d2f000  end=0x5d32000  size=12.0KB  prot=rw-  owner=Assist.dll
[RW] base=0x5d40000  end=0x5d4f000  size=60.0KB  prot=rw-  owner=unknown
[RW] base=0x5d64000  end=0x5d66000  size=8.0KB  prot=rw-  owner=OpenAL32.dll
[RW] base=0x5d70000  end=0x5d7f000  size=60.0KB  prot=rw-  owner=unknown
[RW] base=0x5d90000  end=0x5d98000  size=32.0KB  prot=rw-  owner=unknown
[RW] base=0x5db0000  end=0x5db1000  size=4.0KB  prot=rw-  owner=unknown
[RW] base=0x5dc0000  end=0x5dc1000  size=4.0KB  prot=rw-  owner=unknown
[RW] base=0x5dd0000  end=0x5ddf000  size=60.0KB  prot=rw-  owner=unknown
[RW] base=0x5df0000  end=0x5dff000  size=60.0KB  prot=rw-  owner=unknown
[RW] base=0x5e20000  end=0x5e2f000  size=60.0KB  prot=rw-  owner=unknown
[RW] base=0x5f2d000  end=0x5f30000  size=12.0KB  prot=rw-  owner=unknown
[RW] base=0x5f50000  end=0x5f53000  size=12.0KB  prot=rw-  owner=unknown
[RW] base=0x5f60000  end=0x5f61000  size=4.0KB  prot=rw-  owner=unknown
[RW] base=0x5f80000  end=0x5f81000  size=4.0KB  prot=rw-  owner=unknown
[RW] base=0x5fa0000  end=0x5fa2000  size=8.0KB  prot=rw-  owner=unknown
[RW] base=0x5fb0000  end=0x5fba000  size=40.0KB  prot=rw-  owner=unknown
[RW] base=0x5fc0000  end=0x5fcb000  size=44.0KB  prot=rw-  owner=unknown
[RW] base=0x5fd0000  end=0x5fd8000  size=32.0KB  prot=rw-  owner=unknown
[RW] base=0x5fe0000  end=0x5fe3000  size=12.0KB  prot=rw-  owner=unknown
[RW] base=0x5ff0000  end=0x5ff3000  size=12.0KB  prot=rw-  owner=unknown
[RW] base=0x6000000  end=0x600f000  size=60.0KB  prot=rw-  owner=unknown
[RW] base=0x6010000  end=0x6018000  size=32.0KB  prot=rw-  owner=unknown
[RW] base=0x6110000  end=0x6112000  size=8.0KB  prot=rw-  owner=unknown
[RW] base=0x6130000  end=0x6137000  size=28.0KB  prot=rw-  owner=unknown
[RW] base=0x6140000  end=0x614f000  size=60.0KB  prot=rw-  owner=unknown
[RW] base=0x6150000  end=0x6151000  size=4.0KB  prot=rw-  owner=unknown
[RW] base=0x6170000  end=0x6171000  size=4.0KB  prot=rw-  owner=unknown
[RW] base=0x6180000  end=0x618f000  size=60.0KB  prot=rw-  owner=unknown
[RW] base=0x6190000  end=0x6194000  size=16.0KB  prot=rw-  owner=unknown
[RW] base=0x69c8000  end=0x69d0000  size=32.0KB  prot=rw-  owner=unknown
[RW] base=0x6a08000  end=0x6a10000  size=32.0KB  prot=rw-  owner=unknown
[RW] base=0x6a10000  end=0x6a11000  size=4.0KB  prot=rw-  owner=unknown
[RW] base=0x6a30000  end=0x6a3f000  size=60.0KB  prot=rw-  owner=unknown
[RW] base=0x6a9f000  end=0x6aa3000  size=16.0KB  prot=rw-  owner=wrap_oal.dll
[RW] base=0x6aa3000  end=0x6aae000  size=44.0KB  prot=rw-  owner=wrap_oal.dll
[RW] base=0x6aae000  end=0x6aaf000  size=4.0KB  prot=rw-  owner=wrap_oal.dll
[RW] base=0x6aaf000  end=0x6ace000  size=124.0KB  prot=rw-  owner=wrap_oal.dll
[RW] base=0x6ace000  end=0x6ada000  size=48.0KB  prot=rw-  owner=wrap_oal.dll
[RW] base=0x6ada000  end=0x6c46000  size=1456.0KB  prot=rw-  owner=wrap_oal.dll
[RW] base=0x6c46000  end=0x6c51000  size=44.0KB  prot=rw-  owner=wrap_oal.dll
[RW] base=0x6c51000  end=0x6dbd000  size=1456.0KB  prot=rw-  owner=wrap_oal.dll
[RW] base=0x6dbd000  end=0x6dbf000  size=8.0KB  prot=rw-  owner=wrap_oal.dll
[RW] base=0x6dbf000  end=0x6e8e000  size=828.0KB  prot=rw-  owner=wrap_oal.dll
[RW] base=0x6e8e000  end=0x6e90000  size=8.0KB  prot=rw-  owner=wrap_oal.dll
[RW] base=0x6f9e000  end=0x6fa0000  size=8.0KB  prot=rw-  owner=unknown
[RW] base=0x6fa0000  end=0x6fbb000  size=108.0KB  prot=rw-  owner=unknown
[RW] base=0x70a3000  end=0x71bc000  size=1124.0KB  prot=rw-  owner=unknown
[RW] base=0x72be000  end=0x72c0000  size=8.0KB  prot=rw-  owner=unknown
[RW] base=0x72f8000  end=0x7300000  size=32.0KB  prot=rw-  owner=unknown
[RW] base=0x73fd000  end=0x7400000  size=12.0KB  prot=rw-  owner=unknown
[RW] base=0x7438000  end=0x7440000  size=32.0KB  prot=rw-  owner=unknown
[RW] base=0x7530000  end=0x7540000  size=64.0KB  prot=rw-  owner=unknown
[RW] base=0x7578000  end=0x7580000  size=32.0KB  prot=rw-  owner=unknown
[RW] base=0x767e000  end=0x7680000  size=8.0KB  prot=rw-  owner=unknown
[RW] base=0x768f000  end=0x7890000  size=2052.0KB  prot=rw-  owner=unknown
[RW] base=0x78aa000  end=0x7abb000  size=2116.0KB  prot=rw-  owner=unknown
[RW] base=0x7aee000  end=0x7af1000  size=12.0KB  prot=rw-  owner=TqPackageWdf.dll
[RW] base=0x7b38000  end=0x7b40000  size=32.0KB  prot=rw-  owner=unknown
[RW] base=0x7b78000  end=0x7b80000  size=32.0KB  prot=rw-  owner=unknown
[RW] base=0x7b80000  end=0x7b81000  size=4.0KB  prot=rw-  owner=unknown
[RW] base=0x7be0000  end=0x7bef000  size=60.0KB  prot=rw-  owner=unknown
[RW] base=0x7bfe000  end=0x7dff000  size=2052.0KB  prot=rw-  owner=unknown
[RW] base=0x7e00000  end=0x8011000  size=2116.0KB  prot=rw-  owner=unknown
[RW] base=0x8020000  end=0x8114000  size=976.0KB  prot=rw-  owner=unknown
[RW] base=0x8115000  end=0x811f000  size=40.0KB  prot=rw-  owner=unknown
[RW] base=0x8120000  end=0x813b000  size=108.0KB  prot=rw-  owner=unknown
[RW] base=0x813c000  end=0x8162000  size=152.0KB  prot=rw-  owner=unknown
[RW] base=0x8163000  end=0x8184000  size=132.0KB  prot=rw-  owner=unknown
[RW] base=0x8185000  end=0x81cf000  size=296.0KB  prot=rw-  owner=unknown
[RW] base=0x81d0000  end=0x81f0000  size=128.0KB  prot=rw-  owner=unknown
[RW] base=0x81f1000  end=0x821e000  size=180.0KB  prot=rw-  owner=unknown
[RW] base=0x821f000  end=0x8269000  size=296.0KB  prot=rw-  owner=unknown
[RW] base=0x826a000  end=0x82ab000  size=260.0KB  prot=rw-  owner=unknown
[RW] base=0x82ac000  end=0x82e2000  size=216.0KB  prot=rw-  owner=unknown
[RW] base=0x82e3000  end=0x831f000  size=240.0KB  prot=rw-  owner=unknown
[RW] base=0x8320000  end=0x8331000  size=68.0KB  prot=rw-  owner=unknown
[RW] base=0x8332000  end=0x8373000  size=260.0KB  prot=rw-  owner=unknown
[RW] base=0x8374000  end=0x83d5000  size=388.0KB  prot=rw-  owner=unknown
[RW] base=0x83d6000  end=0x8417000  size=260.0KB  prot=rw-  owner=unknown
[RW] base=0x8418000  end=0x8429000  size=68.0KB  prot=rw-  owner=unknown
[RW] base=0x842a000  end=0x844b000  size=132.0KB  prot=rw-  owner=unknown
[RW] base=0x844c000  end=0x847d000  size=196.0KB  prot=rw-  owner=unknown
[RW] base=0x847e000  end=0x848f000  size=68.0KB  prot=rw-  owner=unknown
[RW] base=0x8490000  end=0x84a1000  size=68.0KB  prot=rw-  owner=unknown
[RW] base=0x84a2000  end=0x84d3000  size=196.0KB  prot=rw-  owner=unknown
[RW] base=0x84d4000  end=0x84f5000  size=132.0KB  prot=rw-  owner=unknown
[RW] base=0x84f6000  end=0x8507000  size=68.0KB  prot=rw-  owner=unknown
[RW] base=0x8508000  end=0x8529000  size=132.0KB  prot=rw-  owner=unknown
[RW] base=0x852a000  end=0x853b000  size=68.0KB  prot=rw-  owner=unknown
[RW] base=0x853c000  end=0x857d000  size=260.0KB  prot=rw-  owner=unknown
[RW] base=0x857e000  end=0x858f000  size=68.0KB  prot=rw-  owner=unknown
[RW] base=0x8590000  end=0x85d9000  size=292.0KB  prot=rw-  owner=unknown
[RW] base=0x85da000  end=0x85eb000  size=68.0KB  prot=rw-  owner=unknown
[RW] base=0x85ec000  end=0x85fd000  size=68.0KB  prot=rw-  owner=unknown
[RW] base=0x85fe000  end=0x860f000  size=68.0KB  prot=rw-  owner=unknown
[RW] base=0x8610000  end=0x8621000  size=68.0KB  prot=rw-  owner=unknown
[RW] base=0x8622000  end=0x8643000  size=132.0KB  prot=rw-  owner=unknown
[RW] base=0x8644000  end=0x8655000  size=68.0KB  prot=rw-  owner=unknown
[RW] base=0x8656000  end=0x8667000  size=68.0KB  prot=rw-  owner=unknown
[RW] base=0x8668000  end=0x869b000  size=204.0KB  prot=rw-  owner=unknown
[RW] base=0x869c000  end=0x86bd000  size=132.0KB  prot=rw-  owner=unknown
[RW] base=0x86be000  end=0x86ff000  size=260.0KB  prot=rw-  owner=unknown
[RW] base=0x8700000  end=0x871f000  size=124.0KB  prot=rw-  owner=unknown
[RW] base=0x8720000  end=0x8739000  size=100.0KB  prot=rw-  owner=unknown
[RW] base=0x873a000  end=0x874b000  size=68.0KB  prot=rw-  owner=unknown
[RW] base=0x874c000  end=0x876d000  size=132.0KB  prot=rw-  owner=unknown
[RW] base=0x876e000  end=0x877f000  size=68.0KB  prot=rw-  owner=unknown
[RW] base=0x8780000  end=0x87d1000  size=324.0KB  prot=rw-  owner=unknown
[RW] base=0x87d2000  end=0x87f3000  size=132.0KB  prot=rw-  owner=unknown
[RW] base=0x87f4000  end=0x8815000  size=132.0KB  prot=rw-  owner=unknown
[RW] base=0x8816000  end=0x8887000  size=452.0KB  prot=rw-  owner=unknown
[RW] base=0x8888000  end=0x8899000  size=68.0KB  prot=rw-  owner=unknown
[RW] base=0x889a000  end=0x88cb000  size=196.0KB  prot=rw-  owner=unknown
[RW] base=0x88cc000  end=0x88ed000  size=132.0KB  prot=rw-  owner=unknown
[RW] base=0x88ee000  end=0x88ff000  size=68.0KB  prot=rw-  owner=unknown
[RW] base=0x8900000  end=0x893a000  size=232.0KB  prot=rw-  owner=unknown
[RW] base=0x893b000  end=0x8990000  size=340.0KB  prot=rw-  owner=unknown
[RW] base=0x8991000  end=0x89a3000  size=72.0KB  prot=rw-  owner=unknown
[RW] base=0x89a4000  end=0x89c6000  size=136.0KB  prot=rw-  owner=unknown
[RW] base=0x89c7000  end=0x8a0f000  size=288.0KB  prot=rw-  owner=unknown
[RW] base=0x8a10000  end=0x8a49000  size=228.0KB  prot=rw-  owner=unknown
[RW] base=0x8a4a000  end=0x8a93000  size=292.0KB  prot=rw-  owner=unknown
[RW] base=0x8a94000  end=0x8ad6000  size=264.0KB  prot=rw-  owner=unknown
[RW] base=0x8ad7000  end=0x8af8000  size=132.0KB  prot=rw-  owner=unknown
[RW] base=0x8af9000  end=0x8b2a000  size=196.0KB  prot=rw-  owner=unknown
[RW] base=0x8b2b000  end=0x8b3c000  size=68.0KB  prot=rw-  owner=unknown
[RW] base=0x8b3d000  end=0x8b4e000  size=68.0KB  prot=rw-  owner=unknown
[RW] base=0x8b4f000  end=0x8b80000  size=196.0KB  prot=rw-  owner=unknown
[RW] base=0x8b81000  end=0x8bb2000  size=196.0KB  prot=rw-  owner=unknown
[RW] base=0x8bb3000  end=0x8bc4000  size=68.0KB  prot=rw-  owner=unknown
[RW] base=0x8bc5000  end=0x8bd6000  size=68.0KB  prot=rw-  owner=unknown
[RW] base=0x8bd7000  end=0x8be8000  size=68.0KB  prot=rw-  owner=unknown
[RW] base=0x8be9000  end=0x8c0a000  size=132.0KB  prot=rw-  owner=unknown
[RW] base=0x8c0b000  end=0x8c2c000  size=132.0KB  prot=rw-  owner=unknown
[RW] base=0x8c2d000  end=0x8c3e000  size=68.0KB  prot=rw-  owner=unknown
[RW] base=0x8c3f000  end=0x8c50000  size=68.0KB  prot=rw-  owner=unknown
[RW] base=0x8c51000  end=0x8c92000  size=260.0KB  prot=rw-  owner=unknown
[RW] base=0x8c93000  end=0x8cc4000  size=196.0KB  prot=rw-  owner=unknown
[RW] base=0x8cc5000  end=0x8cd6000  size=68.0KB  prot=rw-  owner=unknown
[RW] base=0x8cd7000  end=0x8ce8000  size=68.0KB  prot=rw-  owner=unknown
[RW] base=0x8ce9000  end=0x8d1a000  size=196.0KB  prot=rw-  owner=unknown
[RW] base=0x8d1b000  end=0x8d4c000  size=196.0KB  prot=rw-  owner=unknown
[RW] base=0x8d4d000  end=0x8d5e000  size=68.0KB  prot=rw-  owner=unknown
[RW] base=0x8d5f000  end=0x8d80000  size=132.0KB  prot=rw-  owner=unknown
[RW] base=0x8d81000  end=0x8da2000  size=132.0KB  prot=rw-  owner=unknown
[RW] base=0x8da3000  end=0x8dc4000  size=132.0KB  prot=rw-  owner=unknown
[RW] base=0x8dc5000  end=0x8de6000  size=132.0KB  prot=rw-  owner=unknown
[RW] base=0x8de7000  end=0x8df8000  size=68.0KB  prot=rw-  owner=unknown
[RW] base=0x8df9000  end=0x8e1a000  size=132.0KB  prot=rw-  owner=unknown
[RW] base=0x8e1b000  end=0x8e3c000  size=132.0KB  prot=rw-  owner=unknown
[RW] base=0x8e3d000  end=0x8e4e000  size=68.0KB  prot=rw-  owner=unknown
[RW] base=0x8e4f000  end=0x8e70000  size=132.0KB  prot=rw-  owner=unknown
[RW] base=0x8e71000  end=0x8e82000  size=68.0KB  prot=rw-  owner=unknown
[RW] base=0x8e83000  end=0x8eb4000  size=196.0KB  prot=rw-  owner=unknown
[RW] base=0x8eb5000  end=0x8ed6000  size=132.0KB  prot=rw-  owner=unknown
[RW] base=0x8ed7000  end=0x8ef8000  size=132.0KB  prot=rw-  owner=unknown
[RW] base=0x8ef9000  end=0x8f19000  size=128.0KB  prot=rw-  owner=unknown
[RW] base=0x8f27000  end=0x9128000  size=2052.0KB  prot=rw-  owner=unknown
[RW] base=0x913f000  end=0x9350000  size=2116.0KB  prot=rw-  owner=unknown
[RW] base=0x9360000  end=0x9381000  size=132.0KB  prot=rw-  owner=unknown
[RW] base=0x9382000  end=0x93b3000  size=196.0KB  prot=rw-  owner=unknown
[RW] base=0x93b4000  end=0x93c5000  size=68.0KB  prot=rw-  owner=unknown
[RW] base=0x93c6000  end=0x9427000  size=388.0KB  prot=rw-  owner=unknown
[RW] base=0x9428000  end=0x9439000  size=68.0KB  prot=rw-  owner=unknown
[RW] base=0x943a000  end=0x944b000  size=68.0KB  prot=rw-  owner=unknown
[RW] base=0x944c000  end=0x946d000  size=132.0KB  prot=rw-  owner=unknown
[RW] base=0x946e000  end=0x94af000  size=260.0KB  prot=rw-  owner=unknown
[RW] base=0x94b0000  end=0x94c1000  size=68.0KB  prot=rw-  owner=unknown
[RW] base=0x94c2000  end=0x94f3000  size=196.0KB  prot=rw-  owner=unknown
[RW] base=0x94f4000  end=0x9515000  size=132.0KB  prot=rw-  owner=unknown
[RW] base=0x9516000  end=0x9527000  size=68.0KB  prot=rw-  owner=unknown
[RW] base=0x9528000  end=0x9539000  size=68.0KB  prot=rw-  owner=unknown
[RW] base=0x953a000  end=0x956b000  size=196.0KB  prot=rw-  owner=unknown
[RW] base=0x956c000  end=0x958d000  size=132.0KB  prot=rw-  owner=unknown
[RW] base=0x958e000  end=0x95cf000  size=260.0KB  prot=rw-  owner=unknown
[RW] base=0x95d0000  end=0x9611000  size=260.0KB  prot=rw-  owner=unknown
[RW] base=0x9612000  end=0x9643000  size=196.0KB  prot=rw-  owner=unknown
[RW] base=0x9644000  end=0x9655000  size=68.0KB  prot=rw-  owner=unknown
[RW] base=0x9656000  end=0x9667000  size=68.0KB  prot=rw-  owner=unknown
[RW] base=0x9668000  end=0x9689000  size=132.0KB  prot=rw-  owner=unknown
[RW] base=0x968a000  end=0x96eb000  size=388.0KB  prot=rw-  owner=unknown
[RW] base=0x96ec000  end=0x96fd000  size=68.0KB  prot=rw-  owner=unknown
[RW] base=0x96fe000  end=0x971f000  size=132.0KB  prot=rw-  owner=unknown
[RW] base=0x9720000  end=0x9741000  size=132.0KB  prot=rw-  owner=unknown
[RW] base=0x9742000  end=0x9783000  size=260.0KB  prot=rw-  owner=unknown
[RW] base=0x9784000  end=0x97a5000  size=132.0KB  prot=rw-  owner=unknown
[RW] base=0x97a6000  end=0x97c7000  size=132.0KB  prot=rw-  owner=unknown
[RW] base=0x97c8000  end=0x97e9000  size=132.0KB  prot=rw-  owner=unknown
[RW] base=0x97ea000  end=0x980b000  size=132.0KB  prot=rw-  owner=unknown
[RW] base=0x980c000  end=0x981d000  size=68.0KB  prot=rw-  owner=unknown
[RW] base=0x981e000  end=0x984f000  size=196.0KB  prot=rw-  owner=unknown
[RW] base=0x9850000  end=0x9861000  size=68.0KB  prot=rw-  owner=unknown
[RW] base=0x9862000  end=0x9883000  size=132.0KB  prot=rw-  owner=unknown
[RW] base=0x9884000  end=0x9895000  size=68.0KB  prot=rw-  owner=unknown
[RW] base=0x9896000  end=0x98b7000  size=132.0KB  prot=rw-  owner=unknown
[RW] base=0x98b8000  end=0x98c9000  size=68.0KB  prot=rw-  owner=unknown
[RW] base=0x98ca000  end=0x98eb000  size=132.0KB  prot=rw-  owner=unknown
[RW] base=0x98ec000  end=0x9901000  size=84.0KB  prot=rw-  owner=unknown
[RW] base=0xa33a000  end=0xa53b000  size=2052.0KB  prot=rw-  owner=unknown
[RW] base=0xa546000  end=0xa757000  size=2116.0KB  prot=rw-  owner=unknown
[RW] base=0xa761000  end=0xa962000  size=2052.0KB  prot=rw-  owner=unknown
[RW] base=0xa971000  end=0xab82000  size=2116.0KB  prot=rw-  owner=unknown
[RW] base=0xab90000  end=0xac32000  size=648.0KB  prot=rw-  owner=unknown
[RW] base=0xac33000  end=0xac44000  size=68.0KB  prot=rw-  owner=unknown
[RW] base=0xac45000  end=0xac56000  size=68.0KB  prot=rw-  owner=unknown
[RW] base=0xac57000  end=0xac78000  size=132.0KB  prot=rw-  owner=unknown
[RW] base=0xac79000  end=0xac8f000  size=88.0KB  prot=rw-  owner=unknown
[RW] base=0xac9a000  end=0xaeee000  size=2384.0KB  prot=rw-  owner=unknown
[RW] base=0xaf50000  end=0xaf5a000  size=40.0KB  prot=rw-  owner=unknown
[RW] base=0xaf7e000  end=0xaf80000  size=8.0KB  prot=rw-  owner=unknown
[RW] base=0xaf80000  end=0xaf82000  size=8.0KB  prot=rw-  owner=unknown
[RW] base=0xaf97000  end=0xb1f7000  size=2432.0KB  prot=rw-  owner=unknown
[RW] base=0xb200000  end=0xb241000  size=260.0KB  prot=rw-  owner=unknown
[RW] base=0xb242000  end=0xb283000  size=260.0KB  prot=rw-  owner=unknown
[RW] base=0xb284000  end=0xb2b5000  size=196.0KB  prot=rw-  owner=unknown
[RW] base=0xb2b6000  end=0xb2c7000  size=68.0KB  prot=rw-  owner=unknown
[RW] base=0xb2c8000  end=0xb2d9000  size=68.0KB  prot=rw-  owner=unknown
[RW] base=0xb2da000  end=0xb2eb000  size=68.0KB  prot=rw-  owner=unknown
[RW] base=0xb2ec000  end=0xb2fd000  size=68.0KB  prot=rw-  owner=unknown
[RW] base=0xb2fe000  end=0xb30f000  size=68.0KB  prot=rw-  owner=unknown
[RW] base=0xb310000  end=0xb341000  size=196.0KB  prot=rw-  owner=unknown
[RW] base=0xb342000  end=0xb353000  size=68.0KB  prot=rw-  owner=unknown
[RW] base=0xb354000  end=0xb365000  size=68.0KB  prot=rw-  owner=unknown
[RW] base=0xb366000  end=0xb377000  size=68.0KB  prot=rw-  owner=unknown
[RW] base=0xb378000  end=0xb389000  size=68.0KB  prot=rw-  owner=unknown
[RW] base=0xb38a000  end=0xb3bb000  size=196.0KB  prot=rw-  owner=unknown
[RW] base=0xb3bc000  end=0xb3ff000  size=268.0KB  prot=rw-  owner=unknown
[RW] base=0xb400000  end=0xb411000  size=68.0KB  prot=rw-  owner=unknown
[RW] base=0xb412000  end=0xb443000  size=196.0KB  prot=rw-  owner=unknown
[RW] base=0xb444000  end=0xb465000  size=132.0KB  prot=rw-  owner=unknown
[RW] base=0xb466000  end=0xb487000  size=132.0KB  prot=rw-  owner=unknown
[RW] base=0xb488000  end=0xb499000  size=68.0KB  prot=rw-  owner=unknown
[RW] base=0xb49a000  end=0xb4ab000  size=68.0KB  prot=rw-  owner=unknown
[RW] base=0xb4ac000  end=0xb4dd000  size=196.0KB  prot=rw-  owner=unknown
[RW] base=0xb4de000  end=0xb52f000  size=324.0KB  prot=rw-  owner=unknown
[RW] base=0xb530000  end=0xb541000  size=68.0KB  prot=rw-  owner=unknown
[RW] base=0xb542000  end=0xb573000  size=196.0KB  prot=rw-  owner=unknown
[RW] base=0xb574000  end=0xb585000  size=68.0KB  prot=rw-  owner=unknown
[RW] base=0xb586000  end=0xb5a7000  size=132.0KB  prot=rw-  owner=unknown
[RW] base=0xb5a8000  end=0xb5c9000  size=132.0KB  prot=rw-  owner=unknown
[RW] base=0xb5ca000  end=0xb5eb000  size=132.0KB  prot=rw-  owner=unknown
[RW] base=0xb5ec000  end=0xb61d000  size=196.0KB  prot=rw-  owner=unknown
[RW] base=0xb61e000  end=0xb63f000  size=132.0KB  prot=rw-  owner=unknown
[RW] base=0xb640000  end=0xb651000  size=68.0KB  prot=rw-  owner=unknown
[RW] base=0xb652000  end=0xb673000  size=132.0KB  prot=rw-  owner=unknown
[RW] base=0xb674000  end=0xb695000  size=132.0KB  prot=rw-  owner=unknown
[RW] base=0xb696000  end=0xb6a7000  size=68.0KB  prot=rw-  owner=unknown
[RW] base=0xb6a8000  end=0xb6c9000  size=132.0KB  prot=rw-  owner=unknown
[RW] base=0xb6ca000  end=0xb6eb000  size=132.0KB  prot=rw-  owner=unknown
[RW] base=0xb6ec000  end=0xb6fd000  size=68.0KB  prot=rw-  owner=unknown
[RW] base=0xb6fe000  end=0xb71f000  size=132.0KB  prot=rw-  owner=unknown
[RW] base=0xb720000  end=0xb731000  size=68.0KB  prot=rw-  owner=unknown
[RW] base=0xb732000  end=0xb743000  size=68.0KB  prot=rw-  owner=unknown
[RW] base=0xb744000  end=0xb775000  size=196.0KB  prot=rw-  owner=unknown
[RW] base=0xb776000  end=0xb7b7000  size=260.0KB  prot=rw-  owner=unknown
[RW] base=0xb7b8000  end=0xb7d9000  size=132.0KB  prot=rw-  owner=unknown
[RW] base=0xb7da000  end=0xb7eb000  size=68.0KB  prot=rw-  owner=unknown
[RW] base=0xb7ec000  end=0xb7ff000  size=76.0KB  prot=rw-  owner=unknown
[RW] base=0xb8ee000  end=0xb900000  size=72.0KB  prot=rw-  owner=unknown
[RW] base=0xb9fe000  end=0xba00000  size=8.0KB  prot=rw-  owner=unknown
[RW] base=0xba09000  end=0xbb0a000  size=1028.0KB  prot=rw-  owner=unknown
[RW] base=0xbb10000  end=0xbb11000  size=4.0KB  prot=rw-  owner=unknown
[RW] base=0xbb30000  end=0xbb31000  size=4.0KB  prot=rw-  owner=unknown
[RW] base=0xbb50000  end=0xbb81000  size=196.0KB  prot=rw-  owner=unknown
[RW] base=0xbb82000  end=0xbba3000  size=132.0KB  prot=rw-  owner=unknown
[RW] base=0xbba4000  end=0xbbd5000  size=196.0KB  prot=rw-  owner=unknown
[RW] base=0xbbd6000  end=0xbbe7000  size=68.0KB  prot=rw-  owner=unknown
[RW] base=0xbbe8000  end=0xbbf9000  size=68.0KB  prot=rw-  owner=unknown
[RW] base=0xbbfa000  end=0xbd26000  size=1200.0KB  prot=rw-  owner=unknown
[RW] base=0xbd27000  end=0xbd6a000  size=268.0KB  prot=rw-  owner=unknown
[RW] base=0xbd6b000  end=0xbdae000  size=268.0KB  prot=rw-  owner=unknown
[RW] base=0xbdaf000  end=0xbdf2000  size=268.0KB  prot=rw-  owner=unknown
[RW] base=0xbdf3000  end=0xbe38000  size=276.0KB  prot=rw-  owner=unknown
[RW] base=0xbe39000  end=0xbe7e000  size=276.0KB  prot=rw-  owner=unknown
[RW] base=0xbe7f000  end=0xbec0000  size=260.0KB  prot=rw-  owner=unknown
[RW] base=0xbec1000  end=0xbf06000  size=276.0KB  prot=rw-  owner=unknown
[RW] base=0xbf07000  end=0xbf48000  size=260.0KB  prot=rw-  owner=unknown
[RW] base=0xbf49000  end=0xbf8a000  size=260.0KB  prot=rw-  owner=unknown
[RW] base=0xbf8b000  end=0xbfd4000  size=292.0KB  prot=rw-  owner=unknown
[RW] base=0xbfd5000  end=0xc016000  size=260.0KB  prot=rw-  owner=unknown
[RW] base=0xc017000  end=0xc058000  size=260.0KB  prot=rw-  owner=unknown
[RW] base=0xc059000  end=0xc09a000  size=260.0KB  prot=rw-  owner=unknown
[RW] base=0xc09b000  end=0xc0e4000  size=292.0KB  prot=rw-  owner=unknown
[RW] base=0xc0e5000  end=0xc126000  size=260.0KB  prot=rw-  owner=unknown
[RW] base=0xc127000  end=0xc168000  size=260.0KB  prot=rw-  owner=unknown
[RW] base=0xc169000  end=0xc1b2000  size=292.0KB  prot=rw-  owner=unknown
[RW] base=0xc1b3000  end=0xc1f4000  size=260.0KB  prot=rw-  owner=unknown
[RW] base=0xc1f5000  end=0xc236000  size=260.0KB  prot=rw-  owner=unknown
[RW] base=0xc237000  end=0xc281000  size=296.0KB  prot=rw-  owner=unknown
[RW] base=0xc282000  end=0xc2c3000  size=260.0KB  prot=rw-  owner=unknown
[RW] base=0xc2c4000  end=0xc305000  size=260.0KB  prot=rw-  owner=unknown
[RW] base=0xc306000  end=0xc34f000  size=292.0KB  prot=rw-  owner=unknown
[RW] base=0xc350000  end=0xc391000  size=260.0KB  prot=rw-  owner=unknown
[RW] base=0xc392000  end=0xc3d3000  size=260.0KB  prot=rw-  owner=unknown
[RW] base=0xc3d4000  end=0xc415000  size=260.0KB  prot=rw-  owner=unknown
[RW] base=0xc416000  end=0xc457000  size=260.0KB  prot=rw-  owner=unknown
[RW] base=0xc458000  end=0xc49a000  size=264.0KB  prot=rw-  owner=unknown
[RW] base=0xc49b000  end=0xc4dc000  size=260.0KB  prot=rw-  owner=unknown
[RW] base=0xc4dd000  end=0xc51e000  size=260.0KB  prot=rw-  owner=unknown
[RW] base=0xc51f000  end=0xc560000  size=260.0KB  prot=rw-  owner=unknown
[RW] base=0xc561000  end=0xc5a2000  size=260.0KB  prot=rw-  owner=unknown
[RW] base=0xc5a3000  end=0xc5e5000  size=264.0KB  prot=rw-  owner=unknown
[RW] base=0xc5e6000  end=0xc627000  size=260.0KB  prot=rw-  owner=unknown
[RW] base=0xc628000  end=0xc669000  size=260.0KB  prot=rw-  owner=unknown
[RW] base=0xc66a000  end=0xc6ab000  size=260.0KB  prot=rw-  owner=unknown
[RW] base=0xc6ac000  end=0xc6ed000  size=260.0KB  prot=rw-  owner=unknown
[RW] base=0xc6ee000  end=0xc72f000  size=260.0KB  prot=rw-  owner=unknown
[RW] base=0xc730000  end=0xc771000  size=260.0KB  prot=rw-  owner=unknown
[RW] base=0xc772000  end=0xc7b3000  size=260.0KB  prot=rw-  owner=unknown
[RW] base=0xc7b4000  end=0xc7f5000  size=260.0KB  prot=rw-  owner=unknown
[RW] base=0xc7f6000  end=0xc837000  size=260.0KB  prot=rw-  owner=unknown
[RW] base=0xc838000  end=0xc879000  size=260.0KB  prot=rw-  owner=unknown
[RW] base=0xc87a000  end=0xc88b000  size=68.0KB  prot=rw-  owner=unknown
[RW] base=0xc88c000  end=0xc8cd000  size=260.0KB  prot=rw-  owner=unknown
[RW] base=0xc8ce000  end=0xc90f000  size=260.0KB  prot=rw-  owner=unknown
[RW] base=0xc910000  end=0xc951000  size=260.0KB  prot=rw-  owner=unknown
[RW] base=0xc952000  end=0xc993000  size=260.0KB  prot=rw-  owner=unknown
[RW] base=0xc994000  end=0xc9d5000  size=260.0KB  prot=rw-  owner=unknown
[RW] base=0xc9d6000  end=0xca17000  size=260.0KB  prot=rw-  owner=unknown
[RW] base=0xca18000  end=0xca59000  size=260.0KB  prot=rw-  owner=unknown
[RW] base=0xca5a000  end=0xcaab000  size=324.0KB  prot=rw-  owner=unknown
[RW] base=0xcaac000  end=0xcaed000  size=260.0KB  prot=rw-  owner=unknown
[RW] base=0xcaee000  end=0xcb2f000  size=260.0KB  prot=rw-  owner=unknown
[RW] base=0xcb30000  end=0xcb71000  size=260.0KB  prot=rw-  owner=unknown
[RW] base=0xcb72000  end=0xcbb3000  size=260.0KB  prot=rw-  owner=unknown
[RW] base=0xcbb4000  end=0xcbf5000  size=260.0KB  prot=rw-  owner=unknown
[RW] base=0xcbf6000  end=0xcc47000  size=324.0KB  prot=rw-  owner=unknown
[RW] base=0xcc48000  end=0xcc89000  size=260.0KB  prot=rw-  owner=unknown
[RW] base=0xcc8a000  end=0xcccb000  size=260.0KB  prot=rw-  owner=unknown
[RW] base=0xcccc000  end=0xcd0d000  size=260.0KB  prot=rw-  owner=unknown
[RW] base=0xcd0e000  end=0xcd4f000  size=260.0KB  prot=rw-  owner=unknown
[RW] base=0xcd50000  end=0xcd91000  size=260.0KB  prot=rw-  owner=unknown
[RW] base=0xcd92000  end=0xcdd3000  size=260.0KB  prot=rw-  owner=unknown
[RW] base=0xcdd4000  end=0xce25000  size=324.0KB  prot=rw-  owner=unknown
[RW] base=0xce26000  end=0xce69000  size=268.0KB  prot=rw-  owner=unknown
[RW] base=0xce6a000  end=0xceab000  size=260.0KB  prot=rw-  owner=unknown
[RW] base=0xceac000  end=0xceed000  size=260.0KB  prot=rw-  owner=unknown
[RW] base=0xceee000  end=0xcf2f000  size=260.0KB  prot=rw-  owner=unknown
[RW] base=0xcf30000  end=0xcf71000  size=260.0KB  prot=rw-  owner=unknown
[RW] base=0xcf72000  end=0xcf83000  size=68.0KB  prot=rw-  owner=unknown
[RW] base=0xcf84000  end=0xcfc5000  size=260.0KB  prot=rw-  owner=unknown
[RW] base=0xcfc6000  end=0xd007000  size=260.0KB  prot=rw-  owner=unknown
[RW] base=0xd008000  end=0xd049000  size=260.0KB  prot=rw-  owner=unknown
[RW] base=0xd04a000  end=0xd08b000  size=260.0KB  prot=rw-  owner=unknown
[RW] base=0xd08c000  end=0xd0cd000  size=260.0KB  prot=rw-  owner=unknown
[RW] base=0xd0ce000  end=0xd10f000  size=260.0KB  prot=rw-  owner=unknown
[RW] base=0xd110000  end=0xd151000  size=260.0KB  prot=rw-  owner=unknown
[RW] base=0xd152000  end=0xd163000  size=68.0KB  prot=rw-  owner=unknown
[RW] base=0xd164000  end=0xd1a5000  size=260.0KB  prot=rw-  owner=unknown
[RW] base=0xd1a6000  end=0xd1e7000  size=260.0KB  prot=rw-  owner=unknown
[RW] base=0xd1e8000  end=0xd229000  size=260.0KB  prot=rw-  owner=unknown
[RW] base=0xd22a000  end=0xd2b9000  size=572.0KB  prot=rw-  owner=unknown
[RW] base=0xd2ba000  end=0xd2fb000  size=260.0KB  prot=rw-  owner=unknown
[RW] base=0xd2fc000  end=0xd314000  size=96.0KB  prot=rw-  owner=unknown
[RW] base=0xd320000  end=0xd3a0000  size=512.0KB  prot=rw-  owner=unknown
[RW] base=0xd3a1000  end=0xd3d2000  size=196.0KB  prot=rw-  owner=unknown
[RW] base=0xd3d3000  end=0xd3e4000  size=68.0KB  prot=rw-  owner=unknown
[RW] base=0xd3e5000  end=0xd406000  size=132.0KB  prot=rw-  owner=unknown
[RW] base=0xd407000  end=0xd438000  size=196.0KB  prot=rw-  owner=unknown
[RW] base=0xd439000  end=0xd519000  size=896.0KB  prot=rw-  owner=unknown
[RW] base=0xd51a000  end=0xd55b000  size=260.0KB  prot=rw-  owner=unknown
[RW] base=0xd55c000  end=0xd59d000  size=260.0KB  prot=rw-  owner=unknown
[RW] base=0xd59e000  end=0xd5d7000  size=228.0KB  prot=rw-  owner=unknown
[RW] base=0xd5d8000  end=0xd609000  size=196.0KB  prot=rw-  owner=unknown
[RW] base=0xd60a000  end=0xd61b000  size=68.0KB  prot=rw-  owner=unknown
[RW] base=0xd61c000  end=0xd62d000  size=68.0KB  prot=rw-  owner=unknown
[RW] base=0xd62e000  end=0xd64f000  size=132.0KB  prot=rw-  owner=unknown
[RW] base=0xd650000  end=0xd671000  size=132.0KB  prot=rw-  owner=unknown
[RW] base=0xd672000  end=0xd6a3000  size=196.0KB  prot=rw-  owner=unknown
[RW] base=0xd6a4000  end=0xd6d5000  size=196.0KB  prot=rw-  owner=unknown
[RW] base=0xd6d6000  end=0xd6e7000  size=68.0KB  prot=rw-  owner=unknown
[RW] base=0xd6e8000  end=0xd6f9000  size=68.0KB  prot=rw-  owner=unknown
[RW] base=0xd6fa000  end=0xd70b000  size=68.0KB  prot=rw-  owner=unknown
[RW] base=0xd70c000  end=0xd72d000  size=132.0KB  prot=rw-  owner=unknown
[RW] base=0xd72e000  end=0xd74f000  size=132.0KB  prot=rw-  owner=unknown
[RW] base=0xd750000  end=0xd761000  size=68.0KB  prot=rw-  owner=unknown
[RW] base=0xd762000  end=0xd773000  size=68.0KB  prot=rw-  owner=unknown
[RW] base=0xd774000  end=0xd785000  size=68.0KB  prot=rw-  owner=unknown
[RW] base=0xd786000  end=0xd7b7000  size=196.0KB  prot=rw-  owner=unknown
[RW] base=0xd7b8000  end=0xd7c9000  size=68.0KB  prot=rw-  owner=unknown
[RW] base=0xd7ca000  end=0xd7db000  size=68.0KB  prot=rw-  owner=unknown
[RW] base=0xd7dc000  end=0xd7ed000  size=68.0KB  prot=rw-  owner=unknown
[RW] base=0xd7ee000  end=0xd7ff000  size=68.0KB  prot=rw-  owner=unknown
[RW] base=0xd800000  end=0xd821000  size=132.0KB  prot=rw-  owner=unknown
[RW] base=0xd822000  end=0xd833000  size=68.0KB  prot=rw-  owner=unknown
[RW] base=0xd834000  end=0xd855000  size=132.0KB  prot=rw-  owner=unknown
[RW] base=0xd856000  end=0xd867000  size=68.0KB  prot=rw-  owner=unknown
[RW] base=0xd868000  end=0xd879000  size=68.0KB  prot=rw-  owner=unknown
[RW] base=0xd87a000  end=0xd89b000  size=132.0KB  prot=rw-  owner=unknown
[RW] base=0xd89c000  end=0xd8ad000  size=68.0KB  prot=rw-  owner=unknown
[RW] base=0xd8ae000  end=0xd8ff000  size=324.0KB  prot=rw-  owner=unknown
[RW] base=0xd900000  end=0xd921000  size=132.0KB  prot=rw-  owner=unknown
[RW] base=0xd922000  end=0xd943000  size=132.0KB  prot=rw-  owner=unknown
[RW] base=0xd944000  end=0xd975000  size=196.0KB  prot=rw-  owner=unknown
[RW] base=0xd976000  end=0xd987000  size=68.0KB  prot=rw-  owner=unknown
[RW] base=0xd988000  end=0xd9c9000  size=260.0KB  prot=rw-  owner=unknown
[RW] base=0xd9ca000  end=0xd9db000  size=68.0KB  prot=rw-  owner=unknown
[RW] base=0xd9dc000  end=0xd9fd000  size=132.0KB  prot=rw-  owner=unknown
[RW] base=0xd9fe000  end=0xda0f000  size=68.0KB  prot=rw-  owner=unknown
[RW] base=0xda10000  end=0xda21000  size=68.0KB  prot=rw-  owner=unknown
[RW] base=0xda22000  end=0xda33000  size=68.0KB  prot=rw-  owner=unknown
[RW] base=0xda34000  end=0xda45000  size=68.0KB  prot=rw-  owner=unknown
[RW] base=0xda46000  end=0xda57000  size=68.0KB  prot=rw-  owner=unknown
[RW] base=0xda58000  end=0xda79000  size=132.0KB  prot=rw-  owner=unknown
[RW] base=0xda7a000  end=0xda8b000  size=68.0KB  prot=rw-  owner=unknown
[RW] base=0xda8c000  end=0xda9d000  size=68.0KB  prot=rw-  owner=unknown
[RW] base=0xda9e000  end=0xdaaf000  size=68.0KB  prot=rw-  owner=unknown
[RW] base=0xdab0000  end=0xdae1000  size=196.0KB  prot=rw-  owner=unknown
[RW] base=0xdae2000  end=0xdb2f000  size=308.0KB  prot=rw-  owner=unknown
[RW] base=0xdb30000  end=0xdb71000  size=260.0KB  prot=rw-  owner=unknown
[RW] base=0xdb72000  end=0xdbb3000  size=260.0KB  prot=rw-  owner=unknown
[RW] base=0xdbb4000  end=0xdbd5000  size=132.0KB  prot=rw-  owner=unknown
[RW] base=0xdbd6000  end=0xdbe7000  size=68.0KB  prot=rw-  owner=unknown
[RW] base=0xdbe8000  end=0xdbf9000  size=68.0KB  prot=rw-  owner=unknown
[RW] base=0xdbfa000  end=0xdc0b000  size=68.0KB  prot=rw-  owner=unknown
[RW] base=0xdc0c000  end=0xdc1d000  size=68.0KB  prot=rw-  owner=unknown
[RW] base=0xdc1e000  end=0xdc2f000  size=68.0KB  prot=rw-  owner=unknown
[RW] base=0xdc30000  end=0xdc41000  size=68.0KB  prot=rw-  owner=unknown
[RW] base=0xdc42000  end=0xdc63000  size=132.0KB  prot=rw-  owner=unknown
[RW] base=0xdc64000  end=0xdcb5000  size=324.0KB  prot=rw-  owner=unknown
[RW] base=0xdcb6000  end=0xdcc7000  size=68.0KB  prot=rw-  owner=unknown
[RW] base=0xdcc8000  end=0xdd09000  size=260.0KB  prot=rw-  owner=unknown
[RW] base=0xdd0a000  end=0xdd2b000  size=132.0KB  prot=rw-  owner=unknown
[RW] base=0xdd2c000  end=0xdd3d000  size=68.0KB  prot=rw-  owner=unknown
[RW] base=0xdd3e000  end=0xdd4f000  size=68.0KB  prot=rw-  owner=unknown
[RW] base=0xdd50000  end=0xdda1000  size=324.0KB  prot=rw-  owner=unknown
[RW] base=0xdda2000  end=0xddd3000  size=196.0KB  prot=rw-  owner=unknown
[RW] base=0xddd4000  end=0xddf5000  size=132.0KB  prot=rw-  owner=unknown
[RW] base=0xddf6000  end=0xde07000  size=68.0KB  prot=rw-  owner=unknown
[RW] base=0xde08000  end=0xde29000  size=132.0KB  prot=rw-  owner=unknown
[RW] base=0xde2a000  end=0xde4b000  size=132.0KB  prot=rw-  owner=unknown
[RW] base=0xde4c000  end=0xde7d000  size=196.0KB  prot=rw-  owner=unknown
[RW] base=0xde7e000  end=0xde8f000  size=68.0KB  prot=rw-  owner=unknown
[RW] base=0xde90000  end=0xdea1000  size=68.0KB  prot=rw-  owner=unknown
[RW] base=0xdea2000  end=0xdeb3000  size=68.0KB  prot=rw-  owner=unknown
[RW] base=0xdeb4000  end=0xdec5000  size=68.0KB  prot=rw-  owner=unknown
[RW] base=0xdec6000  end=0xded7000  size=68.0KB  prot=rw-  owner=unknown
[RW] base=0xded8000  end=0xdee9000  size=68.0KB  prot=rw-  owner=unknown
[RW] base=0xdeea000  end=0xdf4b000  size=388.0KB  prot=rw-  owner=unknown
[RW] base=0xdf4c000  end=0xdf5d000  size=68.0KB  prot=rw-  owner=unknown
[RW] base=0xdf5e000  end=0xdf6f000  size=68.0KB  prot=rw-  owner=unknown
[RW] base=0xdf70000  end=0xdf91000  size=132.0KB  prot=rw-  owner=unknown
[RW] base=0xdf92000  end=0xdfa3000  size=68.0KB  prot=rw-  owner=unknown
[RW] base=0xdfa4000  end=0xdfb5000  size=68.0KB  prot=rw-  owner=unknown
[RW] base=0xdfb6000  end=0xdfd7000  size=132.0KB  prot=rw-  owner=unknown
[RW] base=0xdfd8000  end=0xdff9000  size=132.0KB  prot=rw-  owner=unknown
[RW] base=0xdffa000  end=0xe00b000  size=68.0KB  prot=rw-  owner=unknown
[RW] base=0xe00c000  end=0xe01d000  size=68.0KB  prot=rw-  owner=unknown
[RW] base=0xe01e000  end=0xe03f000  size=132.0KB  prot=rw-  owner=unknown
[RW] base=0xe040000  end=0xe051000  size=68.0KB  prot=rw-  owner=unknown
[RW] base=0xe052000  end=0xe063000  size=68.0KB  prot=rw-  owner=unknown
[RW] base=0xe064000  end=0xe075000  size=68.0KB  prot=rw-  owner=unknown
[RW] base=0xe076000  end=0xe097000  size=132.0KB  prot=rw-  owner=unknown
[RW] base=0xe098000  end=0xe0a9000  size=68.0KB  prot=rw-  owner=unknown
[RW] base=0xe0aa000  end=0xe0bb000  size=68.0KB  prot=rw-  owner=unknown
[RW] base=0xe0bc000  end=0xe0dd000  size=132.0KB  prot=rw-  owner=unknown
[RW] base=0xe0de000  end=0xe0ef000  size=68.0KB  prot=rw-  owner=unknown
[RW] base=0xe0f0000  end=0xe101000  size=68.0KB  prot=rw-  owner=unknown
[RW] base=0xe102000  end=0xe113000  size=68.0KB  prot=rw-  owner=unknown
[RW] base=0xe114000  end=0xe175000  size=388.0KB  prot=rw-  owner=unknown
[RW] base=0xe176000  end=0xe187000  size=68.0KB  prot=rw-  owner=unknown
[RW] base=0xe188000  end=0xe1d9000  size=324.0KB  prot=rw-  owner=unknown
[RW] base=0xe1da000  end=0xe1eb000  size=68.0KB  prot=rw-  owner=unknown
[RW] base=0xe1ec000  end=0xe20d000  size=132.0KB  prot=rw-  owner=unknown
[RW] base=0xe20e000  end=0xe21f000  size=68.0KB  prot=rw-  owner=unknown
[RW] base=0xe220000  end=0xe241000  size=132.0KB  prot=rw-  owner=unknown
[RW] base=0xe242000  end=0xe263000  size=132.0KB  prot=rw-  owner=unknown
[RW] base=0xe264000  end=0xe285000  size=132.0KB  prot=rw-  owner=unknown
[RW] base=0xe286000  end=0xe2c7000  size=260.0KB  prot=rw-  owner=unknown
[RW] base=0xe2c8000  end=0xe2d9000  size=68.0KB  prot=rw-  owner=unknown
[RW] base=0xe2da000  end=0xe2e6000  size=48.0KB  prot=rw-  owner=unknown
[RW] base=0xe2fc000  end=0xe3fd000  size=1028.0KB  prot=rw-  owner=unknown
[RW] base=0xe405000  end=0xe506000  size=1028.0KB  prot=rw-  owner=unknown
[RW] base=0xe51d000  end=0xe71e000  size=2052.0KB  prot=rw-  owner=unknown
[RW] base=0xe758000  end=0xe760000  size=32.0KB  prot=rw-  owner=unknown
[RW] base=0xe798000  end=0xe7a0000  size=32.0KB  prot=rw-  owner=unknown
[RW] base=0xe7d8000  end=0xe7e0000  size=32.0KB  prot=rw-  owner=unknown
[RW] base=0xe818000  end=0xe820000  size=32.0KB  prot=rw-  owner=unknown
[RW] base=0xe820000  end=0xe821000  size=4.0KB  prot=rw-  owner=unknown
[RW] base=0xe830000  end=0xe837000  size=28.0KB  prot=rw-  owner=unknown
[RW] base=0xe840000  end=0xe851000  size=68.0KB  prot=rw-  owner=unknown
[RW] base=0xe852000  end=0xe863000  size=68.0KB  prot=rw-  owner=unknown
[RW] base=0xe864000  end=0xe8a5000  size=260.0KB  prot=rw-  owner=unknown
[RW] base=0xe8a6000  end=0xe8b7000  size=68.0KB  prot=rw-  owner=unknown
[RW] base=0xe8b8000  end=0xe8c9000  size=68.0KB  prot=rw-  owner=unknown
[RW] base=0xe8ca000  end=0xe90b000  size=260.0KB  prot=rw-  owner=unknown
[RW] base=0xe90c000  end=0xe94d000  size=260.0KB  prot=rw-  owner=unknown
[RW] base=0xe94e000  end=0xe96f000  size=132.0KB  prot=rw-  owner=unknown
[RW] base=0xe970000  end=0xe981000  size=68.0KB  prot=rw-  owner=unknown
[RW] base=0xe982000  end=0xe993000  size=68.0KB  prot=rw-  owner=unknown
[RW] base=0xe994000  end=0xe9a5000  size=68.0KB  prot=rw-  owner=unknown
[RW] base=0xe9a6000  end=0xe9d7000  size=196.0KB  prot=rw-  owner=unknown
[RW] base=0xe9d8000  end=0xea09000  size=196.0KB  prot=rw-  owner=unknown
[RW] base=0xea0a000  end=0xea2b000  size=132.0KB  prot=rw-  owner=unknown
[RW] base=0xea2c000  end=0xea5d000  size=196.0KB  prot=rw-  owner=unknown
[RW] base=0xea5e000  end=0xea7f000  size=132.0KB  prot=rw-  owner=unknown
[RW] base=0xea80000  end=0xead1000  size=324.0KB  prot=rw-  owner=unknown
[RW] base=0xead2000  end=0xeae3000  size=68.0KB  prot=rw-  owner=unknown
[RW] base=0xeae4000  end=0xeb35000  size=324.0KB  prot=rw-  owner=unknown
[RW] base=0xeb36000  end=0xeb67000  size=196.0KB  prot=rw-  owner=unknown
[RW] base=0xeb68000  end=0xeb89000  size=132.0KB  prot=rw-  owner=unknown
[RW] base=0xeb8a000  end=0xebbb000  size=196.0KB  prot=rw-  owner=unknown
[RW] base=0xebbc000  end=0xebfd000  size=260.0KB  prot=rw-  owner=unknown
[RW] base=0xebfe000  end=0xec0f000  size=68.0KB  prot=rw-  owner=unknown
[RW] base=0xec10000  end=0xec61000  size=324.0KB  prot=rw-  owner=unknown
[RW] base=0xec62000  end=0xec83000  size=132.0KB  prot=rw-  owner=unknown
[RW] base=0xec84000  end=0xeca5000  size=132.0KB  prot=rw-  owner=unknown
[RW] base=0xeca6000  end=0xecb7000  size=68.0KB  prot=rw-  owner=unknown
[RW] base=0xecb8000  end=0xece9000  size=196.0KB  prot=rw-  owner=unknown
[RW] base=0xecea000  end=0xed2b000  size=260.0KB  prot=rw-  owner=unknown
[RW] base=0xed2c000  end=0xed5d000  size=196.0KB  prot=rw-  owner=unknown
[RW] base=0xed5e000  end=0xed8f000  size=196.0KB  prot=rw-  owner=unknown
[RW] base=0xed90000  end=0xedb1000  size=132.0KB  prot=rw-  owner=unknown
[RW] base=0xedb2000  end=0xede3000  size=196.0KB  prot=rw-  owner=unknown
[RW] base=0xede4000  end=0xee05000  size=132.0KB  prot=rw-  owner=unknown
[RW] base=0xee06000  end=0xee17000  size=68.0KB  prot=rw-  owner=unknown
[RW] base=0xee18000  end=0xee39000  size=132.0KB  prot=rw-  owner=unknown
[RW] base=0xee3a000  end=0xee6b000  size=196.0KB  prot=rw-  owner=unknown
[RW] base=0xee6c000  end=0xeead000  size=260.0KB  prot=rw-  owner=unknown
[RW] base=0xeeae000  end=0xeebf000  size=68.0KB  prot=rw-  owner=unknown
[RW] base=0xeec0000  end=0xef21000  size=388.0KB  prot=rw-  owner=unknown
[RW] base=0xef22000  end=0xef53000  size=196.0KB  prot=rw-  owner=unknown
[RW] base=0xef54000  end=0xefb5000  size=388.0KB  prot=rw-  owner=unknown
[RW] base=0xefb6000  end=0xefe7000  size=196.0KB  prot=rw-  owner=unknown
[RW] base=0xefe8000  end=0xf019000  size=196.0KB  prot=rw-  owner=unknown
[RW] base=0xf01a000  end=0xf02b000  size=68.0KB  prot=rw-  owner=unknown
[RW] base=0xf02c000  end=0xf04d000  size=132.0KB  prot=rw-  owner=unknown
[RW] base=0xf04e000  end=0xf07f000  size=196.0KB  prot=rw-  owner=unknown
[RW] base=0xf080000  end=0xf0e1000  size=388.0KB  prot=rw-  owner=unknown
[RW] base=0xf0e2000  end=0xf0f3000  size=68.0KB  prot=rw-  owner=unknown
[RW] base=0xf0f4000  end=0xf115000  size=132.0KB  prot=rw-  owner=unknown
[RW] base=0xf116000  end=0xf147000  size=196.0KB  prot=rw-  owner=unknown
[RW] base=0xf148000  end=0xf1a9000  size=388.0KB  prot=rw-  owner=unknown
[RW] base=0xf1aa000  end=0xf1cb000  size=132.0KB  prot=rw-  owner=unknown
[RW] base=0xf1cc000  end=0xf1ed000  size=132.0KB  prot=rw-  owner=unknown
[RW] base=0xf1ee000  end=0xf23f000  size=324.0KB  prot=rw-  owner=unknown
[RW] base=0xf240000  end=0xf251000  size=68.0KB  prot=rw-  owner=unknown
[RW] base=0xf252000  end=0xf273000  size=132.0KB  prot=rw-  owner=unknown
[RW] base=0xf274000  end=0xf295000  size=132.0KB  prot=rw-  owner=unknown
[RW] base=0xf296000  end=0xf2a7000  size=68.0KB  prot=rw-  owner=unknown
[RW] base=0xf2a8000  end=0xf2b9000  size=68.0KB  prot=rw-  owner=unknown
[RW] base=0xf2ba000  end=0xf2db000  size=132.0KB  prot=rw-  owner=unknown
[RW] base=0xf2dc000  end=0xf2ed000  size=68.0KB  prot=rw-  owner=unknown
[RW] base=0xf2ee000  end=0xf32f000  size=260.0KB  prot=rw-  owner=unknown
[RW] base=0xf330000  end=0xf341000  size=68.0KB  prot=rw-  owner=unknown
[RW] base=0xf342000  end=0xf363000  size=132.0KB  prot=rw-  owner=unknown
[RW] base=0xf364000  end=0xf385000  size=132.0KB  prot=rw-  owner=unknown
[RW] base=0xf386000  end=0xf397000  size=68.0KB  prot=rw-  owner=unknown
[RW] base=0xf398000  end=0xf3b9000  size=132.0KB  prot=rw-  owner=unknown
[RW] base=0xf3ba000  end=0xf3fb000  size=260.0KB  prot=rw-  owner=unknown
[RW] base=0xf3fc000  end=0xf41d000  size=132.0KB  prot=rw-  owner=unknown
[RW] base=0xf41e000  end=0xf42f000  size=68.0KB  prot=rw-  owner=unknown
[RW] base=0xf430000  end=0xf441000  size=68.0KB  prot=rw-  owner=unknown
[RW] base=0xf442000  end=0xf463000  size=132.0KB  prot=rw-  owner=unknown
[RW] base=0xf464000  end=0xf475000  size=68.0KB  prot=rw-  owner=unknown
[RW] base=0xf476000  end=0xf487000  size=68.0KB  prot=rw-  owner=unknown
[RW] base=0xf488000  end=0xf499000  size=68.0KB  prot=rw-  owner=unknown
[RW] base=0xf49a000  end=0xf4cb000  size=196.0KB  prot=rw-  owner=unknown
[RW] base=0xf4cc000  end=0xf50d000  size=260.0KB  prot=rw-  owner=unknown
[RW] base=0xf50e000  end=0xf51f000  size=68.0KB  prot=rw-  owner=unknown
[RW] base=0xf520000  end=0xf541000  size=132.0KB  prot=rw-  owner=unknown
[RW] base=0xf542000  end=0xf553000  size=68.0KB  prot=rw-  owner=unknown
[RW] base=0xf554000  end=0xf585000  size=196.0KB  prot=rw-  owner=unknown
[RW] base=0xf586000  end=0xf5a7000  size=132.0KB  prot=rw-  owner=unknown
[RW] base=0xf5a8000  end=0xf5e9000  size=260.0KB  prot=rw-  owner=unknown
[RW] base=0xf5ea000  end=0xf5fb000  size=68.0KB  prot=rw-  owner=unknown
[RW] base=0xf5fc000  end=0xf699000  size=628.0KB  prot=rw-  owner=unknown
[RW] base=0xf69a000  end=0xf6cb000  size=196.0KB  prot=rw-  owner=unknown
[RW] base=0xf6cc000  end=0xf6ed000  size=132.0KB  prot=rw-  owner=unknown
[RW] base=0xf6ee000  end=0xf6ff000  size=68.0KB  prot=rw-  owner=unknown
[RW] base=0xf700000  end=0xf711000  size=68.0KB  prot=rw-  owner=unknown
[RW] base=0xf712000  end=0xf723000  size=68.0KB  prot=rw-  owner=unknown
[RW] base=0xf724000  end=0xf735000  size=68.0KB  prot=rw-  owner=unknown
[RW] base=0xf736000  end=0xf757000  size=132.0KB  prot=rw-  owner=unknown
[RW] base=0xf758000  end=0xf789000  size=196.0KB  prot=rw-  owner=unknown
[RW] base=0xf78a000  end=0xf7cb000  size=260.0KB  prot=rw-  owner=unknown
[RW] base=0xf7cc000  end=0xf7ed000  size=132.0KB  prot=rw-  owner=unknown
[RW] base=0xf7ee000  end=0xf800000  size=72.0KB  prot=rw-  owner=unknown
[RW] base=0xf814000  end=0xfa15000  size=2052.0KB  prot=rw-  owner=unknown
[RW] base=0xfa28000  end=0xfc29000  size=2052.0KB  prot=rw-  owner=unknown
[RW] base=0xfc30000  end=0xfd2f000  size=1020.0KB  prot=rw-  owner=unknown
[RW] base=0xfd30000  end=0xfd8f000  size=380.0KB  prot=rw-  owner=unknown
[RW] base=0xfd90000  end=0xfdd1000  size=260.0KB  prot=rw-  owner=unknown
[RW] base=0xfdd2000  end=0xfdeb000  size=100.0KB  prot=rw-  owner=unknown
[RW] base=0xfdec000  end=0xfe37000  size=300.0KB  prot=rw-  owner=unknown
[RW] base=0xfe38000  end=0xfe79000  size=260.0KB  prot=rw-  owner=unknown
[RW] base=0xfe7a000  end=0xfebb000  size=260.0KB  prot=rw-  owner=unknown
[RW] base=0xfebc000  end=0xfefd000  size=260.0KB  prot=rw-  owner=unknown
[RW] base=0xfefe000  end=0xff0f000  size=68.0KB  prot=rw-  owner=unknown
[RW] base=0xff10000  end=0xff2f000  size=124.0KB  prot=rw-  owner=unknown
[RW] base=0xff3f000  end=0xffe0000  size=644.0KB  prot=rw-  owner=unknown
[RW] base=0x10036000  end=0x1003c000  size=24.0KB  prot=rw-  owner=GameData.dll
[RW] base=0x1003c000  end=0x10045000  size=36.0KB  prot=rw-  owner=GameData.dll
[RW] base=0x10045000  end=0x10048000  size=12.0KB  prot=rw-  owner=GameData.dll
[RW] base=0x10050000  end=0x10061000  size=68.0KB  prot=rw-  owner=unknown
[RW] base=0x10062000  end=0x100b3000  size=324.0KB  prot=rw-  owner=unknown
[RW] base=0x100b4000  end=0x100c5000  size=68.0KB  prot=rw-  owner=unknown
[RW] base=0x100c6000  end=0x100d7000  size=68.0KB  prot=rw-  owner=unknown
[RW] base=0x100d8000  end=0x100e9000  size=68.0KB  prot=rw-  owner=unknown
[RW] base=0x100ea000  end=0x100fb000  size=68.0KB  prot=rw-  owner=unknown
[RW] base=0x100fc000  end=0x1010d000  size=68.0KB  prot=rw-  owner=unknown
[RW] base=0x1010e000  end=0x1014f000  size=260.0KB  prot=rw-  owner=unknown
[RW] base=0x10150000  end=0x10171000  size=132.0KB  prot=rw-  owner=unknown
[RW] base=0x10172000  end=0x101d3000  size=388.0KB  prot=rw-  owner=unknown
[RW] base=0x101d4000  end=0x10205000  size=196.0KB  prot=rw-  owner=unknown
[RW] base=0x10206000  end=0x10237000  size=196.0KB  prot=rw-  owner=unknown
[RW] base=0x10238000  end=0x10249000  size=68.0KB  prot=rw-  owner=unknown
[RW] base=0x1024a000  end=0x1025b000  size=68.0KB  prot=rw-  owner=unknown
[RW] base=0x1025c000  end=0x1026d000  size=68.0KB  prot=rw-  owner=unknown
[RW] base=0x1026e000  end=0x1027f000  size=68.0KB  prot=rw-  owner=unknown
[RW] base=0x10280000  end=0x102a1000  size=132.0KB  prot=rw-  owner=unknown
[RW] base=0x102a2000  end=0x102b3000  size=68.0KB  prot=rw-  owner=unknown
[RW] base=0x102b4000  end=0x102e5000  size=196.0KB  prot=rw-  owner=unknown
[RW] base=0x102e6000  end=0x10317000  size=196.0KB  prot=rw-  owner=unknown
[RW] base=0x10318000  end=0x10369000  size=324.0KB  prot=rw-  owner=unknown
[RW] base=0x1036a000  end=0x1037b000  size=68.0KB  prot=rw-  owner=unknown
[RW] base=0x1037c000  end=0x1038d000  size=68.0KB  prot=rw-  owner=unknown
[RW] base=0x1038e000  end=0x1039f000  size=68.0KB  prot=rw-  owner=unknown
[RW] base=0x103a0000  end=0x103c1000  size=132.0KB  prot=rw-  owner=unknown
[RW] base=0x103c2000  end=0x103d3000  size=68.0KB  prot=rw-  owner=unknown
[RW] base=0x103d4000  end=0x10415000  size=260.0KB  prot=rw-  owner=unknown
[RW] base=0x10416000  end=0x10427000  size=68.0KB  prot=rw-  owner=unknown
[RW] base=0x10428000  end=0x10439000  size=68.0KB  prot=rw-  owner=unknown
[RW] base=0x1043a000  end=0x1046b000  size=196.0KB  prot=rw-  owner=unknown
[RW] base=0x1046c000  end=0x1047d000  size=68.0KB  prot=rw-  owner=unknown
[RW] base=0x1047e000  end=0x1048f000  size=68.0KB  prot=rw-  owner=unknown
[RW] base=0x10490000  end=0x104b1000  size=132.0KB  prot=rw-  owner=unknown
[RW] base=0x104b2000  end=0x104c3000  size=68.0KB  prot=rw-  owner=unknown
[RW] base=0x104c4000  end=0x104f5000  size=196.0KB  prot=rw-  owner=unknown
[RW] base=0x104f6000  end=0x10507000  size=68.0KB  prot=rw-  owner=unknown
[RW] base=0x10508000  end=0x10519000  size=68.0KB  prot=rw-  owner=unknown
[RW] base=0x1051a000  end=0x1052b000  size=68.0KB  prot=rw-  owner=unknown
[RW] base=0x1052c000  end=0x1053d000  size=68.0KB  prot=rw-  owner=unknown
[RW] base=0x1053e000  end=0x1054f000  size=68.0KB  prot=rw-  owner=unknown
[RW] base=0x10550000  end=0x10561000  size=68.0KB  prot=rw-  owner=unknown
[RW] base=0x10562000  end=0x10573000  size=68.0KB  prot=rw-  owner=unknown
[RW] base=0x10574000  end=0x10585000  size=68.0KB  prot=rw-  owner=unknown
[RW] base=0x10586000  end=0x10606000  size=512.0KB  prot=rw-  owner=unknown
[RW] base=0x10607000  end=0x10648000  size=260.0KB  prot=rw-  owner=unknown
[RW] base=0x10649000  end=0x1065a000  size=68.0KB  prot=rw-  owner=unknown
[RW] base=0x1065b000  end=0x1066c000  size=68.0KB  prot=rw-  owner=unknown
[RW] base=0x1066d000  end=0x1067e000  size=68.0KB  prot=rw-  owner=unknown
[RW] base=0x1067f000  end=0x106a0000  size=132.0KB  prot=rw-  owner=unknown
[RW] base=0x106a1000  end=0x106b2000  size=68.0KB  prot=rw-  owner=unknown
[RW] base=0x106b3000  end=0x106c4000  size=68.0KB  prot=rw-  owner=unknown
[RW] base=0x106c5000  end=0x106d6000  size=68.0KB  prot=rw-  owner=unknown
[RW] base=0x106d7000  end=0x106f8000  size=132.0KB  prot=rw-  owner=unknown
[RW] base=0x106f9000  end=0x1070a000  size=68.0KB  prot=rw-  owner=unknown
[RW] base=0x1070b000  end=0x1071c000  size=68.0KB  prot=rw-  owner=unknown
[RW] base=0x1071d000  end=0x1072e000  size=68.0KB  prot=rw-  owner=unknown
[RW] base=0x1072f000  end=0x10740000  size=68.0KB  prot=rw-  owner=unknown
[RW] base=0x10741000  end=0x10762000  size=132.0KB  prot=rw-  owner=unknown
[RW] base=0x10763000  end=0x10794000  size=196.0KB  prot=rw-  owner=unknown
[RW] base=0x10795000  end=0x107b6000  size=132.0KB  prot=rw-  owner=unknown
[RW] base=0x107b7000  end=0x107e8000  size=196.0KB  prot=rw-  owner=unknown
[RW] base=0x107e9000  end=0x107fa000  size=68.0KB  prot=rw-  owner=unknown
[RW] base=0x107fb000  end=0x1085c000  size=388.0KB  prot=rw-  owner=unknown
[RW] base=0x1085d000  end=0x1088e000  size=196.0KB  prot=rw-  owner=unknown
[RW] base=0x1088f000  end=0x108a0000  size=68.0KB  prot=rw-  owner=unknown
[RW] base=0x108a1000  end=0x108d2000  size=196.0KB  prot=rw-  owner=unknown
[RW] base=0x108d3000  end=0x108f4000  size=132.0KB  prot=rw-  owner=unknown
[RW] base=0x108f5000  end=0x10906000  size=68.0KB  prot=rw-  owner=unknown
[RW] base=0x10907000  end=0x10918000  size=68.0KB  prot=rw-  owner=unknown
[RW] base=0x10919000  end=0x1092a000  size=68.0KB  prot=rw-  owner=unknown
[RW] base=0x1092b000  end=0x1093c000  size=68.0KB  prot=rw-  owner=unknown
[RW] base=0x1093d000  end=0x1094e000  size=68.0KB  prot=rw-  owner=unknown
[RW] base=0x1094f000  end=0x109c0000  size=452.0KB  prot=rw-  owner=unknown
[RW] base=0x109c1000  end=0x109d2000  size=68.0KB  prot=rw-  owner=unknown
[RW] base=0x109d3000  end=0x109e4000  size=68.0KB  prot=rw-  owner=unknown
[RW] base=0x109e5000  end=0x10a16000  size=196.0KB  prot=rw-  owner=unknown
[RW] base=0x10a17000  end=0x10a38000  size=132.0KB  prot=rw-  owner=unknown
[RW] base=0x10a39000  end=0x10a6a000  size=196.0KB  prot=rw-  owner=unknown
[RW] base=0x10a6b000  end=0x10a8c000  size=132.0KB  prot=rw-  owner=unknown
[RW] base=0x10a8d000  end=0x10aae000  size=132.0KB  prot=rw-  owner=unknown
[RW] base=0x10aaf000  end=0x10ad0000  size=132.0KB  prot=rw-  owner=unknown
[RW] base=0x10ad1000  end=0x10b02000  size=196.0KB  prot=rw-  owner=unknown
[RW] base=0x10b03000  end=0x10b14000  size=68.0KB  prot=rw-  owner=unknown
[RW] base=0x10b15000  end=0x10b26000  size=68.0KB  prot=rw-  owner=unknown
[RW] base=0x10b27000  end=0x10b38000  size=68.0KB  prot=rw-  owner=unknown
[RW] base=0x10b39000  end=0x10b4a000  size=68.0KB  prot=rw-  owner=unknown
[RW] base=0x10b4b000  end=0x10b5c000  size=68.0KB  prot=rw-  owner=unknown
[RW] base=0x10b5d000  end=0x10b6e000  size=68.0KB  prot=rw-  owner=unknown
[RW] base=0x10b6f000  end=0x10b90000  size=132.0KB  prot=rw-  owner=unknown
[RW] base=0x10b91000  end=0x10ba2000  size=68.0KB  prot=rw-  owner=unknown
[RW] base=0x10ba3000  end=0x10bc4000  size=132.0KB  prot=rw-  owner=unknown
[RW] base=0x10bc5000  end=0x10bd6000  size=68.0KB  prot=rw-  owner=unknown
[RW] base=0x10bd7000  end=0x10bf8000  size=132.0KB  prot=rw-  owner=unknown
[RW] base=0x10bf9000  end=0x10c1a000  size=132.0KB  prot=rw-  owner=unknown
[RW] base=0x10c1b000  end=0x10c4c000  size=196.0KB  prot=rw-  owner=unknown
[RW] base=0x10c4d000  end=0x10c7e000  size=196.0KB  prot=rw-  owner=unknown
[RW] base=0x10c7f000  end=0x10c90000  size=68.0KB  prot=rw-  owner=unknown
[RW] base=0x10c91000  end=0x10ca2000  size=68.0KB  prot=rw-  owner=unknown
[RW] base=0x10ca3000  end=0x10cc4000  size=132.0KB  prot=rw-  owner=unknown
[RW] base=0x10cc5000  end=0x10cd6000  size=68.0KB  prot=rw-  owner=unknown
[RW] base=0x10cd7000  end=0x10cf8000  size=132.0KB  prot=rw-  owner=unknown
[RW] base=0x10cf9000  end=0x10d1a000  size=132.0KB  prot=rw-  owner=unknown
[RW] base=0x10d1b000  end=0x10d2c000  size=68.0KB  prot=rw-  owner=unknown
[RW] base=0x10d2d000  end=0x10d7e000  size=324.0KB  prot=rw-  owner=unknown
[RW] base=0x10d7f000  end=0x10da0000  size=132.0KB  prot=rw-  owner=unknown
[RW] base=0x10da1000  end=0x10dc2000  size=132.0KB  prot=rw-  owner=unknown
[RW] base=0x10dc3000  end=0x10e04000  size=260.0KB  prot=rw-  owner=unknown
[RW] base=0x10e05000  end=0x10e26000  size=132.0KB  prot=rw-  owner=unknown
[RW] base=0x10e27000  end=0x10e48000  size=132.0KB  prot=rw-  owner=unknown
[RW] base=0x10e49000  end=0x10e7a000  size=196.0KB  prot=rw-  owner=unknown
[RW] base=0x10e7b000  end=0x10e8c000  size=68.0KB  prot=rw-  owner=unknown
[RW] base=0x10e8d000  end=0x10e9e000  size=68.0KB  prot=rw-  owner=unknown
[RW] base=0x10e9f000  end=0x10eb0000  size=68.0KB  prot=rw-  owner=unknown
[RW] base=0x10eb1000  end=0x10ec2000  size=68.0KB  prot=rw-  owner=unknown
[RW] base=0x10ec3000  end=0x10ed4000  size=68.0KB  prot=rw-  owner=unknown
[RW] base=0x10ed5000  end=0x10ef6000  size=132.0KB  prot=rw-  owner=unknown
[RW] base=0x10ef7000  end=0x10f12000  size=108.0KB  prot=rw-  owner=unknown
[RW] base=0x11020000  end=0x11081000  size=388.0KB  prot=rw-  owner=unknown
[RW] base=0x11082000  end=0x1119b000  size=1124.0KB  prot=rw-  owner=unknown
[RW] base=0x1119c000  end=0x1121d000  size=516.0KB  prot=rw-  owner=unknown
[RW] base=0x1121e000  end=0x11235000  size=92.0KB  prot=rw-  owner=unknown
[RW] base=0x11236000  end=0x1134c000  size=1112.0KB  prot=rw-  owner=unknown
[RW] base=0x1134d000  end=0x1139d000  size=320.0KB  prot=rw-  owner=unknown
[RW] base=0x1139e000  end=0x113af000  size=68.0KB  prot=rw-  owner=unknown
[RW] base=0x113b0000  end=0x11406000  size=344.0KB  prot=rw-  owner=unknown
[RW] base=0x11407000  end=0x1143a000  size=204.0KB  prot=rw-  owner=unknown
[RW] base=0x1143b000  end=0x1147c000  size=260.0KB  prot=rw-  owner=unknown
[RW] base=0x1147d000  end=0x1148e000  size=68.0KB  prot=rw-  owner=unknown
[RW] base=0x1148f000  end=0x114c4000  size=212.0KB  prot=rw-  owner=unknown
[RW] base=0x114c5000  end=0x114e8000  size=140.0KB  prot=rw-  owner=unknown
[RW] base=0x114e9000  end=0x1150a000  size=132.0KB  prot=rw-  owner=unknown
[RW] base=0x1150b000  end=0x1152c000  size=132.0KB  prot=rw-  owner=unknown
[RW] base=0x1152d000  end=0x115a7000  size=488.0KB  prot=rw-  owner=unknown
[RW] base=0x115a8000  end=0x115d2000  size=168.0KB  prot=rw-  owner=unknown
[RW] base=0x115d3000  end=0x115f6000  size=140.0KB  prot=rw-  owner=unknown
[RW] base=0x115f7000  end=0x1165b000  size=400.0KB  prot=rw-  owner=unknown
[RW] base=0x1165c000  end=0x1167d000  size=132.0KB  prot=rw-  owner=unknown
[RW] base=0x1167e000  end=0x1168f000  size=68.0KB  prot=rw-  owner=unknown
[RW] base=0x11690000  end=0x116b1000  size=132.0KB  prot=rw-  owner=unknown
[RW] base=0x116b2000  end=0x116e3000  size=196.0KB  prot=rw-  owner=unknown
[RW] base=0x116e4000  end=0x11708000  size=144.0KB  prot=rw-  owner=unknown
[RW] base=0x11709000  end=0x1175d000  size=336.0KB  prot=rw-  owner=unknown
[RW] base=0x1175e000  end=0x1178f000  size=196.0KB  prot=rw-  owner=unknown
[RW] base=0x11790000  end=0x117b1000  size=132.0KB  prot=rw-  owner=unknown
[RW] base=0x117b2000  end=0x117d3000  size=132.0KB  prot=rw-  owner=unknown
[RW] base=0x117d4000  end=0x1182f000  size=364.0KB  prot=rw-  owner=unknown
[RW] base=0x11830000  end=0x1189c000  size=432.0KB  prot=rw-  owner=unknown
[RW] base=0x1189d000  end=0x118de000  size=260.0KB  prot=rw-  owner=unknown
[RW] base=0x118df000  end=0x1191e000  size=252.0KB  prot=rw-  owner=unknown
[RW] base=0x1191f000  end=0x11940000  size=132.0KB  prot=rw-  owner=unknown
[RW] base=0x11941000  end=0x119a2000  size=388.0KB  prot=rw-  owner=unknown
[RW] base=0x119a3000  end=0x119d4000  size=196.0KB  prot=rw-  owner=unknown
[RW] base=0x119d5000  end=0x11a2e000  size=356.0KB  prot=rw-  owner=unknown
[RW] base=0x11a2f000  end=0x11a7a000  size=300.0KB  prot=rw-  owner=unknown
[RW] base=0x11a7b000  end=0x11a9c000  size=132.0KB  prot=rw-  owner=unknown
[RW] base=0x11a9d000  end=0x11ab0000  size=76.0KB  prot=rw-  owner=unknown
[RW] base=0x11ab1000  end=0x11ae9000  size=224.0KB  prot=rw-  owner=unknown
[RW] base=0x11aea000  end=0x11b3d000  size=332.0KB  prot=rw-  owner=unknown
[RW] base=0x11b3e000  end=0x11b63000  size=148.0KB  prot=rw-  owner=unknown
[RW] base=0x11b64000  end=0x11b85000  size=132.0KB  prot=rw-  owner=unknown
[RW] base=0x11b86000  end=0x11b97000  size=68.0KB  prot=rw-  owner=unknown
[RW] base=0x11b98000  end=0x11bba000  size=136.0KB  prot=rw-  owner=unknown
[RW] base=0x11bbb000  end=0x11c0a000  size=316.0KB  prot=rw-  owner=unknown
[RW] base=0x11c0b000  end=0x11c4a000  size=252.0KB  prot=rw-  owner=unknown
[RW] base=0x11c4b000  end=0x11c67000  size=112.0KB  prot=rw-  owner=unknown
[RW] base=0x11c68000  end=0x11c89000  size=132.0KB  prot=rw-  owner=unknown
[RW] base=0x11c8a000  end=0x11cb5000  size=172.0KB  prot=rw-  owner=unknown
[RW] base=0x11cb6000  end=0x11cd7000  size=132.0KB  prot=rw-  owner=unknown
[RW] base=0x11cd8000  end=0x11cfa000  size=136.0KB  prot=rw-  owner=unknown
[RW] base=0x11cfb000  end=0x11d60000  size=404.0KB  prot=rw-  owner=unknown
[RW] base=0x11d61000  end=0x11da2000  size=260.0KB  prot=rw-  owner=unknown
[RW] base=0x11da3000  end=0x11de8000  size=276.0KB  prot=rw-  owner=unknown
[RW] base=0x11de9000  end=0x11e1a000  size=196.0KB  prot=rw-  owner=unknown
[RW] base=0x11e1b000  end=0x11e7c000  size=388.0KB  prot=rw-  owner=unknown
[RW] base=0x11e7d000  end=0x11f2e000  size=708.0KB  prot=rw-  owner=unknown
[RW] base=0x11f2f000  end=0x11fb0000  size=516.0KB  prot=rw-  owner=unknown
[RW] base=0x11fb1000  end=0x11fe2000  size=196.0KB  prot=rw-  owner=unknown
[RW] base=0x11fe3000  end=0x11fef000  size=48.0KB  prot=rw-  owner=unknown
[RW] base=0x12030000  end=0x12031000  size=4.0KB  prot=rw-  owner=unknown
[RW] base=0x12050000  end=0x12091000  size=260.0KB  prot=rw-  owner=unknown
[RW] base=0x12092000  end=0x120d3000  size=260.0KB  prot=rw-  owner=unknown
[RW] base=0x120d4000  end=0x12115000  size=260.0KB  prot=rw-  owner=unknown
[RW] base=0x12116000  end=0x12157000  size=260.0KB  prot=rw-  owner=unknown
[RW] base=0x12158000  end=0x12199000  size=260.0KB  prot=rw-  owner=unknown
[RW] base=0x1219a000  end=0x121db000  size=260.0KB  prot=rw-  owner=unknown
[RW] base=0x121dc000  end=0x1221d000  size=260.0KB  prot=rw-  owner=unknown
[RW] base=0x1221e000  end=0x1225f000  size=260.0KB  prot=rw-  owner=unknown
[RW] base=0x12260000  end=0x12289000  size=164.0KB  prot=rw-  owner=unknown
[RW] base=0x1228a000  end=0x122d4000  size=296.0KB  prot=rw-  owner=unknown
[RW] base=0x122d5000  end=0x122f6000  size=132.0KB  prot=rw-  owner=unknown
[RW] base=0x122f7000  end=0x1233b000  size=272.0KB  prot=rw-  owner=unknown
[RW] base=0x1233c000  end=0x1237d000  size=260.0KB  prot=rw-  owner=unknown
[RW] base=0x1237e000  end=0x123d2000  size=336.0KB  prot=rw-  owner=unknown
[RW] base=0x123d3000  end=0x12414000  size=260.0KB  prot=rw-  owner=unknown
[RW] base=0x12415000  end=0x12436000  size=132.0KB  prot=rw-  owner=unknown
[RW] base=0x12437000  end=0x1244f000  size=96.0KB  prot=rw-  owner=unknown
[RW] base=0x12450000  end=0x12491000  size=260.0KB  prot=rw-  owner=unknown
[RW] base=0x12492000  end=0x124e3000  size=324.0KB  prot=rw-  owner=unknown
[RW] base=0x124e4000  end=0x12525000  size=260.0KB  prot=rw-  owner=unknown
[RW] base=0x12526000  end=0x12567000  size=260.0KB  prot=rw-  owner=unknown
[RW] base=0x12568000  end=0x125a9000  size=260.0KB  prot=rw-  owner=unknown
[RW] base=0x125aa000  end=0x125eb000  size=260.0KB  prot=rw-  owner=unknown
[RW] base=0x125ec000  end=0x1262d000  size=260.0KB  prot=rw-  owner=unknown
[RW] base=0x1262e000  end=0x1266f000  size=260.0KB  prot=rw-  owner=unknown
[RW] base=0x12670000  end=0x126cc000  size=368.0KB  prot=rw-  owner=unknown
[RW] base=0x126cd000  end=0x1271b000  size=312.0KB  prot=rw-  owner=unknown
[RW] base=0x1271c000  end=0x1272d000  size=68.0KB  prot=rw-  owner=unknown
[RW] base=0x1272e000  end=0x1273f000  size=68.0KB  prot=rw-  owner=unknown
[RW] base=0x12740000  end=0x12791000  size=324.0KB  prot=rw-  owner=unknown
[RW] base=0x12792000  end=0x127d3000  size=260.0KB  prot=rw-  owner=unknown
[RW] base=0x127d4000  end=0x1281d000  size=292.0KB  prot=rw-  owner=unknown
[RW] base=0x1281e000  end=0x1287a000  size=368.0KB  prot=rw-  owner=unknown
[RW] base=0x1287b000  end=0x128bc000  size=260.0KB  prot=rw-  owner=unknown
[RW] base=0x128bd000  end=0x128fe000  size=260.0KB  prot=rw-  owner=unknown
[RW] base=0x128ff000  end=0x12931000  size=200.0KB  prot=rw-  owner=unknown
[RW] base=0x12932000  end=0x12967000  size=212.0KB  prot=rw-  owner=unknown
[RW] base=0x12968000  end=0x129aa000  size=264.0KB  prot=rw-  owner=unknown
[RW] base=0x129ab000  end=0x129fd000  size=328.0KB  prot=rw-  owner=unknown
[RW] base=0x129fe000  end=0x12a0f000  size=68.0KB  prot=rw-  owner=unknown
[RW] base=0x12a10000  end=0x12a31000  size=132.0KB  prot=rw-  owner=unknown
[RW] base=0x12a32000  end=0x12a61000  size=188.0KB  prot=rw-  owner=unknown
[RW] base=0x12a62000  end=0x12aa6000  size=272.0KB  prot=rw-  owner=unknown
[RW] base=0x12aa7000  end=0x12ae8000  size=260.0KB  prot=rw-  owner=unknown
[RW] base=0x12ae9000  end=0x12b2a000  size=260.0KB  prot=rw-  owner=unknown
[RW] base=0x12b2b000  end=0x12b6c000  size=260.0KB  prot=rw-  owner=unknown
[RW] base=0x12b6d000  end=0x12b8e000  size=132.0KB  prot=rw-  owner=unknown
[RW] base=0x12b8f000  end=0x12bf7000  size=416.0KB  prot=rw-  owner=unknown
[RW] base=0x12bf8000  end=0x12c41000  size=292.0KB  prot=rw-  owner=unknown
[RW] base=0x12c42000  end=0x12c4f000  size=52.0KB  prot=rw-  owner=unknown
[RW] base=0x12c50000  end=0x12c91000  size=260.0KB  prot=rw-  owner=unknown
[RW] base=0x12c92000  end=0x12cd3000  size=260.0KB  prot=rw-  owner=unknown
[RW] base=0x12cd4000  end=0x12d15000  size=260.0KB  prot=rw-  owner=unknown
[RW] base=0x12d16000  end=0x12d83000  size=436.0KB  prot=rw-  owner=unknown
[RW] base=0x12d84000  end=0x12d95000  size=68.0KB  prot=rw-  owner=unknown
[RW] base=0x12d96000  end=0x12de4000  size=312.0KB  prot=rw-  owner=unknown
[RW] base=0x12de5000  end=0x12e26000  size=260.0KB  prot=rw-  owner=unknown
[RW] base=0x12e27000  end=0x12e68000  size=260.0KB  prot=rw-  owner=unknown
[RW] base=0x12e69000  end=0x12eb4000  size=300.0KB  prot=rw-  owner=unknown
[RW] base=0x12eb5000  end=0x12f01000  size=304.0KB  prot=rw-  owner=unknown
[RW] base=0x12f02000  end=0x12f37000  size=212.0KB  prot=rw-  owner=unknown
[RW] base=0x12f38000  end=0x12f84000  size=304.0KB  prot=rw-  owner=unknown
[RW] base=0x12f85000  end=0x12fc6000  size=260.0KB  prot=rw-  owner=unknown
[RW] base=0x12fc7000  end=0x12fe7000  size=128.0KB  prot=rw-  owner=unknown
[RW] base=0x12fe8000  end=0x1304c000  size=400.0KB  prot=rw-  owner=unknown
[RW] base=0x1304d000  end=0x1306e000  size=132.0KB  prot=rw-  owner=unknown
[RW] base=0x1306f000  end=0x1309c000  size=180.0KB  prot=rw-  owner=unknown
[RW] base=0x1309d000  end=0x130f7000  size=360.0KB  prot=rw-  owner=unknown
[RW] base=0x130f8000  end=0x131a8000  size=704.0KB  prot=rw-  owner=unknown
[RW] base=0x131a9000  end=0x13228000  size=508.0KB  prot=rw-  owner=unknown
[RW] base=0x13229000  end=0x132e1000  size=736.0KB  prot=rw-  owner=unknown
[RW] base=0x132e2000  end=0x1335b000  size=484.0KB  prot=rw-  owner=unknown
[RW] base=0x1335c000  end=0x133ca000  size=440.0KB  prot=rw-  owner=unknown
[RW] base=0x133cb000  end=0x1340c000  size=260.0KB  prot=rw-  owner=unknown
[RW] base=0x1340d000  end=0x1342e000  size=132.0KB  prot=rw-  owner=unknown
[RW] base=0x1342f000  end=0x13480000  size=324.0KB  prot=rw-  owner=unknown
[RW] base=0x13481000  end=0x134b6000  size=212.0KB  prot=rw-  owner=unknown
[RW] base=0x134b7000  end=0x134d8000  size=132.0KB  prot=rw-  owner=unknown
[RW] base=0x134d9000  end=0x1352a000  size=324.0KB  prot=rw-  owner=unknown
[RW] base=0x1352b000  end=0x13592000  size=412.0KB  prot=rw-  owner=unknown
[RW] base=0x13593000  end=0x135bf000  size=176.0KB  prot=rw-  owner=unknown
[RW] base=0x135c0000  end=0x1360a000  size=296.0KB  prot=rw-  owner=unknown
[RW] base=0x1360b000  end=0x1366f000  size=400.0KB  prot=rw-  owner=unknown
[RW] base=0x13670000  end=0x136d2000  size=392.0KB  prot=rw-  owner=unknown
[RW] base=0x136d3000  end=0x13724000  size=324.0KB  prot=rw-  owner=unknown
[RW] base=0x13725000  end=0x13795000  size=448.0KB  prot=rw-  owner=unknown
[RW] base=0x13796000  end=0x137e8000  size=328.0KB  prot=rw-  owner=unknown
[RW] base=0x137e9000  end=0x1383a000  size=324.0KB  prot=rw-  owner=unknown
[RW] base=0x1383b000  end=0x1384c000  size=68.0KB  prot=rw-  owner=unknown
[RW] base=0x1384d000  end=0x138c3000  size=472.0KB  prot=rw-  owner=unknown
[RW] base=0x138c4000  end=0x138d5000  size=68.0KB  prot=rw-  owner=unknown
[RW] base=0x138d6000  end=0x13929000  size=332.0KB  prot=rw-  owner=unknown
[RW] base=0x1392a000  end=0x13973000  size=292.0KB  prot=rw-  owner=unknown
[RW] base=0x13974000  end=0x139eb000  size=476.0KB  prot=rw-  owner=unknown
[RW] base=0x139ec000  end=0x13a1d000  size=196.0KB  prot=rw-  owner=unknown
[RW] base=0x13a1e000  end=0x13a7d000  size=380.0KB  prot=rw-  owner=unknown
[RW] base=0x13a7e000  end=0x13a8f000  size=68.0KB  prot=rw-  owner=unknown
[RW] base=0x13a90000  end=0x13b20000  size=576.0KB  prot=rw-  owner=unknown
[RW] base=0x13b21000  end=0x13bbd000  size=624.0KB  prot=rw-  owner=unknown
[RW] base=0x13bbe000  end=0x13bff000  size=260.0KB  prot=rw-  owner=unknown
[RW] base=0x13c00000  end=0x13c1f000  size=124.0KB  prot=rw-  owner=unknown
[RW] base=0x13c20000  end=0x13c41000  size=132.0KB  prot=rw-  owner=unknown
[RW] base=0x13c42000  end=0x13c53000  size=68.0KB  prot=rw-  owner=unknown
[RW] base=0x13c54000  end=0x13ca9000  size=340.0KB  prot=rw-  owner=unknown
[RW] base=0x13caa000  end=0x13cdb000  size=196.0KB  prot=rw-  owner=unknown
[RW] base=0x13cdc000  end=0x13d3f000  size=396.0KB  prot=rw-  owner=unknown
[RW] base=0x13d40000  end=0x13d99000  size=356.0KB  prot=rw-  owner=unknown
[RW] base=0x13d9a000  end=0x13dbb000  size=132.0KB  prot=rw-  owner=unknown
[RW] base=0x13dbc000  end=0x13ddd000  size=132.0KB  prot=rw-  owner=unknown
[RW] base=0x13dde000  end=0x13e17000  size=228.0KB  prot=rw-  owner=unknown
[RW] base=0x13e18000  end=0x13e29000  size=68.0KB  prot=rw-  owner=unknown
[RW] base=0x13e2a000  end=0x13e6b000  size=260.0KB  prot=rw-  owner=unknown
[RW] base=0x13e6c000  end=0x13eed000  size=516.0KB  prot=rw-  owner=unknown
[RW] base=0x13eee000  end=0x13eff000  size=68.0KB  prot=rw-  owner=unknown
[RW] base=0x13f00000  end=0x13f55000  size=340.0KB  prot=rw-  owner=unknown
[RW] base=0x13f56000  end=0x13f77000  size=132.0KB  prot=rw-  owner=unknown
[RW] base=0x13f78000  end=0x13fb9000  size=260.0KB  prot=rw-  owner=unknown
[RW] base=0x13fba000  end=0x13ffb000  size=260.0KB  prot=rw-  owner=unknown
[RW] base=0x13ffc000  end=0x1402d000  size=196.0KB  prot=rw-  owner=unknown
[RW] base=0x1402e000  end=0x1404f000  size=132.0KB  prot=rw-  owner=unknown
[RW] base=0x14050000  end=0x14061000  size=68.0KB  prot=rw-  owner=unknown
[RW] base=0x14062000  end=0x14083000  size=132.0KB  prot=rw-  owner=unknown
[RW] base=0x14084000  end=0x14095000  size=68.0KB  prot=rw-  owner=unknown
[RW] base=0x14096000  end=0x140b7000  size=132.0KB  prot=rw-  owner=unknown
[RW] base=0x140b8000  end=0x140d9000  size=132.0KB  prot=rw-  owner=unknown
[RW] base=0x140da000  end=0x1415b000  size=516.0KB  prot=rw-  owner=unknown
[RW] base=0x1415c000  end=0x1418d000  size=196.0KB  prot=rw-  owner=unknown
[RW] base=0x1418e000  end=0x14207000  size=484.0KB  prot=rw-  owner=unknown
[RW] base=0x14208000  end=0x14269000  size=388.0KB  prot=rw-  owner=unknown
[RW] base=0x1426a000  end=0x1428b000  size=132.0KB  prot=rw-  owner=unknown
[RW] base=0x1428c000  end=0x142bd000  size=196.0KB  prot=rw-  owner=unknown
[RW] base=0x142be000  end=0x142cf000  size=68.0KB  prot=rw-  owner=unknown
[RW] base=0x142d0000  end=0x14303000  size=204.0KB  prot=rw-  owner=unknown
[RW] base=0x14304000  end=0x14345000  size=260.0KB  prot=rw-  owner=unknown
[RW] base=0x14346000  end=0x143b7000  size=452.0KB  prot=rw-  owner=unknown
[RW] base=0x143b8000  end=0x14419000  size=388.0KB  prot=rw-  owner=unknown
[RW] base=0x1441a000  end=0x1442b000  size=68.0KB  prot=rw-  owner=unknown
[RW] base=0x1442c000  end=0x1445d000  size=196.0KB  prot=rw-  owner=unknown
[RW] base=0x1445e000  end=0x1447f000  size=132.0KB  prot=rw-  owner=unknown
[RW] base=0x14480000  end=0x14491000  size=68.0KB  prot=rw-  owner=unknown
[RW] base=0x14492000  end=0x144e3000  size=324.0KB  prot=rw-  owner=unknown
[RW] base=0x144e4000  end=0x14505000  size=132.0KB  prot=rw-  owner=unknown
[RW] base=0x14506000  end=0x14517000  size=68.0KB  prot=rw-  owner=unknown
[RW] base=0x14518000  end=0x14539000  size=132.0KB  prot=rw-  owner=unknown
[RW] base=0x1453a000  end=0x1458b000  size=324.0KB  prot=rw-  owner=unknown
[RW] base=0x1458c000  end=0x145bd000  size=196.0KB  prot=rw-  owner=unknown
[RW] base=0x145be000  end=0x145ff000  size=260.0KB  prot=rw-  owner=unknown
[RW] base=0x14600000  end=0x14621000  size=132.0KB  prot=rw-  owner=unknown
[RW] base=0x14622000  end=0x14633000  size=68.0KB  prot=rw-  owner=unknown
[RW] base=0x14634000  end=0x14655000  size=132.0KB  prot=rw-  owner=unknown
[RW] base=0x14656000  end=0x14697000  size=260.0KB  prot=rw-  owner=unknown
[RW] base=0x14698000  end=0x146c9000  size=196.0KB  prot=rw-  owner=unknown
[RW] base=0x146ca000  end=0x146eb000  size=132.0KB  prot=rw-  owner=unknown
[RW] base=0x146ec000  end=0x14711000  size=148.0KB  prot=rw-  owner=unknown
[RW] base=0x14712000  end=0x14743000  size=196.0KB  prot=rw-  owner=unknown
[RW] base=0x14744000  end=0x14791000  size=308.0KB  prot=rw-  owner=unknown
[RW] base=0x14792000  end=0x147b3000  size=132.0KB  prot=rw-  owner=unknown
[RW] base=0x147b4000  end=0x147e5000  size=196.0KB  prot=rw-  owner=unknown
[RW] base=0x147e6000  end=0x14807000  size=132.0KB  prot=rw-  owner=unknown
[RW] base=0x14808000  end=0x14869000  size=388.0KB  prot=rw-  owner=unknown
[RW] base=0x1486a000  end=0x1488b000  size=132.0KB  prot=rw-  owner=unknown
[RW] base=0x1488c000  end=0x148cd000  size=260.0KB  prot=rw-  owner=unknown
[RW] base=0x148ce000  end=0x1490f000  size=260.0KB  prot=rw-  owner=unknown
[RW] base=0x14910000  end=0x14921000  size=68.0KB  prot=rw-  owner=unknown
[RW] base=0x14922000  end=0x14943000  size=132.0KB  prot=rw-  owner=unknown
[RW] base=0x14944000  end=0x14985000  size=260.0KB  prot=rw-  owner=unknown
[RW] base=0x14986000  end=0x149c7000  size=260.0KB  prot=rw-  owner=unknown
[RW] base=0x149c8000  end=0x149e9000  size=132.0KB  prot=rw-  owner=unknown
[RW] base=0x149ea000  end=0x149ff000  size=84.0KB  prot=rw-  owner=unknown
[RW] base=0x14a00000  end=0x14a49000  size=292.0KB  prot=rw-  owner=unknown
[RW] base=0x14a4a000  end=0x14a6b000  size=132.0KB  prot=rw-  owner=unknown
[RW] base=0x14a6c000  end=0x14ad3000  size=412.0KB  prot=rw-  owner=unknown
[RW] base=0x14ad4000  end=0x14b13000  size=252.0KB  prot=rw-  owner=unknown
[RW] base=0x14b14000  end=0x14b25000  size=68.0KB  prot=rw-  owner=unknown
[RW] base=0x14b26000  end=0x14b47000  size=132.0KB  prot=rw-  owner=unknown
[RW] base=0x14b48000  end=0x14b85000  size=244.0KB  prot=rw-  owner=unknown
[RW] base=0x14b86000  end=0x14bef000  size=420.0KB  prot=rw-  owner=unknown
[RW] base=0x14bf0000  end=0x14cef000  size=1020.0KB  prot=rw-  owner=unknown
[RW] base=0x14cf0000  end=0x14d51000  size=388.0KB  prot=rw-  owner=unknown
[RW] base=0x14d52000  end=0x14d93000  size=260.0KB  prot=rw-  owner=unknown
[RW] base=0x14d94000  end=0x14dd5000  size=260.0KB  prot=rw-  owner=unknown
[RW] base=0x14dd6000  end=0x14e1f000  size=292.0KB  prot=rw-  owner=unknown
[RW] base=0x14e20000  end=0x14e69000  size=292.0KB  prot=rw-  owner=unknown
[RW] base=0x14e6a000  end=0x14e74000  size=40.0KB  prot=rw-  owner=unknown
[RW] base=0x14fee000  end=0x14ff0000  size=8.0KB  prot=rw-  owner=unknown
[RW] base=0x15028000  end=0x15030000  size=32.0KB  prot=rw-  owner=unknown
[RW] base=0x15030000  end=0x15031000  size=4.0KB  prot=rw-  owner=unknown
[RW] base=0x15050000  end=0x15051000  size=4.0KB  prot=rw-  owner=unknown
[RW] base=0x15070000  end=0x15071000  size=4.0KB  prot=rw-  owner=unknown
[RW] base=0x150a0000  end=0x150e4000  size=272.0KB  prot=rw-  owner=unknown
[RW] base=0x15128000  end=0x15130000  size=32.0KB  prot=rw-  owner=unknown
[RW] base=0x1513e000  end=0x15140000  size=8.0KB  prot=rw-  owner=unknown
[RW] base=0x15178000  end=0x15180000  size=32.0KB  prot=rw-  owner=unknown
[RW] base=0x1518d000  end=0x15190000  size=12.0KB  prot=rw-  owner=unknown
[RW] base=0x151c8000  end=0x151d0000  size=32.0KB  prot=rw-  owner=unknown
[RW] base=0x151dd000  end=0x151e0000  size=12.0KB  prot=rw-  owner=unknown
[RW] base=0x15218000  end=0x15220000  size=32.0KB  prot=rw-  owner=unknown
[RW] base=0x1522d000  end=0x15230000  size=12.0KB  prot=rw-  owner=unknown
[RW] base=0x15268000  end=0x15270000  size=32.0KB  prot=rw-  owner=unknown
[RW] base=0x1527d000  end=0x15280000  size=12.0KB  prot=rw-  owner=unknown
[RW] base=0x152b8000  end=0x152c0000  size=32.0KB  prot=rw-  owner=unknown
[RW] base=0x153be000  end=0x153c0000  size=8.0KB  prot=rw-  owner=unknown
[RW] base=0x153f8000  end=0x15400000  size=32.0KB  prot=rw-  owner=unknown
[RW] base=0x15438000  end=0x15440000  size=32.0KB  prot=rw-  owner=unknown
[RW] base=0x15440000  end=0x15441000  size=4.0KB  prot=rw-  owner=unknown
[RW] base=0x15470000  end=0x15471000  size=4.0KB  prot=rw-  owner=unknown
[RW] base=0x1557e000  end=0x15580000  size=8.0KB  prot=rw-  owner=unknown
[RW] base=0x1567e000  end=0x15680000  size=8.0KB  prot=rw-  owner=unknown
[RW] base=0x15780000  end=0x15781000  size=4.0KB  prot=rw-  owner=unknown
[RW] base=0x157a0000  end=0x157a1000  size=4.0KB  prot=rw-  owner=unknown
[RW] base=0x157d0000  end=0x15801000  size=196.0KB  prot=rw-  owner=unknown
[RW] base=0x15802000  end=0x15832000  size=192.0KB  prot=rw-  owner=unknown
[RW] base=0x15833000  end=0x15855000  size=136.0KB  prot=rw-  owner=unknown
[RW] base=0x15856000  end=0x15877000  size=132.0KB  prot=rw-  owner=unknown
[RW] base=0x15878000  end=0x158dd000  size=404.0KB  prot=rw-  owner=unknown
[RW] base=0x158de000  end=0x15943000  size=404.0KB  prot=rw-  owner=unknown
[RW] base=0x15944000  end=0x15987000  size=268.0KB  prot=rw-  owner=unknown
[RW] base=0x15988000  end=0x159ab000  size=140.0KB  prot=rw-  owner=unknown
[RW] base=0x159ac000  end=0x159cf000  size=140.0KB  prot=rw-  owner=unknown
[RW] base=0x159d0000  end=0x159f1000  size=132.0KB  prot=rw-  owner=unknown
[RW] base=0x159f2000  end=0x15a53000  size=388.0KB  prot=rw-  owner=unknown
[RW] base=0x15a54000  end=0x15aa5000  size=324.0KB  prot=rw-  owner=unknown
[RW] base=0x15aa6000  end=0x15acf000  size=164.0KB  prot=rw-  owner=unknown
[RW] base=0x15ad0000  end=0x15af1000  size=132.0KB  prot=rw-  owner=unknown
[RW] base=0x15af2000  end=0x15b13000  size=132.0KB  prot=rw-  owner=unknown
[RW] base=0x15b14000  end=0x15b39000  size=148.0KB  prot=rw-  owner=unknown
[RW] base=0x15b3a000  end=0x15b69000  size=188.0KB  prot=rw-  owner=unknown
[RW] base=0x15b6a000  end=0x15b95000  size=172.0KB  prot=rw-  owner=unknown
[RW] base=0x15b96000  end=0x15bb7000  size=132.0KB  prot=rw-  owner=unknown
[RW] base=0x15bb8000  end=0x15bf7000  size=252.0KB  prot=rw-  owner=unknown
[RW] base=0x15bf8000  end=0x15c1f000  size=156.0KB  prot=rw-  owner=unknown
[RW] base=0x15c20000  end=0x15c41000  size=132.0KB  prot=rw-  owner=unknown
[RW] base=0x15c42000  end=0x15c67000  size=148.0KB  prot=rw-  owner=unknown
[RW] base=0x15c68000  end=0x15c9b000  size=204.0KB  prot=rw-  owner=unknown
[RW] base=0x15c9c000  end=0x15cbd000  size=132.0KB  prot=rw-  owner=unknown
[RW] base=0x15cbe000  end=0x15ce7000  size=164.0KB  prot=rw-  owner=unknown
[RW] base=0x15ce8000  end=0x15d11000  size=164.0KB  prot=rw-  owner=unknown
[RW] base=0x15d12000  end=0x15d33000  size=132.0KB  prot=rw-  owner=unknown
[RW] base=0x15d34000  end=0x15d65000  size=196.0KB  prot=rw-  owner=unknown
[RW] base=0x15d66000  end=0x15d87000  size=132.0KB  prot=rw-  owner=unknown
[RW] base=0x15d88000  end=0x15da1000  size=100.0KB  prot=rw-  owner=unknown
[RW] base=0x15da2000  end=0x15de9000  size=284.0KB  prot=rw-  owner=unknown
[RW] base=0x15dea000  end=0x15e0d000  size=140.0KB  prot=rw-  owner=unknown
[RW] base=0x15e0e000  end=0x15e2f000  size=132.0KB  prot=rw-  owner=unknown
[RW] base=0x15e30000  end=0x15e51000  size=132.0KB  prot=rw-  owner=unknown
[RW] base=0x15e52000  end=0x15e73000  size=132.0KB  prot=rw-  owner=unknown
[RW] base=0x15e74000  end=0x15e85000  size=68.0KB  prot=rw-  owner=unknown
[RW] base=0x15e86000  end=0x15ea7000  size=132.0KB  prot=rw-  owner=unknown
[RW] base=0x15ea8000  end=0x15ed9000  size=196.0KB  prot=rw-  owner=unknown
[RW] base=0x15eda000  end=0x15efb000  size=132.0KB  prot=rw-  owner=unknown
[RW] base=0x15efc000  end=0x15f45000  size=292.0KB  prot=rw-  owner=unknown
[RW] base=0x15f46000  end=0x15f67000  size=132.0KB  prot=rw-  owner=unknown
[RW] base=0x15f68000  end=0x15f89000  size=132.0KB  prot=rw-  owner=unknown
[RW] base=0x15f8a000  end=0x15f9b000  size=68.0KB  prot=rw-  owner=unknown
[RW] base=0x15f9c000  end=0x15fcd000  size=196.0KB  prot=rw-  owner=unknown
[RW] base=0x15fce000  end=0x15fef000  size=132.0KB  prot=rw-  owner=unknown
[RW] base=0x15ff0000  end=0x16015000  size=148.0KB  prot=rw-  owner=unknown
[RW] base=0x16016000  end=0x16037000  size=132.0KB  prot=rw-  owner=unknown
[RW] base=0x16038000  end=0x1605d000  size=148.0KB  prot=rw-  owner=unknown
[RW] base=0x1605e000  end=0x16083000  size=148.0KB  prot=rw-  owner=unknown
[RW] base=0x16084000  end=0x160ad000  size=164.0KB  prot=rw-  owner=unknown
[RW] base=0x160ae000  end=0x160e7000  size=228.0KB  prot=rw-  owner=unknown
[RW] base=0x160e8000  end=0x16109000  size=132.0KB  prot=rw-  owner=unknown
[RW] base=0x1610a000  end=0x1612b000  size=132.0KB  prot=rw-  owner=unknown
[RW] base=0x1612c000  end=0x16165000  size=228.0KB  prot=rw-  owner=unknown
[RW] base=0x16166000  end=0x16189000  size=140.0KB  prot=rw-  owner=unknown
[RW] base=0x1618a000  end=0x161ad000  size=140.0KB  prot=rw-  owner=unknown
[RW] base=0x161ae000  end=0x161df000  size=196.0KB  prot=rw-  owner=unknown
[RW] base=0x161e0000  end=0x16211000  size=196.0KB  prot=rw-  owner=unknown
[RW] base=0x16212000  end=0x16247000  size=212.0KB  prot=rw-  owner=unknown
[RW] base=0x16248000  end=0x16269000  size=132.0KB  prot=rw-  owner=unknown
[RW] base=0x1626a000  end=0x1628f000  size=148.0KB  prot=rw-  owner=unknown
[RW] base=0x16290000  end=0x162a1000  size=68.0KB  prot=rw-  owner=unknown
[RW] base=0x162a2000  end=0x162c3000  size=132.0KB  prot=rw-  owner=unknown
[RW] base=0x162c4000  end=0x16319000  size=340.0KB  prot=rw-  owner=unknown
[RW] base=0x1631a000  end=0x1633b000  size=132.0KB  prot=rw-  owner=unknown
[RW] base=0x1633c000  end=0x1635d000  size=132.0KB  prot=rw-  owner=unknown
[RW] base=0x1635e000  end=0x16383000  size=148.0KB  prot=rw-  owner=unknown
[RW] base=0x16384000  end=0x163a9000  size=148.0KB  prot=rw-  owner=unknown
[RW] base=0x163aa000  end=0x163cb000  size=132.0KB  prot=rw-  owner=unknown
[RW] base=0x163cc000  end=0x1642f000  size=396.0KB  prot=rw-  owner=unknown
[RW] base=0x16430000  end=0x16451000  size=132.0KB  prot=rw-  owner=unknown
[RW] base=0x16452000  end=0x16483000  size=196.0KB  prot=rw-  owner=unknown
[RW] base=0x16484000  end=0x16499000  size=84.0KB  prot=rw-  owner=unknown
[RW] base=0x1649a000  end=0x164bb000  size=132.0KB  prot=rw-  owner=unknown
[RW] base=0x164bc000  end=0x164e5000  size=164.0KB  prot=rw-  owner=unknown
[RW] base=0x164e6000  end=0x16527000  size=260.0KB  prot=rw-  owner=unknown
[RW] base=0x16528000  end=0x1654d000  size=148.0KB  prot=rw-  owner=unknown
[RW] base=0x1654e000  end=0x16587000  size=228.0KB  prot=rw-  owner=unknown
[RW] base=0x16588000  end=0x165a9000  size=132.0KB  prot=rw-  owner=unknown
[RW] base=0x165aa000  end=0x16738000  size=1592.0KB  prot=rw-  owner=unknown
[RW] base=0x16739000  end=0x1674a000  size=68.0KB  prot=rw-  owner=unknown
[RW] base=0x1674b000  end=0x1679f000  size=336.0KB  prot=rw-  owner=unknown
[RW] base=0x167ad000  end=0x167b0000  size=12.0KB  prot=rw-  owner=unknown
[RW] base=0x167e8000  end=0x167f0000  size=32.0KB  prot=rw-  owner=unknown
[RW] base=0x167fd000  end=0x16800000  size=12.0KB  prot=rw-  owner=unknown
[RW] base=0x16838000  end=0x16840000  size=32.0KB  prot=rw-  owner=unknown
[RW] base=0x1684d000  end=0x16850000  size=12.0KB  prot=rw-  owner=unknown
[RW] base=0x16888000  end=0x16890000  size=32.0KB  prot=rw-  owner=unknown
[RW] base=0x1689e000  end=0x168a0000  size=8.0KB  prot=rw-  owner=unknown
[RW] base=0x168b0000  end=0x168b6000  size=24.0KB  prot=rw-  owner=unknown
[RW] base=0x16ebe000  end=0x16ec0000  size=8.0KB  prot=rw-  owner=unknown
[RW] base=0x16ec0000  end=0x16ec1000  size=4.0KB  prot=rw-  owner=unknown
[RW] base=0x16f08000  end=0x16f10000  size=32.0KB  prot=rw-  owner=unknown
[RW] base=0x17048000  end=0x17050000  size=32.0KB  prot=rw-  owner=unknown
[RW] base=0x171b8000  end=0x171c0000  size=32.0KB  prot=rw-  owner=unknown
[RW] base=0x178f0000  end=0x17cf1000  size=4100.0KB  prot=rw-  owner=unknown
[RW] base=0x17d00000  end=0x17e29000  size=1188.0KB  prot=rw-  owner=unknown
[RW] base=0x17e2a000  end=0x17e6f000  size=276.0KB  prot=rw-  owner=unknown
[RW] base=0x17e70000  end=0x17eb9000  size=292.0KB  prot=rw-  owner=unknown
[RW] base=0x17eba000  end=0x17f03000  size=292.0KB  prot=rw-  owner=unknown
[RW] base=0x17f04000  end=0x17f26000  size=136.0KB  prot=rw-  owner=unknown
[RW] base=0x17f27000  end=0x17fb1000  size=552.0KB  prot=rw-  owner=unknown
[RW] base=0x17fb2000  end=0x17fd4000  size=136.0KB  prot=rw-  owner=unknown
[RW] base=0x17fd5000  end=0x17fe8000  size=76.0KB  prot=rw-  owner=unknown
[RW] base=0x17fe9000  end=0x1803b000  size=328.0KB  prot=rw-  owner=unknown
[RW] base=0x1803c000  end=0x18075000  size=228.0KB  prot=rw-  owner=unknown
[RW] base=0x18076000  end=0x18157000  size=900.0KB  prot=rw-  owner=unknown
[RW] base=0x18158000  end=0x181a9000  size=324.0KB  prot=rw-  owner=unknown
[RW] base=0x181aa000  end=0x181eb000  size=260.0KB  prot=rw-  owner=unknown
[RW] base=0x181ec000  end=0x1823d000  size=324.0KB  prot=rw-  owner=unknown
[RW] base=0x1823e000  end=0x1827f000  size=260.0KB  prot=rw-  owner=unknown
[RW] base=0x18280000  end=0x182d1000  size=324.0KB  prot=rw-  owner=unknown
[RW] base=0x182d2000  end=0x182e3000  size=68.0KB  prot=rw-  owner=unknown
[RW] base=0x182e4000  end=0x18320000  size=240.0KB  prot=rw-  owner=unknown
[RW] base=0x18321000  end=0x18346000  size=148.0KB  prot=rw-  owner=unknown
[RW] base=0x18347000  end=0x18368000  size=132.0KB  prot=rw-  owner=unknown
[RW] base=0x18369000  end=0x18404000  size=620.0KB  prot=rw-  owner=unknown
[RW] base=0x18405000  end=0x1844d000  size=288.0KB  prot=rw-  owner=unknown
[RW] base=0x1844e000  end=0x18484000  size=216.0KB  prot=rw-  owner=unknown
[RW] base=0x18485000  end=0x184ce000  size=292.0KB  prot=rw-  owner=unknown
[RW] base=0x184cf000  end=0x184e0000  size=68.0KB  prot=rw-  owner=unknown
[RW] base=0x184e1000  end=0x18577000  size=600.0KB  prot=rw-  owner=unknown
[RW] base=0x18578000  end=0x185ab000  size=204.0KB  prot=rw-  owner=unknown
[RW] base=0x185ac000  end=0x185ed000  size=260.0KB  prot=rw-  owner=unknown
[RW] base=0x185ee000  end=0x185ff000  size=68.0KB  prot=rw-  owner=unknown
[RW] base=0x18600000  end=0x18611000  size=68.0KB  prot=rw-  owner=unknown
[RW] base=0x18612000  end=0x18623000  size=68.0KB  prot=rw-  owner=unknown
[RW] base=0x18624000  end=0x18674000  size=320.0KB  prot=rw-  owner=unknown
[RW] base=0x18675000  end=0x186b6000  size=260.0KB  prot=rw-  owner=unknown
[RW] base=0x186b7000  end=0x186fe000  size=284.0KB  prot=rw-  owner=unknown
[RW] base=0x186ff000  end=0x18720000  size=132.0KB  prot=rw-  owner=unknown
[RW] base=0x18721000  end=0x18742000  size=132.0KB  prot=rw-  owner=unknown
[RW] base=0x18743000  end=0x18786000  size=268.0KB  prot=rw-  owner=unknown
[RW] base=0x18787000  end=0x187c8000  size=260.0KB  prot=rw-  owner=unknown
[RW] base=0x187c9000  end=0x1880e000  size=276.0KB  prot=rw-  owner=unknown
[RW] base=0x1880f000  end=0x18850000  size=260.0KB  prot=rw-  owner=unknown
[RW] base=0x18851000  end=0x18872000  size=132.0KB  prot=rw-  owner=unknown
[RW] base=0x18873000  end=0x18896000  size=140.0KB  prot=rw-  owner=unknown
[RW] base=0x18897000  end=0x188b8000  size=132.0KB  prot=rw-  owner=unknown
[RW] base=0x188b9000  end=0x188da000  size=132.0KB  prot=rw-  owner=unknown
[RW] base=0x188db000  end=0x188fc000  size=132.0KB  prot=rw-  owner=unknown
[RW] base=0x188fd000  end=0x1891e000  size=132.0KB  prot=rw-  owner=unknown
[RW] base=0x1891f000  end=0x18960000  size=260.0KB  prot=rw-  owner=unknown
[RW] base=0x18961000  end=0x189b2000  size=324.0KB  prot=rw-  owner=unknown
[RW] base=0x189b3000  end=0x189dd000  size=168.0KB  prot=rw-  owner=unknown
[RW] base=0x189de000  end=0x18a3d000  size=380.0KB  prot=rw-  owner=unknown
[RW] base=0x18a3e000  end=0x18a7f000  size=260.0KB  prot=rw-  owner=unknown
[RW] base=0x18a80000  end=0x18ac1000  size=260.0KB  prot=rw-  owner=unknown
[RW] base=0x18ac2000  end=0x18b03000  size=260.0KB  prot=rw-  owner=unknown
[RW] base=0x18b04000  end=0x18b45000  size=260.0KB  prot=rw-  owner=unknown
[RW] base=0x18b46000  end=0x18b5f000  size=100.0KB  prot=rw-  owner=unknown
[RW] base=0x18b60000  end=0x18b7f000  size=124.0KB  prot=rw-  owner=unknown
[RW] base=0x18b80000  end=0x18ba1000  size=132.0KB  prot=rw-  owner=unknown
[RW] base=0x18ba2000  end=0x18bc3000  size=132.0KB  prot=rw-  owner=unknown
[RW] base=0x18bc4000  end=0x18bed000  size=164.0KB  prot=rw-  owner=unknown
[RW] base=0x18bee000  end=0x18c4f000  size=388.0KB  prot=rw-  owner=unknown
[RW] base=0x18c50000  end=0x18c97000  size=284.0KB  prot=rw-  owner=unknown
[RW] base=0x18c98000  end=0x18ca9000  size=68.0KB  prot=rw-  owner=unknown
[RW] base=0x18caa000  end=0x18ccf000  size=148.0KB  prot=rw-  owner=unknown
[RW] base=0x18cd9000  end=0x1a0da000  size=20484.0KB  prot=rw-  owner=unknown
[RW] base=0x1a0e0000  end=0x1a130000  size=320.0KB  prot=rw-  owner=unknown
[RW] base=0x1a131000  end=0x1a168000  size=220.0KB  prot=rw-  owner=unknown
[RW] base=0x1a169000  end=0x1a17a000  size=68.0KB  prot=rw-  owner=unknown
[RW] base=0x1a17b000  end=0x1a19b000  size=128.0KB  prot=rw-  owner=unknown
[RW] base=0x1a19c000  end=0x1a1c1000  size=148.0KB  prot=rw-  owner=unknown
[RW] base=0x1a1c2000  end=0x1a225000  size=396.0KB  prot=rw-  owner=unknown
[RW] base=0x1a226000  end=0x1a267000  size=260.0KB  prot=rw-  owner=unknown
[RW] base=0x1a268000  end=0x1a279000  size=68.0KB  prot=rw-  owner=unknown
[RW] base=0x1a27a000  end=0x1a2a3000  size=164.0KB  prot=rw-  owner=unknown
[RW] base=0x1a2a4000  end=0x1a2bd000  size=100.0KB  prot=rw-  owner=unknown
[RW] base=0x1a2be000  end=0x1a309000  size=300.0KB  prot=rw-  owner=unknown
[RW] base=0x1a30a000  end=0x1a32b000  size=132.0KB  prot=rw-  owner=unknown
[RW] base=0x1a32c000  end=0x1a343000  size=92.0KB  prot=rw-  owner=unknown
[RW] base=0x1a344000  end=0x1a369000  size=148.0KB  prot=rw-  owner=unknown
[RW] base=0x1a36a000  end=0x1a3d1000  size=412.0KB  prot=rw-  owner=unknown
[RW] base=0x1a3d2000  end=0x1a3e3000  size=68.0KB  prot=rw-  owner=unknown
[RW] base=0x1a3e4000  end=0x1a405000  size=132.0KB  prot=rw-  owner=unknown
[RW] base=0x1a406000  end=0x1a427000  size=132.0KB  prot=rw-  owner=unknown
[RW] base=0x1a428000  end=0x1a449000  size=132.0KB  prot=rw-  owner=unknown
[RW] base=0x1a44a000  end=0x1a490000  size=280.0KB  prot=rw-  owner=unknown
[RW] base=0x1a491000  end=0x1a4cb000  size=232.0KB  prot=rw-  owner=unknown
[RW] base=0x1a4cc000  end=0x1a4d5000  size=36.0KB  prot=rw-  owner=unknown
[RW] base=0x1a4d6000  end=0x1a508000  size=200.0KB  prot=rw-  owner=unknown
[RW] base=0x1a509000  end=0x1a56b000  size=392.0KB  prot=rw-  owner=unknown
[RW] base=0x1a56c000  end=0x1a58d000  size=132.0KB  prot=rw-  owner=unknown
[RW] base=0x1a58e000  end=0x1a59f000  size=68.0KB  prot=rw-  owner=unknown
[RW] base=0x1a5a0000  end=0x1a5c1000  size=132.0KB  prot=rw-  owner=unknown
[RW] base=0x1a5c2000  end=0x1a5f3000  size=196.0KB  prot=rw-  owner=unknown
[RW] base=0x1a5f4000  end=0x1a605000  size=68.0KB  prot=rw-  owner=unknown
[RW] base=0x1a606000  end=0x1a60f000  size=36.0KB  prot=rw-  owner=unknown
[RW] base=0x1a610000  end=0x1a651000  size=260.0KB  prot=rw-  owner=unknown
[RW] base=0x1a652000  end=0x1a688000  size=216.0KB  prot=rw-  owner=unknown
[RW] base=0x1a689000  end=0x1a6ea000  size=388.0KB  prot=rw-  owner=unknown
[RW] base=0x1a6eb000  end=0x1a72c000  size=260.0KB  prot=rw-  owner=unknown
[RW] base=0x1a72d000  end=0x1a7f6000  size=804.0KB  prot=rw-  owner=unknown
[RW] base=0x1a7f7000  end=0x1a848000  size=324.0KB  prot=rw-  owner=unknown
[RW] base=0x1a849000  end=0x1a87b000  size=200.0KB  prot=rw-  owner=unknown
[RW] base=0x1a87c000  end=0x1a8bd000  size=260.0KB  prot=rw-  owner=unknown
[RW] base=0x1a8be000  end=0x1a8ff000  size=260.0KB  prot=rw-  owner=unknown
[RW] base=0x1a900000  end=0x1a941000  size=260.0KB  prot=rw-  owner=unknown
[RW] base=0x1a942000  end=0x1a9a5000  size=396.0KB  prot=rw-  owner=unknown
[RW] base=0x1a9a6000  end=0x1a9ea000  size=272.0KB  prot=rw-  owner=unknown
[RW] base=0x1a9eb000  end=0x1aa2c000  size=260.0KB  prot=rw-  owner=unknown
[RW] base=0x1aa2d000  end=0x1aa81000  size=336.0KB  prot=rw-  owner=unknown
[RW] base=0x1aa82000  end=0x1aa94000  size=72.0KB  prot=rw-  owner=unknown
[RW] base=0x1aa95000  end=0x1aada000  size=276.0KB  prot=rw-  owner=unknown
[RW] base=0x1aadb000  end=0x1ab1e000  size=268.0KB  prot=rw-  owner=unknown
[RW] base=0x1ab1f000  end=0x1ab60000  size=260.0KB  prot=rw-  owner=unknown
[RW] base=0x1ab61000  end=0x1ab74000  size=76.0KB  prot=rw-  owner=unknown
[RW] base=0x1ab75000  end=0x1abb6000  size=260.0KB  prot=rw-  owner=unknown
[RW] base=0x1abb7000  end=0x1abdb000  size=144.0KB  prot=rw-  owner=unknown
[RW] base=0x1abdc000  end=0x1ac1e000  size=264.0KB  prot=rw-  owner=unknown
[RW] base=0x1ac1f000  end=0x1ac61000  size=264.0KB  prot=rw-  owner=unknown
[RW] base=0x1ac62000  end=0x1acbe000  size=368.0KB  prot=rw-  owner=unknown
[RW] base=0x1acbf000  end=0x1ad11000  size=328.0KB  prot=rw-  owner=unknown
[RW] base=0x1ad12000  end=0x1ad34000  size=136.0KB  prot=rw-  owner=unknown
[RW] base=0x1ad35000  end=0x1ad76000  size=260.0KB  prot=rw-  owner=unknown
[RW] base=0x1ad77000  end=0x1adc3000  size=304.0KB  prot=rw-  owner=unknown
[RW] base=0x1adc4000  end=0x1add5000  size=68.0KB  prot=rw-  owner=unknown
[RW] base=0x1add6000  end=0x1adef000  size=100.0KB  prot=rw-  owner=unknown
[RW] base=0x1adf0000  end=0x1ae33000  size=268.0KB  prot=rw-  owner=unknown
[RW] base=0x1ae34000  end=0x1ae85000  size=324.0KB  prot=rw-  owner=unknown
[RW] base=0x1ae86000  end=0x1aeb7000  size=196.0KB  prot=rw-  owner=unknown
[RW] base=0x1aeb8000  end=0x1aed9000  size=132.0KB  prot=rw-  owner=unknown
[RW] base=0x1aeda000  end=0x1aefd000  size=140.0KB  prot=rw-  owner=unknown
[RW] base=0x1aefe000  end=0x1af1f000  size=132.0KB  prot=rw-  owner=unknown
[RW] base=0x1af20000  end=0x1af47000  size=156.0KB  prot=rw-  owner=unknown
[RW] base=0x1af48000  end=0x1af69000  size=132.0KB  prot=rw-  owner=unknown
[RW] base=0x1af6a000  end=0x1af94000  size=168.0KB  prot=rw-  owner=unknown
[RW] base=0x1af95000  end=0x1afb6000  size=132.0KB  prot=rw-  owner=unknown
[RW] base=0x1afb7000  end=0x1aff6000  size=252.0KB  prot=rw-  owner=unknown
[RW] base=0x1aff7000  end=0x1b018000  size=132.0KB  prot=rw-  owner=unknown
[RW] base=0x1b019000  end=0x1b03a000  size=132.0KB  prot=rw-  owner=unknown
[RW] base=0x1b03b000  end=0x1b05c000  size=132.0KB  prot=rw-  owner=unknown
[RW] base=0x1b05d000  end=0x1b06e000  size=68.0KB  prot=rw-  owner=unknown
[RW] base=0x1b06f000  end=0x1b093000  size=144.0KB  prot=rw-  owner=unknown
[RW] base=0x1b094000  end=0x1b0af000  size=108.0KB  prot=rw-  owner=unknown
[RW] base=0x1b0b0000  end=0x1b0d1000  size=132.0KB  prot=rw-  owner=unknown
[RW] base=0x1b0d2000  end=0x1b0f3000  size=132.0KB  prot=rw-  owner=unknown
[RW] base=0x1b0f4000  end=0x1b115000  size=132.0KB  prot=rw-  owner=unknown
[RW] base=0x1b116000  end=0x1b137000  size=132.0KB  prot=rw-  owner=unknown
[RW] base=0x1b138000  end=0x1b149000  size=68.0KB  prot=rw-  owner=unknown
[RW] base=0x1b14a000  end=0x1b178000  size=184.0KB  prot=rw-  owner=unknown
[RW] base=0x1b179000  end=0x1b19a000  size=132.0KB  prot=rw-  owner=unknown
[RW] base=0x1b19b000  end=0x1b1bc000  size=132.0KB  prot=rw-  owner=unknown
[RW] base=0x1b1bd000  end=0x1b1de000  size=132.0KB  prot=rw-  owner=unknown
[RW] base=0x1b1df000  end=0x1b200000  size=132.0KB  prot=rw-  owner=unknown
[RW] base=0x1b201000  end=0x1b222000  size=132.0KB  prot=rw-  owner=unknown
[RW] base=0x1b223000  end=0x1b244000  size=132.0KB  prot=rw-  owner=unknown
[RW] base=0x1b245000  end=0x1b266000  size=132.0KB  prot=rw-  owner=unknown
[RW] base=0x1b267000  end=0x1b288000  size=132.0KB  prot=rw-  owner=unknown
[RW] base=0x1b289000  end=0x1b2aa000  size=132.0KB  prot=rw-  owner=unknown
[RW] base=0x1b2ab000  end=0x1b2d9000  size=184.0KB  prot=rw-  owner=unknown
[RW] base=0x1b2da000  end=0x1b2fb000  size=132.0KB  prot=rw-  owner=unknown
[RW] base=0x1b2fc000  end=0x1b31d000  size=132.0KB  prot=rw-  owner=unknown
[RW] base=0x1b31e000  end=0x1b33f000  size=132.0KB  prot=rw-  owner=unknown
[RW] base=0x1b340000  end=0x1b351000  size=68.0KB  prot=rw-  owner=unknown
[RW] base=0x1b352000  end=0x1b373000  size=132.0KB  prot=rw-  owner=unknown
[RW] base=0x1b374000  end=0x1b395000  size=132.0KB  prot=rw-  owner=unknown
[RW] base=0x1b396000  end=0x1b3b7000  size=132.0KB  prot=rw-  owner=unknown
[RW] base=0x1b3b8000  end=0x1b3d9000  size=132.0KB  prot=rw-  owner=unknown
[RW] base=0x1b3da000  end=0x1b3fb000  size=132.0KB  prot=rw-  owner=unknown
[RW] base=0x1b3fc000  end=0x1b41d000  size=132.0KB  prot=rw-  owner=unknown
[RW] base=0x1b41e000  end=0x1b43f000  size=132.0KB  prot=rw-  owner=unknown
[RW] base=0x1b440000  end=0x1b461000  size=132.0KB  prot=rw-  owner=unknown
[RW] base=0x1b462000  end=0x1b483000  size=132.0KB  prot=rw-  owner=unknown
[RW] base=0x1b484000  end=0x1b4a5000  size=132.0KB  prot=rw-  owner=unknown
[RW] base=0x1b4a6000  end=0x1b4ca000  size=144.0KB  prot=rw-  owner=unknown
[RW] base=0x1b4cb000  end=0x1b4ec000  size=132.0KB  prot=rw-  owner=unknown
[RW] base=0x1b4ed000  end=0x1b50e000  size=132.0KB  prot=rw-  owner=unknown
[RW] base=0x1b50f000  end=0x1b530000  size=132.0KB  prot=rw-  owner=unknown
[RW] base=0x1b531000  end=0x1b552000  size=132.0KB  prot=rw-  owner=unknown
[RW] base=0x1b553000  end=0x1b574000  size=132.0KB  prot=rw-  owner=unknown
[RW] base=0x1b575000  end=0x1b596000  size=132.0KB  prot=rw-  owner=unknown
[RW] base=0x1b597000  end=0x1b5b8000  size=132.0KB  prot=rw-  owner=unknown
[RW] base=0x1b5b9000  end=0x1b5da000  size=132.0KB  prot=rw-  owner=unknown
[RW] base=0x1b5db000  end=0x1b5fc000  size=132.0KB  prot=rw-  owner=unknown
[RW] base=0x1b5fd000  end=0x1b61e000  size=132.0KB  prot=rw-  owner=unknown
[RW] base=0x1b61f000  end=0x1b640000  size=132.0KB  prot=rw-  owner=unknown
[RW] base=0x1b641000  end=0x1b662000  size=132.0KB  prot=rw-  owner=unknown
[RW] base=0x1b663000  end=0x1b674000  size=68.0KB  prot=rw-  owner=unknown
[RW] base=0x1b675000  end=0x1b696000  size=132.0KB  prot=rw-  owner=unknown
[RW] base=0x1b697000  end=0x1b6b8000  size=132.0KB  prot=rw-  owner=unknown
[RW] base=0x1b6b9000  end=0x1b6da000  size=132.0KB  prot=rw-  owner=unknown
[RW] base=0x1b6db000  end=0x1b6fc000  size=132.0KB  prot=rw-  owner=unknown
[RW] base=0x1b6fd000  end=0x1b71e000  size=132.0KB  prot=rw-  owner=unknown
[RW] base=0x1b71f000  end=0x1b740000  size=132.0KB  prot=rw-  owner=unknown
[RW] base=0x1b741000  end=0x1b762000  size=132.0KB  prot=rw-  owner=unknown
[RW] base=0x1b763000  end=0x1b784000  size=132.0KB  prot=rw-  owner=unknown
[RW] base=0x1b785000  end=0x1b7a6000  size=132.0KB  prot=rw-  owner=unknown
[RW] base=0x1b7a7000  end=0x1b7cc000  size=148.0KB  prot=rw-  owner=unknown
[RW] base=0x1b7cd000  end=0x1b7ee000  size=132.0KB  prot=rw-  owner=unknown
[RW] base=0x1b7ef000  end=0x1b810000  size=132.0KB  prot=rw-  owner=unknown
[RW] base=0x1b811000  end=0x1b832000  size=132.0KB  prot=rw-  owner=unknown
[RW] base=0x1b833000  end=0x1b844000  size=68.0KB  prot=rw-  owner=unknown
[RW] base=0x1b845000  end=0x1b866000  size=132.0KB  prot=rw-  owner=unknown
[RW] base=0x1b867000  end=0x1b888000  size=132.0KB  prot=rw-  owner=unknown
[RW] base=0x1b889000  end=0x1b8aa000  size=132.0KB  prot=rw-  owner=unknown
[RW] base=0x1b8ab000  end=0x1b8cc000  size=132.0KB  prot=rw-  owner=unknown
[RW] base=0x1b8cd000  end=0x1b8ee000  size=132.0KB  prot=rw-  owner=unknown
[RW] base=0x1b8ef000  end=0x1b910000  size=132.0KB  prot=rw-  owner=unknown
[RW] base=0x1b911000  end=0x1b932000  size=132.0KB  prot=rw-  owner=unknown
[RW] base=0x1b933000  end=0x1b954000  size=132.0KB  prot=rw-  owner=unknown
[RW] base=0x1b955000  end=0x1b976000  size=132.0KB  prot=rw-  owner=unknown
[RW] base=0x1b977000  end=0x1b998000  size=132.0KB  prot=rw-  owner=unknown
[RW] base=0x1b999000  end=0x1b9ba000  size=132.0KB  prot=rw-  owner=unknown
[RW] base=0x1b9bb000  end=0x1b9dc000  size=132.0KB  prot=rw-  owner=unknown
[RW] base=0x1b9dd000  end=0x1b9fe000  size=132.0KB  prot=rw-  owner=unknown
[RW] base=0x1b9ff000  end=0x1ba20000  size=132.0KB  prot=rw-  owner=unknown
[RW] base=0x1ba21000  end=0x1ba42000  size=132.0KB  prot=rw-  owner=unknown
[RW] base=0x1ba43000  end=0x1ba64000  size=132.0KB  prot=rw-  owner=unknown
[RW] base=0x1ba65000  end=0x1ba86000  size=132.0KB  prot=rw-  owner=unknown
[RW] base=0x1ba87000  end=0x1baa8000  size=132.0KB  prot=rw-  owner=unknown
[RW] base=0x1baa9000  end=0x1baca000  size=132.0KB  prot=rw-  owner=unknown
[RW] base=0x1bacb000  end=0x1baec000  size=132.0KB  prot=rw-  owner=unknown
[RW] base=0x1baed000  end=0x1bb0e000  size=132.0KB  prot=rw-  owner=unknown
[RW] base=0x1bb0f000  end=0x1bb30000  size=132.0KB  prot=rw-  owner=unknown
[RW] base=0x1bb31000  end=0x1bb52000  size=132.0KB  prot=rw-  owner=unknown
[RW] base=0x1bb53000  end=0x1bb74000  size=132.0KB  prot=rw-  owner=unknown
[RW] base=0x1bb75000  end=0x1bba6000  size=196.0KB  prot=rw-  owner=unknown
[RW] base=0x1bba7000  end=0x1bbc8000  size=132.0KB  prot=rw-  owner=unknown
[RW] base=0x1bbc9000  end=0x1bbea000  size=132.0KB  prot=rw-  owner=unknown
[RW] base=0x1bbeb000  end=0x1bc0c000  size=132.0KB  prot=rw-  owner=unknown
[RW] base=0x1bc0d000  end=0x1bc2e000  size=132.0KB  prot=rw-  owner=unknown
[RW] base=0x1bc2f000  end=0x1bc60000  size=196.0KB  prot=rw-  owner=unknown
[RW] base=0x1bc61000  end=0x1bc82000  size=132.0KB  prot=rw-  owner=unknown
[RW] base=0x1bc83000  end=0x1bca4000  size=132.0KB  prot=rw-  owner=unknown
[RW] base=0x1bca5000  end=0x1bcc6000  size=132.0KB  prot=rw-  owner=unknown
[RW] base=0x1bcc7000  end=0x1bce8000  size=132.0KB  prot=rw-  owner=unknown
[RW] base=0x1bce9000  end=0x1bd0a000  size=132.0KB  prot=rw-  owner=unknown
[RW] base=0x1bd0b000  end=0x1bd2c000  size=132.0KB  prot=rw-  owner=unknown
[RW] base=0x1bd2d000  end=0x1bd4e000  size=132.0KB  prot=rw-  owner=unknown
[RW] base=0x1bd4f000  end=0x1bd70000  size=132.0KB  prot=rw-  owner=unknown
[RW] base=0x1bd71000  end=0x1bd92000  size=132.0KB  prot=rw-  owner=unknown
[RW] base=0x1bd93000  end=0x1bdb4000  size=132.0KB  prot=rw-  owner=unknown
[RW] base=0x1bdb5000  end=0x1bde6000  size=196.0KB  prot=rw-  owner=unknown
[RW] base=0x1bde7000  end=0x1be08000  size=132.0KB  prot=rw-  owner=unknown
[RW] base=0x1be09000  end=0x1be2a000  size=132.0KB  prot=rw-  owner=unknown
[RW] base=0x1be2b000  end=0x1be4c000  size=132.0KB  prot=rw-  owner=unknown
[RW] base=0x1be4d000  end=0x1be6e000  size=132.0KB  prot=rw-  owner=unknown
[RW] base=0x1be6f000  end=0x1be90000  size=132.0KB  prot=rw-  owner=unknown
[RW] base=0x1be91000  end=0x1beb2000  size=132.0KB  prot=rw-  owner=unknown
[RW] base=0x1beb3000  end=0x1bed4000  size=132.0KB  prot=rw-  owner=unknown
[RW] base=0x1bed5000  end=0x1bef6000  size=132.0KB  prot=rw-  owner=unknown
[RW] base=0x1bef7000  end=0x1bf18000  size=132.0KB  prot=rw-  owner=unknown
[RW] base=0x1bf19000  end=0x1bf3a000  size=132.0KB  prot=rw-  owner=unknown
[RW] base=0x1bf3b000  end=0x1bf5c000  size=132.0KB  prot=rw-  owner=unknown
[RW] base=0x1bf5d000  end=0x1bf7e000  size=132.0KB  prot=rw-  owner=unknown
[RW] base=0x1bf7f000  end=0x1bfa0000  size=132.0KB  prot=rw-  owner=unknown
[RW] base=0x1bfa1000  end=0x1bfc2000  size=132.0KB  prot=rw-  owner=unknown
[RW] base=0x1bfc3000  end=0x1bfe4000  size=132.0KB  prot=rw-  owner=unknown
[RW] base=0x1bfe5000  end=0x1c006000  size=132.0KB  prot=rw-  owner=unknown
[RW] base=0x1c007000  end=0x1c038000  size=196.0KB  prot=rw-  owner=unknown
[RW] base=0x1c039000  end=0x1c05a000  size=132.0KB  prot=rw-  owner=unknown
[RW] base=0x1c05b000  end=0x1c07f000  size=144.0KB  prot=rw-  owner=unknown
[RW] base=0x1c080000  end=0x1c0a1000  size=132.0KB  prot=rw-  owner=unknown
[RW] base=0x1c0a2000  end=0x1c0c3000  size=132.0KB  prot=rw-  owner=unknown
[RW] base=0x1c0c4000  end=0x1c0e5000  size=132.0KB  prot=rw-  owner=unknown
[RW] base=0x1c0e6000  end=0x1c107000  size=132.0KB  prot=rw-  owner=unknown
[RW] base=0x1c108000  end=0x1c129000  size=132.0KB  prot=rw-  owner=unknown
[RW] base=0x1c12a000  end=0x1c14b000  size=132.0KB  prot=rw-  owner=unknown
[RW] base=0x1c14c000  end=0x1c16d000  size=132.0KB  prot=rw-  owner=unknown
[RW] base=0x1c16e000  end=0x1c18f000  size=132.0KB  prot=rw-  owner=unknown
[RW] base=0x1c190000  end=0x1c1c1000  size=196.0KB  prot=rw-  owner=unknown
[RW] base=0x1c1c2000  end=0x1c1d3000  size=68.0KB  prot=rw-  owner=unknown
[RW] base=0x1c1d4000  end=0x1c1f5000  size=132.0KB  prot=rw-  owner=unknown
[RW] base=0x1c1f6000  end=0x1c217000  size=132.0KB  prot=rw-  owner=unknown
[RW] base=0x1c218000  end=0x1c239000  size=132.0KB  prot=rw-  owner=unknown
[RW] base=0x1c23a000  end=0x1c25b000  size=132.0KB  prot=rw-  owner=unknown
[RW] base=0x1c25c000  end=0x1c28d000  size=196.0KB  prot=rw-  owner=unknown
[RW] base=0x1c28e000  end=0x1c2af000  size=132.0KB  prot=rw-  owner=unknown
[RW] base=0x1c2b0000  end=0x1c2d1000  size=132.0KB  prot=rw-  owner=unknown
[RW] base=0x1c2d2000  end=0x1c2f3000  size=132.0KB  prot=rw-  owner=unknown
[RW] base=0x1c2f4000  end=0x1c315000  size=132.0KB  prot=rw-  owner=unknown
[RW] base=0x1c316000  end=0x1c347000  size=196.0KB  prot=rw-  owner=unknown
[RW] base=0x1c348000  end=0x1c379000  size=196.0KB  prot=rw-  owner=unknown
[RW] base=0x1c37a000  end=0x1c3d3000  size=356.0KB  prot=rw-  owner=unknown
[RW] base=0x1c3d4000  end=0x1c3e5000  size=68.0KB  prot=rw-  owner=unknown
[RW] base=0x1c3e6000  end=0x1c407000  size=132.0KB  prot=rw-  owner=unknown
[RW] base=0x1c408000  end=0x1c429000  size=132.0KB  prot=rw-  owner=unknown
[RW] base=0x1c42a000  end=0x1c46b000  size=260.0KB  prot=rw-  owner=unknown
[RW] base=0x1c46c000  end=0x1c49d000  size=196.0KB  prot=rw-  owner=unknown
[RW] base=0x1c49e000  end=0x1c4df000  size=260.0KB  prot=rw-  owner=unknown
[RW] base=0x1c4e0000  end=0x1c509000  size=164.0KB  prot=rw-  owner=unknown
[RW] base=0x1c50a000  end=0x1c530000  size=152.0KB  prot=rw-  owner=unknown
[RW] base=0x1c531000  end=0x1c552000  size=132.0KB  prot=rw-  owner=unknown
[RW] base=0x1c553000  end=0x1c594000  size=260.0KB  prot=rw-  owner=unknown
[RW] base=0x1c595000  end=0x1c5e6000  size=324.0KB  prot=rw-  owner=unknown
[RW] base=0x1c5e7000  end=0x1c61a000  size=204.0KB  prot=rw-  owner=unknown
[RW] base=0x1c61b000  end=0x1c68b000  size=448.0KB  prot=rw-  owner=unknown
[RW] base=0x1c68c000  end=0x1c6bd000  size=196.0KB  prot=rw-  owner=unknown
[RW] base=0x1c6be000  end=0x1c6ef000  size=196.0KB  prot=rw-  owner=unknown
[RW] base=0x1c6f0000  end=0x1c741000  size=324.0KB  prot=rw-  owner=unknown
[RW] base=0x1c742000  end=0x1c753000  size=68.0KB  prot=rw-  owner=unknown
[RW] base=0x1c754000  end=0x1c76b000  size=92.0KB  prot=rw-  owner=unknown
[RW] base=0x1c76c000  end=0x1c78d000  size=132.0KB  prot=rw-  owner=unknown
[RW] base=0x1c78e000  end=0x1c80d000  size=508.0KB  prot=rw-  owner=unknown
[RW] base=0x1c80e000  end=0x1c827000  size=100.0KB  prot=rw-  owner=unknown
[RW] base=0x1c828000  end=0x1c87c000  size=336.0KB  prot=rw-  owner=unknown
[RW] base=0x1c87d000  end=0x1c8be000  size=260.0KB  prot=rw-  owner=unknown
[RW] base=0x1c8bf000  end=0x1c8d0000  size=68.0KB  prot=rw-  owner=unknown
[RW] base=0x1c8d1000  end=0x1c912000  size=260.0KB  prot=rw-  owner=unknown
[RW] base=0x1c913000  end=0x1c924000  size=68.0KB  prot=rw-  owner=unknown
[RW] base=0x1c925000  end=0x1c966000  size=260.0KB  prot=rw-  owner=unknown
[RW] base=0x1c967000  end=0x1c9c0000  size=356.0KB  prot=rw-  owner=unknown
[RW] base=0x1c9c1000  end=0x1ca02000  size=260.0KB  prot=rw-  owner=unknown
[RW] base=0x1ca03000  end=0x1ca14000  size=68.0KB  prot=rw-  owner=unknown
[RW] base=0x1ca15000  end=0x1ca66000  size=324.0KB  prot=rw-  owner=unknown
[RW] base=0x1ca67000  end=0x1ca78000  size=68.0KB  prot=rw-  owner=unknown
[RW] base=0x1ca79000  end=0x1ca9a000  size=132.0KB  prot=rw-  owner=unknown
[RW] base=0x1ca9b000  end=0x1cabc000  size=132.0KB  prot=rw-  owner=unknown
[RW] base=0x1cabd000  end=0x1cafe000  size=260.0KB  prot=rw-  owner=unknown
[RW] base=0x1caff000  end=0x1cb33000  size=208.0KB  prot=rw-  owner=unknown
[RW] base=0x1cb34000  end=0x1cb62000  size=184.0KB  prot=rw-  owner=unknown
[RW] base=0x1cb63000  end=0x1cb74000  size=68.0KB  prot=rw-  owner=unknown
[RW] base=0x1cb75000  end=0x1cbb6000  size=260.0KB  prot=rw-  owner=unknown
[RW] base=0x1cbb7000  end=0x1cbc8000  size=68.0KB  prot=rw-  owner=unknown
[RW] base=0x1cbc9000  end=0x1cbea000  size=132.0KB  prot=rw-  owner=unknown
[RW] base=0x1cbeb000  end=0x1cbfc000  size=68.0KB  prot=rw-  owner=unknown
[RW] base=0x1cbfd000  end=0x1cc1e000  size=132.0KB  prot=rw-  owner=unknown
[RW] base=0x1cc1f000  end=0x1cc50000  size=196.0KB  prot=rw-  owner=unknown
[RW] base=0x1cc51000  end=0x1cc72000  size=132.0KB  prot=rw-  owner=unknown
[RW] base=0x1cc73000  end=0x1cc94000  size=132.0KB  prot=rw-  owner=unknown
[RW] base=0x1cc95000  end=0x1cca6000  size=68.0KB  prot=rw-  owner=unknown
[RW] base=0x1cca7000  end=0x1ccd8000  size=196.0KB  prot=rw-  owner=unknown
[RW] base=0x1ccd9000  end=0x1cd1a000  size=260.0KB  prot=rw-  owner=unknown
[RW] base=0x1cd1b000  end=0x1cd2c000  size=68.0KB  prot=rw-  owner=unknown
[RW] base=0x1cd2d000  end=0x1cd6e000  size=260.0KB  prot=rw-  owner=unknown
[RW] base=0x1cd6f000  end=0x1cda0000  size=196.0KB  prot=rw-  owner=unknown
[RW] base=0x1cda1000  end=0x1cdd2000  size=196.0KB  prot=rw-  owner=unknown
[RW] base=0x1cdd3000  end=0x1ce21000  size=312.0KB  prot=rw-  owner=unknown
[RW] base=0x1ce22000  end=0x1ce53000  size=196.0KB  prot=rw-  owner=unknown
[RW] base=0x1ce54000  end=0x1ce85000  size=196.0KB  prot=rw-  owner=unknown
[RW] base=0x1ce86000  end=0x1ce97000  size=68.0KB  prot=rw-  owner=unknown
[RW] base=0x1ce98000  end=0x1cec9000  size=196.0KB  prot=rw-  owner=unknown
[RW] base=0x1ceca000  end=0x1cefb000  size=196.0KB  prot=rw-  owner=unknown
[RW] base=0x1cefc000  end=0x1cf0d000  size=68.0KB  prot=rw-  owner=unknown
[RW] base=0x1cf0e000  end=0x1cf2f000  size=132.0KB  prot=rw-  owner=unknown
[RW] base=0x1cf30000  end=0x1cf61000  size=196.0KB  prot=rw-  owner=unknown
[RW] base=0x1cf62000  end=0x1cfb3000  size=324.0KB  prot=rw-  owner=unknown
[RW] base=0x1cfb4000  end=0x1cfd5000  size=132.0KB  prot=rw-  owner=unknown
[RW] base=0x1cfd6000  end=0x1cff7000  size=132.0KB  prot=rw-  owner=unknown
[RW] base=0x1cff8000  end=0x1d019000  size=132.0KB  prot=rw-  owner=unknown
[RW] base=0x1d01a000  end=0x1d02b000  size=68.0KB  prot=rw-  owner=unknown
[RW] base=0x1d02c000  end=0x1d03d000  size=68.0KB  prot=rw-  owner=unknown
[RW] base=0x1d03e000  end=0x1d04f000  size=68.0KB  prot=rw-  owner=unknown
[RW] base=0x1d058000  end=0x1f267000  size=34876.0KB  prot=rw-  owner=unknown
[RW] base=0x1f270000  end=0x1f291000  size=132.0KB  prot=rw-  owner=unknown
[RW] base=0x1f292000  end=0x1f2b3000  size=132.0KB  prot=rw-  owner=unknown
[RW] base=0x1f2b4000  end=0x1f2f8000  size=272.0KB  prot=rw-  owner=unknown
[RW] base=0x1f2f9000  end=0x1f31a000  size=132.0KB  prot=rw-  owner=unknown
[RW] base=0x1f31b000  end=0x1f32c000  size=68.0KB  prot=rw-  owner=unknown
[RW] base=0x1f32d000  end=0x1f34e000  size=132.0KB  prot=rw-  owner=unknown
[RW] base=0x1f34f000  end=0x1f360000  size=68.0KB  prot=rw-  owner=unknown
[RW] base=0x1f361000  end=0x1f38a000  size=164.0KB  prot=rw-  owner=unknown
[RW] base=0x1f38b000  end=0x1f3cc000  size=260.0KB  prot=rw-  owner=unknown
[RW] base=0x1f3cd000  end=0x1f3de000  size=68.0KB  prot=rw-  owner=unknown
[RW] base=0x1f3df000  end=0x1f440000  size=388.0KB  prot=rw-  owner=unknown
[RW] base=0x1f441000  end=0x1f462000  size=132.0KB  prot=rw-  owner=unknown
[RW] base=0x1f463000  end=0x1f474000  size=68.0KB  prot=rw-  owner=unknown
[RW] base=0x1f475000  end=0x1f496000  size=132.0KB  prot=rw-  owner=unknown
[RW] base=0x1f497000  end=0x1f4c8000  size=196.0KB  prot=rw-  owner=unknown
[RW] base=0x1f4c9000  end=0x1f50a000  size=260.0KB  prot=rw-  owner=unknown
[RW] base=0x1f50b000  end=0x1f52c000  size=132.0KB  prot=rw-  owner=unknown
[RW] base=0x1f52d000  end=0x1f56e000  size=260.0KB  prot=rw-  owner=unknown
[RW] base=0x1f56f000  end=0x1f580000  size=68.0KB  prot=rw-  owner=unknown
[RW] base=0x1f581000  end=0x1f5a2000  size=132.0KB  prot=rw-  owner=unknown
[RW] base=0x1f5a3000  end=0x1f5b4000  size=68.0KB  prot=rw-  owner=unknown
[RW] base=0x1f5b5000  end=0x1f5f6000  size=260.0KB  prot=rw-  owner=unknown
[RW] base=0x1f5f7000  end=0x1f638000  size=260.0KB  prot=rw-  owner=unknown
[RW] base=0x1f639000  end=0x1f65a000  size=132.0KB  prot=rw-  owner=unknown
[RW] base=0x1f65b000  end=0x1f67c000  size=132.0KB  prot=rw-  owner=unknown
[RW] base=0x1f67d000  end=0x1f68e000  size=68.0KB  prot=rw-  owner=unknown
[RW] base=0x1f68f000  end=0x1f6b0000  size=132.0KB  prot=rw-  owner=unknown
[RW] base=0x1f6b1000  end=0x1f6e2000  size=196.0KB  prot=rw-  owner=unknown
[RW] base=0x1f6e3000  end=0x1f6f4000  size=68.0KB  prot=rw-  owner=unknown
[RW] base=0x1f6f5000  end=0x1f726000  size=196.0KB  prot=rw-  owner=unknown
[RW] base=0x1f727000  end=0x1f758000  size=196.0KB  prot=rw-  owner=unknown
[RW] base=0x1f759000  end=0x1f78a000  size=196.0KB  prot=rw-  owner=unknown
[RW] base=0x1f78b000  end=0x1f7bc000  size=196.0KB  prot=rw-  owner=unknown
[RW] base=0x1f7bd000  end=0x1f7ce000  size=68.0KB  prot=rw-  owner=unknown
[RW] base=0x1f7cf000  end=0x1f7e0000  size=68.0KB  prot=rw-  owner=unknown
[RW] base=0x1f7e1000  end=0x1f815000  size=208.0KB  prot=rw-  owner=unknown
[RW] base=0x1f816000  end=0x1f827000  size=68.0KB  prot=rw-  owner=unknown
[RW] base=0x1f828000  end=0x1f863000  size=236.0KB  prot=rw-  owner=unknown
[RW] base=0x1f864000  end=0x1f875000  size=68.0KB  prot=rw-  owner=unknown
[RW] base=0x1f876000  end=0x1f947000  size=836.0KB  prot=rw-  owner=unknown
[RW] base=0x1f948000  end=0x1f989000  size=260.0KB  prot=rw-  owner=unknown
[RW] base=0x1f98a000  end=0x1f9ab000  size=132.0KB  prot=rw-  owner=unknown
[RW] base=0x1f9ac000  end=0x1f9ed000  size=260.0KB  prot=rw-  owner=unknown
[RW] base=0x1f9ee000  end=0x1fa0f000  size=132.0KB  prot=rw-  owner=unknown
[RW] base=0x1fa10000  end=0x1fa79000  size=420.0KB  prot=rw-  owner=unknown
[RW] base=0x1fa7a000  end=0x1fa8b000  size=68.0KB  prot=rw-  owner=unknown
[RW] base=0x1fa8c000  end=0x1fae0000  size=336.0KB  prot=rw-  owner=unknown
[RW] base=0x1fae1000  end=0x1fb38000  size=348.0KB  prot=rw-  owner=unknown
[RW] base=0x1fb39000  end=0x1fb4a000  size=68.0KB  prot=rw-  owner=unknown
[RW] base=0x1fb4b000  end=0x1fb6c000  size=132.0KB  prot=rw-  owner=unknown
[RW] base=0x1fb6d000  end=0x1fbae000  size=260.0KB  prot=rw-  owner=unknown
[RW] base=0x1fbaf000  end=0x1fbd0000  size=132.0KB  prot=rw-  owner=unknown
[RW] base=0x1fbd1000  end=0x1fbf2000  size=132.0KB  prot=rw-  owner=unknown
[RW] base=0x1fbf3000  end=0x1fc14000  size=132.0KB  prot=rw-  owner=unknown
[RW] base=0x1fc15000  end=0x1fc56000  size=260.0KB  prot=rw-  owner=unknown
[RW] base=0x1fc57000  end=0x1fc68000  size=68.0KB  prot=rw-  owner=unknown
[RW] base=0x1fc69000  end=0x1fcaa000  size=260.0KB  prot=rw-  owner=unknown
[RW] base=0x1fcab000  end=0x1fcdc000  size=196.0KB  prot=rw-  owner=unknown
[RW] base=0x1fcdd000  end=0x1fd0e000  size=196.0KB  prot=rw-  owner=unknown
[RW] base=0x1fd0f000  end=0x1fd20000  size=68.0KB  prot=rw-  owner=unknown
[RW] base=0x1fd21000  end=0x1fd42000  size=132.0KB  prot=rw-  owner=unknown
[RW] base=0x1fd43000  end=0x1fd64000  size=132.0KB  prot=rw-  owner=unknown
[RW] base=0x1fd65000  end=0x1fd86000  size=132.0KB  prot=rw-  owner=unknown
[RW] base=0x1fd87000  end=0x1fd98000  size=68.0KB  prot=rw-  owner=unknown
[RW] base=0x1fd99000  end=0x1fdba000  size=132.0KB  prot=rw-  owner=unknown
[RW] base=0x1fdbb000  end=0x1fdec000  size=196.0KB  prot=rw-  owner=unknown
[RW] base=0x1fded000  end=0x1fe0e000  size=132.0KB  prot=rw-  owner=unknown
[RW] base=0x1fe0f000  end=0x1fe60000  size=324.0KB  prot=rw-  owner=unknown
[RW] base=0x1fe61000  end=0x1fea2000  size=260.0KB  prot=rw-  owner=unknown
[RW] base=0x1fea3000  end=0x1feb4000  size=68.0KB  prot=rw-  owner=unknown
[RW] base=0x1feb5000  end=0x1fed6000  size=132.0KB  prot=rw-  owner=unknown
[RW] base=0x1fed7000  end=0x1fee0000  size=36.0KB  prot=rw-  owner=unknown
[RW] base=0x1fee1000  end=0x1ff62000  size=516.0KB  prot=rw-  owner=unknown
[RW] base=0x1ff63000  end=0x1ff8c000  size=164.0KB  prot=rw-  owner=unknown
[RW] base=0x1ff8d000  end=0x1ffae000  size=132.0KB  prot=rw-  owner=unknown
[RW] base=0x1ffaf000  end=0x1ffd0000  size=132.0KB  prot=rw-  owner=unknown
[RW] base=0x1ffd1000  end=0x2023f000  size=2488.0KB  prot=rw-  owner=unknown
[RW] base=0x2033e000  end=0x20340000  size=8.0KB  prot=rw-  owner=unknown
[RW] base=0x2043e000  end=0x20440000  size=8.0KB  prot=rw-  owner=unknown
[RW] base=0x206b0000  end=0x20730000  size=512.0KB  prot=rw-  owner=unknown
[RW] base=0x20730000  end=0x207b0000  size=512.0KB  prot=rw-  owner=unknown
[RW] base=0x207e8000  end=0x207f0000  size=32.0KB  prot=rw-  owner=unknown
[RW] base=0x207fd000  end=0x20800000  size=12.0KB  prot=rw-  owner=unknown
[RW] base=0x20838000  end=0x20840000  size=32.0KB  prot=rw-  owner=unknown
[RW] base=0x2084d000  end=0x20850000  size=12.0KB  prot=rw-  owner=unknown
[RW] base=0x20888000  end=0x20890000  size=32.0KB  prot=rw-  owner=unknown
[RW] base=0x2089d000  end=0x208a0000  size=12.0KB  prot=rw-  owner=unknown
[RW] base=0x208d8000  end=0x208e0000  size=32.0KB  prot=rw-  owner=unknown
[RW] base=0x208ed000  end=0x208f0000  size=12.0KB  prot=rw-  owner=unknown
[RW] base=0x20928000  end=0x20930000  size=32.0KB  prot=rw-  owner=unknown
[RW] base=0x2093d000  end=0x20940000  size=12.0KB  prot=rw-  owner=unknown
[RW] base=0x20978000  end=0x20980000  size=32.0KB  prot=rw-  owner=unknown
[RW] base=0x2098d000  end=0x20990000  size=12.0KB  prot=rw-  owner=unknown
[RW] base=0x209c8000  end=0x209d0000  size=32.0KB  prot=rw-  owner=unknown
[RW] base=0x209dd000  end=0x209e0000  size=12.0KB  prot=rw-  owner=unknown
[RW] base=0x20a18000  end=0x20a20000  size=32.0KB  prot=rw-  owner=unknown
[RW] base=0x20a2d000  end=0x20a30000  size=12.0KB  prot=rw-  owner=unknown
[RW] base=0x20a30000  end=0x20a3d000  size=52.0KB  prot=rw-  owner=unknown
[RW] base=0x20a40000  end=0x20a41000  size=4.0KB  prot=rw-  owner=unknown
[RW] base=0x20b98000  end=0x20ba0000  size=32.0KB  prot=rw-  owner=unknown
[RW] base=0x20bac000  end=0x20bb0000  size=16.0KB  prot=rw-  owner=unknown
[RW] base=0x20be8000  end=0x20bf0000  size=32.0KB  prot=rw-  owner=unknown
[RW] base=0x20cee000  end=0x20cf0000  size=8.0KB  prot=rw-  owner=unknown
[RW] base=0x20cf0000  end=0x20cf1000  size=4.0KB  prot=rw-  owner=unknown
[RW] base=0x20d00000  end=0x20d01000  size=4.0KB  prot=rw-  owner=unknown
[RW] base=0x20d20000  end=0x20def000  size=828.0KB  prot=rw-  owner=unknown
[RW] base=0x20df0000  end=0x20e1f000  size=188.0KB  prot=rw-  owner=unknown
[RW] base=0x20e20000  end=0x20e34000  size=80.0KB  prot=rw-  owner=unknown
[RW] base=0x20f58000  end=0x20f60000  size=32.0KB  prot=rw-  owner=unknown
[RW] base=0x20f70000  end=0x20f82000  size=72.0KB  prot=rw-  owner=unknown
[RW] base=0x2116e000  end=0x21170000  size=8.0KB  prot=rw-  owner=unknown
[RW] base=0x21170000  end=0x2134b000  size=1900.0KB  prot=rw-  owner=unknown
[RW] base=0x2134c000  end=0x21367000  size=108.0KB  prot=rw-  owner=unknown
[RW] base=0x21368000  end=0x2136f000  size=28.0KB  prot=rw-  owner=unknown
[RW] base=0x213a8000  end=0x213b0000  size=32.0KB  prot=rw-  owner=unknown
[RW] base=0x214ae000  end=0x214b0000  size=8.0KB  prot=rw-  owner=unknown
[RW] base=0x214b0000  end=0x214b1000  size=4.0KB  prot=rw-  owner=unknown
[RW] base=0x214c0000  end=0x214c1000  size=4.0KB  prot=rw-  owner=unknown
[RW] base=0x21538000  end=0x21540000  size=32.0KB  prot=rw-  owner=unknown
[RW] base=0x2163c000  end=0x21640000  size=16.0KB  prot=rw-  owner=unknown
[RW] base=0x21640000  end=0x216aa000  size=424.0KB  prot=rw-  owner=unknown
[RW] base=0x23640000  end=0x23696000  size=344.0KB  prot=rw-  owner=unknown
[RW] base=0x23697000  end=0x2369a000  size=12.0KB  prot=rw-  owner=unknown
[RW] base=0x2369b000  end=0x236ab000  size=64.0KB  prot=rw-  owner=unknown
[RW] base=0x236af000  end=0x236cf000  size=128.0KB  prot=rw-  owner=unknown
[RW] base=0x236d7000  end=0x23797000  size=768.0KB  prot=rw-  owner=unknown
[RW] base=0x25640000  end=0x256bc000  size=496.0KB  prot=rw-  owner=unknown
[RW] base=0x256bd000  end=0x256f0000  size=204.0KB  prot=rw-  owner=unknown
[RW] base=0x256f1000  end=0x25744000  size=332.0KB  prot=rw-  owner=unknown
[RW] base=0x25745000  end=0x25888000  size=1292.0KB  prot=rw-  owner=unknown
[RW] base=0x25889000  end=0x259f4000  size=1452.0KB  prot=rw-  owner=unknown
[RW] base=0x259f5000  end=0x25a3c000  size=284.0KB  prot=rw-  owner=unknown
[RW] base=0x25a3d000  end=0x25a5e000  size=132.0KB  prot=rw-  owner=unknown
[RW] base=0x25a5f000  end=0x25a80000  size=132.0KB  prot=rw-  owner=unknown
[RW] base=0x25a81000  end=0x25ac2000  size=260.0KB  prot=rw-  owner=unknown
[RW] base=0x25ac3000  end=0x25ae4000  size=132.0KB  prot=rw-  owner=unknown
[RW] base=0x25ae5000  end=0x25b06000  size=132.0KB  prot=rw-  owner=unknown
[RW] base=0x25b07000  end=0x25b28000  size=132.0KB  prot=rw-  owner=unknown
[RW] base=0x25b29000  end=0x26190000  size=6556.0KB  prot=rw-  owner=unknown
[RW] base=0x26191000  end=0x261c0000  size=188.0KB  prot=rw-  owner=unknown
[RW] base=0x261c1000  end=0x26209000  size=288.0KB  prot=rw-  owner=unknown
[RW] base=0x2620a000  end=0x26213000  size=36.0KB  prot=rw-  owner=unknown
[RW] base=0x26214000  end=0x26246000  size=200.0KB  prot=rw-  owner=unknown
[RW] base=0x26247000  end=0x26284000  size=244.0KB  prot=rw-  owner=unknown
[RW] base=0x26285000  end=0x26355000  size=832.0KB  prot=rw-  owner=unknown
[RW] base=0x26356000  end=0x263d1000  size=492.0KB  prot=rw-  owner=unknown
[RW] base=0x263d2000  end=0x263db000  size=36.0KB  prot=rw-  owner=unknown
[RW] base=0x263dc000  end=0x2642a000  size=312.0KB  prot=rw-  owner=unknown
[RW] base=0x2642b000  end=0x2644f000  size=144.0KB  prot=rw-  owner=unknown
[RW] base=0x26450000  end=0x264f7000  size=668.0KB  prot=rw-  owner=unknown
[RW] base=0x264f8000  end=0x26509000  size=68.0KB  prot=rw-  owner=unknown
[RW] base=0x2650a000  end=0x26548000  size=248.0KB  prot=rw-  owner=unknown
[RW] base=0x26549000  end=0x2659c000  size=332.0KB  prot=rw-  owner=unknown
[RW] base=0x2659d000  end=0x265a6000  size=36.0KB  prot=rw-  owner=unknown
[RW] base=0x265a7000  end=0x2660a000  size=396.0KB  prot=rw-  owner=unknown
[RW] base=0x26610000  end=0x266e9000  size=868.0KB  prot=rw-  owner=unknown
[RW] base=0x266ea000  end=0x2671a000  size=192.0KB  prot=rw-  owner=unknown
[RW] base=0x2671b000  end=0x267e0000  size=788.0KB  prot=rw-  owner=unknown
[RW] base=0x26820000  end=0x26838000  size=96.0KB  prot=rw-  owner=unknown
[RW] base=0x26920000  end=0x26980000  size=384.0KB  prot=rw-  owner=unknown
[RW] base=0x28610000  end=0x288a4000  size=2640.0KB  prot=rw-  owner=unknown
[RW] base=0x2a61a000  end=0x2a89b000  size=2564.0KB  prot=rw-  owner=unknown
[RW] base=0x2a8a0000  end=0x2a934000  size=592.0KB  prot=rw-  owner=unknown
[RW] base=0x2a935000  end=0x2a946000  size=68.0KB  prot=rw-  owner=unknown
[RW] base=0x2a947000  end=0x2a968000  size=132.0KB  prot=rw-  owner=unknown
[RW] base=0x2a969000  end=0x2a9ae000  size=276.0KB  prot=rw-  owner=unknown
[RW] base=0x2a9af000  end=0x2a9c8000  size=100.0KB  prot=rw-  owner=unknown
[RW] base=0x2a9c9000  end=0x2a9d2000  size=36.0KB  prot=rw-  owner=unknown
[RW] base=0x2a9d3000  end=0x2a9e4000  size=68.0KB  prot=rw-  owner=unknown
[RW] base=0x2a9e5000  end=0x2aa06000  size=132.0KB  prot=rw-  owner=unknown
[RW] base=0x2aa07000  end=0x2aa38000  size=196.0KB  prot=rw-  owner=unknown
[RW] base=0x2aa39000  end=0x2aa4a000  size=68.0KB  prot=rw-  owner=unknown
[RW] base=0x2aa4b000  end=0x2aa68000  size=116.0KB  prot=rw-  owner=unknown
[RW] base=0x2aa69000  end=0x2aaaa000  size=260.0KB  prot=rw-  owner=unknown
[RW] base=0x2aaab000  end=0x2aae9000  size=248.0KB  prot=rw-  owner=unknown
[RW] base=0x2aaea000  end=0x2ab0b000  size=132.0KB  prot=rw-  owner=unknown
[RW] base=0x2ab0c000  end=0x2ab1d000  size=68.0KB  prot=rw-  owner=unknown
[RW] base=0x2ab1e000  end=0x2ab3f000  size=132.0KB  prot=rw-  owner=unknown
[RW] base=0x2ab40000  end=0x2ab59000  size=100.0KB  prot=rw-  owner=unknown
[RW] base=0x2ab5a000  end=0x2abb2000  size=352.0KB  prot=rw-  owner=unknown
[RW] base=0x2abb3000  end=0x2abd4000  size=132.0KB  prot=rw-  owner=unknown
[RW] base=0x2abd5000  end=0x2abee000  size=100.0KB  prot=rw-  owner=unknown
[RW] base=0x2abef000  end=0x2ac44000  size=340.0KB  prot=rw-  owner=unknown
[RW] base=0x2ac45000  end=0x2ac5e000  size=100.0KB  prot=rw-  owner=unknown
[RW] base=0x2ac5f000  end=0x2ac80000  size=132.0KB  prot=rw-  owner=unknown
[RW] base=0x2ac81000  end=0x2ac94000  size=76.0KB  prot=rw-  owner=unknown
[RW] base=0x2ac95000  end=0x2ac9f000  size=40.0KB  prot=rw-  owner=unknown
[RW] base=0x2aca0000  end=0x2acb1000  size=68.0KB  prot=rw-  owner=unknown
[RW] base=0x2acb2000  end=0x2ae5a000  size=1696.0KB  prot=rw-  owner=unknown
[RW] base=0x2bb70000  end=0x2bb95000  size=148.0KB  prot=rw-  owner=unknown
[RW] base=0x2bca8000  end=0x2bcb0000  size=32.0KB  prot=rw-  owner=unknown
[RW] base=0x2bda5000  end=0x2bdb0000  size=44.0KB  prot=rw-  owner=unknown
[RW] base=0x2bdb9000  end=0x2beba000  size=1028.0KB  prot=rw-  owner=unknown
[RW] base=0x2bec0000  end=0x2bf07000  size=284.0KB  prot=rw-  owner=unknown
[RW] base=0x2bf08000  end=0x2bf19000  size=68.0KB  prot=rw-  owner=unknown
[RW] base=0x2bf1a000  end=0x2c01c000  size=1032.0KB  prot=rw-  owner=unknown
[RW] base=0x2c01d000  end=0x2c068000  size=300.0KB  prot=rw-  owner=unknown
[RW] base=0x2c069000  end=0x2c08a000  size=132.0KB  prot=rw-  owner=unknown
[RW] base=0x2c08b000  end=0x2c09c000  size=68.0KB  prot=rw-  owner=unknown
[RW] base=0x2c09d000  end=0x2c0be000  size=132.0KB  prot=rw-  owner=unknown
[RW] base=0x2c0bf000  end=0x2c0e8000  size=164.0KB  prot=rw-  owner=unknown
[RW] base=0x2c0e9000  end=0x2c12a000  size=260.0KB  prot=rw-  owner=unknown
[RW] base=0x2c12b000  end=0x2c148000  size=116.0KB  prot=rw-  owner=unknown
[RW] base=0x2c149000  end=0x2c1b1000  size=416.0KB  prot=rw-  owner=unknown
[RW] base=0x2c1b2000  end=0x2c240000  size=568.0KB  prot=rw-  owner=unknown
[RW] base=0x2c241000  end=0x2c282000  size=260.0KB  prot=rw-  owner=unknown
[RW] base=0x2c283000  end=0x2c2a4000  size=132.0KB  prot=rw-  owner=unknown
[RW] base=0x2c2a5000  end=0x2c377000  size=840.0KB  prot=rw-  owner=unknown
[RW] base=0x2c378000  end=0x2c389000  size=68.0KB  prot=rw-  owner=unknown
[RW] base=0x2c38a000  end=0x2c3db000  size=324.0KB  prot=rw-  owner=unknown
[RW] base=0x2c3dc000  end=0x2c435000  size=356.0KB  prot=rw-  owner=unknown
[RW] base=0x2c436000  end=0x2c447000  size=68.0KB  prot=rw-  owner=unknown
[RW] base=0x2c448000  end=0x2c4a9000  size=388.0KB  prot=rw-  owner=unknown
[RW] base=0x2c4aa000  end=0x2c4bb000  size=68.0KB  prot=rw-  owner=unknown
[RW] base=0x2c4bc000  end=0x2c4db000  size=124.0KB  prot=rw-  owner=unknown
[RW] base=0x2c4dc000  end=0x2c52d000  size=324.0KB  prot=rw-  owner=unknown
[RW] base=0x2c52e000  end=0x2c53f000  size=68.0KB  prot=rw-  owner=unknown
[RW] base=0x2c540000  end=0x2c581000  size=260.0KB  prot=rw-  owner=unknown
[RW] base=0x2c582000  end=0x2c593000  size=68.0KB  prot=rw-  owner=unknown
[RW] base=0x2c594000  end=0x2c5b5000  size=132.0KB  prot=rw-  owner=unknown
[RW] base=0x2c5b6000  end=0x2c5f7000  size=260.0KB  prot=rw-  owner=unknown
[RW] base=0x2c5f8000  end=0x2c659000  size=388.0KB  prot=rw-  owner=unknown
[RW] base=0x2c65a000  end=0x2c6eb000  size=580.0KB  prot=rw-  owner=unknown
[RW] base=0x2c6ec000  end=0x2c6fd000  size=68.0KB  prot=rw-  owner=unknown
[RW] base=0x2c6fe000  end=0x2c70f000  size=68.0KB  prot=rw-  owner=unknown
[RW] base=0x2c710000  end=0x2c751000  size=260.0KB  prot=rw-  owner=unknown
[RW] base=0x2c752000  end=0x2c763000  size=68.0KB  prot=rw-  owner=unknown
[RW] base=0x2c764000  end=0x2c775000  size=68.0KB  prot=rw-  owner=unknown
[RW] base=0x2c776000  end=0x2c7b7000  size=260.0KB  prot=rw-  owner=unknown
[RW] base=0x2c7b8000  end=0x2c7c9000  size=68.0KB  prot=rw-  owner=unknown
[RW] base=0x2c7ca000  end=0x2c7db000  size=68.0KB  prot=rw-  owner=unknown
[RW] base=0x2c7dc000  end=0x2c81d000  size=260.0KB  prot=rw-  owner=unknown
[RW] base=0x2c81e000  end=0x2c82f000  size=68.0KB  prot=rw-  owner=unknown
[RW] base=0x2c830000  end=0x2c892000  size=392.0KB  prot=rw-  owner=unknown
[RW] base=0x2c893000  end=0x2c8b4000  size=132.0KB  prot=rw-  owner=unknown
[RW] base=0x2c8b5000  end=0x2c8f6000  size=260.0KB  prot=rw-  owner=unknown
[RW] base=0x2c8f7000  end=0x2c908000  size=68.0KB  prot=rw-  owner=unknown
[RW] base=0x2c909000  end=0x2c91a000  size=68.0KB  prot=rw-  owner=unknown
[RW] base=0x2c91b000  end=0x2c986000  size=428.0KB  prot=rw-  owner=unknown
[RW] base=0x2c987000  end=0x2c998000  size=68.0KB  prot=rw-  owner=unknown
[RW] base=0x2c999000  end=0x2c9ca000  size=196.0KB  prot=rw-  owner=unknown
[RW] base=0x2c9cb000  end=0x2c9fc000  size=196.0KB  prot=rw-  owner=unknown
[RW] base=0x2c9fd000  end=0x2ca51000  size=336.0KB  prot=rw-  owner=unknown
[RW] base=0x2ca52000  end=0x2ca91000  size=252.0KB  prot=rw-  owner=unknown
[RW] base=0x2ca92000  end=0x2cab3000  size=132.0KB  prot=rw-  owner=unknown
[RW] base=0x2cab4000  end=0x2cae5000  size=196.0KB  prot=rw-  owner=unknown
[RW] base=0x2cae6000  end=0x2caf7000  size=68.0KB  prot=rw-  owner=unknown
[RW] base=0x2caf8000  end=0x2cb4f000  size=348.0KB  prot=rw-  owner=unknown
[RW] base=0x2cb50000  end=0x2cb61000  size=68.0KB  prot=rw-  owner=unknown
[RW] base=0x2cb62000  end=0x2cbe9000  size=540.0KB  prot=rw-  owner=unknown
[RW] base=0x2cbea000  end=0x2cc3f000  size=340.0KB  prot=rw-  owner=unknown
[RW] base=0x2cc40000  end=0x2cc51000  size=68.0KB  prot=rw-  owner=unknown
[RW] base=0x2cc52000  end=0x2cc83000  size=196.0KB  prot=rw-  owner=unknown
[RW] base=0x2cc84000  end=0x2cca5000  size=132.0KB  prot=rw-  owner=unknown
[RW] base=0x2cca6000  end=0x2ccd5000  size=188.0KB  prot=rw-  owner=unknown
[RW] base=0x2ccd6000  end=0x2ccf7000  size=132.0KB  prot=rw-  owner=unknown
[RW] base=0x2ccf8000  end=0x2cd09000  size=68.0KB  prot=rw-  owner=unknown
[RW] base=0x2cd0a000  end=0x2cd2f000  size=148.0KB  prot=rw-  owner=unknown
[RW] base=0x2cd30000  end=0x2cd73000  size=268.0KB  prot=rw-  owner=unknown
[RW] base=0x2cd74000  end=0x2cd95000  size=132.0KB  prot=rw-  owner=unknown
[RW] base=0x2cd96000  end=0x2cdb7000  size=132.0KB  prot=rw-  owner=unknown
[RW] base=0x2cdb8000  end=0x2cdd9000  size=132.0KB  prot=rw-  owner=unknown
[RW] base=0x2cdda000  end=0x2ce78000  size=632.0KB  prot=rw-  owner=unknown
[RW] base=0x2ce79000  end=0x2ce88000  size=60.0KB  prot=rw-  owner=unknown
[RW] base=0x2ce93000  end=0x2cf28000  size=596.0KB  prot=rw-  owner=unknown
[RW] base=0x2cf30000  end=0x2cfb0000  size=512.0KB  prot=rw-  owner=unknown
[RW] base=0x2cfe8000  end=0x2cff0000  size=32.0KB  prot=rw-  owner=unknown
[RW] base=0x2d025000  end=0x2d0cf000  size=680.0KB  prot=rw-  owner=unknown
[RW] base=0x2d240000  end=0x2d246000  size=24.0KB  prot=rw-  owner=unknown
[RW] base=0x2d250000  end=0x2d934000  size=7056.0KB  prot=rw-  owner=unknown
[RW] base=0x2fdbc000  end=0x300bd000  size=3076.0KB  prot=rw-  owner=unknown
[RW] base=0x300c0000  end=0x301d1000  size=1092.0KB  prot=rw-  owner=unknown
[RW] base=0x58785000  end=0x587b0000  size=172.0KB  prot=rw-  owner=C3Video.dll
[RW] base=0x587b0000  end=0x587b2000  size=8.0KB  prot=rw-  owner=C3Video.dll
[RW] base=0x587b2000  end=0x58f57000  size=7828.0KB  prot=rw-  owner=C3Video.dll
[RW] base=0x58f57000  end=0x58f59000  size=8.0KB  prot=rw-  owner=C3Video.dll
[RW] base=0x58f59000  end=0x58fa2000  size=292.0KB  prot=rw-  owner=C3Video.dll
[RW] base=0x58fa2000  end=0x58fa3000  size=4.0KB  prot=rw-  owner=C3Video.dll
[RW] base=0x5bdd9000  end=0x5bdda000  size=4.0KB  prot=rw-  owner=libcef.dll
[RW] base=0x5bdda000  end=0x5bdf8000  size=120.0KB  prot=rw-  owner=libcef.dll
[RW] base=0x5bdf8000  end=0x5bdfb000  size=12.0KB  prot=rw-  owner=libcef.dll
[RW] base=0x5bdfb000  end=0x5bdfd000  size=8.0KB  prot=rw-  owner=libcef.dll
[RW] base=0x5bdfd000  end=0x5bdff000  size=8.0KB  prot=rw-  owner=libcef.dll
[RW] base=0x5bdff000  end=0x5be03000  size=16.0KB  prot=rw-  owner=libcef.dll
[RW] base=0x5be03000  end=0x5be05000  size=8.0KB  prot=rw-  owner=libcef.dll
[RW] base=0x5be05000  end=0x5be08000  size=12.0KB  prot=rw-  owner=libcef.dll
[RW] base=0x5be08000  end=0x5be09000  size=4.0KB  prot=rw-  owner=libcef.dll
[RW] base=0x5be09000  end=0x5be13000  size=40.0KB  prot=rw-  owner=libcef.dll
[RW] base=0x5be13000  end=0x5be14000  size=4.0KB  prot=rw-  owner=libcef.dll
[RW] base=0x5be14000  end=0x5be27000  size=76.0KB  prot=rw-  owner=libcef.dll
[RW] base=0x5be27000  end=0x5be28000  size=4.0KB  prot=rw-  owner=libcef.dll
[RW] base=0x5be28000  end=0x5be2a000  size=8.0KB  prot=rw-  owner=libcef.dll
[RW] base=0x5be2a000  end=0x5be2b000  size=4.0KB  prot=rw-  owner=libcef.dll
[RW] base=0x5be2b000  end=0x5be2c000  size=4.0KB  prot=rw-  owner=libcef.dll
[RW] base=0x5be2c000  end=0x5be2e000  size=8.0KB  prot=rw-  owner=libcef.dll
[RW] base=0x5be2e000  end=0x5be2f000  size=4.0KB  prot=rw-  owner=libcef.dll
[RW] base=0x5be2f000  end=0x5be30000  size=4.0KB  prot=rw-  owner=libcef.dll
[RW] base=0x5be30000  end=0x5bf51000  size=1156.0KB  prot=rw-  owner=libcef.dll
[RW] base=0x5bf51000  end=0x5bf52000  size=4.0KB  prot=rw-  owner=libcef.dll
[RW] base=0x5bf52000  end=0x5bf53000  size=4.0KB  prot=rw-  owner=libcef.dll
[RW] base=0x5bf53000  end=0x5bf54000  size=4.0KB  prot=rw-  owner=libcef.dll
[RW] base=0x5bf54000  end=0x5bf55000  size=4.0KB  prot=rw-  owner=libcef.dll
[RW] base=0x5bf55000  end=0x5bf58000  size=12.0KB  prot=rw-  owner=libcef.dll
[RW] base=0x5bf58000  end=0x5bf5e000  size=24.0KB  prot=rw-  owner=libcef.dll
[RW] base=0x5bf5e000  end=0x5bf5f000  size=4.0KB  prot=rw-  owner=libcef.dll
[RW] base=0x5bf5f000  end=0x5bf6a000  size=44.0KB  prot=rw-  owner=libcef.dll
[RW] base=0x5bf6a000  end=0x5bf6c000  size=8.0KB  prot=rw-  owner=libcef.dll
[RW] base=0x5bf6c000  end=0x5bf6d000  size=4.0KB  prot=rw-  owner=libcef.dll
[RW] base=0x5c1d0000  end=0x5c1d2000  size=8.0KB  prot=rw-  owner=textinputframework.dll
[RW] base=0x5c1d2000  end=0x5c1d3000  size=4.0KB  prot=rw-  owner=textinputframework.dll
[RW] base=0x5c227000  end=0x5c229000  size=8.0KB  prot=rw-  owner=TqNDProtect.dll
[RW] base=0x5c31b000  end=0x5c31c000  size=4.0KB  prot=rw-  owner=resourcepolicyclient.dll
[RW] base=0x5c3c3000  end=0x5c3c5000  size=8.0KB  prot=rw-  owner=ResampleDmo.DLL
[RW] base=0x5c43a000  end=0x5c43c000  size=8.0KB  prot=rw-  owner=dsound.dll
[RW] base=0x5c59c000  end=0x5c59e000  size=8.0KB  prot=rw-  owner=ndac.dll
[RW] base=0x5c59e000  end=0x5c5a0000  size=8.0KB  prot=rw-  owner=ndac.dll
[RW] base=0x5c5a0000  end=0x5c5a4000  size=16.0KB  prot=rw-  owner=ndac.dll
[RW] base=0x5c5a5000  end=0x5c5a6000  size=4.0KB  prot=rw-  owner=ndac.dll
[RW] base=0x5c5cf000  end=0x5c5d0000  size=4.0KB  prot=rw-  owner=ndac.dll
[RW] base=0x5c5d0000  end=0x5c5d2000  size=8.0KB  prot=rw-  owner=ndac.dll
[RW] base=0x5c5d2000  end=0x5c5d5000  size=12.0KB  prot=rw-  owner=ndac.dll
[RW] base=0x5d2fa000  end=0x5d2fb000  size=4.0KB  prot=rw-  owner=ndac.dll
[RW] base=0x5d6f3000  end=0x5d6f7000  size=16.0KB  prot=rw-  owner=inputhost.dll
[RW] base=0x5d76c000  end=0x5d774000  size=32.0KB  prot=rwx  owner=license.dll
[RW] base=0x5d775000  end=0x5d777000  size=8.0KB  prot=rwx  owner=license.dll
[RW] base=0x5d777000  end=0x5d77a000  size=12.0KB  prot=rw-  owner=license.dll
[RW] base=0x5d77a000  end=0x5d77b000  size=4.0KB  prot=rw-  owner=license.dll
[RW] base=0x5d77b000  end=0x5d77e000  size=12.0KB  prot=rw-  owner=license.dll
[RW] base=0x5d789000  end=0x5d78a000  size=4.0KB  prot=rw-  owner=license.dll
[RW] base=0x5d78b000  end=0x5e0b9000  size=9400.0KB  prot=rwx  owner=license.dll
[RW] base=0x5e8fa000  end=0x5e908000  size=56.0KB  prot=rw-  owner=d3dx9_43.dll
[RW] base=0x5e908000  end=0x5e90a000  size=8.0KB  prot=rw-  owner=d3dx9_43.dll
[RW] base=0x5e90a000  end=0x5e91b000  size=68.0KB  prot=rw-  owner=d3dx9_43.dll
[RW] base=0x5e91b000  end=0x5e91c000  size=4.0KB  prot=rw-  owner=d3dx9_43.dll
[RW] base=0x5e91c000  end=0x5e91e000  size=8.0KB  prot=rw-  owner=d3dx9_43.dll
[RW] base=0x5e91e000  end=0x5e920000  size=8.0KB  prot=rw-  owner=d3dx9_43.dll
[RW] base=0x5ec15000  end=0x5ec16000  size=4.0KB  prot=rw-  owner=mfc140.dll
[RW] base=0x5ec16000  end=0x5ec1f000  size=36.0KB  prot=rw-  owner=mfc140.dll
[RW] base=0x5ec1f000  end=0x5ec23000  size=16.0KB  prot=rw-  owner=mfc140.dll
[RW] base=0x5eff0000  end=0x5eff3000  size=12.0KB  prot=rw-  owner=COMCTL32.dll
[RW] base=0x5f124000  end=0x5f126000  size=8.0KB  prot=rw-  owner=CoreMessaging.dll
[RW] base=0x5f32f000  end=0x5f330000  size=4.0KB  prot=rw-  owner=TextShaping.dll
[RW] base=0x5f475000  end=0x5f47b000  size=24.0KB  prot=rw-  owner=libcef_dll_wrapper.dll
[RW] base=0x5f47b000  end=0x5f47d000  size=8.0KB  prot=rw-  owner=libcef_dll_wrapper.dll
[RW] base=0x6225d000  end=0x6225e000  size=4.0KB  prot=rw-  owner=nvd3dum.dll
[RW] base=0x6225e000  end=0x62260000  size=8.0KB  prot=rw-  owner=nvd3dum.dll
[RW] base=0x62260000  end=0x62261000  size=4.0KB  prot=rw-  owner=nvd3dum.dll
[RW] base=0x62261000  end=0x626e9000  size=4640.0KB  prot=rw-  owner=nvd3dum.dll
[RW] base=0x626e9000  end=0x626eb000  size=8.0KB  prot=rw-  owner=nvd3dum.dll
[RW] base=0x626eb000  end=0x62f90000  size=8852.0KB  prot=rw-  owner=nvd3dum.dll
[RW] base=0x62f90000  end=0x62f91000  size=4.0KB  prot=rw-  owner=nvd3dum.dll
[RW] base=0x62f91000  end=0x6300c000  size=492.0KB  prot=rw-  owner=nvd3dum.dll
[RW] base=0x6300c000  end=0x63013000  size=28.0KB  prot=rw-  owner=nvd3dum.dll
[RW] base=0x63013000  end=0x63047000  size=208.0KB  prot=rw-  owner=nvd3dum.dll
[RW] base=0x63047000  end=0x6304a000  size=12.0KB  prot=rw-  owner=nvd3dum.dll
[RW] base=0x6304a000  end=0x6304b000  size=4.0KB  prot=rw-  owner=nvd3dum.dll
[RW] base=0x6304b000  end=0x63061000  size=88.0KB  prot=rw-  owner=nvd3dum.dll
[RW] base=0x6306d000  end=0x63070000  size=12.0KB  prot=rw-  owner=nvd3dum.dll
[RW] base=0x63151000  end=0x63153000  size=8.0KB  prot=rw-  owner=ntmarta.dll
[RW] base=0x63736000  end=0x6373a000  size=16.0KB  prot=rw-  owner=WININET.dll
[RW] base=0x637a5000  end=0x637a6000  size=4.0KB  prot=rw-  owner=fltlib.dll
[RW] base=0x637c4000  end=0x637c5000  size=4.0KB  prot=rw-  owner=MSACM32.dll
[RW] base=0x637e5000  end=0x637e6000  size=4.0KB  prot=rw-  owner=wdmaud2.drv
[RW] base=0x63823000  end=0x63826000  size=12.0KB  prot=rw-  owner=wdmaud.drv
[RW] base=0x63866000  end=0x6386a000  size=16.0KB  prot=rw-  owner=WordsCheck.dll
[RW] base=0x638ab000  end=0x638f4000  size=292.0KB  prot=rw-  owner=NdResUpdate.dll
[RW] base=0x63927000  end=0x63928000  size=4.0KB  prot=rw-  owner=dbgcore.DLL
[RW] base=0x6399f000  end=0x639a0000  size=4.0KB  prot=rw-  owner=ExtendGraphic.dll
[RW] base=0x639a0000  end=0x639a2000  size=8.0KB  prot=rw-  owner=ExtendGraphic.dll
[RW] base=0x639a2000  end=0x639a4000  size=8.0KB  prot=rw-  owner=ExtendGraphic.dll
[RW] base=0x63b58000  end=0x63b5a000  size=8.0KB  prot=rw-  owner=dbghelp.dll
[RW] base=0x63b5a000  end=0x63b5b000  size=4.0KB  prot=rw-  owner=dbghelp.dll
[RW] base=0x63b5b000  end=0x63b60000  size=20.0KB  prot=rw-  owner=dbghelp.dll
[RW] base=0x63b60000  end=0x63b6b000  size=44.0KB  prot=rw-  owner=dbghelp.dll
[RW] base=0x63b6b000  end=0x63b6c000  size=4.0KB  prot=rw-  owner=dbghelp.dll
[RW] base=0x63b6c000  end=0x63b77000  size=44.0KB  prot=rw-  owner=dbghelp.dll
[RW] base=0x63c04000  end=0x63c07000  size=12.0KB  prot=rw-  owner=MSVCP140.dll
[RW] base=0x63df0000  end=0x63e53000  size=396.0KB  prot=rw-  owner=nvppe.dll
[RW] base=0x63e53000  end=0x63e54000  size=4.0KB  prot=rw-  owner=nvppe.dll
[RW] base=0x63e54000  end=0x63e55000  size=4.0KB  prot=rw-  owner=nvppe.dll
[RW] base=0x63e55000  end=0x63e59000  size=16.0KB  prot=rw-  owner=nvppe.dll
[RW] base=0x63f0e000  end=0x63f10000  size=8.0KB  prot=rw-  owner=winmmbase.dll
[RW] base=0x63f22000  end=0x63f23000  size=4.0KB  prot=rw-  owner=USP10.dll
[RW] base=0x63f6f000  end=0x63f70000  size=4.0KB  prot=rw-  owner=VCRUNTIME140.dll
[RW] base=0x63f97000  end=0x63f9a000  size=12.0KB  prot=rw-  owner=AloneFace.dll
[RW] base=0x64159000  end=0x6415f000  size=24.0KB  prot=rw-  owner=nvspcap.dll
[RW] base=0x6415f000  end=0x64161000  size=8.0KB  prot=rw-  owner=nvspcap.dll
[RW] base=0x64161000  end=0x64165000  size=16.0KB  prot=rw-  owner=nvspcap.dll
[RW] base=0x64165000  end=0x64169000  size=16.0KB  prot=rw-  owner=nvspcap.dll
[RW] base=0x6416c000  end=0x6416d000  size=4.0KB  prot=rw-  owner=nvspcap.dll
[RW] base=0x696c3000  end=0x696c8000  size=20.0KB  prot=rw-  owner=nvgpucomp32.dll
[RW] base=0x696c8000  end=0x69774000  size=688.0KB  prot=rw-  owner=nvgpucomp32.dll
[RW] base=0x69774000  end=0x69786000  size=72.0KB  prot=rw-  owner=nvgpucomp32.dll
[RW] base=0x69786000  end=0x6978c000  size=24.0KB  prot=rw-  owner=nvgpucomp32.dll
[RW] base=0x6978c000  end=0x6978e000  size=8.0KB  prot=rw-  owner=nvgpucomp32.dll
[RW] base=0x6978e000  end=0x6978f000  size=4.0KB  prot=rw-  owner=nvgpucomp32.dll
[RW] base=0x6978f000  end=0x69791000  size=8.0KB  prot=rw-  owner=nvgpucomp32.dll
[RW] base=0x69791000  end=0x697b5000  size=144.0KB  prot=rw-  owner=nvgpucomp32.dll
[RW] base=0x697b5000  end=0x697b6000  size=4.0KB  prot=rw-  owner=nvgpucomp32.dll
[RW] base=0x697b6000  end=0x697b7000  size=4.0KB  prot=rw-  owner=nvgpucomp32.dll
[RW] base=0x697b7000  end=0x697b8000  size=4.0KB  prot=rw-  owner=nvgpucomp32.dll
[RW] base=0x697b8000  end=0x697ce000  size=88.0KB  prot=rw-  owner=nvgpucomp32.dll
[RW] base=0x697ce000  end=0x697f4000  size=152.0KB  prot=rw-  owner=nvgpucomp32.dll
[RW] base=0x697f4000  end=0x697f8000  size=16.0KB  prot=rw-  owner=nvgpucomp32.dll
[RW] base=0x697f8000  end=0x69839000  size=260.0KB  prot=rw-  owner=nvgpucomp32.dll
[RW] base=0x6ba34000  end=0x6ba35000  size=4.0KB  prot=rw-  owner=midimap.dll
[RW] base=0x6bad7000  end=0x6bada000  size=12.0KB  prot=rw-  owner=COMCTL32.dll
[RW] base=0x6bb66000  end=0x6bb67000  size=4.0KB  prot=rw-  owner=powrprof.dll
[RW] base=0x6bce9000  end=0x6bceb000  size=8.0KB  prot=rw-  owner=WINHTTP.dll
[RW] base=0x6be29000  end=0x6be2a000  size=4.0KB  prot=rw-  owner=UMPDC.dll
[RW] base=0x6be51000  end=0x6be55000  size=16.0KB  prot=rw-  owner=C3Browser.dll
[RW] base=0x6be86000  end=0x6be89000  size=12.0KB  prot=rw-  owner=DINPUT8.dll
[RW] base=0x6be89000  end=0x6be91000  size=32.0KB  prot=rw-  owner=DINPUT8.dll
[RW] base=0x6be91000  end=0x6be92000  size=4.0KB  prot=rw-  owner=DINPUT8.dll
[RW] base=0x6c426000  end=0x6c427000  size=4.0KB  prot=rw-  owner=msacm32.drv
[RW] base=0x6c48a000  end=0x6c48b000  size=4.0KB  prot=rw-  owner=msasn1.dll
[RW] base=0x6c4a5000  end=0x6c4a6000  size=4.0KB  prot=rw-  owner=Secur32.dll
[RW] base=0x6c4b6000  end=0x6c4b7000  size=4.0KB  prot=rw-  owner=WINNSI.DLL
[RW] base=0x6c4d5000  end=0x6c4d6000  size=4.0KB  prot=rw-  owner=dhcpcsvc.DLL
[RW] base=0x6c532000  end=0x6c533000  size=4.0KB  prot=rw-  owner=ondemandconnroutehelper.dll
[RW] base=0x6ccc6000  end=0x6ccc7000  size=4.0KB  prot=rw-  owner=Windows.UI.dll
[RW] base=0x6cd1f000  end=0x6cd21000  size=8.0KB  prot=rw-  owner=gpapi.dll
[RW] base=0x6cd40000  end=0x6cd41000  size=4.0KB  prot=rw-  owner=NETAPI32.dll
[RW] base=0x6cd73000  end=0x6cd74000  size=4.0KB  prot=rw-  owner=AVRT.dll
[RW] base=0x6cfb1000  end=0x6cfb4000  size=12.0KB  prot=rw-  owner=AUDIOSES.DLL
[RW] base=0x6cfb9000  end=0x6cfba000  size=4.0KB  prot=rw-  owner=AUDIOSES.DLL
[RW] base=0x6d164000  end=0x6d169000  size=20.0KB  prot=rw-  owner=MFPlat.DLL
[RW] base=0x6d605000  end=0x6d606000  size=4.0KB  prot=rw-  owner=msdmo.dll
[RW] base=0x6dc7f000  end=0x6dc80000  size=4.0KB  prot=rw-  owner=RTWorkQ.DLL
[RW] base=0x6dc80000  end=0x6dc81000  size=4.0KB  prot=rw-  owner=RTWorkQ.DLL
[RW] base=0x6dc81000  end=0x6dc82000  size=4.0KB  prot=rw-  owner=RTWorkQ.DLL
[RW] base=0x6df1f000  end=0x6df22000  size=12.0KB  prot=rw-  owner=MMDevAPI.DLL
[RW] base=0x6df25000  end=0x6df26000  size=4.0KB  prot=rw-  owner=MMDevAPI.DLL
[RW] base=0x6e8b7000  end=0x6e8b9000  size=8.0KB  prot=rw-  owner=WINSPOOL.DRV
[RW] base=0x6e934000  end=0x6e935000  size=4.0KB  prot=rw-  owner=MpOav.dll
[RW] base=0x6e935000  end=0x6e936000  size=4.0KB  prot=rw-  owner=MpOav.dll
[RW] base=0x6e936000  end=0x6e938000  size=8.0KB  prot=rw-  owner=MpOav.dll
[RW] base=0x6ec33000  end=0x6ec35000  size=8.0KB  prot=rw-  owner=UxTheme.dll
[RW] base=0x6ecbc000  end=0x6ecbd000  size=4.0KB  prot=rw-  owner=OLEACC.dll
[RW] base=0x6ecd7000  end=0x6ecd8000  size=4.0KB  prot=rw-  owner=HID.DLL
[RW] base=0x6eda8000  end=0x6eda9000  size=4.0KB  prot=rw-  owner=WTSAPI32.dll
[RW] base=0x6ee05000  end=0x6ee07000  size=8.0KB  prot=rw-  owner=directxdatabasehelper.dll
[RW] base=0x6ee45000  end=0x6ee47000  size=8.0KB  prot=rw-  owner=WINMM.dll
[RW] base=0x6ef36000  end=0x6ef3a000  size=16.0KB  prot=rw-  owner=NvMemMapStorage.dll
[RW] base=0x6ef3a000  end=0x6ef3c000  size=8.0KB  prot=rw-  owner=NvMemMapStorage.dll
[RW] base=0x6ef3c000  end=0x6ef41000  size=20.0KB  prot=rw-  owner=NvMemMapStorage.dll
[RW] base=0x6ef41000  end=0x6ef45000  size=16.0KB  prot=rw-  owner=NvMemMapStorage.dll
[RW] base=0x6f061000  end=0x6f066000  size=20.0KB  prot=rw-  owner=drvstore.dll
[RW] base=0x6f066000  end=0x6f069000  size=12.0KB  prot=rw-  owner=drvstore.dll
[RW] base=0x6f0a3000  end=0x6f0a4000  size=4.0KB  prot=rw-  owner=cryptnet.dll
[RW] base=0x6f141000  end=0x6f146000  size=20.0KB  prot=rw-  owner=nvldumd.dll
[RW] base=0x6f30e000  end=0x6f312000  size=16.0KB  prot=rw-  owner=d3d9.dll
[RW] base=0x6f312000  end=0x6f315000  size=12.0KB  prot=rw-  owner=d3d9.dll
[RW] base=0x6f35c000  end=0x6f35d000  size=4.0KB  prot=rw-  owner=dxcore.dll
[RW] base=0x6f35d000  end=0x6f35e000  size=4.0KB  prot=rw-  owner=dxcore.dll
[RW] base=0x6f35e000  end=0x6f35f000  size=4.0KB  prot=rw-  owner=dxcore.dll
[RW] base=0x6f388000  end=0x6f389000  size=4.0KB  prot=rw-  owner=dwmapi.dll
[RW] base=0x6f389000  end=0x6f38b000  size=8.0KB  prot=rw-  owner=dwmapi.dll
[RW] base=0x6f38b000  end=0x6f38c000  size=4.0KB  prot=rw-  owner=dwmapi.dll
[RW] base=0x6f5d3000  end=0x6f5d4000  size=4.0KB  prot=rw-  owner=mpr.dll
[RW] base=0x6f650000  end=0x6f651000  size=4.0KB  prot=rw-  owner=wldp.dll
[RW] base=0x6f6a4000  end=0x6f6a5000  size=4.0KB  prot=rw-  owner=SspiCli.dll
[RW] base=0x6f6e7000  end=0x6f6e8000  size=4.0KB  prot=rw-  owner=netutils.dll
[RW] base=0x6f701000  end=0x6f706000  size=20.0KB  prot=rw-  owner=srvcli.dll
[RW] base=0x6f706000  end=0x6f70a000  size=16.0KB  prot=rw-  owner=srvcli.dll
[RW] base=0x6f935000  end=0x6f93c000  size=28.0KB  prot=rw-  owner=iertutil.dll
[RW] base=0x6f940000  end=0x6f941000  size=4.0KB  prot=rw-  owner=iertutil.dll
[RW] base=0x6faa4000  end=0x6faa9000  size=20.0KB  prot=rw-  owner=urlmon.dll
[RW] base=0x6faa9000  end=0x6fab0000  size=28.0KB  prot=rw-  owner=urlmon.dll
[RW] base=0x6fab5000  end=0x6fab6000  size=4.0KB  prot=rw-  owner=urlmon.dll
[RW] base=0x6fc38000  end=0x6fc39000  size=4.0KB  prot=rw-  owner=fwpuclnt.dll
[RW] base=0x6fc53000  end=0x6fc54000  size=4.0KB  prot=rw-  owner=rasadhlp.dll
[RW] base=0x6fc80000  end=0x6fc81000  size=4.0KB  prot=rw-  owner=Iphlpapi.dll
[RW] base=0x6fd53000  end=0x6fd55000  size=8.0KB  prot=rw-  owner=DNSAPI.dll
[RW] base=0x71567000  end=0x71568000  size=4.0KB  prot=rw-  owner=bcrypt.dll
[RW] base=0x71fcc000  end=0x71fcd000  size=4.0KB  prot=rw-  owner=USERENV.dll
[RW] base=0x72a8f000  end=0x72a90000  size=4.0KB  prot=rw-  owner=amsi.dll
[RW] base=0x72b58000  end=0x72b59000  size=4.0KB  prot=rw-  owner=fastprox.dll
[RW] base=0x72c5b000  end=0x72c5c000  size=4.0KB  prot=rw-  owner=wbemsvc.dll
[RW] base=0x741fa000  end=0x741fb000  size=4.0KB  prot=rw-  owner=wbemcomn.dll
[RW] base=0x741fb000  end=0x741fd000  size=8.0KB  prot=rw-  owner=wbemcomn.dll
[RW] base=0x741fd000  end=0x741fe000  size=4.0KB  prot=rw-  owner=wbemcomn.dll
[RW] base=0x741fe000  end=0x741ff000  size=4.0KB  prot=rw-  owner=wbemcomn.dll
[RW] base=0x741ff000  end=0x74200000  size=4.0KB  prot=rw-  owner=wbemcomn.dll
[RW] base=0x74218000  end=0x74219000  size=4.0KB  prot=rw-  owner=wbemprox.dll
[RW] base=0x7431d000  end=0x7431e000  size=4.0KB  prot=rw-  owner=DEVOBJ.dll
[RW] base=0x74347000  end=0x74348000  size=4.0KB  prot=rw-  owner=profapi.dll
[RW] base=0x74355000  end=0x74356000  size=4.0KB  prot=rw-  owner=CRYPTBASE.DLL
[RW] base=0x74387000  end=0x74388000  size=4.0KB  prot=rw-  owner=rsaenh.dll
[RW] base=0x743af000  end=0x743b0000  size=4.0KB  prot=rw-  owner=CRYPTSP.dll
[RW] base=0x74b84000  end=0x74b85000  size=4.0KB  prot=rw-  owner=VERSION.dll
[RW] base=0x74b9d000  end=0x74b9e000  size=4.0KB  prot=rw-  owner=kernel.appcore.dll
[RW] base=0x74bea000  end=0x74beb000  size=4.0KB  prot=rw-  owner=cfgmgr32.dll
[RW] base=0x74c4a000  end=0x74c4c000  size=8.0KB  prot=rw-  owner=mswsock.dll
[RW] base=0x74e09000  end=0x74e0a000  size=4.0KB  prot=rw-  owner=shcore.dll
[RW] base=0x74e0a000  end=0x74e0c000  size=8.0KB  prot=rw-  owner=shcore.dll
[RW] base=0x74e0c000  end=0x74e0d000  size=4.0KB  prot=rw-  owner=shcore.dll
[RW] base=0x74e0d000  end=0x74e0e000  size=4.0KB  prot=rw-  owner=shcore.dll
[RW] base=0x74e0e000  end=0x74e0f000  size=4.0KB  prot=rw-  owner=shcore.dll
[RW] base=0x74f67000  end=0x74f6c000  size=20.0KB  prot=rw-  owner=USER32.dll
[RW] base=0x750cb000  end=0x750cc000  size=4.0KB  prot=rw-  owner=wintrust.dll
[RW] base=0x750cc000  end=0x750cd000  size=4.0KB  prot=rw-  owner=wintrust.dll
[RW] base=0x75153000  end=0x75157000  size=16.0KB  prot=rw-  owner=ADVAPI32.dll
[RW] base=0x757db000  end=0x757e1000  size=24.0KB  prot=rw-  owner=Windows.Storage.dll
[RW] base=0x757e1000  end=0x757e2000  size=4.0KB  prot=rw-  owner=Windows.Storage.dll
[RW] base=0x75902000  end=0x75903000  size=4.0KB  prot=rw-  owner=PSAPI.DLL
[RW] base=0x75ed7000  end=0x75ede000  size=28.0KB  prot=rw-  owner=SHELL32.dll
[RW] base=0x75ede000  end=0x75edf000  size=4.0KB  prot=rw-  owner=SHELL32.dll
[RW] base=0x7600a000  end=0x7600c000  size=8.0KB  prot=rw-  owner=msvcrt.dll
[RW] base=0x7600c000  end=0x76010000  size=16.0KB  prot=rw-  owner=msvcrt.dll
[RW] base=0x76097000  end=0x76099000  size=8.0KB  prot=rw-  owner=clbcatq.dll
[RW] base=0x76099000  end=0x7609a000  size=4.0KB  prot=rw-  owner=clbcatq.dll
[RW] base=0x7609a000  end=0x7609b000  size=4.0KB  prot=rw-  owner=clbcatq.dll
[RW] base=0x76141000  end=0x76143000  size=8.0KB  prot=rw-  owner=OLEAUT32.dll
[RW] base=0x761d1000  end=0x761d2000  size=4.0KB  prot=rw-  owner=msvcp_win.dll
[RW] base=0x761d2000  end=0x761d3000  size=4.0KB  prot=rw-  owner=msvcp_win.dll
[RW] base=0x761d3000  end=0x761da000  size=28.0KB  prot=rw-  owner=msvcp_win.dll
[RW] base=0x761da000  end=0x761dc000  size=8.0KB  prot=rw-  owner=msvcp_win.dll
[RW] base=0x7621a000  end=0x7621b000  size=4.0KB  prot=rwx  owner=KERNEL32.DLL
[RW] base=0x762a0000  end=0x762a2000  size=8.0KB  prot=rw-  owner=KERNEL32.DLL
[RW] base=0x76543000  end=0x76547000  size=16.0KB  prot=rw-  owner=combase.dll
[RW] base=0x765a7000  end=0x765a8000  size=4.0KB  prot=rw-  owner=win32u.dll
[RW] base=0x76707000  end=0x76708000  size=4.0KB  prot=rw-  owner=SETUPAPI.DLL
[RW] base=0x76708000  end=0x7670c000  size=16.0KB  prot=rw-  owner=SETUPAPI.DLL
[RW] base=0x7670c000  end=0x7670e000  size=8.0KB  prot=rw-  owner=SETUPAPI.DLL
[RW] base=0x76b47000  end=0x76b49000  size=8.0KB  prot=rw-  owner=ole32.dll
[RW] base=0x76bfb000  end=0x76bfc000  size=4.0KB  prot=rw-  owner=GDI32.dll
[RW] base=0x76d13000  end=0x76d15000  size=8.0KB  prot=rw-  owner=ucrtbase.dll
[RW] base=0x76da4000  end=0x76da8000  size=16.0KB  prot=rw-  owner=sechost.dll
[RW] base=0x76e5e000  end=0x76e62000  size=16.0KB  prot=rw-  owner=COMDLG32.dll
[RW] base=0x76f2b000  end=0x76f2c000  size=4.0KB  prot=rw-  owner=RPCRT4.dll
[RW] base=0x76f43000  end=0x76f44000  size=4.0KB  prot=rw-  owner=NSI.dll
[RW] base=0x76fbe000  end=0x76fbf000  size=4.0KB  prot=rw-  owner=bcryptPrimitives.dll
[RW] base=0x770b0000  end=0x770b1000  size=4.0KB  prot=rw-  owner=wintypes.dll
[RW] base=0x77198000  end=0x7719b000  size=12.0KB  prot=rw-  owner=gdi32full.dll
[RW] base=0x77384000  end=0x77385000  size=4.0KB  prot=rw-  owner=WS2_32.dll
[RW] base=0x773cb000  end=0x773cc000  size=4.0KB  prot=rw-  owner=IMM32.dll
[RW] base=0x77428000  end=0x77429000  size=4.0KB  prot=rw-  owner=SHLWAPI.dll
[RW] base=0x77534000  end=0x77538000  size=16.0KB  prot=rw-  owner=CRYPT32.dll
[RW] base=0x77538000  end=0x77539000  size=4.0KB  prot=rw-  owner=CRYPT32.dll
[RW] base=0x777c3000  end=0x777c7000  size=16.0KB  prot=rw-  owner=KERNELBASE.dll
[RW] base=0x777c7000  end=0x777c8000  size=4.0KB  prot=rw-  owner=KERNELBASE.dll
[RW] base=0x777c8000  end=0x777ca000  size=8.0KB  prot=rw-  owner=KERNELBASE.dll
[RW] base=0x777ca000  end=0x777cb000  size=4.0KB  prot=rw-  owner=KERNELBASE.dll
[RW] base=0x777cb000  end=0x777cd000  size=8.0KB  prot=rw-  owner=KERNELBASE.dll
[RW] base=0x77832000  end=0x77834000  size=8.0KB  prot=rw-  owner=imagehlp.dll
[RW] base=0x77944000  end=0x77947000  size=12.0KB  prot=rw-  owner=MSCTF.dll
[RW] base=0x779d5000  end=0x779d6000  size=4.0KB  prot=rw-  owner=unknown
[RW] base=0x77a20000  end=0x77a21000  size=4.0KB  prot=rwx  owner=ntdll.dll
[RW] base=0x77a24000  end=0x77a25000  size=4.0KB  prot=rwx  owner=ntdll.dll
[RW] base=0x77b16000  end=0x77b1a000  size=16.0KB  prot=rw-  owner=ntdll.dll
[RW] base=0xfffc0000  end=0xfffc1000  size=4.0KB  prot=rw-  owner=unknown
[RW] base=0xfffd1000  end=0xfffd2000  size=4.0KB  prot=rw-  owner=unknown

[MEMORY] Total RW regions: 2102  Total size: 470.3 MB

================================================================================
[*] Done! Check the log at: F:\Sentinel\tools\frida_v14_modules_2026-03-31_06-12-23.log
