[*] Frida v11 — handshake IV dump + 128KB chain capture — 2026-03-30T03:57:38.307Z
[*] All hooks installed! Login to capture the key and handshake IVs.

[HANDSHAKE] ENTER ecx=0x22abc38 arg0=0x265ff08 arg1=0x1a09080 arg2=0x0
[HANDSHAKE] LEAVE retval=0x0
[HANDSHAKE] candidate=ecx socket=0x22abc38 cipher_ctx=0x22acc40 p_array=0x22acc80 p0=0x186c0ec8 enabled=0x09 dec_num=1930335062 enc_num=90408505 server_ivec=61ed2572c8cbcd54 client_ivec=e4b29df7e6a3c5f4
[HANDSHAKE] candidate=arg0 socket=0x265ff08 cipher_ctx=0x2660f10 p_array=0x2660f50 p0=0x00000000 enabled=0x00 dec_num=0 enc_num=0 server_ivec=0000000000000000 client_ivec=0000000000000000
[HANDSHAKE] ENTER ecx=0x22abc38 arg0=0x265ff08 arg1=0x1a09080 arg2=0x0
[HANDSHAKE] LEAVE retval=0x0
[HANDSHAKE] candidate=ecx socket=0x22abc38 cipher_ctx=0x22acc40 p_array=0x22acc80 p0=0x186c0ec8 enabled=0x09 dec_num=1930335062 enc_num=90408505 server_ivec=61ed2572c8cbcd54 client_ivec=e4b29df7e6a3c5f4
[HANDSHAKE] candidate=arg0 socket=0x265ff08 cipher_ctx=0x2660f10 p_array=0x2660f50 p0=0x00000000 enabled=0x00 dec_num=0 enc_num=0 server_ivec=0000000000000000 client_ivec=0000000000000000
[HANDSHAKE] ENTER ecx=0x22abc38 arg0=0x265ff08 arg1=0x1a09080 arg2=0x0
[*] Got BF_KEY: 0x265e5a0 P0=0xdb298a75
[BF] in=0x265f668 out=0x265ea24 len=15 ivec=0x265ee24 num=0x265e558 enc=0
[*] Generated 131072 bytes of keystream / 16384 chain entries
[*] Block 0 (BF_encrypt(zeros)): bc 8a 80 e5 bf b0 14 1d
[*] Block 1 (BF_encrypt(block0)): 69 4d 60 35 a1 2e 9d af
[CHAIN] BF_ENCRYPT_CHAIN_START
[CHAIN] 0000000000000000 -> bc8a80e5bfb0141d
[CHAIN] bc8a80e5bfb0141d -> 694d6035a12e9daf
[CHAIN] 694d6035a12e9daf -> ec3699e9846441a2
[CHAIN] ec3699e9846441a2 -> 6acf349c4aa71eac
[CHAIN] 6acf349c4aa71eac -> a31ad115bff1efad
[CHAIN] a31ad115bff1efad -> 3f5da450b09719de
[CHAIN] 3f5da450b09719de -> 6998b70ee0080876
[CHAIN] 6998b70ee0080876 -> aba501e260f1f9d9
[CHAIN] aba501e260f1f9d9 -> e613f886244d896f
[CHAIN] e613f886244d896f -> fd6ea57a279fb656
[CHAIN] fd6ea57a279fb656 -> 03945fcf2c9fe208
[CHAIN] 03945fcf2c9fe208 -> e662a69af4a96c40
[CHAIN] e662a69af4a96c40 -> 61736d6607013451
[CHAIN] 61736d6607013451 -> 3e4458e9dafe226c
[CHAIN] 3e4458e9dafe226c -> cbe69730697e579e
[CHAIN] cbe69730697e579e -> a4bc030ccd0214d2
[CHAIN] a4bc030ccd0214d2 -> 28e96682e1bbc7fa
[CHAIN] 28e96682e1bbc7fa -> c90a139a8b261249
[CHAIN] c90a139a8b261249 -> aebd131e5178d9d0
[CHAIN] aebd131e5178d9d0 -> 63e3c67c2690fec9
[CHAIN] 63e3c67c2690fec9 -> b86decd913bbffd5
[CHAIN] b86decd913bbffd5 -> 85ac0dc83c114522
[CHAIN] 85ac0dc83c114522 -> a144d79ec9f9b35e
[CHAIN] a144d79ec9f9b35e -> c3fb8531930bbcf4
[CHAIN] c3fb8531930bbcf4 -> eae1b5c3b3efeb7d
[CHAIN] eae1b5c3b3efeb7d -> b92c1d0aa26f743f
[CHAIN] b92c1d0aa26f743f -> 61237f7ee5ed623f
[CHAIN] 61237f7ee5ed623f -> 9f0ca45ea4ab208e
[CHAIN] 9f0ca45ea4ab208e -> 850181d625ba2939
[CHAIN] 850181d625ba2939 -> 9326fc4bbc7575a2
[CHAIN] 9326fc4bbc7575a2 -> f96a55e146b5db45
[CHAIN] f96a55e146b5db45 -> 21e93cdf2e3207c4
[CHAIN] 21e93cdf2e3207c4 -> 218d3847024ae44e
[CHAIN] 218d3847024ae44e -> d625b501b7b660df
[CHAIN] d625b501b7b660df -> dac1cb4534d1f74b
[CHAIN] dac1cb4534d1f74b -> 0b4080008a6cf8ce
[CHAIN] 0b4080008a6cf8ce -> 484cac59a267a7b9
[CHAIN] 484cac59a267a7b9 -> 625f25066c0dcfe9
[CHAIN] 625f25066c0dcfe9 -> f331d104b58479ed
[CHAIN] f331d104b58479ed -> 8549ba065931571d
[CHAIN] 8549ba065931571d -> b9312f78bf7d1996
[CHAIN] b9312f78bf7d1996 -> de54f8b0364227a6
[CHAIN] de54f8b0364227a6 -> b6c1f75e2ac438cb
[CHAIN] b6c1f75e2ac438cb -> e281f97b9bf9b747
[CHAIN] e281f97b9bf9b747 -> 40723742a44cc418
[CHAIN] 40723742a44cc418 -> 5bd0082c6e22dccc
[CHAIN] 5bd0082c6e22dccc -> 077aae2fc5771c78
[CHAIN] 077aae2fc5771c78 -> 5c8ad57709ca509f
[CHAIN] 5c8ad57709ca509f -> 5fe98f456a400dcc
[CHAIN] 5fe98f456a400dcc -> 8c5130ad729d1f30
[CHAIN] 8c5130ad729d1f30 -> b9b13228aa821795
[CHAIN] b9b13228aa821795 -> 6c6bb852f022875c
[CHAIN] 6c6bb852f022875c -> b4a3aa479edf7d16
[CHAIN] b4a3aa479edf7d16 -> a3e277af54f2646b
[CHAIN] a3e277af54f2646b -> 3ccabd8684306b44
[CHAIN] 3ccabd8684306b44 -> 7df17843fa2464b2
[CHAIN] 7df17843fa2464b2 -> b0f532b66081cc15
[CHAIN] b0f532b66081cc15 -> 0a039d47682a9bfa
[CHAIN] 0a039d47682a9bfa -> 81e611b1a9e8e289
[CHAIN] 81e611b1a9e8e289 -> 6201908083b931c7
[CHAIN] 6201908083b931c7 -> 49dc3b9782eed7bc
[CHAIN] 49dc3b9782eed7bc -> 61696f11e43ffd81
[CHAIN] 61696f11e43ffd81 -> a2cfdbba5cc83004
[CHAIN] a2cfdbba5cc83004 -> 7688ee6cfb18e60f
[CHAIN] 7688ee6cfb18e60f -> dab47211a8874dfe
[CHAIN] dab47211a8874dfe -> 1842adf9a30f5c7e
[CHAIN] 1842adf9a30f5c7e -> 2dae9c6eac61f51f
[CHAIN] 2dae9c6eac61f51f -> 919087c690e3b795
[CHAIN] 919087c690e3b795 -> 0a793d0db63e7d6b
[CHAIN] 0a793d0db63e7d6b -> df4a4a7a5f1250af
[CHAIN] df4a4a7a5f1250af -> 72371153dc5ae91a
[CHAIN] 72371153dc5ae91a -> 30dcd6aad10ed38b
[CHAIN] 30dcd6aad10ed38b -> d62f4a1889167b8f
[CHAIN] d62f4a1889167b8f -> 4dbefee76a60a369
[CHAIN] 4dbefee76a60a369 -> b356ae64e0249590
[CHAIN] b356ae64e0249590 -> 2a8f7fc5d0963dd2
[CHAIN] 2a8f7fc5d0963dd2 -> 48e3bf87af7b601d
[CHAIN] 48e3bf87af7b601d -> e1abc7141e451d32
[CHAIN] e1abc7141e451d32 -> c1bb977709618233
[CHAIN] c1bb977709618233 -> ade1b0ea0ddb5fb0
[CHAIN] ade1b0ea0ddb5fb0 -> 1739e7100abc226f
[CHAIN] 1739e7100abc226f -> 54b95a842d0dd8c5
[CHAIN] 54b95a842d0dd8c5 -> 1db361c429dcf243
[CHAIN] 1db361c429dcf243 -> b6dc4a0afd96c15d
[CHAIN] b6dc4a0afd96c15d -> c11f114280074938
[CHAIN] c11f114280074938 -> 995ceaf141e2d485
[CHAIN] 995ceaf141e2d485 -> 8ee7b69f882a0084
[CHAIN] 8ee7b69f882a0084 -> 9617c8015a826a16
[CHAIN] 9617c8015a826a16 -> f79fc1402569f094
[CHAIN] f79fc1402569f094 -> 36ee30a4e927e1f4
[CHAIN] 36ee30a4e927e1f4 -> 0222006fef9a69a9
[CHAIN] 0222006fef9a69a9 -> 492fbaa7a024ec2a
[CHAIN] 492fbaa7a024ec2a -> 20a35043f060abef
[CHAIN] 20a35043f060abef -> f08405d0ab81404b
[CHAIN] f08405d0ab81404b -> a6440e2a7e59b3c2
[CHAIN] a6440e2a7e59b3c2 -> 568a00d57825f06d
[CHAIN] 568a00d57825f06d -> 58b74e2672c009bc
[CHAIN] 58b74e2672c009bc -> 8d47f29b072c3708
[CHAIN] 8d47f29b072c3708 -> a22ba4c7a49a2c4c
[CHAIN] a22ba4c7a49a2c4c -> eeb93a1dbe774c5c
[CHAIN] eeb93a1dbe774c5c -> f47412994b4e0f29
[CHAIN] f47412994b4e0f29 -> 77cc09ce694d8cde
[CHAIN] 77cc09ce694d8cde -> 91ad38c5ab7ea75d
[CHAIN] 91ad38c5ab7ea75d -> 9f488f13bedd2fe7
[CHAIN] 9f488f13bedd2fe7 -> 60bd4882e3b70054
[CHAIN] 60bd4882e3b70054 -> 819b7c0bb8ff950f
[CHAIN] 819b7c0bb8ff950f -> dd892c29d3042227
[CHAIN] dd892c29d3042227 -> cc21cca8d73a9cf8
[CHAIN] cc21cca8d73a9cf8 -> 0f538e07eb74d1aa
[CHAIN] 0f538e07eb74d1aa -> 768f1203c673c5a5
[CHAIN] 768f1203c673c5a5 -> c319cf16405bc251
[CHAIN] c319cf16405bc251 -> bdc8356b601e0ee6
[CHAIN] bdc8356b601e0ee6 -> cb8fade35fa09493
[CHAIN] cb8fade35fa09493 -> 75515b9bdfbd0077
[CHAIN] 75515b9bdfbd0077 -> e83a3e51259a5b60
[CHAIN] e83a3e51259a5b60 -> 8222ef85d20a7821
[CHAIN] 8222ef85d20a7821 -> ef5e59cd7268a245
[CHAIN] ef5e59cd7268a245 -> 44adb6955adccab0
[CHAIN] 44adb6955adccab0 -> 51e0f83ab1014420
[CHAIN] 51e0f83ab1014420 -> 71f3dbcb314ab7bc
[CHAIN] 71f3dbcb314ab7bc -> f42a962554194f32
[CHAIN] f42a962554194f32 -> 48b264be0e086ada
[CHAIN] 48b264be0e086ada -> 2b9699256ecb4620
[CHAIN] 2b9699256ecb4620 -> 31e48f8c65f03d21
[CHAIN] 31e48f8c65f03d21 -> f4852b8d1087c14e
[CHAIN] f4852b8d1087c14e -> 0c1703cc7ff2513e
[CHAIN] 0c1703cc7ff2513e -> 9f509ee369e96688
[CHAIN] 9f509ee369e96688 -> 184720a66ed1bc81
[CHAIN] 184720a66ed1bc81 -> 2bcebbe781c67a12
[CHAIN] 2bcebbe781c67a12 -> 0ee23a49a5f67cf2
[CHAIN] 0ee23a49a5f67cf2 -> 0f57ea1ede4d407e
[CHAIN] 0f57ea1ede4d407e -> c10b48c7b66b5bc4
[CHAIN] c10b48c7b66b5bc4 -> 1bf1d2f5ba4c0b6e
[CHAIN] 1bf1d2f5ba4c0b6e -> 265f2c020b2dfc6d
[CHAIN] 265f2c020b2dfc6d -> 536289fa259c74f8
[CHAIN] 536289fa259c74f8 -> 65b637ba96508f61
[CHAIN] 65b637ba96508f61 -> de87f2f476612f8a
[CHAIN] de87f2f476612f8a -> 175a190e2dac7522
[CHAIN] 175a190e2dac7522 -> 5cae7028557dfc92
[CHAIN] 5cae7028557dfc92 -> ad4499dc74c32b25
[CHAIN] ad4499dc74c32b25 -> 57a6adca6c3107f1
[CHAIN] 57a6adca6c3107f1 -> 84e103af2689b068
[CHAIN] 84e103af2689b068 -> 8f68b7e86211bc21
[CHAIN] 8f68b7e86211bc21 -> 535040d1df0a7472
[CHAIN] 535040d1df0a7472 -> 51b67c5c4711a68b
[CHAIN] 51b67c5c4711a68b -> ef7541f50d9cb5bf
[CHAIN] ef7541f50d9cb5bf -> 50b1b2b56b9cd34c
[CHAIN] 50b1b2b56b9cd34c -> 6533a8abf91971b0
[CHAIN] 6533a8abf91971b0 -> c7dd518846199aaf
[CHAIN] c7dd518846199aaf -> 42eec76302b4fb2b
[CHAIN] 42eec76302b4fb2b -> 99d8abd98bd639d3
[CHAIN] 99d8abd98bd639d3 -> f0e33b3b950506d3
[CHAIN] f0e33b3b950506d3 -> 0e3d924c3cf3a13e
[CHAIN] 0e3d924c3cf3a13e -> 88a265f6171bb2cd
[CHAIN] 88a265f6171bb2cd -> d23ca9b7d9934b0d
[CHAIN] d23ca9b7d9934b0d -> 95ae4d5a10fcf8ca
[CHAIN] 95ae4d5a10fcf8ca -> b8a79cb76c7ea9c9
[CHAIN] b8a79cb76c7ea9c9 -> 26301a14e11f3f64
[CHAIN] 26301a14e11f3f64 -> 2937a08a691a7f54
[CHAIN] 2937a08a691a7f54 -> 41ffd3f452b5aa97
[CHAIN] 41ffd3f452b5aa97 -> 2ca26d9ef7bbc818
[CHAIN] 2ca26d9ef7bbc818 -> 1148c75ec401a610
[CHAIN] 1148c75ec401a610 -> 3ccc063790f31869
[CHAIN] 3ccc063790f31869 -> 4623e67ad1f3a181
[CHAIN] 4623e67ad1f3a181 -> 5a44b970ce7e77c8
[CHAIN] 5a44b970ce7e77c8 -> 5324bda300558bd3
[CHAIN] 5324bda300558bd3 -> 017946eee1b51d10
[CHAIN] 017946eee1b51d10 -> 2886dba9f0d86672
[CHAIN] 2886dba9f0d86672 -> 04bee28cd5585b8c
[CHAIN] 04bee28cd5585b8c -> b43d448970f50ca7
[CHAIN] b43d448970f50ca7 -> ae24309e2bf1b8cd
[CHAIN] ae24309e2bf1b8cd -> 2833e6cf0b9289c0
[CHAIN] 2833e6cf0b9289c0 -> 42f2c2c5e8ab914b
[CHAIN] 42f2c2c5e8ab914b -> 50969ff8e5363ddb
[CHAIN] 50969ff8e5363ddb -> aa04dfc16f0a9ea3
[CHAIN] aa04dfc16f0a9ea3 -> 51ae1619f8fd4e57
[CHAIN] 51ae1619f8fd4e57 -> 8b412451270ca6e5
[CHAIN] 8b412451270ca6e5 -> 8b471dbdba3c2d60
[CHAIN] 8b471dbdba3c2d60 -> f5d9f5dd333b542f
[CHAIN] f5d9f5dd333b542f -> 6957cbdfaeb5ab6d
[CHAIN] 6957cbdfaeb5ab6d -> b7fe06e1b4500681
[CHAIN] b7fe06e1b4500681 -> e0e2ec4c8d0f96c6
[CHAIN] e0e2ec4c8d0f96c6 -> 5225f4f4571599b8
[CHAIN] 5225f4f4571599b8 -> f7adda8d1184a2a8
[CHAIN] f7adda8d1184a2a8 -> dba6c04ce9a47f1a
[CHAIN] dba6c04ce9a47f1a -> 3c561ae6546bb31a
[CHAIN] 3c561ae6546bb31a -> 2057b99ea332c87f
[CHAIN] 2057b99ea332c87f -> 2fb634cd63f0cb94
[CHAIN] 2fb634cd63f0cb94 -> 17e53a4201666125
[CHAIN] 17e53a4201666125 -> 097734805549d9fe
[CHAIN] 097734805549d9fe -> a691375de8f21fb7
[CHAIN] a691375de8f21fb7 -> cc8543fcb42fb259
[CHAIN] cc8543fcb42fb259 -> 38f562b211181111
[CHAIN] 38f562b211181111 -> 9fb1f761cb9b671c
[CHAIN] 9fb1f761cb9b671c -> 215afcfc10c1d7e5
[CHAIN] 215afcfc10c1d7e5 -> df9a6b7476430e8f
[CHAIN] df9a6b7476430e8f -> 5a0ffebcef5c4839
[CHAIN] 5a0ffebcef5c4839 -> 445fd5b0c71c8401
[CHAIN] 445fd5b0c71c8401 -> 6fd42533f0de6cf7
[CHAIN] 6fd42533f0de6cf7 -> 033ee3a0a51e9986
[CHAIN] 033ee3a0a51e9986 -> 10127a602dc2b4b3
[CHAIN] 10127a602dc2b4b3 -> a5947c42b911f4af
[CHAIN] a5947c42b911f4af -> 0ef1237b5317b873
[CHAIN] 0ef1237b5317b873 -> 7d722580355e8a1b
[CHAIN] 7d722580355e8a1b -> f25dd98eeac043a8
[CHAIN] f25dd98eeac043a8 -> 47a64ae1bfa9a067
[CHAIN] 47a64ae1bfa9a067 -> b5d561142864cd64
[CHAIN] b5d561142864cd64 -> b19321db0f004eb4
[CHAIN] b19321db0f004eb4 -> 1ad914def4e384d5
[CHAIN] 1ad914def4e384d5 -> 5488c0c41eabddaf
[CHAIN] 5488c0c41eabddaf -> 36a259096165b260
[CHAIN] 36a259096165b260 -> 7bb31ccfd30f6610
[CHAIN] 7bb31ccfd30f6610 -> c3b1c538521a5176
[CHAIN] c3b1c538521a5176 -> 56298d5efb3cf211
[CHAIN] 56298d5efb3cf211 -> e956753a5360f041
[CHAIN] e956753a5360f041 -> 5ce3982a99848c31
[CHAIN] 5ce3982a99848c31 -> 6e6a24235801ca9b
[CHAIN] 6e6a24235801ca9b -> 56dbc609501be5db
[CHAIN] 56dbc609501be5db -> 585c8164ae644675
[CHAIN] 585c8164ae644675 -> 12618216b2839740
[CHAIN] 12618216b2839740 -> f297535c7e20ba98
[CHAIN] f297535c7e20ba98 -> 17722b2d856509dc
[CHAIN] 17722b2d856509dc -> e6a6ee4a66064bf8
[CHAIN] e6a6ee4a66064bf8 -> 45c11b2b217624b7
[CHAIN] 45c11b2b217624b7 -> 8ed2643c4af71b1d
[CHAIN] 8ed2643c4af71b1d -> ae0abfb38421230e
[CHAIN] ae0abfb38421230e -> 34a4010296817a13
[CHAIN] 34a4010296817a13 -> 1e41f60afe18c8df
[CHAIN] 1e41f60afe18c8df -> 3546d2ce387e705b
[CHAIN] 3546d2ce387e705b -> c2c47fa295959d8a
[CHAIN] c2c47fa295959d8a -> 76b6d61ddcb28f30
[CHAIN] 76b6d61ddcb28f30 -> 3e5a28ae712ad681
[CHAIN] 3e5a28ae712ad681 -> 0f4eddb9f6ae8a32
[CHAIN] 0f4eddb9f6ae8a32 -> 4d5a336d08b4dc84
[CHAIN] 4d5a336d08b4dc84 -> 1f0328456a441a97
[CHAIN] 1f0328456a441a97 -> dfc32175068b16e8
[CHAIN] dfc32175068b16e8 -> 0199d4ab81c9e17d
[CHAIN] 0199d4ab81c9e17d -> dc1d1916a2554de3
[CHAIN] dc1d1916a2554de3 -> 53e047206000909f
[CHAIN] 53e047206000909f -> 435d7912652987d7
[CHAIN] 435d7912652987d7 -> 76959effc44c19a3
[CHAIN] 76959effc44c19a3 -> ad5650538ea13c6d
[CHAIN] ad5650538ea13c6d -> f50ac0d9e4cf1c66
[CHAIN] f50ac0d9e4cf1c66 -> 4795a0c0d39d47ca
[CHAIN] 4795a0c0d39d47ca -> d0d6105a4334267e
[CHAIN] d0d6105a4334267e -> 99903f8a9ae6f584
[CHAIN] 99903f8a9ae6f584 -> 57c380b6d4cc0582
[CHAIN] 57c380b6d4cc0582 -> 0fe5c83339dc9ed7
[CHAIN] 0fe5c83339dc9ed7 -> b7fa6f892af48a3e
[CHAIN] b7fa6f892af48a3e -> 5a865097f210ad8b
[CHAIN] 5a865097f210ad8b -> 5f976170ba60642c
[CHAIN] 5f976170ba60642c -> 3a24bfd0a34601e9
[CHAIN] 3a24bfd0a34601e9 -> 0756d40981e936f8
[CHAIN] 0756d40981e936f8 -> 70a1d9fdb2923e09
[CHAIN] 70a1d9fdb2923e09 -> 5d6f000d5a19e574
[CHAIN] 5d6f000d5a19e574 -> df8830c94a593b0e
[CHAIN] df8830c94a593b0e -> 29e4df21187af037
[CHAIN] 29e4df21187af037 -> 388d8c8de0daf13a
[CHAIN] 388d8c8de0daf13a -> 0c81c2e88367c965
[CHAIN] 0c81c2e88367c965 -> 056eebb70de2757f
[CHAIN] 056eebb70de2757f -> c72ea2114e18fb3d
[CHAIN] c72ea2114e18fb3d -> 19abe26475a0295a
[CHAIN] 19abe26475a0295a -> 670084f46df0efd5
[CHAIN] 670084f46df0efd5 -> 58c4435fbe08f577
[CHAIN] 58c4435fbe08f577 -> ffe05b1608a201e9
[CHAIN] ffe05b1608a201e9 -> a3d82f17083c224f
[CHAIN] a3d82f17083c224f -> f749530117cce245
[CHAIN] f749530117cce245 -> fc331da47988857d
[CHAIN] fc331da47988857d -> 3fa94bceda82265d
[CHAIN] 3fa94bceda82265d -> d78a5342625cfbfd
[CHAIN] d78a5342625cfbfd -> e588bcf931617ed4
[CHAIN] e588bcf931617ed4 -> 510459c3bcc81423
[CHAIN] 510459c3bcc81423 -> a5c21ad8bb7494dc
[CHAIN] a5c21ad8bb7494dc -> a1d6bf90c410a34a
[CHAIN] a1d6bf90c410a34a -> 37a466457c639556
[CHAIN] 37a466457c639556 -> 9ec29226a1c2fbd5
[CHAIN] 9ec29226a1c2fbd5 -> dfb8c26dbbbfca6b
[CHAIN] dfb8c26dbbbfca6b -> e5b49ccf95820c99
[CHAIN] e5b49ccf95820c99 -> 29f45c46040ea129
[CHAIN] 29f45c46040ea129 -> 2debace07ce67ce4
[CHAIN] 2debace07ce67ce4 -> e14b562d0c3bc6d8
[CHAIN] e14b562d0c3bc6d8 -> a9b1f7a3644418dd
[CHAIN] a9b1f7a3644418dd -> 0699ad5044b41cd2
[CHAIN] 0699ad5044b41cd2 -> b30a4c98e16b10f0
[CHAIN] b30a4c98e16b10f0 -> 1ae6a35171671af0
[CHAIN] 1ae6a35171671af0 -> 721f3d0cc1cb8590
[CHAIN] 721f3d0cc1cb8590 -> e99e2d24728c5ba7
[CHAIN] e99e2d24728c5ba7 -> 91785054f60ab118
[CHAIN] 91785054f60ab118 -> 9b5916e47f1b86eb
[CHAIN] 9b5916e47f1b86eb -> c55c7c09b6a7244d
[CHAIN] c55c7c09b6a7244d -> c979ff94bd6c3e17
[CHAIN] c979ff94bd6c3e17 -> f3cd8bf6b559da75
[CHAIN] f3cd8bf6b559da75 -> d9bcace7b6f4b667
[CHAIN] d9bcace7b6f4b667 -> 5ceec5c3a6e08deb
[CHAIN] 5ceec5c3a6e08deb -> 9706966ba987ad0e
[CHAIN] 9706966ba987ad0e -> d4319cca1b9bb111
[CHAIN] d4319cca1b9bb111 -> 38d1d38c124f3d81
[CHAIN] 38d1d38c124f3d81 -> 853eff2e423618e1
[CHAIN] 853eff2e423618e1 -> 180bc75fb482e34f
[CHAIN] 180bc75fb482e34f -> 23ec07a0232e1b36
[CHAIN] 23ec07a0232e1b36 -> 7f25d64d9877ba58
[CHAIN] 7f25d64d9877ba58 -> f26d6904d3914d5a
[CHAIN] f26d6904d3914d5a -> ea8efe3acbcee525
[CHAIN] ea8efe3acbcee525 -> 83920cd0fa83a76e
[CHAIN] 83920cd0fa83a76e -> 125e0f083ceb022a
[CHAIN] 125e0f083ceb022a -> 39bdae97cb321015
[CHAIN] 39bdae97cb321015 -> abaa544dc77a20cb
[CHAIN] abaa544dc77a20cb -> fa902a46215a3709
[CHAIN] fa902a46215a3709 -> a84670217dceee42
[CHAIN] a84670217dceee42 -> c0a0e707686db594
[CHAIN] c0a0e707686db594 -> c7b9961a3cb7d6cd
[CHAIN] c7b9961a3cb7d6cd -> 26624a9a4df8a7f0
[CHAIN] 26624a9a4df8a7f0 -> a9016f227e4dca13
[CHAIN] a9016f227e4dca13 -> a313c4a31051ebac
[CHAIN] a313c4a31051ebac -> 5d7e340d440dd03d
[CHAIN] 5d7e340d440dd03d -> 840e71790d23599c
[CHAIN] 840e71790d23599c -> 87f72365d387116a
[CHAIN] 87f72365d387116a -> 6b19edd3c4710296
[CHAIN] 6b19edd3c4710296 -> f128e4cfa490a293
[CHAIN] f128e4cfa490a293 -> 3da94877d0f6d138
[CHAIN] 3da94877d0f6d138 -> ff5b198489d149d8
[CHAIN] ff5b198489d149d8 -> 183fa51fbd1d4691
[CHAIN] 183fa51fbd1d4691 -> b45ec6e6febaa3ec
[CHAIN] b45ec6e6febaa3ec -> 7ebb0dd7fcfa5066
[CHAIN] 7ebb0dd7fcfa5066 -> 252e04445450f75c
[CHAIN] 252e04445450f75c -> 86f5dd0d136379d5
[CHAIN] 86f5dd0d136379d5 -> f842cfcef370add6
[CHAIN] f842cfcef370add6 -> ef7c2bdac5c96cab
[CHAIN] ef7c2bdac5c96cab -> ecf68da5a6936b3a
[CHAIN] ecf68da5a6936b3a -> 6b34c52583f7295b
[CHAIN] 6b34c52583f7295b -> 860c4875cddce2ce
[CHAIN] 860c4875cddce2ce -> 2155735bc2099c8a
[CHAIN] 2155735bc2099c8a -> dd85ec43e35299d0
[CHAIN] dd85ec43e35299d0 -> b2fd1ed626a55b8b
[CHAIN] b2fd1ed626a55b8b -> e62454dd12a514a6
[CHAIN] e62454dd12a514a6 -> ccb9e42e630ae582
[CHAIN] ccb9e42e630ae582 -> c6cb646c98f1a818
[CHAIN] c6cb646c98f1a818 -> 44b69d32f80500a1
[CHAIN] 44b69d32f80500a1 -> 2f27c5caed89bdad
[CHAIN] 2f27c5caed89bdad -> 6d2c1e58a823cdbe
[CHAIN] 6d2c1e58a823cdbe -> e0e8b12d40966ee0
[CHAIN] e0e8b12d40966ee0 -> e3fe2a0bf940b087
[CHAIN] e3fe2a0bf940b087 -> d47ed000bfd70f8d
[CHAIN] d47ed000bfd70f8d -> 25b3748d5f6b3d78
[CHAIN] 25b3748d5f6b3d78 -> 94cda75f42e85cb9
[CHAIN] 94cda75f42e85cb9 -> 875ec9974fb9a908
[CHAIN] 875ec9974fb9a908 -> 3d792adcaf2911db
[CHAIN] 3d792adcaf2911db -> 808782fe7959198a
[CHAIN] 808782fe7959198a -> bcf3159224f1d572
[CHAIN] bcf3159224f1d572 -> 3ca2b5486e38a66e
[CHAIN] 3ca2b5486e38a66e -> 54d1302aebe7c128
[CHAIN] 54d1302aebe7c128 -> 8045139b3fa80d57
[CHAIN] 8045139b3fa80d57 -> d732718eaa72cbea
[CHAIN] d732718eaa72cbea -> 3e0b7cd6a40819d4
[CHAIN] 3e0b7cd6a40819d4 -> a7a93228274d7dba
[CHAIN] a7a93228274d7dba -> dbb9557ddcce5d80
[CHAIN] dbb9557ddcce5d80 -> 752ac61d6ef285d0
[CHAIN] 752ac61d6ef285d0 -> 1fff260bdc12ff8a
[CHAIN] 1fff260bdc12ff8a -> 471518e1d01d12ac
[CHAIN] 471518e1d01d12ac -> 8a6837184729b323
[CHAIN] 8a6837184729b323 -> 4c6d04a81a2249e1
[CHAIN] 4c6d04a81a2249e1 -> 982b8abc7d73228b
[CHAIN] 982b8abc7d73228b -> e6e79b6675071825
[CHAIN] e6e79b6675071825 -> 358dbb66a86d035a
[CHAIN] 358dbb66a86d035a -> f5e1b5824d97d34a
[CHAIN] f5e1b5824d97d34a -> 7cbec1cb7701e1fd
[CHAIN] 7cbec1cb7701e1fd -> aaf6baa0d7fe8a7e
[CHAIN] aaf6baa0d7fe8a7e -> 97f56f3bd2667e37
[CHAIN] 97f56f3bd2667e37 -> 44d3b06fb44e89e4
[CHAIN] 44d3b06fb44e89e4 -> 8d577d865e176c3b
[CHAIN] 8d577d865e176c3b -> e79a81ffff2d7aea
[CHAIN] e79a81ffff2d7aea -> 2855fb190d78b3a4
[CHAIN] 2855fb190d78b3a4 -> 2bd14ff01417965c
[CHAIN] 2bd14ff01417965c -> 524875113aa1e303
[CHAIN] 524875113aa1e303 -> b4804790e5163e2c
[CHAIN] b4804790e5163e2c -> ef55a2cd7002b930
[CHAIN] ef55a2cd7002b930 -> 6c20acd1d2b99acb
[CHAIN] 6c20acd1d2b99acb -> 7c0086b87c627279
[CHAIN] 7c0086b87c627279 -> 2457546c99fd5bc6
[CHAIN] 2457546c99fd5bc6 -> adcfd58761479449
[CHAIN] adcfd58761479449 -> 3c617bf4b956b985
[CHAIN] 3c617bf4b956b985 -> 25f6ce521074ffe6
[CHAIN] 25f6ce521074ffe6 -> 631c894e6036daf7
[CHAIN] 631c894e6036daf7 -> 6d21fc2a4710d04e
[CHAIN] 6d21fc2a4710d04e -> f64531f5875fdd2a
[CHAIN] f64531f5875fdd2a -> 47394b03cbec6f3f
[CHAIN] 47394b03cbec6f3f -> 98ba883f63108f4f
[CHAIN] 98ba883f63108f4f -> eb8c5a59752408d2
[CHAIN] eb8c5a59752408d2 -> bfa1b2a31aaca073
[CHAIN] bfa1b2a31aaca073 -> 1374e368b75ecb40
[CHAIN] 1374e368b75ecb40 -> 81d2d7e7a468e96b
[CHAIN] 81d2d7e7a468e96b -> 9d1bf9df4d24f2b1
[CHAIN] 9d1bf9df4d24f2b1 -> 4d4a76d778d2fd18
[CHAIN] 4d4a76d778d2fd18 -> 5a235a71cbe2df66
[CHAIN] 5a235a71cbe2df66 -> f4de0748b9f42835
[CHAIN] f4de0748b9f42835 -> 869254b5c9fdd4af
[CHAIN] 869254b5c9fdd4af -> df514b269564af0f
[CHAIN] df514b269564af0f -> 15f64df1445a0a41
[CHAIN] 15f64df1445a0a41 -> f3e393599869cca3
[CHAIN] f3e393599869cca3 -> 91426fcecb394010
[CHAIN] 91426fcecb394010 -> 03f50942aee9aa75
[CHAIN] 03f50942aee9aa75 -> 81e304f3932f1ff9
[CHAIN] 81e304f3932f1ff9 -> f7d6cd79db3c615c
[CHAIN] f7d6cd79db3c615c -> ca486cf30098b1ff
[CHAIN] ca486cf30098b1ff -> d1e7b46845bdcdbb
[CHAIN] d1e7b46845bdcdbb -> 3050e997181d988d
[CHAIN] 3050e997181d988d -> 4a40df3167d7ef06
[CHAIN] 4a40df3167d7ef06 -> 45fcbe948c441c79
[CHAIN] 45fcbe948c441c79 -> 350097e49704812c
[CHAIN] 350097e49704812c -> c5ad2a259a8111ab
[CHAIN] c5ad2a259a8111ab -> 709975993b896ecb
[CHAIN] 709975993b896ecb -> f86f016ca0fd1953
[CHAIN] f86f016ca0fd1953 -> 55387920006f096c
[CHAIN] 55387920006f096c -> f6c0f23ff35f8c2e
[CHAIN] f6c0f23ff35f8c2e -> 3d5ee089e064f9a2
[CHAIN] 3d5ee089e064f9a2 -> af0736aded69f428
[CHAIN] af0736aded69f428 -> 4eb978f25714ad01
[CHAIN] 4eb978f25714ad01 -> 986206ba405b5cb1
[CHAIN] 986206ba405b5cb1 -> 0f948d85fea28596
[CHAIN] 0f948d85fea28596 -> cbd2e26b8ecaa5d7
[CHAIN] cbd2e26b8ecaa5d7 -> f44d9e08d27f5ec0
[CHAIN] f44d9e08d27f5ec0 -> bc302667c3c3eeb7
[CHAIN] bc302667c3c3eeb7 -> bf11de5ca1767d24
[CHAIN] bf11de5ca1767d24 -> 9feb1a6d4ab662ae
[CHAIN] 9feb1a6d4ab662ae -> 36827aaf49337d81
[CHAIN] 36827aaf49337d81 -> e1533bd69e9aa3c5
[CHAIN] e1533bd69e9aa3c5 -> f8c81e07f118be2e
[CHAIN] f8c81e07f118be2e -> 390c8ef325742e25
[CHAIN] 390c8ef325742e25 -> a371eb9213edd2d9
[CHAIN] a371eb9213edd2d9 -> 979b638ebe1ec494
[CHAIN] 979b638ebe1ec494 -> d3d05b27e1d54f7c
[CHAIN] d3d05b27e1d54f7c -> f4a54d07dace2e3d
[CHAIN] f4a54d07dace2e3d -> 2fff3d9f875a2ca8
[CHAIN] 2fff3d9f875a2ca8 -> a2bd202ba1d485fe
[CHAIN] a2bd202ba1d485fe -> a519c4cebb64ff0d
[CHAIN] a519c4cebb64ff0d -> 197bb05aedc5678c
[CHAIN] 197bb05aedc5678c -> 0d6b79af7d4c14cd
[CHAIN] 0d6b79af7d4c14cd -> deb0d62133892764
[CHAIN] deb0d62133892764 -> d97560b4b65b256f
[CHAIN] d97560b4b65b256f -> 6bd8297328ad65f0
[CHAIN] 6bd8297328ad65f0 -> de5a9578df6d4c16
[CHAIN] de5a9578df6d4c16 -> 7bc4f975d0960a9e
[CHAIN] 7bc4f975d0960a9e -> 688db66438aaff81
[CHAIN] 688db66438aaff81 -> 5b823201f47c4abc
[CHAIN] 5b823201f47c4abc -> 5a6a7b42371a6901
[CHAIN] 5a6a7b42371a6901 -> bf3d7e4f531d1361
[CHAIN] bf3d7e4f531d1361 -> 938fc014d55f1d6a
[CHAIN] 938fc014d55f1d6a -> c7f7cf3f3e853a22
[CHAIN] c7f7cf3f3e853a22 -> 8699af3a20520ff1
[CHAIN] 8699af3a20520ff1 -> b60f5d64a36ba462
[CHAIN] b60f5d64a36ba462 -> ae51b46178a7483b
[CHAIN] ae51b46178a7483b -> 19920137e8646525
[CHAIN] 19920137e8646525 -> cc57b39c7bca23fd
[CHAIN] cc57b39c7bca23fd -> ea12815633854351
[CHAIN] ea12815633854351 -> 0c5ffdb97bb2fdd3
[CHAIN] 0c5ffdb97bb2fdd3 -> 33d9f290559345a8
[CHAIN] 33d9f290559345a8 -> dfaee43834dc08c6
[CHAIN] dfaee43834dc08c6 -> 4faa869002f24d49
[CHAIN] 4faa869002f24d49 -> 1c7db42c427276ad
[CHAIN] 1c7db42c427276ad -> 19768fdd47291e9a
[CHAIN] 19768fdd47291e9a -> c13dbe3e5b36ea33
[CHAIN] c13dbe3e5b36ea33 -> 7ec14d3bdfeccf25
[CHAIN] 7ec14d3bdfeccf25 -> 0531d89029dbc97f
[CHAIN] 0531d89029dbc97f -> 0f686dcb9cf898b5
[CHAIN] 0f686dcb9cf898b5 -> e4e5765cb7db2d15
[CHAIN] e4e5765cb7db2d15 -> 842e21d90e271abc
[CHAIN] 842e21d90e271abc -> 592ab1b0c0791d38
[CHAIN] 592ab1b0c0791d38 -> 371b6e118a1362ba
[CHAIN] 371b6e118a1362ba -> 1a985740885398da
[CHAIN] 1a985740885398da -> 109330ba98ce1e02
[CHAIN] 109330ba98ce1e02 -> 40fd8c079a4c9219
[CHAIN] 40fd8c079a4c9219 -> 4ed90ee644cc355b
[CHAIN] 4ed90ee644cc355b -> a36f85c17662f66b
[CHAIN] a36f85c17662f66b -> 9a8fd3007c72b81d
[CHAIN] 9a8fd3007c72b81d -> 8732ad2344e5b079
[CHAIN] 8732ad2344e5b079 -> c664e69d2a9ed9b6
[CHAIN] c664e69d2a9ed9b6 -> d6e6401902f24866
[CHAIN] d6e6401902f24866 -> 81e03a61351bdbd7
[CHAIN] 81e03a61351bdbd7 -> 0cfb8bf887ac1057
[CHAIN] 0cfb8bf887ac1057 -> 457e9675cb3f7e57
[CHAIN] 457e9675cb3f7e57 -> 213db8dbe0781b76
[CHAIN] 213db8dbe0781b76 -> b7fb21b647eed3f9
[CHAIN] b7fb21b647eed3f9 -> 2db25b0ce0a07333
[CHAIN] 2db25b0ce0a07333 -> 850d51eaa1332140
[CHAIN] 850d51eaa1332140 -> 8fe31d6f7afa6e1b
[CHAIN] 8fe31d6f7afa6e1b -> f88ccc88e94eb70f
[CHAIN] f88ccc88e94eb70f -> 61aae891fcfe7e14
[CHAIN] 61aae891fcfe7e14 -> d48c998ebd4ed32e
[CHAIN] d48c998ebd4ed32e -> 0e446e593f25de6c
[CHAIN] 0e446e593f25de6c -> 5f7cd70e24e2975c
[CHAIN] 5f7cd70e24e2975c -> bd88c8be7e308dea
[CHAIN] bd88c8be7e308dea -> a9087e675e27c37a
[CHAIN] a9087e675e27c37a -> d96e9bf473ee1ff7
[CHAIN] d96e9bf473ee1ff7 -> 172547f3dd128bcd
[CHAIN] 172547f3dd128bcd -> d877dab50027e31c
[CHAIN] d877dab50027e31c -> dcd3e9b496814a5d
[CHAIN] dcd3e9b496814a5d -> b7e7880434108c43
[CHAIN] b7e7880434108c43 -> bf89db2c058d5701
[CHAIN] bf89db2c058d5701 -> 2bb2646e7c1e4ca4
[CHAIN] 2bb2646e7c1e4ca4 -> b09c1bd7248030eb
[CHAIN] b09c1bd7248030eb -> 048a0b61addfe898
[CHAIN] 048a0b61addfe898 -> 9596c8427f2b8eee
[CHAIN] 9596c8427f2b8eee -> 0db3b2335f4f2473
[CHAIN] 0db3b2335f4f2473 -> 2870b6460126edc7
[CHAIN] 2870b6460126edc7 -> acc2ca4e5fdb61d1
[CHAIN] acc2ca4e5fdb61d1 -> fc1df5f1bd22264a
[CHAIN] fc1df5f1bd22264a -> 9fb85df8241a04b5
[CHAIN] 9fb85df8241a04b5 -> a6f9d68916be5d84
[CHAIN] a6f9d68916be5d84 -> 4204d4a97b60c33a
[CHAIN] 4204d4a97b60c33a -> 34643aa83a1bf449
[CHAIN] 34643aa83a1bf449 -> 48378bdbe95b5226
[CHAIN] 48378bdbe95b5226 -> 65f80e5e7de3345f
[CHAIN] 65f80e5e7de3345f -> cc0a784cd1a10779
[CHAIN] cc0a784cd1a10779 -> a7c9e596bde475d4
[CHAIN] a7c9e596bde475d4 -> a698fb3749053d16
[CHAIN] a698fb3749053d16 -> 17583f9fa86ad282
[CHAIN] 17583f9fa86ad282 -> 732545fe8e475bcc
[CHAIN] 732545fe8e475bcc -> f70ccdfd18b2f4a5
[CHAIN] f70ccdfd18b2f4a5 -> 1fe8db51bb7e2536
[CHAIN] 1fe8db51bb7e2536 -> eafbe90f080b231f
[CHAIN] eafbe90f080b231f -> 529959ba710cfe64
[CHAIN] 529959ba710cfe64 -> ec9939e088bbc1b6
[CHAIN] ec9939e088bbc1b6 -> a7808cedb7448d8a
[CHAIN] a7808cedb7448d8a -> 876925b589c714b3
[CHAIN] 876925b589c714b3 -> 9b2966e9897e5fd8
[CHAIN] 9b2966e9897e5fd8 -> 1d43c686fedb074e
[CHAIN] 1d43c686fedb074e -> 3a7ddbbba85fdddd
[CHAIN] 3a7ddbbba85fdddd -> 4843fb37c982f28d
[CHAIN] 4843fb37c982f28d -> c4133d7f3aa266fd
[CHAIN] c4133d7f3aa266fd -> 57ccc542cfc36f05
[CHAIN] 57ccc542cfc36f05 -> 66f64a170bd1783e
[CHAIN] 66f64a170bd1783e -> f9c2c1be71237950
[CHAIN] f9c2c1be71237950 -> c6d08782601bb494
[CHAIN] c6d08782601bb494 -> 7b344abdecd26f83
[CHAIN] 7b344abdecd26f83 -> f444c664fafca1c2
[CHAIN] f444c664fafca1c2 -> 55f7af4db77047e5
[CHAIN] 55f7af4db77047e5 -> b1bbc5ad62460a26
[CHAIN] b1bbc5ad62460a26 -> 0c5e52a5e8935ee9
[CHAIN] 0c5e52a5e8935ee9 -> 2f1fb76e7c712b31
[CHAIN] 2f1fb76e7c712b31 -> 41beb6bbc05ed8f1
[CHAIN] 41beb6bbc05ed8f1 -> 5b817c4469b5e96f
[CHAIN] 5b817c4469b5e96f -> aa3b94fcfcb0216c
[CHAIN] aa3b94fcfcb0216c -> d7e9fb06500e39f7
[CHAIN] d7e9fb06500e39f7 -> e8e3e949ccb1c535
[CHAIN] e8e3e949ccb1c535 -> 4a48e5f53909fd02
[CHAIN] 4a48e5f53909fd02 -> 8c656411ecd5cf59
[CHAIN] 8c656411ecd5cf59 -> 2648c4662d034dfc
[CHAIN] 2648c4662d034dfc -> 1f0e144c0806dc88
[CHAIN] 1f0e144c0806dc88 -> 5e1a33a87f3a2e37
[CHAIN] 5e1a33a87f3a2e37 -> f5201e54624b1923
[CHAIN] f5201e54624b1923 -> e12b9ba96161764a
[CHAIN] e12b9ba96161764a -> 96d4dab17b19015b
[CHAIN] 96d4dab17b19015b -> 6805f40f4121b8d9
[CHAIN] 6805f40f4121b8d9 -> 17a9a9ed0ec1bd98
[CHAIN] 17a9a9ed0ec1bd98 -> a094ebf05878cf4f
[CHAIN] a094ebf05878cf4f -> 3109f50ede4011b8
[CHAIN] 3109f50ede4011b8 -> c326612bbc9aad9a
[CHAIN] c326612bbc9aad9a -> 56cd4237da3d32f5
[CHAIN] 56cd4237da3d32f5 -> b79d3a8014788a30
[CHAIN] b79d3a8014788a30 -> 28f8b5b77659ca99
[CHAIN] 28f8b5b77659ca99 -> 9b00e13dffc8e232
[CHAIN] 9b00e13dffc8e232 -> b8afb5e0e379990b
[CHAIN] b8afb5e0e379990b -> 52cc3761f3057a8b
[CHAIN] 52cc3761f3057a8b -> fb64c103d276a97a
[CHAIN] fb64c103d276a97a -> 0e02e54da2379f05
[CHAIN] 0e02e54da2379f05 -> eba02901957c2bf7
[CHAIN] eba02901957c2bf7 -> 967702969fc891ee
[CHAIN] 967702969fc891ee -> a4d02daa74b949a1
[CHAIN] a4d02daa74b949a1 -> 8850ba7a2737d216
[CHAIN] 8850ba7a2737d216 -> d7365754fdf839d5
[CHAIN] d7365754fdf839d5 -> dc7552abb7896b09
[CHAIN] dc7552abb7896b09 -> 879ac34838b00923
[CHAIN] 879ac34838b00923 -> cbcbc1879d2d730b
[CHAIN] cbcbc1879d2d730b -> 6aec2fe6421bfbe9
[CHAIN] 6aec2fe6421bfbe9 -> 5017fdf1a7bace10
[CHAIN] 5017fdf1a7bace10 -> cb03d558aface74a
[CHAIN] cb03d558aface74a -> 82c9fe6296e590db
[CHAIN] 82c9fe6296e590db -> 38a9c9bd7de08fc5
[CHAIN] 38a9c9bd7de08fc5 -> b5a8c0785130ef0e
[CHAIN] b5a8c0785130ef0e -> 2ef478be4ee39128
[CHAIN] 2ef478be4ee39128 -> a6d6e657ec19b562
[CHAIN] a6d6e657ec19b562 -> 5215ff97e5849cce
[CHAIN] 5215ff97e5849cce -> 7afaa661f042daf5
[CHAIN] 7afaa661f042daf5 -> b068319b21a8608b
[CHAIN] b068319b21a8608b -> 632b0aec1c952027
[CHAIN] 632b0aec1c952027 -> c859a22036a055ef
[CHAIN] c859a22036a055ef -> 40b9664c23d57594
[CHAIN] 40b9664c23d57594 -> f952b2b894436beb
[CHAIN] f952b2b894436beb -> 37da2bb79841579d
[CHAIN] 37da2bb79841579d -> 7ec8d2d428cd0f99
[CHAIN] 7ec8d2d428cd0f99 -> 516475a4a738d872
[CHAIN] 516475a4a738d872 -> e264b0558a747d29
[CHAIN] e264b0558a747d29 -> 1d612bf3f1c1257b
[CHAIN] 1d612bf3f1c1257b -> e2d7c6996bbe0b2c
[CHAIN] e2d7c6996bbe0b2c -> 22008cb4188dd13d
[CHAIN] 22008cb4188dd13d -> a590ab7511677b44
[CHAIN] a590ab7511677b44 -> 9951a024f1d5c269
[CHAIN] 9951a024f1d5c269 -> afdb5af87abb1a2d
[CHAIN] afdb5af87abb1a2d -> e04c3d656b5ff72f
[CHAIN] e04c3d656b5ff72f -> 930b6acaef267f45
[CHAIN] 930b6acaef267f45 -> 1c0695a1f7a76ef2
[CHAIN] 1c0695a1f7a76ef2 -> d62b091a1b62e046
[CHAIN] d62b091a1b62e046 -> 10e89bd7a557fbec
[CHAIN] 10e89bd7a557fbec -> 1142df98c133bbf5
[CHAIN] 1142df98c133bbf5 -> 743408f5a6a4b99a
[CHAIN] 743408f5a6a4b99a -> 852b3add1f1f3049
[CHAIN] 852b3add1f1f3049 -> 5e33baf2dcea59cb
[CHAIN] 5e33baf2dcea59cb -> a7cd49cb3f1db933
[CHAIN] a7cd49cb3f1db933 -> 4c91734e0916719b
[CHAIN] 4c91734e0916719b -> ae84badd3ffa2455
[CHAIN] ae84badd3ffa2455 -> 648e00c28435b308
[CHAIN] 648e00c28435b308 -> 45a9cc98827926f8
[CHAIN] 45a9cc98827926f8 -> 19b6879f81d4fd66
[CHAIN] 19b6879f81d4fd66 -> 208b9d73511d0f53
[CHAIN] 208b9d73511d0f53 -> 85f83528e74d7270
[CHAIN] 85f83528e74d7270 -> 6ffb36362970e1ce
[CHAIN] 6ffb36362970e1ce -> 77d9a0c2d274947c
[CHAIN] 77d9a0c2d274947c -> 6b2ba802777bc938
[CHAIN] 6b2ba802777bc938 -> 1da8013c693ed8bc
[CHAIN] 1da8013c693ed8bc -> a85e200cb96a01e0
[CHAIN] a85e200cb96a01e0 -> 0c170caf8e6d34d1
[CHAIN] 0c170caf8e6d34d1 -> 6d0f88dca6e6e5f7
[CHAIN] 6d0f88dca6e6e5f7 -> 721c6096d0e6c847
[CHAIN] 721c6096d0e6c847 -> ebcbfa31cc9fcce9
[CHAIN] ebcbfa31cc9fcce9 -> 61e1f00464a6785e
[CHAIN] 61e1f00464a6785e -> 2953687c10b16593
[CHAIN] 2953687c10b16593 -> 9f3e35933f05737b
[CHAIN] 9f3e35933f05737b -> 5bb4e1f0b2f8149f
[CHAIN] 5bb4e1f0b2f8149f -> 649dbae5725d0c48
[CHAIN] 649dbae5725d0c48 -> 87cbc5c0b6676bae
[CHAIN] 87cbc5c0b6676bae -> 7d62ef364fcdd1a9
[CHAIN] 7d62ef364fcdd1a9 -> 5b935e3e352c69b8
[CHAIN] 5b935e3e352c69b8 -> 728f2ab2b4d42b65
[CHAIN] 728f2ab2b4d42b65 -> 4b58c74ed0708bed
[CHAIN] 4b58c74ed0708bed -> 9b5da465a91b9991
[CHAIN] 9b5da465a91b9991 -> 9ec983aa5da63de7
[CHAIN] 9ec983aa5da63de7 -> 9ac5521877252bb6
[CHAIN] 9ac5521877252bb6 -> 8e438088fb51bea8
[CHAIN] 8e438088fb51bea8 -> 3ea7de6c20f184cc
[CHAIN] 3ea7de6c20f184cc -> 6427c81ffdd94246
[CHAIN] 6427c81ffdd94246 -> 127983bd435deb6e
[CHAIN] 127983bd435deb6e -> b607cfaf7515acf7
[CHAIN] b607cfaf7515acf7 -> 164988993306e2c1
[CHAIN] 164988993306e2c1 -> efc6e3a881837d49
[CHAIN] efc6e3a881837d49 -> ebb0753b249af061
[CHAIN] ebb0753b249af061 -> c3f62e995b60ffac
[CHAIN] c3f62e995b60ffac -> 057d3ef520edf477
[CHAIN] 057d3ef520edf477 -> 28d2ea6e5afd9641
[CHAIN] 28d2ea6e5afd9641 -> 07bbd4ff3fc43656
[CHAIN] 07bbd4ff3fc43656 -> 2ae07b25049aca71
[CHAIN] 2ae07b25049aca71 -> f732ae9aae6e45f3
[CHAIN] f732ae9aae6e45f3 -> 0a93bd6a7138ff42
[CHAIN] 0a93bd6a7138ff42 -> a57ff3a5caa48628
[CHAIN] a57ff3a5caa48628 -> d7e4dddbacc6fc6a
[CHAIN] d7e4dddbacc6fc6a -> d1a8e3cf70f463d7
[CHAIN] d1a8e3cf70f463d7 -> 03c906536d327dd1
[CHAIN] 03c906536d327dd1 -> dc60a68b31f043f3
[CHAIN] dc60a68b31f043f3 -> 5718497cee5e351e
[CHAIN] 5718497cee5e351e -> 27546dc51728bee0
[CHAIN] 27546dc51728bee0 -> c2d4d8630933aacf
[CHAIN] c2d4d8630933aacf -> b1a774b222496ff6
[CHAIN] b1a774b222496ff6 -> b273347031d8031b
[CHAIN] b273347031d8031b -> 694925dc40908a96
[CHAIN] 694925dc40908a96 -> fd0ff0712784a761
[CHAIN] fd0ff0712784a761 -> b2aeb42f88877404
[CHAIN] b2aeb42f88877404 -> fcb14dfc490a9514
[CHAIN] fcb14dfc490a9514 -> 423c4d123f523806
[CHAIN] 423c4d123f523806 -> cd7d769f38406cbf
[CHAIN] cd7d769f38406cbf -> c664e9306ee0757f
[CHAIN] c664e9306ee0757f -> 4c326557e3e9bbbc
[CHAIN] 4c326557e3e9bbbc -> 43f2209f2a7110d5
[CHAIN] 43f2209f2a7110d5 -> c0f90648dd1d64cf
[CHAIN] c0f90648dd1d64cf -> 33508fc83bef077f
[CHAIN] 33508fc83bef077f -> 118f6faa469af5a3
[CHAIN] 118f6faa469af5a3 -> 7603b5d4b792ec29
[CHAIN] 7603b5d4b792ec29 -> 46692b7f0356b6dc
[CHAIN] 46692b7f0356b6dc -> 3600ea2a69f4d33c
[CHAIN] 3600ea2a69f4d33c -> 339dd34ffdf6928d
[CHAIN] 339dd34ffdf6928d -> 91fff4d0446c9125
[CHAIN] 91fff4d0446c9125 -> 1734b99f3ac202fe
[CHAIN] 1734b99f3ac202fe -> 803386463b97eed4
[CHAIN] 803386463b97eed4 -> 1e959a2079b6357c
[CHAIN] 1e959a2079b6357c -> 8382a06910dc7ca5
[CHAIN] 8382a06910dc7ca5 -> e9f935e4990d372a
[CHAIN] e9f935e4990d372a -> af39f70f35dd5cd4
[CHAIN] af39f70f35dd5cd4 -> a4bc43323d917cd8
[CHAIN] a4bc43323d917cd8 -> 02b3ced391833059
[CHAIN] 02b3ced391833059 -> 336be1d57c8174f4
[CHAIN] 336be1d57c8174f4 -> 613627e3d2caa719
[CHAIN] 613627e3d2caa719 -> 16d00df9e65cdff7
[CHAIN] 16d00df9e65cdff7 -> edbd80e2093936bd
[CHAIN] edbd80e2093936bd -> badd941bc3255f85
[CHAIN] badd941bc3255f85 -> 8225c6dc0ab9421e
[CHAIN] 8225c6dc0ab9421e -> 5c03bf18906a0d11
[CHAIN] 5c03bf18906a0d11 -> 03ba47873abcd68c
[CHAIN] 03ba47873abcd68c -> 29c75eebee761557
[CHAIN] 29c75eebee761557 -> eabd203ed88049c6
[CHAIN] eabd203ed88049c6 -> 400e532683ad6908
[CHAIN] 400e532683ad6908 -> 89ea28ef2e2c2692
[CHAIN] 89ea28ef2e2c2692 -> ec28ec72682aebe2
[CHAIN] ec28ec72682aebe2 -> c831463962a454ff
[CHAIN] c831463962a454ff -> 06de92cb42f4eea3
[CHAIN] 06de92cb42f4eea3 -> 335b9f74e8bee073
[CHAIN] 335b9f74e8bee073 -> c9f9024ff42b04bb
[CHAIN] c9f9024ff42b04bb -> 16484e9e5236cf0b
[CHAIN] 16484e9e5236cf0b -> 9773c9c3b9c844ef
[CHAIN] 9773c9c3b9c844ef -> ded0b1583e326e2a
[CHAIN] ded0b1583e326e2a -> 0f04dbd72ae36dd3
[CHAIN] 0f04dbd72ae36dd3 -> 3474af25eaf6cb8d
[CHAIN] 3474af25eaf6cb8d -> 31df4428e6736875
[CHAIN] 31df4428e6736875 -> 4de34d5a62631641
[CHAIN] 4de34d5a62631641 -> a7ddf59476bfafd6
[CHAIN] a7ddf59476bfafd6 -> 2b4a19b43ccb8e68
[CHAIN] 2b4a19b43ccb8e68 -> 3d97868ab80ce8f0
[CHAIN] 3d97868ab80ce8f0 -> ea1f3402a2a18c82
[CHAIN] ea1f3402a2a18c82 -> 1a50eba51ddcf0c2
[CHAIN] 1a50eba51ddcf0c2 -> 7a92be309c530664
[CHAIN] 7a92be309c530664 -> f56f28c57bccb166
[CHAIN] f56f28c57bccb166 -> 1d3b2ce184dcd5a3
[CHAIN] 1d3b2ce184dcd5a3 -> 066de82720d53367
[CHAIN] 066de82720d53367 -> aed2d01ddf77010d
[CHAIN] aed2d01ddf77010d -> dc8fbdfa3017c6fc
[CHAIN] dc8fbdfa3017c6fc -> 1e4acf30c01644c6
[CHAIN] 1e4acf30c01644c6 -> 9c3a18698927934e
[CHAIN] 9c3a18698927934e -> 8cb3a982d0590092
[CHAIN] 8cb3a982d0590092 -> 075a8eafee774231
[CHAIN] 075a8eafee774231 -> 6966807480c97846
[CHAIN] 6966807480c97846 -> d0149e5b9d9a4697
[CHAIN] d0149e5b9d9a4697 -> a3207e90629c2084
[CHAIN] a3207e90629c2084 -> ec908c034abb68d0
[CHAIN] ec908c034abb68d0 -> 9d59d81ad4b4d17d
[CHAIN] 9d59d81ad4b4d17d -> 3f11fd7d50ff339e
[CHAIN] 3f11fd7d50ff339e -> f1bd1c4298a10582
[CHAIN] f1bd1c4298a10582 -> 0b68dc0ac91692e8
[CHAIN] 0b68dc0ac91692e8 -> b82b5c216889f527
[CHAIN] b82b5c216889f527 -> 4354b73b92bc386d
[CHAIN] 4354b73b92bc386d -> 264c38e55be7f5c5
[CHAIN] 264c38e55be7f5c5 -> d065379ef54275fe
[CHAIN] d065379ef54275fe -> be8950edeb536801
[CHAIN] be8950edeb536801 -> 72446995ec97d256
[CHAIN] 72446995ec97d256 -> d314ffbee8b20d48
[CHAIN] d314ffbee8b20d48 -> 62c7fea60260d79e
[CHAIN] 62c7fea60260d79e -> c264f772eb3a5d98
[CHAIN] c264f772eb3a5d98 -> 1bab0d8eac166824
[CHAIN] 1bab0d8eac166824 -> 964352deaa24b866
[CHAIN] 964352deaa24b866 -> d323d11abbefc4bb
[CHAIN] d323d11abbefc4bb -> c31d1b6b331a677c
[CHAIN] c31d1b6b331a677c -> 0a79ec9192bcedb4
[CHAIN] 0a79ec9192bcedb4 -> a318f49aef412486
[CHAIN] a318f49aef412486 -> 95e2b8667459fa1a
[CHAIN] 95e2b8667459fa1a -> d92851c5025fd4fa
[CHAIN] d92851c5025fd4fa -> 437209aa36fc8dea
[CHAIN] 437209aa36fc8dea -> abe6d3f767b267a4
[CHAIN] abe6d3f767b267a4 -> c238106b2557ca5e
[CHAIN] c238106b2557ca5e -> ef370c3ba90306b9
[CHAIN] ef370c3ba90306b9 -> 03d406a688f5d959
[CHAIN] 03d406a688f5d959 -> acc705f1f1626443
[CHAIN] acc705f1f1626443 -> ed6149626d573799
[CHAIN] ed6149626d573799 -> 479a54ff7a6a06d4
[CHAIN] 479a54ff7a6a06d4 -> 54480e56460223de
[CHAIN] 54480e56460223de -> 8e5215185d27a210
[CHAIN] 8e5215185d27a210 -> d18b155d05eff846
[CHAIN] d18b155d05eff846 -> da43ea3197d3edb2
[CHAIN] da43ea3197d3edb2 -> a1713339f140fd80
[CHAIN] a1713339f140fd80 -> 11b2d2139da1ba39
[CHAIN] 11b2d2139da1ba39 -> a3e4634aadc1f24a
[CHAIN] a3e4634aadc1f24a -> 6b25b734929d0c9b
[CHAIN] 6b25b734929d0c9b -> aabaf58c3a82ad32
[CHAIN] aabaf58c3a82ad32 -> 541f57e62d589fd8
[CHAIN] 541f57e62d589fd8 -> f33473056d836455
[CHAIN] f33473056d836455 -> edcb4a8ef7711087
[CHAIN] edcb4a8ef7711087 -> c09b82d7eb0cb30b
[CHAIN] c09b82d7eb0cb30b -> a0c8ddfc1f5dcdd1
[CHAIN] a0c8ddfc1f5dcdd1 -> b6010f329b6b9a94
[CHAIN] b6010f329b6b9a94 -> 1cc702475e3c5c6a
[CHAIN] 1cc702475e3c5c6a -> d713bc286c84b60e
[CHAIN] d713bc286c84b60e -> 9c945c2c87fe9e8f
[CHAIN] 9c945c2c87fe9e8f -> 23cd7a70bbebdc2c
[CHAIN] 23cd7a70bbebdc2c -> ff224d9b97446504
[CHAIN] ff224d9b97446504 -> db5a1e4acf39427e
[CHAIN] db5a1e4acf39427e -> 1df8fbf9cab6cd7e
[CHAIN] 1df8fbf9cab6cd7e -> b52a9bec41feb64b
[CHAIN] b52a9bec41feb64b -> 55a32aafbd6a0f9f
[CHAIN] 55a32aafbd6a0f9f -> ed9c1e6dffd404a5
[CHAIN] ed9c1e6dffd404a5 -> c635e49fb1916e20
[CHAIN] c635e49fb1916e20 -> 53b9bdf768a1d61c
[CHAIN] 53b9bdf768a1d61c -> 19ea34255e00d47e
[CHAIN] 19ea34255e00d47e -> 90e3653840c2f71e
[CHAIN] 90e3653840c2f71e -> bcdd2c6d818ebb1b
[CHAIN] bcdd2c6d818ebb1b -> a71da4add89db48b
[CHAIN] a71da4add89db48b -> bc9fb1bb4aab8fa4
[CHAIN] bc9fb1bb4aab8fa4 -> 1d4561101361cd5d
[CHAIN] 1d4561101361cd5d -> 787cb01e0a9485bb
[CHAIN] 787cb01e0a9485bb -> bb38763a0c262db4
[CHAIN] bb38763a0c262db4 -> e805c00481fd20e5
[CHAIN] e805c00481fd20e5 -> 8b8fe56f93426217
[CHAIN] 8b8fe56f93426217 -> 9fd6bee092a3000f
[CHAIN] 9fd6bee092a3000f -> 4f9d03cbcd54cd58
[CHAIN] 4f9d03cbcd54cd58 -> f6f6e9f187857215
[CHAIN] f6f6e9f187857215 -> f7a26de903966e95
[CHAIN] f7a26de903966e95 -> a8f5ede163616212
[CHAIN] a8f5ede163616212 -> 1ed3f551a245107a
[CHAIN] 1ed3f551a245107a -> b85de2d91ad1c18e
[CHAIN] b85de2d91ad1c18e -> b7d59654b0680b07
[CHAIN] b7d59654b0680b07 -> b4e9dc8a265629e1
[CHAIN] b4e9dc8a265629e1 -> 4ddcc91af361f9d4
[CHAIN] 4ddcc91af361f9d4 -> dab1d76cc7e88925
[CHAIN] dab1d76cc7e88925 -> 5777e88ac8298ff0
[CHAIN] 5777e88ac8298ff0 -> 5a89f5e352332d21
[CHAIN] 5a89f5e352332d21 -> 3f5b7487a8450348
[CHAIN] 3f5b7487a8450348 -> 07b257eab896c5c4
[CHAIN] 07b257eab896c5c4 -> cdfff2ee13dac053
[CHAIN] cdfff2ee13dac053 -> 39d58279d9ec88aa
[CHAIN] 39d58279d9ec88aa -> dc1c35afb71dcbca
[CHAIN] dc1c35afb71dcbca -> ae46f14ddcc3662c
[CHAIN] ae46f14ddcc3662c -> 043ebdf6f44d19e3
[CHAIN] 043ebdf6f44d19e3 -> b09c5519ffc88d97
[CHAIN] b09c5519ffc88d97 -> 4281c08c24b5ae68
[CHAIN] 4281c08c24b5ae68 -> a1f1d9f9ba4c1312
[CHAIN] a1f1d9f9ba4c1312 -> 1a6a020aad9a242f
[CHAIN] 1a6a020aad9a242f -> 3d22db1e53cce59e
[CHAIN] 3d22db1e53cce59e -> d14c616388b5cef2
[CHAIN] d14c616388b5cef2 -> f17175eaee75cda2
[CHAIN] f17175eaee75cda2 -> 225cec5197421d39
[CHAIN] 225cec5197421d39 -> 0711b10dd4754156
[CHAIN] 0711b10dd4754156 -> 6356b8a61802d416
[CHAIN] 6356b8a61802d416 -> e87924eb038a66dc
[CHAIN] e87924eb038a66dc -> da6bf16319cf974c
[CHAIN] da6bf16319cf974c -> 2a97441e9dff9b1c
[CHAIN] 2a97441e9dff9b1c -> 5008e71e2f3ccfab
[CHAIN] 5008e71e2f3ccfab -> a0fa0b924e023d84
[CHAIN] a0fa0b924e023d84 -> 1d8b1d3f896c9ca5
[CHAIN] 1d8b1d3f896c9ca5 -> ff9dbc649db2204c
[CHAIN] ff9dbc649db2204c -> 65b2098ef42a3f54
[CHAIN] 65b2098ef42a3f54 -> e3b48556bbeb7db0
[CHAIN] e3b48556bbeb7db0 -> fd5e9b00913f451a
[CHAIN] fd5e9b00913f451a -> 4f137f87e68e81d5
[CHAIN] 4f137f87e68e81d5 -> 400220c760bf8873
[CHAIN] 400220c760bf8873 -> 82abf2738442cf14
[CHAIN] 82abf2738442cf14 -> c24b26d6a205ad9d
[CHAIN] c24b26d6a205ad9d -> 8d9ba3b91458bebc
[CHAIN] 8d9ba3b91458bebc -> 9d46e5366315ea35
[CHAIN] 9d46e5366315ea35 -> 51577918f4bbfcf8
[CHAIN] 51577918f4bbfcf8 -> 427b07d2fe06ebb9
[CHAIN] 427b07d2fe06ebb9 -> c69016c98638c1c1
[CHAIN] c69016c98638c1c1 -> 320bea0b4ac70b10
[CHAIN] 320bea0b4ac70b10 -> 951fcc681ed7cade
[CHAIN] 951fcc681ed7cade -> 1be0a653a6f97d20
[CHAIN] 1be0a653a6f97d20 -> 2b349d3dee6516f3
[CHAIN] 2b349d3dee6516f3 -> 557d6911e90c23e3
[CHAIN] 557d6911e90c23e3 -> f8688c34fe49af4f
[CHAIN] f8688c34fe49af4f -> 0e2ec2733bd80012
[CHAIN] 0e2ec2733bd80012 -> 5a47b5b8c6afadcd
[CHAIN] 5a47b5b8c6afadcd -> 3a9bbabf48608fd1
[CHAIN] 3a9bbabf48608fd1 -> dfd10f412014ed1c
[CHAIN] dfd10f412014ed1c -> 4069c668a966f9d6
[CHAIN] 4069c668a966f9d6 -> a08fe7565d04af21
[CHAIN] a08fe7565d04af21 -> cbf3f5ab92f9d1a9
[CHAIN] cbf3f5ab92f9d1a9 -> c715618bd67dfa0b
[CHAIN] c715618bd67dfa0b -> e7c3c240623dbcfc
[CHAIN] e7c3c240623dbcfc -> 0422f580abf88532
[CHAIN] 0422f580abf88532 -> 6ab256db88b714e1
[CHAIN] 6ab256db88b714e1 -> 655af577453e97cb
[CHAIN] 655af577453e97cb -> 1dfefdfad6fcb898
[CHAIN] 1dfefdfad6fcb898 -> 9de2ffff223ed452
[CHAIN] 9de2ffff223ed452 -> 767ea42915ab5756
[CHAIN] 767ea42915ab5756 -> fa4dfede1a1ca7d7
[CHAIN] fa4dfede1a1ca7d7 -> 838e94b2c410201b
[CHAIN] 838e94b2c410201b -> 342a9848bfb050dc
[CHAIN] 342a9848bfb050dc -> 23ef15a60d4f880b
[CHAIN] 23ef15a60d4f880b -> 92b33d931a728342
[CHAIN] 92b33d931a728342 -> 1264226da0ca6331
[CHAIN] 1264226da0ca6331 -> 341730bda6e04126
[CHAIN] 341730bda6e04126 -> bf48a0f9c0bcdf26
[CHAIN] bf48a0f9c0bcdf26 -> efe0b22587978add
[CHAIN] efe0b22587978add -> 4acff03d296a130e
[CHAIN] 4acff03d296a130e -> 207f110d7f7d2045
[CHAIN] 207f110d7f7d2045 -> 847bb0022b3e2059
[CHAIN] 847bb0022b3e2059 -> ebe272807a69f355
[CHAIN] ebe272807a69f355 -> a0a9cb00f0ba9ec4
[CHAIN] a0a9cb00f0ba9ec4 -> c39362105ec33c8e
[CHAIN] c39362105ec33c8e -> 030dac8602aa6c87
[CHAIN] 030dac8602aa6c87 -> 140c6a3a10c1cc77
[CHAIN] 140c6a3a10c1cc77 -> da23684fc7911325
[CHAIN] da23684fc7911325 -> faec02213e5c30a8
[CHAIN] faec02213e5c30a8 -> 62c4cef3e19a21e6
[CHAIN] 62c4cef3e19a21e6 -> 24c9e884125beb3c
[CHAIN] 24c9e884125beb3c -> 26530ac77b89c26b
[CHAIN] 26530ac77b89c26b -> 35d8f3d6ede47311
[CHAIN] 35d8f3d6ede47311 -> c13d881ccd2b643f
[CHAIN] c13d881ccd2b643f -> cf52b80e293e1b03
[CHAIN] cf52b80e293e1b03 -> 3c66754dc5a300f6
[CHAIN] 3c66754dc5a300f6 -> 97fdb5ca9bb36588
[CHAIN] 97fdb5ca9bb36588 -> b06653e9244f667d
[CHAIN] b06653e9244f667d -> 60928b70497f605e
[CHAIN] 60928b70497f605e -> 496860b1a0922118
[CHAIN] 496860b1a0922118 -> ca38ce28b4828c05
[CHAIN] ca38ce28b4828c05 -> f1e0b998a817d6fd
[CHAIN] f1e0b998a817d6fd -> 9ec55d3f447236da
[CHAIN] 9ec55d3f447236da -> 3107eefab917925f
[CHAIN] 3107eefab917925f -> 9e812eb357d35e9d
[CHAIN] 9e812eb357d35e9d -> cb12a63090faa541
[CHAIN] cb12a63090faa541 -> 108e674e21c4c284
[CHAIN] 108e674e21c4c284 -> 97a5f8bdd844f020
[CHAIN] 97a5f8bdd844f020 -> 95326c204e0638cf
[CHAIN] 95326c204e0638cf -> 42ad343957ef693f
[CHAIN] 42ad343957ef693f -> 1e76edc3a8c03818
[CHAIN] 1e76edc3a8c03818 -> 49ed329f0ad268a6
[CHAIN] 49ed329f0ad268a6 -> 7aac3898318beba5
[CHAIN] 7aac3898318beba5 -> 54148ca2db553c7f
[CHAIN] 54148ca2db553c7f -> ccb742b28afc21ff
[CHAIN] ccb742b28afc21ff -> 672b67ea07113541
[CHAIN] 672b67ea07113541 -> b7d17674780b41a8
[CHAIN] b7d17674780b41a8 -> 8eb1186fa0846553
[CHAIN] 8eb1186fa0846553 -> 52a3af6670d0d374
[CHAIN] 52a3af6670d0d374 -> cc11fc2855119112
[CHAIN] cc11fc2855119112 -> ef0f03906e24076f
[CHAIN] ef0f03906e24076f -> 68559f38979eded8
[CHAIN] 68559f38979eded8 -> 5ba211b0ad99c420
[CHAIN] 5ba211b0ad99c420 -> b6b35e0cae5a96aa
[CHAIN] b6b35e0cae5a96aa -> 78c9d02429b8d0ae
[CHAIN] 78c9d02429b8d0ae -> c9463daed87d61c8
[CHAIN] c9463daed87d61c8 -> 6d38811c9918cc39
[CHAIN] 6d38811c9918cc39 -> 68286d4a979de05e
[CHAIN] 68286d4a979de05e -> 5455847b276c2f5b
[CHAIN] 5455847b276c2f5b -> a997ff1564f4ead9
[CHAIN] a997ff1564f4ead9 -> b88f2597b3aeba7d
[CHAIN] b88f2597b3aeba7d -> 63e0c71705ef9108
[CHAIN] 63e0c71705ef9108 -> bcd7c1e390f4c3f6
[CHAIN] bcd7c1e390f4c3f6 -> 793c3740cc53ed2e
[CHAIN] 793c3740cc53ed2e -> 907e76a9eccbfc76
[CHAIN] 907e76a9eccbfc76 -> c56e032bd8a55916
[CHAIN] c56e032bd8a55916 -> bc370f22494df676
[CHAIN] bc370f22494df676 -> 11b6c4989b70a6fd
[CHAIN] 11b6c4989b70a6fd -> 91ad78bc1cdc1d8a
[CHAIN] 91ad78bc1cdc1d8a -> 5055da8c4c2badb5
[CHAIN] 5055da8c4c2badb5 -> 816c20534624b073
[CHAIN] 816c20534624b073 -> 30b5d17409af4540
[CHAIN] 30b5d17409af4540 -> 04e8b70c40279af4
[CHAIN] 04e8b70c40279af4 -> 43933fe3f02e055b
[CHAIN] 43933fe3f02e055b -> 34279a945df98b6b
[CHAIN] 34279a945df98b6b -> e7585100700769e0
[CHAIN] e7585100700769e0 -> a41df6b79be20b03
[CHAIN] a41df6b79be20b03 -> c5e83d266f6d48f5
[CHAIN] c5e83d266f6d48f5 -> 1cbb819e187fdd0e
[CHAIN] 1cbb819e187fdd0e -> 9da35e6bca3b0da2
[CHAIN] 9da35e6bca3b0da2 -> 6b81ca8c43a354d1
[CHAIN] 6b81ca8c43a354d1 -> 76f20ba50f4cfe6d
[CHAIN] 76f20ba50f4cfe6d -> 049b3ecc7873253a
[CHAIN] 049b3ecc7873253a -> 709f7725a90e2ae5
[CHAIN] 709f7725a90e2ae5 -> 85c4adb434f5d95c
[CHAIN] 85c4adb434f5d95c -> b6c3e5be00d4ed06
[CHAIN] b6c3e5be00d4ed06 -> ffacb8884c9ddd79
[CHAIN] ffacb8884c9ddd79 -> 1765039f3009c0a7
[CHAIN] 1765039f3009c0a7 -> b48d8d8805620488
[CHAIN] b48d8d8805620488 -> 86f046c65d1dafac
[CHAIN] 86f046c65d1dafac -> 2889a9a6812cbd17
[CHAIN] 2889a9a6812cbd17 -> 57caaf486bcdec73
[CHAIN] 57caaf486bcdec73 -> d7f2938d1fc2282e
[CHAIN] d7f2938d1fc2282e -> 0df82988aceaff9d
[CHAIN] 0df82988aceaff9d -> dc3d2eff3c80cbf9
[CHAIN] dc3d2eff3c80cbf9 -> fabd35d9a82679fc
[CHAIN] fabd35d9a82679fc -> 8a6b05d7ed074656
[CHAIN] 8a6b05d7ed074656 -> 0a7376823671fe01
[CHAIN] 0a7376823671fe01 -> f77db57d15475fbf
[CHAIN] f77db57d15475fbf -> d64f7e5214010634
[CHAIN] d64f7e5214010634 -> 265a4b6ef2fca69d
[CHAIN] 265a4b6ef2fca69d -> 6b006c15eb550a8f
[CHAIN] 6b006c15eb550a8f -> c2c37c4f5d106219
[CHAIN] c2c37c4f5d106219 -> 584ed9f1f7076992
[CHAIN] 584ed9f1f7076992 -> 6862aa74cd4e420a
[CHAIN] 6862aa74cd4e420a -> 7e27d4d7abad1d9b
[CHAIN] 7e27d4d7abad1d9b -> 67be0dcd685ef712
[CHAIN] 67be0dcd685ef712 -> 4c3ca188cad495b5
[CHAIN] 4c3ca188cad495b5 -> ba6f66489f9d2894
[CHAIN] ba6f66489f9d2894 -> 97f2edaee71404d2
[CHAIN] 97f2edaee71404d2 -> 168bbc29544b0c44
[CHAIN] 168bbc29544b0c44 -> 99648aa1e962baa0
[CHAIN] 99648aa1e962baa0 -> a2ab796bda42b8c7
[CHAIN] a2ab796bda42b8c7 -> 4bb2335f3a8c1ad5
[CHAIN] 4bb2335f3a8c1ad5 -> 2678d75637c09edb
[CHAIN] 2678d75637c09edb -> 506427c86a8078a3
[CHAIN] 506427c86a8078a3 -> 2c94d4c95865d0f5
[CHAIN] 2c94d4c95865d0f5 -> fc76fc71e21bfd40
[CHAIN] fc76fc71e21bfd40 -> 04921e20b577ca4f
[CHAIN] 04921e20b577ca4f -> 19b480b9283eca27
[CHAIN] 19b480b9283eca27 -> 5fce3974ee560a52
[CHAIN] 5fce3974ee560a52 -> 8309d5aaaf85d4b3
[CHAIN] 8309d5aaaf85d4b3 -> 1c168143e1af67d6
[CHAIN] 1c168143e1af67d6 -> d3d79192f82d190d
[CHAIN] d3d79192f82d190d -> d144fe9496bf446f
[CHAIN] d144fe9496bf446f -> fce22357322fbc2e
[CHAIN] fce22357322fbc2e -> 089bc7644b8ee770
[CHAIN] 089bc7644b8ee770 -> 50879428d75cc3d7
[CHAIN] 50879428d75cc3d7 -> 1b876096ac9a9b83
[CHAIN] 1b876096ac9a9b83 -> 2509364a267e4951
[CHAIN] 2509364a267e4951 -> 0517a54323267f69
[CHAIN] 0517a54323267f69 -> 16c4b92be56c2e06
[CHAIN] 16c4b92be56c2e06 -> 661dc77317ceba19
[CHAIN] 661dc77317ceba19 -> c6db8fbd79c4a765
[CHAIN] c6db8fbd79c4a765 -> 9c91db5e3a81ef48
[CHAIN] 9c91db5e3a81ef48 -> bf1e95a6a5daf551
[CHAIN] bf1e95a6a5daf551 -> 544cb462baefd53a
[CHAIN] 544cb462baefd53a -> 8e4e636bb1dc1795
[CHAIN] 8e4e636bb1dc1795 -> 649fefb2a664616e
[CHAIN] 649fefb2a664616e -> b75f23e80a69234a
[CHAIN] b75f23e80a69234a -> 79e76a9df7b3ded1
[CHAIN] 79e76a9df7b3ded1 -> ea4e3156590cb53a
[CHAIN] ea4e3156590cb53a -> 50c73843073ac02d
[CHAIN] 50c73843073ac02d -> 1b3fef11367d044c
[CHAIN] 1b3fef11367d044c -> b04b63ce502a0482
[CHAIN] b04b63ce502a0482 -> 0278d598307c43c3
[CHAIN] 0278d598307c43c3 -> a6a0e8163072f9c7
[CHAIN] a6a0e8163072f9c7 -> 8ecb17a511fecc5f
[CHAIN] 8ecb17a511fecc5f -> d33dc3487832e274
[CHAIN] d33dc3487832e274 -> a782c8e40a342f3b
[CHAIN] a782c8e40a342f3b -> 329103152360e67a
[CHAIN] 329103152360e67a -> bf017bbf2f9e7db0
[CHAIN] bf017bbf2f9e7db0 -> 505af0ef815bb172
[CHAIN] 505af0ef815bb172 -> b5d91e17f81519d8
[CHAIN] b5d91e17f81519d8 -> bae73579085188f2
[CHAIN] bae73579085188f2 -> 0edf5edef73449c6
[CHAIN] 0edf5edef73449c6 -> 3dedffc89f169514
[CHAIN] 3dedffc89f169514 -> bb6e2f389b403ba8
[CHAIN] bb6e2f389b403ba8 -> 7b1a60f92cb0a1c6
[CHAIN] 7b1a60f92cb0a1c6 -> 85e5de5d8feadd1d
[CHAIN] 85e5de5d8feadd1d -> ad01dd50750c67d7
[CHAIN] ad01dd50750c67d7 -> a24d25800653ed27
[CHAIN] a24d25800653ed27 -> 2f9dc1040fb26955
[CHAIN] 2f9dc1040fb26955 -> ec8adc5903ee51b9
[CHAIN] ec8adc5903ee51b9 -> 3d7b54c8e3bebaca
[CHAIN] 3d7b54c8e3bebaca -> e3166690b09bcb63
[CHAIN] e3166690b09bcb63 -> 6d14efaad7c819e2
[CHAIN] 6d14efaad7c819e2 -> 8eaece5b5afaa59f
[CHAIN] 8eaece5b5afaa59f -> 44991b79d2fb2477
[CHAIN] 44991b79d2fb2477 -> 637dc75dbf573ded
[CHAIN] 637dc75dbf573ded -> 4d5147372ef74b8c
[CHAIN] 4d5147372ef74b8c -> ada8e548c17b608e
[CHAIN] ada8e548c17b608e -> a402c48490870d20
[CHAIN] a402c48490870d20 -> 328d23e0b1100530
[CHAIN] 328d23e0b1100530 -> 81b9c5ef83cec7fd
[CHAIN] 81b9c5ef83cec7fd -> 01d188d66d219080
[CHAIN] 01d188d66d219080 -> 8889371d06f78890
[CHAIN] 8889371d06f78890 -> fbf53a61098a2396
[CHAIN] fbf53a61098a2396 -> e846da8a7c79f3c6
[CHAIN] e846da8a7c79f3c6 -> e025aab944a99a9f
[CHAIN] e025aab944a99a9f -> 17f84f1aa3c6559b
[CHAIN] 17f84f1aa3c6559b -> a46317feb520075c
[CHAIN] a46317feb520075c -> 98e518a1acecdf7e
[CHAIN] 98e518a1acecdf7e -> aa2d5db1ca22b3f1
[CHAIN] aa2d5db1ca22b3f1 -> b22e0aa8405db55d
[CHAIN] b22e0aa8405db55d -> 41ed37fd9fc13716
[CHAIN] 41ed37fd9fc13716 -> fa3accca86357f91
[CHAIN] fa3accca86357f91 -> 29a390a27fd92e3a
[CHAIN] 29a390a27fd92e3a -> 74dfb6f42981117f
[CHAIN] 74dfb6f42981117f -> 8701bfec1100ab9f
[CHAIN] 8701bfec1100ab9f -> d67c09e69acf5483
[CHAIN] d67c09e69acf5483 -> 91b47cf53c099c1f
[CHAIN] 91b47cf53c099c1f -> cbc8e8deca3fd091
[CHAIN] cbc8e8deca3fd091 -> 9528c0e176ff6b66
[CHAIN] 9528c0e176ff6b66 -> 216b35c464bdf93d
[CHAIN] 216b35c464bdf93d -> e1d307dda65f1e25
[CHAIN] e1d307dda65f1e25 -> dce18a4e2872ee15
[CHAIN] dce18a4e2872ee15 -> c5c237151b72fc00
[CHAIN] c5c237151b72fc00 -> 6e040cba1120af54
[CHAIN] 6e040cba1120af54 -> a9832d9ad5523e29
[CHAIN] a9832d9ad5523e29 -> 08c20f295c6c73bb
[CHAIN] 08c20f295c6c73bb -> 5351df48221af02d
[CHAIN] 5351df48221af02d -> ccf402d596e66509
[CHAIN] ccf402d596e66509 -> 6611c93d109f189b
[CHAIN] 6611c93d109f189b -> d01ca5760942078b
[CHAIN] d01ca5760942078b -> 397d363850d5fc6f
[CHAIN] 397d363850d5fc6f -> bad401ce7e2e0cf8
[CHAIN] bad401ce7e2e0cf8 -> 9ddfade77a7c47d1
[CHAIN] 9ddfade77a7c47d1 -> 0b278fecf845884f
[CHAIN] 0b278fecf845884f -> 268eab8c8ff03c26
[CHAIN] 268eab8c8ff03c26 -> bb535f23d9ac78ec
[CHAIN] bb535f23d9ac78ec -> 10ddd2cb9cbf3a34
[CHAIN] 10ddd2cb9cbf3a34 -> cfcd0fa003c8ccc9
[CHAIN] cfcd0fa003c8ccc9 -> 7d109b567dfe81b9
[CHAIN] 7d109b567dfe81b9 -> 0a5b85b8347faadb
[CHAIN] 0a5b85b8347faadb -> bdaf5b7410f45e6c
[CHAIN] bdaf5b7410f45e6c -> bb1ed66a591065b6
[CHAIN] bb1ed66a591065b6 -> d08f26fe99e8e4b8
[CHAIN] d08f26fe99e8e4b8 -> 40eb26faf318e43f
[CHAIN] 40eb26faf318e43f -> 0ef52bb5469dd9da
[CHAIN] 0ef52bb5469dd9da -> cbd707accb0bc5b3
[CHAIN] cbd707accb0bc5b3 -> d30fa5643b77ab8e
[CHAIN] d30fa5643b77ab8e -> 0c443a2939d74c1c
[CHAIN] 0c443a2939d74c1c -> 260df421f873437b
[CHAIN] 260df421f873437b -> 61fea8af7af942b5
[CHAIN] 61fea8af7af942b5 -> 74186217e9f1d555
[CHAIN] 74186217e9f1d555 -> 42ff1449cbd714b0
[CHAIN] 42ff1449cbd714b0 -> b9311c10ee585046
[CHAIN] b9311c10ee585046 -> 4e3740fb7fb3cd61
[CHAIN] 4e3740fb7fb3cd61 -> 14b8a5aa950acc7d
[CHAIN] 14b8a5aa950acc7d -> 6b18a722774ca2e2
[CHAIN] 6b18a722774ca2e2 -> 149b066673ea9a5f
[CHAIN] 149b066673ea9a5f -> 0e79c0249a5ff112
[CHAIN] 0e79c0249a5ff112 -> 0fd2109946cfb733
[CHAIN] 0fd2109946cfb733 -> 1185585ded271b10
[CHAIN] 1185585ded271b10 -> 5643be3c89b812ab
[CHAIN] 5643be3c89b812ab -> c84033084c6c6e1f
[CHAIN] c84033084c6c6e1f -> 3607d6d03729f771
[CHAIN] 3607d6d03729f771 -> cfec65d218647fd9
[CHAIN] cfec65d218647fd9 -> 6034889bb53a0aae
[CHAIN] 6034889bb53a0aae -> 00717f1f3a2dbe49
[CHAIN] 00717f1f3a2dbe49 -> f5592cb73611328d
[CHAIN] f5592cb73611328d -> cb0a22167a9d0616
[CHAIN] cb0a22167a9d0616 -> 2eda778b0ffa917f
[CHAIN] 2eda778b0ffa917f -> aa63fb97d475c222
[CHAIN] aa63fb97d475c222 -> d846e3115123d88a
[CHAIN] d846e3115123d88a -> 377b998cc71f98b4
[CHAIN] 377b998cc71f98b4 -> af9481dfc771f689
[CHAIN] af9481dfc771f689 -> aac4ede89142ef1c
[CHAIN] aac4ede89142ef1c -> b98d45b456fb53b0
[CHAIN] b98d45b456fb53b0 -> d83d574e66bb3c49
[CHAIN] d83d574e66bb3c49 -> 8e468ca4a929c729
[CHAIN] 8e468ca4a929c729 -> b3c4868daf84f69f
[CHAIN] b3c4868daf84f69f -> f458facb83a74e91
[CHAIN] f458facb83a74e91 -> aef39b4092b4f3e1
[CHAIN] aef39b4092b4f3e1 -> 8f30720d9e67551c
[CHAIN] 8f30720d9e67551c -> 8eea4197156c8563
[CHAIN] 8eea4197156c8563 -> 9c058755c975dde4
[CHAIN] 9c058755c975dde4 -> 5a19ce6e36264644
[CHAIN] 5a19ce6e36264644 -> 7d455ff2cf88a5ac
[CHAIN] 7d455ff2cf88a5ac -> a7859e04f2ac102d
[CHAIN] a7859e04f2ac102d -> 94a6ea61e3957768
[CHAIN] 94a6ea61e3957768 -> fb2ad8766c8ce974
[CHAIN] fb2ad8766c8ce974 -> aa2d3ea59d183eca
[CHAIN] aa2d3ea59d183eca -> e010711ca7aef550
[CHAIN] e010711ca7aef550 -> 30eff99ed0ad183e
[CHAIN] 30eff99ed0ad183e -> 50b84473473727b5
[CHAIN] 50b84473473727b5 -> f451dbf515e81f94
[CHAIN] f451dbf515e81f94 -> e50609cabe724ae2
[CHAIN] e50609cabe724ae2 -> 300f67c60f0c84e0
[CHAIN] 300f67c60f0c84e0 -> ffec012ea6b7255a
[CHAIN] ffec012ea6b7255a -> 720563979edc19cf
[CHAIN] 720563979edc19cf -> 32dfbba455747353
[CHAIN] 32dfbba455747353 -> 610497e06883ddd5
[CHAIN] 610497e06883ddd5 -> 67baf6d5bbd5f01e
[CHAIN] 67baf6d5bbd5f01e -> 905c5ea7eca3e547
[CHAIN] 905c5ea7eca3e547 -> fa7a5fc6aed998a5
[CHAIN] fa7a5fc6aed998a5 -> 2b05b36fb02abf83
[CHAIN] 2b05b36fb02abf83 -> e88ab41467e225f3
[CHAIN] e88ab41467e225f3 -> 3349fa4064363637
[CHAIN] 3349fa4064363637 -> 4d186ea7c796b4e7
[CHAIN] 4d186ea7c796b4e7 -> 89aa734bf40f73f6
[CHAIN] 89aa734bf40f73f6 -> 87a2e9365d02f59b
[CHAIN] 87a2e9365d02f59b -> 7e19a3837bd7f56a
[CHAIN] 7e19a3837bd7f56a -> 6ff8c711f24b8e26
[CHAIN] 6ff8c711f24b8e26 -> 254e8d32fae2d979
[CHAIN] 254e8d32fae2d979 -> e3bdaa043321cbcd
[CHAIN] e3bdaa043321cbcd -> 9a6998bafac3bce5
[CHAIN] 9a6998bafac3bce5 -> 7171558f1688d233
[CHAIN] 7171558f1688d233 -> f710311225654a11
[CHAIN] f710311225654a11 -> 19469ce0a1f3f2f4
[CHAIN] 19469ce0a1f3f2f4 -> f8f24c460a32c696
[CHAIN] f8f24c460a32c696 -> 3240e7b73b668649
[CHAIN] 3240e7b73b668649 -> 439c4644de41343c
[CHAIN] 439c4644de41343c -> a7b88152f33415f3
[CHAIN] a7b88152f33415f3 -> cafd6b99ff108754
[CHAIN] cafd6b99ff108754 -> 4e0740601d31faac
[CHAIN] 4e0740601d31faac -> 44f191e7dcebf92d
[CHAIN] 44f191e7dcebf92d -> ecd8ff24dbc5c48f
[CHAIN] ecd8ff24dbc5c48f -> 2008fba0b6cade07
[CHAIN] 2008fba0b6cade07 -> 0fc2b356c6478207
[CHAIN] 0fc2b356c6478207 -> 9c3080a86b3fa9b2
[CHAIN] 9c3080a86b3fa9b2 -> 9f30b495b567d9c8
[CHAIN] 9f30b495b567d9c8 -> 2de20226cfed28f1
[CHAIN] 2de20226cfed28f1 -> 4348f7b6a6f9a53a
[CHAIN] 4348f7b6a6f9a53a -> 500b78ed5f6e6d1f
[CHAIN] 500b78ed5f6e6d1f -> a7cff31f262306ee
[CHAIN] a7cff31f262306ee -> 9e1a27cda022695f
[CHAIN] 9e1a27cda022695f -> 50f665024021aa15
[CHAIN] 50f665024021aa15 -> 5383b0c106917263
[CHAIN] 5383b0c106917263 -> d34b8663cdaa12e1
[CHAIN] d34b8663cdaa12e1 -> e9483c7f59c917dc
[CHAIN] e9483c7f59c917dc -> 2b664a9ae893855a
[CHAIN] 2b664a9ae893855a -> d57d183f8eda6708
[CHAIN] d57d183f8eda6708 -> 0a35332caef4dd66
[CHAIN] 0a35332caef4dd66 -> 082f0fdff6c21c5a
[CHAIN] 082f0fdff6c21c5a -> c06b2de2fdc500de
[CHAIN] c06b2de2fdc500de -> 87177342e872fa78
[CHAIN] 87177342e872fa78 -> d31f3de8bb2e77d4
[CHAIN] d31f3de8bb2e77d4 -> 40149e3ef519fc76
[CHAIN] 40149e3ef519fc76 -> 2d1139976f83d8e2
[CHAIN] 2d1139976f83d8e2 -> 674e5d18c71e93bc
[CHAIN] 674e5d18c71e93bc -> 3ab24c8dee0e2425
[CHAIN] 3ab24c8dee0e2425 -> 6e28ef6a555e760f
[CHAIN] 6e28ef6a555e760f -> 56f2bdfccacbe022
[CHAIN] 56f2bdfccacbe022 -> 938662e1907a6d6b
[CHAIN] 938662e1907a6d6b -> 753272fcde54df3a
[CHAIN] 753272fcde54df3a -> 1b2a136aeab16073
[CHAIN] 1b2a136aeab16073 -> 25f344f3e38f02a3
[CHAIN] 25f344f3e38f02a3 -> 9cbcb2cfe9823555
[CHAIN] 9cbcb2cfe9823555 -> 162541bfd6df5fbd
[CHAIN] 162541bfd6df5fbd -> 54476d610e09b187
[CHAIN] 54476d610e09b187 -> b5763912da8839a9
[CHAIN] b5763912da8839a9 -> ac8ba678b1be0c2a
[CHAIN] ac8ba678b1be0c2a -> 5e952898983595cd
[CHAIN] 5e952898983595cd -> 14177de69914cf07
[CHAIN] 14177de69914cf07 -> 773c7fa92b71f673
[CHAIN] 773c7fa92b71f673 -> e3137a7a3eeb91c5
[CHAIN] e3137a7a3eeb91c5 -> bdbeef0c9dc72829
[CHAIN] bdbeef0c9dc72829 -> 7765fadc86aa53d3
[CHAIN] 7765fadc86aa53d3 -> 115d67b53fb07b30
[CHAIN] 115d67b53fb07b30 -> 5e8bfe04b43a1e79
[CHAIN] 5e8bfe04b43a1e79 -> e4295b74e2bd3b42
[CHAIN] e4295b74e2bd3b42 -> a720b70b2938b379
[CHAIN] a720b70b2938b379 -> 37b493e57187939d
[CHAIN] 37b493e57187939d -> 2f2bbe88b74cd9d6
[CHAIN] 2f2bbe88b74cd9d6 -> a759d4e4694832a2
[CHAIN] a759d4e4694832a2 -> 0a288869287a40c7
[CHAIN] 0a288869287a40c7 -> df5380a024d8cb67
[CHAIN] df5380a024d8cb67 -> da85f527eee762f5
[CHAIN] da85f527eee762f5 -> 4d66cccd2fb2c7f2
[CHAIN] 4d66cccd2fb2c7f2 -> e5943506722527d9
[CHAIN] e5943506722527d9 -> 25a08f50888b1ad9
[CHAIN] 25a08f50888b1ad9 -> a0cdcfb80de2a157
[CHAIN] a0cdcfb80de2a157 -> 8586d1a9bce9d99f
[CHAIN] 8586d1a9bce9d99f -> 5c3f01a82c619364
[CHAIN] 5c3f01a82c619364 -> 1948a6a1bb167688
[CHAIN] 1948a6a1bb167688 -> a645e0317c091803
[CHAIN] a645e0317c091803 -> c46764ad2dd351c4
[CHAIN] c46764ad2dd351c4 -> 30d8db5812790e45
[CHAIN] 30d8db5812790e45 -> 1e34f04b1f047a53
[CHAIN] 1e34f04b1f047a53 -> aaeadac7574793e4
[CHAIN] aaeadac7574793e4 -> 66a80802744fe5cc
[CHAIN] 66a80802744fe5cc -> 4db4ce693f5221e2
[CHAIN] 4db4ce693f5221e2 -> c0c0cb19583906d0
[CHAIN] c0c0cb19583906d0 -> 678f475db7461e08
[CHAIN] 678f475db7461e08 -> 47a761ee7536f973
[CHAIN] 47a761ee7536f973 -> dec0fe1febfdf432
[CHAIN] dec0fe1febfdf432 -> 73693b9fa2598d4c
[CHAIN] 73693b9fa2598d4c -> 999338a22dc5dc5e
[CHAIN] 999338a22dc5dc5e -> 2677e23b3797cc76
[CHAIN] 2677e23b3797cc76 -> 6437d5b85e5d6332
[CHAIN] 6437d5b85e5d6332 -> 80d4eaeecf4e6599
[CHAIN] 80d4eaeecf4e6599 -> 0d91aa14162bcfb9
[CHAIN] 0d91aa14162bcfb9 -> 55b5d032aa6faf9c
[CHAIN] 55b5d032aa6faf9c -> f4bdc77f4166e8f4
[CHAIN] f4bdc77f4166e8f4 -> 949b05468f9e8621
[CHAIN] 949b05468f9e8621 -> 4e0742715051b73d
[CHAIN] 4e0742715051b73d -> 70191e05bf318597
[CHAIN] 70191e05bf318597 -> d3b51cb681f7a9ba
[CHAIN] d3b51cb681f7a9ba -> 24463c772cd7ffe7
[CHAIN] 24463c772cd7ffe7 -> 090cb7d411fb19bb
[CHAIN] 090cb7d411fb19bb -> 32b241b377524d7e
[CHAIN] 32b241b377524d7e -> e39d72ab034db862
[CHAIN] e39d72ab034db862 -> f7b43c05c6dcebf2
[CHAIN] f7b43c05c6dcebf2 -> 651705d8ea5591e8
[CHAIN] 651705d8ea5591e8 -> ab4787bc75efffeb
[CHAIN] ab4787bc75efffeb -> 09994d0018516c5d
[CHAIN] 09994d0018516c5d -> a9453b146f62fdef
[CHAIN] a9453b146f62fdef -> 45c2d79a059a1e4d
[CHAIN] 45c2d79a059a1e4d -> 37e55ba992f6002e
[CHAIN] 37e55ba992f6002e -> 8aba16bd7ac19af9
[CHAIN] 8aba16bd7ac19af9 -> 2e51b636bfc6df25
[CHAIN] 2e51b636bfc6df25 -> b0757bb573009889
[CHAIN] b0757bb573009889 -> 857aa7817628172a
[CHAIN] 857aa7817628172a -> d095ea3bdac50056
[CHAIN] d095ea3bdac50056 -> 3050e2504623e15a
[CHAIN] 3050e2504623e15a -> 2dff14b1dbaa5b3e
[CHAIN] 2dff14b1dbaa5b3e -> ee4c56dd57052a15
[CHAIN] ee4c56dd57052a15 -> 844df4e1a91f72a8
[CHAIN] 844df4e1a91f72a8 -> d4a7917df63b1165
[CHAIN] d4a7917df63b1165 -> ad56151ba2b9697e
[CHAIN] ad56151ba2b9697e -> e48c571bab8505fb
[CHAIN] e48c571bab8505fb -> 9ad5d011660f1f6b
[CHAIN] 9ad5d011660f1f6b -> 95dc5a6682f401ad
[CHAIN] 95dc5a6682f401ad -> c15997a77485c841
[CHAIN] c15997a77485c841 -> 19028e24fb25dca3
[CHAIN] 19028e24fb25dca3 -> cf3109d42668d8c1
[CHAIN] cf3109d42668d8c1 -> fbcdfb55fd9a714b
[CHAIN] fbcdfb55fd9a714b -> 1949c155a4b36b6b
[CHAIN] 1949c155a4b36b6b -> 265e201f6cc9d818
[CHAIN] 265e201f6cc9d818 -> 093bed8952eb15bc
[CHAIN] 093bed8952eb15bc -> 6216f9d366d1b64b
[CHAIN] 6216f9d366d1b64b -> 860e160acb1f01dd
[CHAIN] 860e160acb1f01dd -> c72f56e4de79364c
[CHAIN] c72f56e4de79364c -> 9301f9c473f046fa
[CHAIN] 9301f9c473f046fa -> 34c02e08014b0d3f
[CHAIN] 34c02e08014b0d3f -> 22d48556b509b392
[CHAIN] 22d48556b509b392 -> abcba864e87e82bd
[CHAIN] abcba864e87e82bd -> 5e1bea0f17e5098c
[CHAIN] 5e1bea0f17e5098c -> 0c9669dc36cf0236
[CHAIN] 0c9669dc36cf0236 -> 87909f401b0b8448
[CHAIN] 87909f401b0b8448 -> 54d561a6fd2ffb59
[CHAIN] 54d561a6fd2ffb59 -> 2d1b18fb3a8f663d
[CHAIN] 2d1b18fb3a8f663d -> 4701e1b3c72b8eae
[CHAIN] 4701e1b3c72b8eae -> 084b3eb47124a44d
[CHAIN] 084b3eb47124a44d -> 3126ab15ad7d16f0
[CHAIN] 3126ab15ad7d16f0 -> b4d8bffc865f36e1
[CHAIN] b4d8bffc865f36e1 -> 5ad6c22398973ae0
[CHAIN] 5ad6c22398973ae0 -> 4ea59205b017af91
[CHAIN] 4ea59205b017af91 -> 985feb94fc3cb2fa
[CHAIN] 985feb94fc3cb2fa -> 396bae4603d01d4b
[CHAIN] 396bae4603d01d4b -> f3802cb2ac01aaed
[CHAIN] f3802cb2ac01aaed -> 93ff2f5688152993
[CHAIN] 93ff2f5688152993 -> 536f35f98462133c
[CHAIN] 536f35f98462133c -> 03b6eabd2b300596
[CHAIN] 03b6eabd2b300596 -> 5e9a691208ab06c1
[CHAIN] 5e9a691208ab06c1 -> 15233f33bae77059
[CHAIN] 15233f33bae77059 -> 3bc19aaed0323bfe
[CHAIN] 3bc19aaed0323bfe -> 52e8627f9300083f
[CHAIN] 52e8627f9300083f -> 8802536157ef6878
[CHAIN] 8802536157ef6878 -> acdd8d06287ef4f3
[CHAIN] acdd8d06287ef4f3 -> b97a258efc413b14
[CHAIN] b97a258efc413b14 -> 7c7bddcdb2e2d5a5
[CHAIN] 7c7bddcdb2e2d5a5 -> 826eeb860c1ee0be
[CHAIN] 826eeb860c1ee0be -> 2c6a60cf1f0a8525
[CHAIN] 2c6a60cf1f0a8525 -> f666dc6d0e909725
[CHAIN] f666dc6d0e909725 -> ac7cc6cf3d4e77e3
[CHAIN] ac7cc6cf3d4e77e3 -> affce000f692f31e
[CHAIN] affce000f692f31e -> 2e883c0e4e6250db
[CHAIN] 2e883c0e4e6250db -> d89493fde4318c6a
[CHAIN] d89493fde4318c6a -> 167b573e649d445d
[CHAIN] 167b573e649d445d -> 995ace183743023b
[CHAIN] 995ace183743023b -> 0ba31589ef7ba8ca
[CHAIN] 0ba31589ef7ba8ca -> 5602542cdf6ec29d
[CHAIN] 5602542cdf6ec29d -> 9849193ae0d7cd74
[CHAIN] 9849193ae0d7cd74 -> bef73fd71297aa8d
[CHAIN] bef73fd71297aa8d -> 2c571c58b088edbc
[CHAIN] 2c571c58b088edbc -> e7d47fd3a2eb89e0
[CHAIN] e7d47fd3a2eb89e0 -> 261e8b84e428e6c8
[CHAIN] 261e8b84e428e6c8 -> e01fbf117e276c27
[CHAIN] e01fbf117e276c27 -> 8e7d26a1ee616c85
[CHAIN] 8e7d26a1ee616c85 -> 3607a11309e067f0
[CHAIN] 3607a11309e067f0 -> 539af52c66600fd0
[CHAIN] 539af52c66600fd0 -> 20f5ceb7e917f1e9
[CHAIN] 20f5ceb7e917f1e9 -> 1eef7f1ed744911f
[CHAIN] 1eef7f1ed744911f -> 68019890cbe439f7
[CHAIN] 68019890cbe439f7 -> 35ed0a6d93bf5ade
[CHAIN] 35ed0a6d93bf5ade -> 5dd35e873f13ae4f
[CHAIN] 5dd35e873f13ae4f -> a417153995058839
[CHAIN] a417153995058839 -> 04d5734cd1320b56
[CHAIN] 04d5734cd1320b56 -> 113228fc77304c2d
[CHAIN] 113228fc77304c2d -> 2c2bb321f46d9a97
[CHAIN] 2c2bb321f46d9a97 -> 516b390acc29c6bb
[CHAIN] 516b390acc29c6bb -> 0a1243f9ae744341
[CHAIN] 0a1243f9ae744341 -> 1381b4ca5f4dd48b
[CHAIN] 1381b4ca5f4dd48b -> a0e671c6ebf22376
[CHAIN] a0e671c6ebf22376 -> ab81be3a34a11a65
[CHAIN] ab81be3a34a11a65 -> 0ff1d12645e6d8f0
[CHAIN] 0ff1d12645e6d8f0 -> 077d12d8c00145d5
[CHAIN] 077d12d8c00145d5 -> c13027e49a2be85a
[CHAIN] c13027e49a2be85a -> f52894060639ec18
[CHAIN] f52894060639ec18 -> fc7f2515eba3d5af
[CHAIN] fc7f2515eba3d5af -> 075f20ca71e9c526
[CHAIN] 075f20ca71e9c526 -> 124faa1cd7811ce4
[CHAIN] 124faa1cd7811ce4 -> de447150065268f3
[CHAIN] de447150065268f3 -> 117c76d27cda76f0
[CHAIN] 117c76d27cda76f0 -> bf43e16cb15b258b
[CHAIN] bf43e16cb15b258b -> 7add8047c2e7cff9
[CHAIN] 7add8047c2e7cff9 -> f5e0dff56f22451f
[CHAIN] f5e0dff56f22451f -> 2dda704561844ec7
[CHAIN] 2dda704561844ec7 -> 3a27ee81123d43e7
[CHAIN] 3a27ee81123d43e7 -> d8baa45b5703b469
[CHAIN] d8baa45b5703b469 -> 413b5b6ce6f377f3
[CHAIN] 413b5b6ce6f377f3 -> fd4e7721d5928384
[CHAIN] fd4e7721d5928384 -> 5fd6a412b5683bd9
[CHAIN] 5fd6a412b5683bd9 -> 7372a8f36da6c439
[CHAIN] 7372a8f36da6c439 -> 45da76c919de1b99
[CHAIN] 45da76c919de1b99 -> 933b75a8a99b21f2
[CHAIN] 933b75a8a99b21f2 -> c4fe358db3869518
[CHAIN] c4fe358db3869518 -> d80a662236b5db8e
[CHAIN] d80a662236b5db8e -> abcfb2ae09c7729f
[CHAIN] abcfb2ae09c7729f -> f0acb225f0ec2591
[CHAIN] f0acb225f0ec2591 -> e33e5e54279e7d5b
[CHAIN] e33e5e54279e7d5b -> 78780ec726271204
[CHAIN] 78780ec726271204 -> 93a4e36599b9cf82
[CHAIN] 93a4e36599b9cf82 -> 651e6c29f0c0a1d4
[CHAIN] 651e6c29f0c0a1d4 -> b69804a370c4e130
[CHAIN] b69804a370c4e130 -> d0923bd4c0506f40
[CHAIN] d0923bd4c0506f40 -> 1bfe1fbc1b7ecde0
[CHAIN] 1bfe1fbc1b7ecde0 -> e0288410c2359b73
[CHAIN] e0288410c2359b73 -> 15ce0e6ee2a47e07
[CHAIN] 15ce0e6ee2a47e07 -> 8915d3bdb6840e68
[CHAIN] 8915d3bdb6840e68 -> 5c55cda8956a7d09
[CHAIN] 5c55cda8956a7d09 -> 98363ba00eb64583
[CHAIN] 98363ba00eb64583 -> 775cc7f15bcc97db
[CHAIN] 775cc7f15bcc97db -> 5ee77ebaa2954b82
[CHAIN] 5ee77ebaa2954b82 -> 6a7cea684fc20cae
[CHAIN] 6a7cea684fc20cae -> 725513c6327abc3f
[CHAIN] 725513c6327abc3f -> 3d9189be851cbeaf
[CHAIN] 3d9189be851cbeaf -> e9543e5dfae8bc18
[CHAIN] e9543e5dfae8bc18 -> 564c115ca454e7ee
[CHAIN] 564c115ca454e7ee -> 30aba1c64528741e
[CHAIN] 30aba1c64528741e -> 21a08aaa9e862c61
[CHAIN] 21a08aaa9e862c61 -> ff732b7ac9f347be
[CHAIN] ff732b7ac9f347be -> 9332c30f57fc6e8f
[CHAIN] 9332c30f57fc6e8f -> 63e2cebd87a27ac7
[CHAIN] 63e2cebd87a27ac7 -> 50f90b3f119f1241
[CHAIN] 50f90b3f119f1241 -> 9327758d8a122995
[CHAIN] 9327758d8a122995 -> 437d4ec958b607b0
[CHAIN] 437d4ec958b607b0 -> a40c108551098015
[CHAIN] a40c108551098015 -> a3eced8f1249badd
[CHAIN] a3eced8f1249badd -> f8887bc7958cb4c0
[CHAIN] f8887bc7958cb4c0 -> 7bd7fac0e09ac795
[CHAIN] 7bd7fac0e09ac795 -> 1ae022868002b9b1
[CHAIN] 1ae022868002b9b1 -> 55fab56e4d0641fe
[CHAIN] 55fab56e4d0641fe -> 0a6c698d17b234b5
[CHAIN] 0a6c698d17b234b5 -> 6fc37ad02de95f7e
[CHAIN] 6fc37ad02de95f7e -> 1a669718e3dfbe5e
[CHAIN] 1a669718e3dfbe5e -> cb14df9e14fd3142
[CHAIN] cb14df9e14fd3142 -> 8765849999d80e8f
[CHAIN] 8765849999d80e8f -> ef96641554528845
[CHAIN] ef96641554528845 -> 13f0691ec48133db
[CHAIN] 13f0691ec48133db -> eb41c8e401cc5b84
[CHAIN] eb41c8e401cc5b84 -> d895b5a70a65da88
[CHAIN] d895b5a70a65da88 -> 147c8cee4f1825a2
[CHAIN] 147c8cee4f1825a2 -> 24985b80eafc5c64
[CHAIN] 24985b80eafc5c64 -> ab415dd29c5b0f9c
[CHAIN] ab415dd29c5b0f9c -> 51acb54b87fad5dc
[CHAIN] 51acb54b87fad5dc -> 6a625e354336b4f4
[CHAIN] 6a625e354336b4f4 -> 9d6df85e3df578d1
[CHAIN] 9d6df85e3df578d1 -> f42aca6bd188f4ac
[CHAIN] f42aca6bd188f4ac -> d4ba815091c2736a
[CHAIN] d4ba815091c2736a -> 6dbbf267e896dcf1
[CHAIN] 6dbbf267e896dcf1 -> 95498c61d5e3099d
[CHAIN] 95498c61d5e3099d -> 15ac73936dbf5583
[CHAIN] 15ac73936dbf5583 -> 74449c7a20dbfccc
[CHAIN] 74449c7a20dbfccc -> 3e6a033a973ba6ca
[CHAIN] 3e6a033a973ba6ca -> 3baa0a7c92cd83e7
[CHAIN] 3baa0a7c92cd83e7 -> 048b1a147a042ede
[CHAIN] 048b1a147a042ede -> 626bf1e3084895da
[CHAIN] 626bf1e3084895da -> 997a20c27b7f42bf
[CHAIN] 997a20c27b7f42bf -> 906224224cb4773a
[CHAIN] 906224224cb4773a -> 4ee1cae4c357603c
[CHAIN] 4ee1cae4c357603c -> 836da73236ef209b
[CHAIN] 836da73236ef209b -> 53055933b2ff7c3a
[CHAIN] 53055933b2ff7c3a -> 181fe7cf8e563175
[CHAIN] 181fe7cf8e563175 -> 2bba3269fd6d51f4
[CHAIN] 2bba3269fd6d51f4 -> 087ec8b700199c34
[CHAIN] 087ec8b700199c34 -> db4abf1239633231
[CHAIN] db4abf1239633231 -> 200984e7c6a31c60
[CHAIN] 200984e7c6a31c60 -> 2445ec90f84e8822
[CHAIN] 2445ec90f84e8822 -> 3b218788cfe8058c
[CHAIN] 3b218788cfe8058c -> 5edb31c5386b4ff2
[CHAIN] 5edb31c5386b4ff2 -> 2be20603dbb1f643
[CHAIN] 2be20603dbb1f643 -> 82f650904202e693
[CHAIN] 82f650904202e693 -> 867b097cbc636e25
[CHAIN] 867b097cbc636e25 -> 5e92d0f2ff48e949
[CHAIN] 5e92d0f2ff48e949 -> 34933b5620486a9a
[CHAIN] 34933b5620486a9a -> 29d4b1347f265008
[CHAIN] 29d4b1347f265008 -> 9426ee897d5bd325
[CHAIN] 9426ee897d5bd325 -> 36f3348253b00eab
[CHAIN] 36f3348253b00eab -> 3353914657c2aa03
[CHAIN] 3353914657c2aa03 -> ae334daebdb017a2
[CHAIN] ae334daebdb017a2 -> c973b2adf1166750
[CHAIN] c973b2adf1166750 -> 54d21d52eab9b068
[CHAIN] 54d21d52eab9b068 -> 163582a223601179
[CHAIN] 163582a223601179 -> a05c3d0b6c11448e
[CHAIN] a05c3d0b6c11448e -> 1c644d06210c6a28
[CHAIN] 1c644d06210c6a28 -> e1a4ae639d523b9a
[CHAIN] e1a4ae639d523b9a -> fbce437227b07ebf
[CHAIN] fbce437227b07ebf -> e2dabe4d5e609ce7
[CHAIN] e2dabe4d5e609ce7 -> 046511a2c8c9fa36
[CHAIN] 046511a2c8c9fa36 -> 0418dc64ffd1210a
[CHAIN] 0418dc64ffd1210a -> f0e5832a163534ad
[CHAIN] f0e5832a163534ad -> 10052830e18870e9
[CHAIN] 10052830e18870e9 -> 6dd35d3bedcec7a3
[CHAIN] 6dd35d3bedcec7a3 -> eabfec25a62e1a71
[CHAIN] eabfec25a62e1a71 -> 7552c21256963d4e
[CHAIN] 7552c21256963d4e -> acf33d8ddc99a94c
[CHAIN] acf33d8ddc99a94c -> 94e6df7391cbb40d
[CHAIN] 94e6df7391cbb40d -> 348b429feb2f2884
[CHAIN] 348b429feb2f2884 -> d1dfd6599e93662b
[CHAIN] d1dfd6599e93662b -> 480224b088c4e203
[CHAIN] 480224b088c4e203 -> fca52400bd69b32d
[CHAIN] fca52400bd69b32d -> d51649b99b01cd12
[CHAIN] d51649b99b01cd12 -> 8d188918997e2628
[CHAIN] 8d188918997e2628 -> d07ed261e906ac2f
[CHAIN] d07ed261e906ac2f -> 82994e6d41e6ef81
[CHAIN] 82994e6d41e6ef81 -> 428c9bc33b688aa4
[CHAIN] 428c9bc33b688aa4 -> f8638ac74db5e4f0
[CHAIN] f8638ac74db5e4f0 -> 18825d76fb01b5a1
[CHAIN] 18825d76fb01b5a1 -> 66b5ee3719169ac5
[CHAIN] 66b5ee3719169ac5 -> ffa345053bea396c
[CHAIN] ffa345053bea396c -> 4908a9ba01a3c8e1
[CHAIN] 4908a9ba01a3c8e1 -> 5914f5aa99c9c7c0
[CHAIN] 5914f5aa99c9c7c0 -> 948ac31aa9314ad3
[CHAIN] 948ac31aa9314ad3 -> 2c1b97bd73edd011
[CHAIN] 2c1b97bd73edd011 -> 63166bad6fc7ad18
[CHAIN] 63166bad6fc7ad18 -> 9dfab7b86239d391
[CHAIN] 9dfab7b86239d391 -> f0f6bf5fbc198908
[CHAIN] f0f6bf5fbc198908 -> d5ce54fb97cd2d11
[CHAIN] d5ce54fb97cd2d11 -> cf6ee2773c8daecd
[CHAIN] cf6ee2773c8daecd -> 7fe62e768b4efb14
[CHAIN] 7fe62e768b4efb14 -> 4a3dec2d0168aa34
[CHAIN] 4a3dec2d0168aa34 -> 5e78746e76dc6224
[CHAIN] 5e78746e76dc6224 -> 8dafd3abe7ea0c8b
[CHAIN] 8dafd3abe7ea0c8b -> 1d325463ee171454
[CHAIN] 1d325463ee171454 -> a5c44560019d0134
[CHAIN] a5c44560019d0134 -> 131d5b417e4afa48
[CHAIN] 131d5b417e4afa48 -> 187856e5ba244e19
[CHAIN] 187856e5ba244e19 -> 19f483b2932f07ce
[CHAIN] 19f483b2932f07ce -> bfd757b194d2656f
[CHAIN] bfd757b194d2656f -> 308158e34e90c905
[CHAIN] 308158e34e90c905 -> 946e0507c36ef8a3
[CHAIN] 946e0507c36ef8a3 -> 717b48aebb8204e8
[CHAIN] 717b48aebb8204e8 -> 37cbac4d7126b511
[CHAIN] 37cbac4d7126b511 -> 150ef50224e7cae4
[CHAIN] 150ef50224e7cae4 -> 840aa605d0168b31
[CHAIN] 840aa605d0168b31 -> e820045b8ea87dd5
[CHAIN] e820045b8ea87dd5 -> 7b8e6b2592477f97
[CHAIN] 7b8e6b2592477f97 -> 1f501432a1782fb0
[CHAIN] 1f501432a1782fb0 -> c44d9ccef67d89df
[CHAIN] c44d9ccef67d89df -> 504f3b12ea9037e7
[CHAIN] 504f3b12ea9037e7 -> 88425f78657bbcbf
[CHAIN] 88425f78657bbcbf -> 2e1feefcdfa9b0f6
[CHAIN] 2e1feefcdfa9b0f6 -> ddf193b82e3f9e0e
[CHAIN] ddf193b82e3f9e0e -> b87553fe59dc824a
[CHAIN] b87553fe59dc824a -> 740b22d8d348dcb4
[CHAIN] 740b22d8d348dcb4 -> 2fab1b289030fa9c
[CHAIN] 2fab1b289030fa9c -> 458549888e636148
[CHAIN] 458549888e636148 -> d85da9a8941e7eed
[CHAIN] d85da9a8941e7eed -> e1b2be5ef360d375
[CHAIN] e1b2be5ef360d375 -> 6a4cfdffd434cc1e
[CHAIN] 6a4cfdffd434cc1e -> e0319f7b27bc5d6a
[CHAIN] e0319f7b27bc5d6a -> 6f1e3e52efa1c656
[CHAIN] 6f1e3e52efa1c656 -> dcbed2b9108305a4
[CHAIN] dcbed2b9108305a4 -> f614352f71428744
[CHAIN] f614352f71428744 -> ef63ae4d24739d7f
[CHAIN] ef63ae4d24739d7f -> d3d3e814d0094f39
[CHAIN] d3d3e814d0094f39 -> 6a86ca6595b4ecf2
[CHAIN] 6a86ca6595b4ecf2 -> 4f77340c8a1fff60
[CHAIN] 4f77340c8a1fff60 -> 22e83a191eebb9c2
[CHAIN] 22e83a191eebb9c2 -> 5cf8baed096ae936
[CHAIN] 5cf8baed096ae936 -> 712dcadcf9a4396c
[CHAIN] 712dcadcf9a4396c -> f88b779dcdeb3797
[CHAIN] f88b779dcdeb3797 -> 902df7296595efd1
[CHAIN] 902df7296595efd1 -> 973a50c0aaa2bed2
[CHAIN] 973a50c0aaa2bed2 -> b291169b5a5c731b
[CHAIN] b291169b5a5c731b -> ce5604ec03754f29
[CHAIN] ce5604ec03754f29 -> ad334e70f7f9947f
[CHAIN] ad334e70f7f9947f -> d946472d21385b09
[CHAIN] d946472d21385b09 -> 35e3669a272ecfe7
[CHAIN] 35e3669a272ecfe7 -> 734fb1c7c240ef55
[CHAIN] 734fb1c7c240ef55 -> 4dbefcd6768fb064
[CHAIN] 4dbefcd6768fb064 -> c0e3c3067ff8383e
[CHAIN] c0e3c3067ff8383e -> 7690970995581dd7
[CHAIN] 7690970995581dd7 -> 030447516a39ef61
[CHAIN] 030447516a39ef61 -> f28c5d2b05c72503
[CHAIN] f28c5d2b05c72503 -> e9239d74ce3160f2
[CHAIN] e9239d74ce3160f2 -> 56d27f3abe416766
[CHAIN] 56d27f3abe416766 -> 63c37e023332857f
[CHAIN] 63c37e023332857f -> c00f35fd576f6058
[CHAIN] c00f35fd576f6058 -> 10ca58bd59c91def
[CHAIN] 10ca58bd59c91def -> b6a972371d1cacf5
[CHAIN] b6a972371d1cacf5 -> 3fcfe8f05f1b752b
[CHAIN] 3fcfe8f05f1b752b -> 749ea60c60b1b514
[CHAIN] 749ea60c60b1b514 -> 058e1c79759a8429
[CHAIN] 058e1c79759a8429 -> 1e343266635fdac3
[CHAIN] 1e343266635fdac3 -> 7cda8821a6a56d76
[CHAIN] 7cda8821a6a56d76 -> 364bcde677e66dec
[CHAIN] 364bcde677e66dec -> 3132aa9777c00771
[CHAIN] 3132aa9777c00771 -> acb17a5d2f06478f
[CHAIN] acb17a5d2f06478f -> 4f08a37d44b323db
[CHAIN] 4f08a37d44b323db -> 99a8a11976f7dba2
[CHAIN] 99a8a11976f7dba2 -> d582ab0fd2ae118a
[CHAIN] d582ab0fd2ae118a -> a4657bfe09b3ddf8
[CHAIN] a4657bfe09b3ddf8 -> 59f6980ae4258c12
[CHAIN] 59f6980ae4258c12 -> 40b3714f3d62a617
[CHAIN] 40b3714f3d62a617 -> ea550caefb6d15ea
[CHAIN] ea550caefb6d15ea -> fdc7f7411dca4d20
[CHAIN] fdc7f7411dca4d20 -> 00dc4060e04e6bf1
[CHAIN] 00dc4060e04e6bf1 -> 08908e02799145b1
[CHAIN] 08908e02799145b1 -> 84df7f877c4d3039
[CHAIN] 84df7f877c4d3039 -> a9bfb4c858d6efa1
[CHAIN] a9bfb4c858d6efa1 -> db02fe7ba108c002
[CHAIN] db02fe7ba108c002 -> fc7caf9bca03bc18
[CHAIN] fc7caf9bca03bc18 -> a7c87ed6b113968b
[CHAIN] a7c87ed6b113968b -> 73da370b021b363e
[CHAIN] 73da370b021b363e -> 60e6cd02247db3cf
[CHAIN] 60e6cd02247db3cf -> 52427077be69d3b7
[CHAIN] 52427077be69d3b7 -> 84e4694a65fae459
[CHAIN] 84e4694a65fae459 -> 0acc0295d34cc5b1
[CHAIN] 0acc0295d34cc5b1 -> e789bdb46fd75349
[CHAIN] e789bdb46fd75349 -> 75faf75c8d5dd396
[CHAIN] 75faf75c8d5dd396 -> 26611991611966b1
[CHAIN] 26611991611966b1 -> 9b7e6f6752387b27
[CHAIN] 9b7e6f6752387b27 -> c274b83b9aa03e1a
[CHAIN] c274b83b9aa03e1a -> 4131ffbbbd10abf6
[CHAIN] 4131ffbbbd10abf6 -> 8384333eb1dbc5e3
[CHAIN] 8384333eb1dbc5e3 -> 589d1267bcd386a0
[CHAIN] 589d1267bcd386a0 -> e54b2df4721833a4
[CHAIN] e54b2df4721833a4 -> f988ce1eb7e7bfc6
[CHAIN] f988ce1eb7e7bfc6 -> c9f5aa3b5e135dbc
[CHAIN] c9f5aa3b5e135dbc -> 861cd0ffe900bb43
[CHAIN] 861cd0ffe900bb43 -> 07afb09bf16486e4
[CHAIN] 07afb09bf16486e4 -> 3abf878334acd645
[CHAIN] 3abf878334acd645 -> f46ae007a1dd6fb0
[CHAIN] f46ae007a1dd6fb0 -> 661cbc8d3df09aea
[CHAIN] 661cbc8d3df09aea -> 94fa5e35a498fc56
[CHAIN] 94fa5e35a498fc56 -> 8643234aa3f97784
[CHAIN] 8643234aa3f97784 -> bbf42588d25dfd1b
[CHAIN] bbf42588d25dfd1b -> fde60668752a2ab5
[CHAIN] fde60668752a2ab5 -> 1cfc7e9cfa3141df
[CHAIN] 1cfc7e9cfa3141df -> e46fd19e2bb1d686
[CHAIN] e46fd19e2bb1d686 -> e47ef7a2666737bc
[CHAIN] e47ef7a2666737bc -> 18c6642ffbe15bad
[CHAIN] 18c6642ffbe15bad -> 7b5a43f9842249c8
[CHAIN] 7b5a43f9842249c8 -> 81540b82b3590edb
[CHAIN] 81540b82b3590edb -> 31ca84de3cbcd27e
[CHAIN] 31ca84de3cbcd27e -> 30d1fb094554754a
[CHAIN] 30d1fb094554754a -> 696be1f6feb36c8d
[CHAIN] 696be1f6feb36c8d -> 635c10f565437568
[CHAIN] 635c10f565437568 -> f23ee089096d5909
[CHAIN] f23ee089096d5909 -> 9ee30859373bfae2
[CHAIN] 9ee30859373bfae2 -> b3f02ca34efb9c48
[CHAIN] b3f02ca34efb9c48 -> a95ec70c106ea019
[CHAIN] a95ec70c106ea019 -> 0fa9311f74489b78
[CHAIN] 0fa9311f74489b78 -> e00b05591465b5d1
[CHAIN] e00b05591465b5d1 -> 4fb001be681f78e5
[CHAIN] 4fb001be681f78e5 -> c14b38fe6a709f04
[CHAIN] c14b38fe6a709f04 -> ff8ed4078a79e5a8
[CHAIN] ff8ed4078a79e5a8 -> 25a94ba84c1711b2
[CHAIN] 25a94ba84c1711b2 -> f311107561cc0bc0
[CHAIN] f311107561cc0bc0 -> 75e6397c74e7cb14
[CHAIN] 75e6397c74e7cb14 -> a57755a85c7cf823
[CHAIN] a57755a85c7cf823 -> dddae5844d2e9837
[CHAIN] dddae5844d2e9837 -> 386c071e68137df6
[CHAIN] 386c071e68137df6 -> 4109b976e4509833
[CHAIN] 4109b976e4509833 -> dce1171920558eb5
[CHAIN] dce1171920558eb5 -> abb3e5c9e0fd0406
[CHAIN] abb3e5c9e0fd0406 -> 6598b1892e65d8cd
[CHAIN] 6598b1892e65d8cd -> 7b738233bb04dda3
[CHAIN] 7b738233bb04dda3 -> 002ea1e459969079
[CHAIN] 002ea1e459969079 -> b18ccf61885b3b06
[CHAIN] b18ccf61885b3b06 -> 905b07c908ad9208
[CHAIN] 905b07c908ad9208 -> d63f80bca80800f4
[CHAIN] d63f80bca80800f4 -> f771fd9f8ff24e41
[CHAIN] f771fd9f8ff24e41 -> edeac0fdfdadfeac
[CHAIN] edeac0fdfdadfeac -> ae33ba48312a6780
[CHAIN] ae33ba48312a6780 -> cbb3a16c63881981
[CHAIN] cbb3a16c63881981 -> 91897514b0353375
[CHAIN] 91897514b0353375 -> 9b0ee66dcff4c662
[CHAIN] 9b0ee66dcff4c662 -> 45221ec73b0119e8
[CHAIN] 45221ec73b0119e8 -> fe62abe94dd11e8d
[CHAIN] fe62abe94dd11e8d -> 048f100de1776b93
[CHAIN] 048f100de1776b93 -> e4acbf4c484378ba
[CHAIN] e4acbf4c484378ba -> 3f799fb29b268957
[CHAIN] 3f799fb29b268957 -> 9859651aff0bdd75
[CHAIN] 9859651aff0bdd75 -> 62fcf677cd1db90b
[CHAIN] 62fcf677cd1db90b -> 5b6c8301b97c7608
[CHAIN] 5b6c8301b97c7608 -> 8ee466fa85f44f5d
[CHAIN] 8ee466fa85f44f5d -> 6a84569e338afec5
[CHAIN] 6a84569e338afec5 -> d7c9e15367964ddb
[CHAIN] d7c9e15367964ddb -> 954c0871c6c65c8d
[CHAIN] 954c0871c6c65c8d -> 2ee673b75f79c07d
[CHAIN] 2ee673b75f79c07d -> 6157fa8e2ec3fb47
[CHAIN] 6157fa8e2ec3fb47 -> 00aefd137b858354
[CHAIN] 00aefd137b858354 -> 8fc501d83a57e62d
[CHAIN] 8fc501d83a57e62d -> 217e5a48fdf83894
[CHAIN] 217e5a48fdf83894 -> 1e5cf43ef2746e3c
[CHAIN] 1e5cf43ef2746e3c -> 2bbfa1148bde06dd
[CHAIN] 2bbfa1148bde06dd -> c2882eabd0e62a54
[CHAIN] c2882eabd0e62a54 -> 235425afe47a87b0
[CHAIN] 235425afe47a87b0 -> 41599a0e48136800
[CHAIN] 41599a0e48136800 -> f493be4cc3085f45
[CHAIN] f493be4cc3085f45 -> 99f85b664490156e
[CHAIN] 99f85b664490156e -> c6a8ffc42acf2b27
[CHAIN] c6a8ffc42acf2b27 -> d5f387c2a82d0a21
[CHAIN] d5f387c2a82d0a21 -> ad3437373bf81802
[CHAIN] ad3437373bf81802 -> 7cc7a8560b8c55f8
[CHAIN] 7cc7a8560b8c55f8 -> 6e58bf2f76118424
[CHAIN] 6e58bf2f76118424 -> a38884a86cbf604c
[CHAIN] a38884a86cbf604c -> 5b6722aa094de411
[CHAIN] 5b6722aa094de411 -> 902185c204678c84
[CHAIN] 902185c204678c84 -> a16fa6de4aa4093a
[CHAIN] a16fa6de4aa4093a -> ff23e2ddbd3131c5
[CHAIN] ff23e2ddbd3131c5 -> 30b96c70add1a44d
[CHAIN] 30b96c70add1a44d -> 48bf66130cf5e86a
[CHAIN] 48bf66130cf5e86a -> 6a6dd0df06b98efb
[CHAIN] 6a6dd0df06b98efb -> 254c37f0d95611b5
[CHAIN] 254c37f0d95611b5 -> 410e809df3368ebd
[CHAIN] 410e809df3368ebd -> 390931df9e710142
[CHAIN] 390931df9e710142 -> f91192d9461a81dd
[CHAIN] f91192d9461a81dd -> 876c2972cb24e808
[CHAIN] 876c2972cb24e808 -> 41ccbe890f6fb28c
[CHAIN] 41ccbe890f6fb28c -> 809cad9db563d9e1
[CHAIN] 809cad9db563d9e1 -> a16ed5b178a097b3
[CHAIN] a16ed5b178a097b3 -> 239433cf652606ce
[CHAIN] 239433cf652606ce -> 0323fd40aaf3ddfb
[CHAIN] 0323fd40aaf3ddfb -> bd5fc8ae0509c95e
[CHAIN] bd5fc8ae0509c95e -> 69d3aea9eb897836
[CHAIN] 69d3aea9eb897836 -> 5a5cbb84b797cc10
[CHAIN] 5a5cbb84b797cc10 -> 8afb8bdb968d6e64
[CHAIN] 8afb8bdb968d6e64 -> f7f576625281a063
[CHAIN] f7f576625281a063 -> a6a555606955d09d
[CHAIN] a6a555606955d09d -> 135a929a4029a415
[CHAIN] 135a929a4029a415 -> 932da2d24b60e802
[CHAIN] 932da2d24b60e802 -> 7aa190cd1a85b290
[CHAIN] 7aa190cd1a85b290 -> 5dd15aba6c2b7f69
[CHAIN] 5dd15aba6c2b7f69 -> e2cb1786fc9f07e4
[CHAIN] e2cb1786fc9f07e4 -> 932c08293e3d159d
[CHAIN] 932c08293e3d159d -> 54168aec60623f55
[CHAIN] 54168aec60623f55 -> fe3dcdaa548e4e8e
[CHAIN] fe3dcdaa548e4e8e -> 9dbd9c2b7adb3929
[CHAIN] 9dbd9c2b7adb3929 -> 6d23646e89fe3bde
[CHAIN] 6d23646e89fe3bde -> a13fd2b38bc27fbb
[CHAIN] a13fd2b38bc27fbb -> 6b90c926c436125a
[CHAIN] 6b90c926c436125a -> 874cb9e3fd6932db
[CHAIN] 874cb9e3fd6932db -> d5931814299a507d
[CHAIN] d5931814299a507d -> 2f5397d7b8ff46c3
[CHAIN] 2f5397d7b8ff46c3 -> 6fbc5d478f871c7d
[CHAIN] 6fbc5d478f871c7d -> 101a262faebdd228
[CHAIN] 101a262faebdd228 -> b06e51a4ad31419f
[CHAIN] b06e51a4ad31419f -> 1d3b9d7da91906ea
[CHAIN] 1d3b9d7da91906ea -> 427c128751103f42
[CHAIN] 427c128751103f42 -> 07a092e38bbf4098
[CHAIN] 07a092e38bbf4098 -> 4704934224414c12
[CHAIN] 4704934224414c12 -> 0d724e8c1619b58e
[CHAIN] 0d724e8c1619b58e -> 3e5d2e7235f77e91
[CHAIN] 3e5d2e7235f77e91 -> 017eff73d9138fb8
[CHAIN] 017eff73d9138fb8 -> acc7d0fd6dc47ec5
[CHAIN] acc7d0fd6dc47ec5 -> 536de3afac14ab92
[CHAIN] 536de3afac14ab92 -> b6325f5ef3b53ee6
[CHAIN] b6325f5ef3b53ee6 -> ade1273f70a9bbee
[CHAIN] ade1273f70a9bbee -> 7e8bfba886ac9ace
[CHAIN] 7e8bfba886ac9ace -> 5323f13b5e020924
[CHAIN] 5323f13b5e020924 -> 1734cffdce222516
[CHAIN] 1734cffdce222516 -> a868df0b813011c8
[CHAIN] a868df0b813011c8 -> 4247b2ad4ad24282
[CHAIN] 4247b2ad4ad24282 -> 58c9b877ed50de5b
[CHAIN] 58c9b877ed50de5b -> 8fa4607829ecd342
[CHAIN] 8fa4607829ecd342 -> b679a3d19697f94e
[CHAIN] b679a3d19697f94e -> 984eec181ffdd872
[CHAIN] 984eec181ffdd872 -> 0077f5b09698cce1
[CHAIN] 0077f5b09698cce1 -> a2c154453679cd26
[CHAIN] a2c154453679cd26 -> d95b88d2c0dbb065
[CHAIN] d95b88d2c0dbb065 -> 71eaecd2972a91a5
[CHAIN] 71eaecd2972a91a5 -> ea31f4c14845eef5
[CHAIN] ea31f4c14845eef5 -> 8e9231716e1bcf46
[CHAIN] 8e9231716e1bcf46 -> b9d6f870e63c966b
[CHAIN] b9d6f870e63c966b -> c123b0209c91f429
[CHAIN] c123b0209c91f429 -> ac4afb0a318b1219
[CHAIN] ac4afb0a318b1219 -> 35eac5b6d8f38ba5
[CHAIN] 35eac5b6d8f38ba5 -> 553215a12234a20d
[CHAIN] 553215a12234a20d -> 9eb0625e6c7f9196
[CHAIN] 9eb0625e6c7f9196 -> d11f24353dbb8811
[CHAIN] d11f24353dbb8811 -> b129d60ff5858deb
[CHAIN] b129d60ff5858deb -> 08f6ed1a224bb38f
[CHAIN] 08f6ed1a224bb38f -> f4f621a0d4f5bee0
[CHAIN] f4f621a0d4f5bee0 -> e8476c48383d044c
[CHAIN] e8476c48383d044c -> cf94717dd56f7756
[CHAIN] cf94717dd56f7756 -> f6fe8241a839cf85
[CHAIN] f6fe8241a839cf85 -> 44cfff93f868f992
[CHAIN] 44cfff93f868f992 -> f20cef070defd65b
[CHAIN] f20cef070defd65b -> cc203a99e18238dc
[CHAIN] cc203a99e18238dc -> b5044b30bbf51be0
[CHAIN] b5044b30bbf51be0 -> bb37d1d453a16cf9
[CHAIN] bb37d1d453a16cf9 -> 2ee67034ac1c0674
[CHAIN] 2ee67034ac1c0674 -> 0a8d6816da2635fb
[CHAIN] 0a8d6816da2635fb -> 87010493add270dc
[CHAIN] 87010493add270dc -> 589c2885abaa2227
[CHAIN] 589c2885abaa2227 -> ab84f3d1d8514bd3
[CHAIN] ab84f3d1d8514bd3 -> 63763846a8ff422b
[CHAIN] 63763846a8ff422b -> cb08af708db0baa4
[CHAIN] cb08af708db0baa4 -> 333f93712074c220
[CHAIN] 333f93712074c220 -> eb392ae6e2017661
[CHAIN] eb392ae6e2017661 -> a9be6be53c29c998
[CHAIN] a9be6be53c29c998 -> 121c5669d783e30c
[CHAIN] 121c5669d783e30c -> 1157e4738747c957
[CHAIN] 1157e4738747c957 -> a759ed177d481c1c
[CHAIN] a759ed177d481c1c -> 7dd88e8c7bdc7bca
[CHAIN] 7dd88e8c7bdc7bca -> cb4dc3b00ff147dd
[CHAIN] cb4dc3b00ff147dd -> 23681fcd50316edc
[CHAIN] 23681fcd50316edc -> 46050d1dbd2a0e25
[CHAIN] 46050d1dbd2a0e25 -> 3c8480ac2d319d02
[CHAIN] 3c8480ac2d319d02 -> 612e814e006fa0e6
[CHAIN] 612e814e006fa0e6 -> 2f3d3a24723ec641
[CHAIN] 2f3d3a24723ec641 -> d8422808e3047ba7
[CHAIN] d8422808e3047ba7 -> 7f505e84ee4b8d34
[CHAIN] 7f505e84ee4b8d34 -> 6b087945b49f4c56
[CHAIN] 6b087945b49f4c56 -> 617b258858d028c3
[CHAIN] 617b258858d028c3 -> 2b42837fdb91452c
[CHAIN] 2b42837fdb91452c -> 15b068a8152bbcfb
[CHAIN] 15b068a8152bbcfb -> a2cd001239b5b851
[CHAIN] a2cd001239b5b851 -> 7e5f9376a68f3e2e
[CHAIN] 7e5f9376a68f3e2e -> 8e94540b785dc854
[CHAIN] 8e94540b785dc854 -> 0267b33153e052f2
[CHAIN] 0267b33153e052f2 -> ebc60e6e9fb35c46
[CHAIN] ebc60e6e9fb35c46 -> 4170eb07293e75e7
[CHAIN] 4170eb07293e75e7 -> 330971fccb82e5b8
[CHAIN] 330971fccb82e5b8 -> a2a0cddb6496ac86
[CHAIN] a2a0cddb6496ac86 -> e416467339b51d66
[CHAIN] e416467339b51d66 -> f1b660d09ae913e5
[CHAIN] f1b660d09ae913e5 -> 1c672239d9d8d393
[CHAIN] 1c672239d9d8d393 -> 89e0848e7af93253
[CHAIN] 89e0848e7af93253 -> 7608a250795853cf
[CHAIN] 7608a250795853cf -> 04d22c41777c8e6d
[CHAIN] 04d22c41777c8e6d -> 9238630045a000cb
[CHAIN] 9238630045a000cb -> 5cbf7ed90cb66863
[CHAIN] 5cbf7ed90cb66863 -> aa08829ab29e2a39
[CHAIN] aa08829ab29e2a39 -> 7c76bf53885d56ef
[CHAIN] 7c76bf53885d56ef -> 7d48d5313bf26316
[CHAIN] 7d48d5313bf26316 -> e293d654f738c227
[CHAIN] e293d654f738c227 -> 2b6b30b653bd74b8
[CHAIN] 2b6b30b653bd74b8 -> 4d77b62ab1dcef8a
[CHAIN] 4d77b62ab1dcef8a -> 1c38cf7fd7aaa56f
[CHAIN] 1c38cf7fd7aaa56f -> 8f95843108fb5885
[CHAIN] 8f95843108fb5885 -> fd078baf60b3330f
[CHAIN] fd078baf60b3330f -> 270c9aecdf7892a9
[CHAIN] 270c9aecdf7892a9 -> 5ec29247da3991b9
[CHAIN] 5ec29247da3991b9 -> c1246d64e8c712bd
[CHAIN] c1246d64e8c712bd -> dcc7b008681f1f1a
[CHAIN] dcc7b008681f1f1a -> 5103f5afac7b057b
[CHAIN] 5103f5afac7b057b -> 002c8b21817fcb51
[CHAIN] 002c8b21817fcb51 -> 0ad9f8b1570c5e06
[CHAIN] 0ad9f8b1570c5e06 -> f301ca7cad2a58e5
[CHAIN] f301ca7cad2a58e5 -> df059a7f7b1c23d4
[CHAIN] df059a7f7b1c23d4 -> c8741b8bef1c7ae7
[CHAIN] c8741b8bef1c7ae7 -> 253dfc61e983574e
[CHAIN] 253dfc61e983574e -> f4f3642bf7177674
[CHAIN] f4f3642bf7177674 -> 70e5d24bf3edc265
[CHAIN] 70e5d24bf3edc265 -> b801324b991a991d
[CHAIN] b801324b991a991d -> e02cab65c1eb3c43
[CHAIN] e02cab65c1eb3c43 -> 7eaad2a8e511954b
[CHAIN] 7eaad2a8e511954b -> 19b00b037e58ddcb
[CHAIN] 19b00b037e58ddcb -> 8f144606e37216d2
[CHAIN] 8f144606e37216d2 -> 883f56cfa2b04b16
[CHAIN] 883f56cfa2b04b16 -> 3c7f421bdcc4a09e
[CHAIN] 3c7f421bdcc4a09e -> 5bb216fb2fc625a2
[CHAIN] 5bb216fb2fc625a2 -> a7a21dd963959633
[CHAIN] a7a21dd963959633 -> 4a85f5533e4db646
[CHAIN] 4a85f5533e4db646 -> d7c389bf53ce9825
[CHAIN] d7c389bf53ce9825 -> 9b4db7e4dd38c476
[CHAIN] 9b4db7e4dd38c476 -> 55f094d5903ce5b5
[CHAIN] 55f094d5903ce5b5 -> 34a43d0f309a5df6
[CHAIN] 34a43d0f309a5df6 -> cc8bfe864305a256
[CHAIN] cc8bfe864305a256 -> 3551cbc5f7fa9fed
[CHAIN] 3551cbc5f7fa9fed -> 7a76c0c2dd38fa41
[CHAIN] 7a76c0c2dd38fa41 -> 998147b37aba9702
[CHAIN] 998147b37aba9702 -> 6a78f85b1e8b87c6
[CHAIN] 6a78f85b1e8b87c6 -> c9d4a771eec30cd6
[CHAIN] c9d4a771eec30cd6 -> b386ec4f992e4cf0
[CHAIN] b386ec4f992e4cf0 -> 21be358e7df6d8a1
[CHAIN] 21be358e7df6d8a1 -> 24c2235fb2c54dc2
[CHAIN] 24c2235fb2c54dc2 -> 061c857a77cde1ec
[CHAIN] 061c857a77cde1ec -> 7e82fd7f0bb697b3
[CHAIN] 7e82fd7f0bb697b3 -> b32c2f1f2781ff2e
[CHAIN] b32c2f1f2781ff2e -> a20c94cd20f21d40
[CHAIN] a20c94cd20f21d40 -> c9a5de548e8f33dc
[CHAIN] c9a5de548e8f33dc -> 1556354ffb0ef70f
[CHAIN] 1556354ffb0ef70f -> b8a27d1fc51f1b30
[CHAIN] b8a27d1fc51f1b30 -> 65cd6451f6a15a9f
[CHAIN] 65cd6451f6a15a9f -> be4719f676f9f10a
[CHAIN] be4719f676f9f10a -> 1f8c0fcac4596834
[CHAIN] 1f8c0fcac4596834 -> 817846a416cf3120
[CHAIN] 817846a416cf3120 -> 6e1fb3b621c41b8c
[CHAIN] 6e1fb3b621c41b8c -> f4a82bfd092d87e1
[CHAIN] f4a82bfd092d87e1 -> c280d26354d21f13
[CHAIN] c280d26354d21f13 -> c86b5dbfa0294855
[CHAIN] c86b5dbfa0294855 -> d2910ebd7e973667
[CHAIN] d2910ebd7e973667 -> d0deef815b8d4be3
[CHAIN] d0deef815b8d4be3 -> 0b130a2b0eba4b0b
[CHAIN] 0b130a2b0eba4b0b -> 6f9024d0488f3ebd
[CHAIN] 6f9024d0488f3ebd -> 39c8cd3fc0c07f4c
[CHAIN] 39c8cd3fc0c07f4c -> 3dada4a463bc3f62
[CHAIN] 3dada4a463bc3f62 -> f9a57d9961e98a87
[CHAIN] f9a57d9961e98a87 -> f40ee82c488385d8
[CHAIN] f40ee82c488385d8 -> 344210e48cf35f53
[CHAIN] 344210e48cf35f53 -> 8cb50c7bc566183e
[CHAIN] 8cb50c7bc566183e -> d6bc379ebe79ff75
[CHAIN] d6bc379ebe79ff75 -> dead426da2ba9370
[CHAIN] dead426da2ba9370 -> 50550f6b6441858b
[CHAIN] 50550f6b6441858b -> 2c4583dcbee2ff83
[CHAIN] 2c4583dcbee2ff83 -> 582871798a864bbd
[CHAIN] 582871798a864bbd -> 6ca1968293b5a3de
[CHAIN] 6ca1968293b5a3de -> 5ce6907ae1baefd8
[CHAIN] 5ce6907ae1baefd8 -> 21c5b6dd302f2d8d
[CHAIN] 21c5b6dd302f2d8d -> 497f8f4b266573ee
[CHAIN] 497f8f4b266573ee -> f0db7fa6252bc5fe
[CHAIN] f0db7fa6252bc5fe -> ddf69f61fe66c2d1
[CHAIN] ddf69f61fe66c2d1 -> e6e181cb90c266f7
[CHAIN] e6e181cb90c266f7 -> 1bba402358144428
[CHAIN] 1bba402358144428 -> 1465cf5d5853e6d4
[CHAIN] 1465cf5d5853e6d4 -> 857a46ceaa27f899
[CHAIN] 857a46ceaa27f899 -> 7a1ef4365973ac8d
[CHAIN] 7a1ef4365973ac8d -> 49fc15fd0ef6c609
[CHAIN] 49fc15fd0ef6c609 -> d906f37b8550fc24
[CHAIN] d906f37b8550fc24 -> 57edb47ece104ee4
[CHAIN] 57edb47ece104ee4 -> faa7418ffb5d330f
[CHAIN] faa7418ffb5d330f -> eee3024eff8f1736
[CHAIN] eee3024eff8f1736 -> 214c15077a520cbb
[CHAIN] 214c15077a520cbb -> 359d72b361ecfbb0
[CHAIN] 359d72b361ecfbb0 -> 5b50fde3eabf9f3f
[CHAIN] 5b50fde3eabf9f3f -> cb8c1e1899463876
[CHAIN] cb8c1e1899463876 -> e6423d5577b5e050
[CHAIN] e6423d5577b5e050 -> ba7333022bc1e71f
[CHAIN] ba7333022bc1e71f -> e5d55009b7e83f5d
[CHAIN] e5d55009b7e83f5d -> 388d69b6baff7144
[CHAIN] 388d69b6baff7144 -> cc119469e521f557
[CHAIN] cc119469e521f557 -> e7dfed90d088b3dc
[CHAIN] e7dfed90d088b3dc -> 4aef76bdc0c762db
[CHAIN] 4aef76bdc0c762db -> 4444d9fb231147af
[CHAIN] 4444d9fb231147af -> c77f56af85ee80d5
[CHAIN] c77f56af85ee80d5 -> 26e7361a4ef97b97
[CHAIN] 26e7361a4ef97b97 -> 2d1d286e57e6d916
[CHAIN] 2d1d286e57e6d916 -> 8b0a3aa44da053d7
[CHAIN] 8b0a3aa44da053d7 -> bf6ae14de25487d0
[CHAIN] bf6ae14de25487d0 -> 6a0981de95d0d5b6
[CHAIN] 6a0981de95d0d5b6 -> 670d213f3636ec82
[CHAIN] 670d213f3636ec82 -> 475a8a020675d697
[CHAIN] 475a8a020675d697 -> 9353df22b443bff6
[CHAIN] 9353df22b443bff6 -> 9123c0cc878ae40a
[CHAIN] 9123c0cc878ae40a -> 5724bf917706474e
[CHAIN] 5724bf917706474e -> 6e278c3efe5f9746
[CHAIN] 6e278c3efe5f9746 -> 7bbce56aa8ecced0
[CHAIN] 7bbce56aa8ecced0 -> 7a0082d2b1776948
[CHAIN] 7a0082d2b1776948 -> 9f297a3eda516e36
[CHAIN] 9f297a3eda516e36 -> 99839dbef435bed9
[CHAIN] 99839dbef435bed9 -> 8771be396dde3c3a
[CHAIN] 8771be396dde3c3a -> 1a8a9472a7648b5b
[CHAIN] 1a8a9472a7648b5b -> 3e7abf54ac706366
[CHAIN] 3e7abf54ac706366 -> c546a63993e89b0d
[CHAIN] c546a63993e89b0d -> 697bdcf37dac01a9
[CHAIN] 697bdcf37dac01a9 -> 45f75b3b2a3c8440
[CHAIN] 45f75b3b2a3c8440 -> 04107711a02b4560
[CHAIN] 04107711a02b4560 -> ef8d2d15e99b9e78
[CHAIN] ef8d2d15e99b9e78 -> d33b5f2b5df0f8fb
[CHAIN] d33b5f2b5df0f8fb -> e735999924ff5f3e
[CHAIN] e735999924ff5f3e -> 670ee9256e1d4d4d
[CHAIN] 670ee9256e1d4d4d -> 0e501f5fb2823f5d
[CHAIN] 0e501f5fb2823f5d -> 648033443c49e836
[CHAIN] 648033443c49e836 -> 067acfe77910142e
[CHAIN] 067acfe77910142e -> dfec247f1eb981cf
[CHAIN] dfec247f1eb981cf -> 1a9ee4d5e2a71be4
[CHAIN] 1a9ee4d5e2a71be4 -> 600457d3c3455fbe
[CHAIN] 600457d3c3455fbe -> 8027234713708ad2
[CHAIN] 8027234713708ad2 -> 4b3f38c8aac44d98
[CHAIN] 4b3f38c8aac44d98 -> 2c72787da5ccc820
[CHAIN] 2c72787da5ccc820 -> 26b35288d25ef169
[CHAIN] 26b35288d25ef169 -> 79c2dd2cbb0a2e8d
[CHAIN] 79c2dd2cbb0a2e8d -> 839f7f3c7c9b8347
[CHAIN] 839f7f3c7c9b8347 -> bca17ca30087f5ad
[CHAIN] bca17ca30087f5ad -> d12b4424b8435ec6
[CHAIN] d12b4424b8435ec6 -> 90f4e9a793ae30ca
[CHAIN] 90f4e9a793ae30ca -> 663d84655c160633
[CHAIN] 663d84655c160633 -> 6ac0cb7b78caded1
[CHAIN] 6ac0cb7b78caded1 -> ce789afddb282d6e
[CHAIN] ce789afddb282d6e -> 2241b883cefc200b
[CHAIN] 2241b883cefc200b -> 23f95775eb6215bf
[CHAIN] 23f95775eb6215bf -> 35b6f14d5a837786
[CHAIN] 35b6f14d5a837786 -> 6d4f655afac2af5a
[CHAIN] 6d4f655afac2af5a -> c85589168ac2a119
[CHAIN] c85589168ac2a119 -> 15d12faae88275f3
[CHAIN] 15d12faae88275f3 -> d9c5bd441f7657b4
[CHAIN] d9c5bd441f7657b4 -> 205c82e326fedb42
[CHAIN] 205c82e326fedb42 -> 88df9fa800ca2cf9
[CHAIN] 88df9fa800ca2cf9 -> 620b6ad81d47e600
[CHAIN] 620b6ad81d47e600 -> 6b1f5e0703525fcb
[CHAIN] 6b1f5e0703525fcb -> 785a04a070b95ded
[CHAIN] 785a04a070b95ded -> 109cd9c3c4cfc8e2
[CHAIN] 109cd9c3c4cfc8e2 -> 0a33a24c2493130b
[CHAIN] 0a33a24c2493130b -> 1cbc05c6bf2948b3
[CHAIN] 1cbc05c6bf2948b3 -> b9b91c1bdd15123d
[CHAIN] b9b91c1bdd15123d -> 1a4f47e93c619d08
[CHAIN] 1a4f47e93c619d08 -> 0f69057b0fe30472
[CHAIN] 0f69057b0fe30472 -> 9ddfc909eecd7cb3
[CHAIN] 9ddfc909eecd7cb3 -> 5523684256fd3e3a
[CHAIN] 5523684256fd3e3a -> 974c55c7af78b3a7
[CHAIN] 974c55c7af78b3a7 -> c84f1e7c9bb660d3
[CHAIN] c84f1e7c9bb660d3 -> 88066d80898eae97
[CHAIN] 88066d80898eae97 -> 39f2fffbeed597b3
[CHAIN] 39f2fffbeed597b3 -> c5d05881c6982c8a
[CHAIN] c5d05881c6982c8a -> 0eebd7f3e05d4bdb
[CHAIN] 0eebd7f3e05d4bdb -> 655376e402a05782
[CHAIN] 655376e402a05782 -> 14cb76bd23f1ba2c
[CHAIN] 14cb76bd23f1ba2c -> 37f2551d3dd2a2f0
[CHAIN] 37f2551d3dd2a2f0 -> 6dc28ac1db680cf1
[CHAIN] 6dc28ac1db680cf1 -> b78cf9a8a10ebfde
[CHAIN] b78cf9a8a10ebfde -> 6c0a8cd2ad1cd93b
[CHAIN] 6c0a8cd2ad1cd93b -> 358e019fc3dee260
[CHAIN] 358e019fc3dee260 -> c62b19b701875434
[CHAIN] c62b19b701875434 -> 8dc1c7f1651f620e
[CHAIN] 8dc1c7f1651f620e -> 36747edf02364f51
[CHAIN] 36747edf02364f51 -> fc8dd6ec1b99317a
[CHAIN] fc8dd6ec1b99317a -> 3f1c1a06369e2383
[CHAIN] 3f1c1a06369e2383 -> 38a9b7b4b866b344
[CHAIN] 38a9b7b4b866b344 -> a2a84ad3f33834d7
[CHAIN] a2a84ad3f33834d7 -> efc0b34343055f11
[CHAIN] efc0b34343055f11 -> 707b0318aeb14e10
[CHAIN] 707b0318aeb14e10 -> 10ac8957126f79cb
[CHAIN] 10ac8957126f79cb -> 09be7eb7a9408b5e
[CHAIN] 09be7eb7a9408b5e -> 1f4c71ca2b949af2
[CHAIN] 1f4c71ca2b949af2 -> 8d78c79d002e5d25
[CHAIN] 8d78c79d002e5d25 -> 7aa9c463cb975f27
[CHAIN] 7aa9c463cb975f27 -> 89d846a5c282b26f
[CHAIN] 89d846a5c282b26f -> 74153cc0835b1936
[CHAIN] 74153cc0835b1936 -> 92ab9a03641d601e
[CHAIN] 92ab9a03641d601e -> 0643027bbd8865c5
[CHAIN] 0643027bbd8865c5 -> 352b0f737a85e302
[CHAIN] 352b0f737a85e302 -> 6a0c81ae3d32cfdb
[CHAIN] 6a0c81ae3d32cfdb -> 8d5241d8cca371a1
[CHAIN] 8d5241d8cca371a1 -> 3c3f5d0f19f0e0ba
[CHAIN] 3c3f5d0f19f0e0ba -> fd4b9f04f5463cec
[CHAIN] fd4b9f04f5463cec -> 093896127b02954f
[CHAIN] 093896127b02954f -> ea7c1e766c2135ff
[CHAIN] ea7c1e766c2135ff -> def2ce72d0734e2e
[CHAIN] def2ce72d0734e2e -> 9e8b6e8afa00de19
[CHAIN] 9e8b6e8afa00de19 -> 5be70099573ac7bb
[CHAIN] 5be70099573ac7bb -> 82d94ca335a31bba
[CHAIN] 82d94ca335a31bba -> 21279312f15a7431
[CHAIN] 21279312f15a7431 -> 8d42bce640c17bc0
[CHAIN] 8d42bce640c17bc0 -> 85db2cca216227d2
[CHAIN] 85db2cca216227d2 -> 04b1ca7c0738c46c
[CHAIN] 04b1ca7c0738c46c -> 6f8bd992d175499e
[CHAIN] 6f8bd992d175499e -> 652eb2ecdd75940d
[CHAIN] 652eb2ecdd75940d -> f2c1e182b8c7e008
[CHAIN] f2c1e182b8c7e008 -> ca900e7fc943b07b
[CHAIN] ca900e7fc943b07b -> ce60bbf8751f7ed6
[CHAIN] ce60bbf8751f7ed6 -> 51dc003a1b9300e9
[CHAIN] 51dc003a1b9300e9 -> 5c2b8519159e1da5
[CHAIN] 5c2b8519159e1da5 -> a42e4f233f836b00
[CHAIN] a42e4f233f836b00 -> 8df0c36d1d4b6835
[CHAIN] 8df0c36d1d4b6835 -> 96d61a05819735f6
[CHAIN] 96d61a05819735f6 -> 06a88edd39af505f
[CHAIN] 06a88edd39af505f -> e0e8c06e11a4ed8f
[CHAIN] e0e8c06e11a4ed8f -> e535e786100a3856
[CHAIN] e535e786100a3856 -> c5a0dd68d9b13158
[CHAIN] c5a0dd68d9b13158 -> 3f65e21a8444a855
[CHAIN] 3f65e21a8444a855 -> fcfbd79ed7ab12fd
[CHAIN] fcfbd79ed7ab12fd -> e320d00f10095e98
[CHAIN] e320d00f10095e98 -> 76f6e98e88c693bf
[CHAIN] 76f6e98e88c693bf -> 89ba8cd10f223f24
[CHAIN] 89ba8cd10f223f24 -> 7bd213f5d6d47ecd
[CHAIN] 7bd213f5d6d47ecd -> 66e1d3936db53b2a
[CHAIN] 66e1d3936db53b2a -> 4073b790ee1974ea
[CHAIN] 4073b790ee1974ea -> a0041882944fc183
[CHAIN] a0041882944fc183 -> 8f21ff237f6bc2d1
[CHAIN] 8f21ff237f6bc2d1 -> 79bed3d8c284c755
[CHAIN] 79bed3d8c284c755 -> 5e60a85a8cf1eafb
[CHAIN] 5e60a85a8cf1eafb -> 1d9fd901f4c2c0df
[CHAIN] 1d9fd901f4c2c0df -> 6b45ccecd5d1c79a
[CHAIN] 6b45ccecd5d1c79a -> 47a2289c46dc0fe2
[CHAIN] 47a2289c46dc0fe2 -> 612b5edef02a41b0
[CHAIN] 612b5edef02a41b0 -> ad05f4778e49bcd8
[CHAIN] ad05f4778e49bcd8 -> 5b9e76b426f06a43
[CHAIN] 5b9e76b426f06a43 -> efa8c8fbf4312005
[CHAIN] efa8c8fbf4312005 -> b2309ce1218aea18
[CHAIN] b2309ce1218aea18 -> a2ac5f3c731a3094
[CHAIN] a2ac5f3c731a3094 -> bc21fd60abb60446
[CHAIN] bc21fd60abb60446 -> 099555062d921a1e
[CHAIN] 099555062d921a1e -> 886481510caaa133
[CHAIN] 886481510caaa133 -> 7f2385140dd9fc57
[CHAIN] 7f2385140dd9fc57 -> 4a3aea789b30c60e
[CHAIN] 4a3aea789b30c60e -> a46790babcf3bcb8
[CHAIN] a46790babcf3bcb8 -> 1166186ff2131985
[CHAIN] 1166186ff2131985 -> 2b12ae9e4fdc1114
[CHAIN] 2b12ae9e4fdc1114 -> 85c22630016ee9be
[CHAIN] 85c22630016ee9be -> 19a8f80d8195f4f9
[CHAIN] 19a8f80d8195f4f9 -> 5d3b1ac9ed2c4fd4
[CHAIN] 5d3b1ac9ed2c4fd4 -> 49c676915fe2e45f
[CHAIN] 49c676915fe2e45f -> 5f94e9c3765752c4
[CHAIN] 5f94e9c3765752c4 -> 752c09b37ea57fca
[CHAIN] 752c09b37ea57fca -> 57f1c5664330c7a9
[CHAIN] 57f1c5664330c7a9 -> 43529307b34967d0
[CHAIN] 43529307b34967d0 -> 14e873a074428879
[CHAIN] 14e873a074428879 -> 364dd5df12dd569b
[CHAIN] 364dd5df12dd569b -> f9b97d955be7d933
[CHAIN] f9b97d955be7d933 -> c49752c1616ed47e
[CHAIN] c49752c1616ed47e -> 2c578b8a136185d1
[CHAIN] 2c578b8a136185d1 -> 34ffaf006c089ee3
[CHAIN] 34ffaf006c089ee3 -> 42f8c095f56fd53c
[CHAIN] 42f8c095f56fd53c -> 4e59a47a77cfeb0a
[CHAIN] 4e59a47a77cfeb0a -> ebc10ea0f4ca6feb
[CHAIN] ebc10ea0f4ca6feb -> 105cf95f4b4c1745
[CHAIN] 105cf95f4b4c1745 -> 1e7673ab902bfb8d
[CHAIN] 1e7673ab902bfb8d -> 2c51654298d80ab4
[CHAIN] 2c51654298d80ab4 -> af33648426707982
[CHAIN] af33648426707982 -> 972b5a6ece9b8272
[CHAIN] 972b5a6ece9b8272 -> bd9cf74f5a758e92
[CHAIN] bd9cf74f5a758e92 -> 936790a9b179e5fb
[CHAIN] 936790a9b179e5fb -> 54465338a91bf61c
[CHAIN] 54465338a91bf61c -> 522e6dd500d7dde7
[CHAIN] 522e6dd500d7dde7 -> 0a8d279b05a62dea
[CHAIN] 0a8d279b05a62dea -> c9028677e3275c41
[CHAIN] c9028677e3275c41 -> 0619ec5c16ac24f7
[CHAIN] 0619ec5c16ac24f7 -> 9a3d745ca193f5ba
[CHAIN] 9a3d745ca193f5ba -> 9e0f326dfecb47aa
[CHAIN] 9e0f326dfecb47aa -> fbab765441a15a59
[CHAIN] fbab765441a15a59 -> 7c9a67ea282f9514
[CHAIN] 7c9a67ea282f9514 -> dda2971cd734f898
[CHAIN] dda2971cd734f898 -> f075da3c786cdeb8
[CHAIN] f075da3c786cdeb8 -> c5d080d81aeecbaa
[CHAIN] c5d080d81aeecbaa -> f5b40460b38233d7
[CHAIN] f5b40460b38233d7 -> 2000eba33a10c3e3
[CHAIN] 2000eba33a10c3e3 -> 7e564f4cdc6da92c
[CHAIN] 7e564f4cdc6da92c -> 7b23afe84f73155d
[CHAIN] 7b23afe84f73155d -> d9975da3c26f66d8
[CHAIN] d9975da3c26f66d8 -> 8bdfa86fc23854fd
[CHAIN] 8bdfa86fc23854fd -> ad8b5c9ed0053767
[CHAIN] ad8b5c9ed0053767 -> 1dab759cb1d28d8a
[CHAIN] 1dab759cb1d28d8a -> 79d03dd3eeb4308e
[CHAIN] 79d03dd3eeb4308e -> 11ae076bdd4162b2
[CHAIN] 11ae076bdd4162b2 -> 3fc7097f9913d52a
[CHAIN] 3fc7097f9913d52a -> 000c5ce402cebeac
[CHAIN] 000c5ce402cebeac -> e745133992b06c78
[CHAIN] e745133992b06c78 -> 40ef6b51f2e3ae3a
[CHAIN] 40ef6b51f2e3ae3a -> bffbd179ca9dc228
[CHAIN] bffbd179ca9dc228 -> 0f43ca8c7a14b2f1
[CHAIN] 0f43ca8c7a14b2f1 -> 963cd4c13b0ed295
[CHAIN] 963cd4c13b0ed295 -> 4ba562c8f713e939
[CHAIN] 4ba562c8f713e939 -> 698779390c5cd4c3
[CHAIN] 698779390c5cd4c3 -> 90e1b2f3f9334e90
[CHAIN] 90e1b2f3f9334e90 -> 3b0f9af623921a34
[CHAIN] 3b0f9af623921a34 -> eba780616c4eb33e
[CHAIN] eba780616c4eb33e -> b0bdfbee68f909c6
[CHAIN] b0bdfbee68f909c6 -> 27f05080044d29d4
[CHAIN] 27f05080044d29d4 -> 833305d7e76bae61
[CHAIN] 833305d7e76bae61 -> c37cc7ce95964dab
[CHAIN] c37cc7ce95964dab -> f5c301f157cc4291
[CHAIN] f5c301f157cc4291 -> 61ab12eda75c0ced
[CHAIN] 61ab12eda75c0ced -> acdc6c3defa68c8d
[CHAIN] acdc6c3defa68c8d -> 2bcdd4b669ae586d
[CHAIN] 2bcdd4b669ae586d -> 41d2c0c66232a80d
[CHAIN] 41d2c0c66232a80d -> 3a03e9dcffbd7ebf
[CHAIN] 3a03e9dcffbd7ebf -> 7101075d217e3b78
[CHAIN] 7101075d217e3b78 -> 4d0a3f5ae93acee2
[CHAIN] 4d0a3f5ae93acee2 -> e2a3a794132f999a
[CHAIN] e2a3a794132f999a -> cb59c1f208d0ff19
[CHAIN] cb59c1f208d0ff19 -> 967fb69ed4765b5d
[CHAIN] 967fb69ed4765b5d -> f228842441603a09
[CHAIN] f228842441603a09 -> 636a34835560fc8a
[CHAIN] 636a34835560fc8a -> f14fa045cfb306f0
[CHAIN] f14fa045cfb306f0 -> 13171ce60125f68f
[CHAIN] 13171ce60125f68f -> 0c882bc6dc679f8c
[CHAIN] 0c882bc6dc679f8c -> f2790e955eb81f3e
[CHAIN] f2790e955eb81f3e -> d5f251bdde0de5e0
[CHAIN] d5f251bdde0de5e0 -> 99e62355d87e9ff6
[CHAIN] 99e62355d87e9ff6 -> 7fb3eb2a33154493
[CHAIN] 7fb3eb2a33154493 -> a587f239fa7527d8
[CHAIN] a587f239fa7527d8 -> e759de8ceac3d7e5
[CHAIN] e759de8ceac3d7e5 -> d643cc51932fd702
[CHAIN] d643cc51932fd702 -> e39368f18cb5d16c
[CHAIN] e39368f18cb5d16c -> 087a7a76ec71a8ed
[CHAIN] 087a7a76ec71a8ed -> b282eb93f1f2b9cb
[CHAIN] b282eb93f1f2b9cb -> 8549d221ba1e24cd
[CHAIN] 8549d221ba1e24cd -> 32e76954f9dd4a18
[CHAIN] 32e76954f9dd4a18 -> 8cb0c3b4a2056015
[CHAIN] 8cb0c3b4a2056015 -> 7dcc3b0ae24df7cd
[CHAIN] 7dcc3b0ae24df7cd -> 492982a79dad9ee5
[CHAIN] 492982a79dad9ee5 -> 158c776a27320f79
[CHAIN] 158c776a27320f79 -> 57d563062fb36dfa
[CHAIN] 57d563062fb36dfa -> dec89104f0666019
[CHAIN] dec89104f0666019 -> 3afb91747ae97b8c
[CHAIN] 3afb91747ae97b8c -> ba7b26def709f5f8
[CHAIN] ba7b26def709f5f8 -> b3961a48851bab55
[CHAIN] b3961a48851bab55 -> fb51ea02ad767e73
[CHAIN] fb51ea02ad767e73 -> 141dc43e9f57507b
[CHAIN] 141dc43e9f57507b -> 88f0be6c7f3f4779
[CHAIN] 88f0be6c7f3f4779 -> 6851026526055cf4
[CHAIN] 6851026526055cf4 -> d008b00e15143094
[CHAIN] d008b00e15143094 -> e6189f60d76e9ff6
[CHAIN] e6189f60d76e9ff6 -> 36e942c9caa8ee58
[CHAIN] 36e942c9caa8ee58 -> d9456ad7cc257a47
[CHAIN] d9456ad7cc257a47 -> 8631474c9ed74d88
[CHAIN] 8631474c9ed74d88 -> 402f642a6a7cc534
[CHAIN] 402f642a6a7cc534 -> 9b6d6d40d35d4fa4
[CHAIN] 9b6d6d40d35d4fa4 -> 54c9b230979edc40
[CHAIN] 54c9b230979edc40 -> 94198d889ba16082
[CHAIN] 94198d889ba16082 -> d1ff9154b6f7f1f0
[CHAIN] d1ff9154b6f7f1f0 -> 2b74244e9bcab8de
[CHAIN] 2b74244e9bcab8de -> 730b7d806e9b9f38
[CHAIN] 730b7d806e9b9f38 -> 56e289e125596b1a
[CHAIN] 56e289e125596b1a -> f16a031836f65fcb
[CHAIN] f16a031836f65fcb -> eaa0c49d01dafda1
[CHAIN] eaa0c49d01dafda1 -> dd8dfd1f01d76f56
[CHAIN] dd8dfd1f01d76f56 -> 9430c3eb05fe7b67
[CHAIN] 9430c3eb05fe7b67 -> 7bf926da06476a1c
[CHAIN] 7bf926da06476a1c -> 373526a17f6217c5
[CHAIN] 373526a17f6217c5 -> e294dbf76676b01c
[CHAIN] e294dbf76676b01c -> 9b38dcc9367ea92d
[CHAIN] 9b38dcc9367ea92d -> f3b5900f11fd3f71
[CHAIN] f3b5900f11fd3f71 -> a89cd5fe65459a0c
[CHAIN] a89cd5fe65459a0c -> de6c1f90e8ca6023
[CHAIN] de6c1f90e8ca6023 -> 3d6442b7da5a6cf1
[CHAIN] 3d6442b7da5a6cf1 -> 09dd08be8cf1b432
[CHAIN] 09dd08be8cf1b432 -> 170525e064b63348
[CHAIN] 170525e064b63348 -> 75302d41762121ab
[CHAIN] 75302d41762121ab -> 53aa396453bf538c
[CHAIN] 53aa396453bf538c -> e1bb253f8f6dd681
[CHAIN] e1bb253f8f6dd681 -> f0f61d5a0e1f8cd3
[CHAIN] f0f61d5a0e1f8cd3 -> 4cae83c3ed3ef391
[CHAIN] 4cae83c3ed3ef391 -> 685d76350f4d0082
[CHAIN] 685d76350f4d0082 -> 40b7b717a0b99c6e
[CHAIN] 40b7b717a0b99c6e -> a6955384467e513e
[CHAIN] a6955384467e513e -> 81f498a5f6c626cc
[CHAIN] 81f498a5f6c626cc -> b0fc7cf4bf84303c
[CHAIN] b0fc7cf4bf84303c -> 771e672f8be00702
[CHAIN] 771e672f8be00702 -> c26247dc54fa3a0b
[CHAIN] c26247dc54fa3a0b -> 80df7f13a03864ad
[CHAIN] 80df7f13a03864ad -> b191a66c4bac887f
[CHAIN] b191a66c4bac887f -> f427dc9c4acce814
[CHAIN] f427dc9c4acce814 -> 4b07497f25eca530
[CHAIN] 4b07497f25eca530 -> 799e9758d0cb49ab
[CHAIN] 799e9758d0cb49ab -> ebfb8ebebb8071a9
[CHAIN] ebfb8ebebb8071a9 -> 05aeccb0125881ad
[CHAIN] 05aeccb0125881ad -> e400ccda07406134
[CHAIN] e400ccda07406134 -> dd5aed54b53872f5
[CHAIN] dd5aed54b53872f5 -> e09b391aee126525
[CHAIN] e09b391aee126525 -> 0e1fec3dc91c75d6
[CHAIN] 0e1fec3dc91c75d6 -> 47c3e1754709f162
[CHAIN] 47c3e1754709f162 -> 1c4dea45b48b4a88
[CHAIN] 1c4dea45b48b4a88 -> c10f848a797197ad
[CHAIN] c10f848a797197ad -> bd0032b1daf153d1
[CHAIN] bd0032b1daf153d1 -> 67b8891ddea0bb73
[CHAIN] 67b8891ddea0bb73 -> 87c66f3be8c80f59
[CHAIN] 87c66f3be8c80f59 -> c22273fe583faeec
[CHAIN] c22273fe583faeec -> bea4a0d66ee2bc94
[CHAIN] bea4a0d66ee2bc94 -> ac6157b57c21c7ff
[CHAIN] ac6157b57c21c7ff -> 793c32f6e8414066
[CHAIN] 793c32f6e8414066 -> 50604fa1dbb73251
[CHAIN] 50604fa1dbb73251 -> 506d2ac464ac1092
[CHAIN] 506d2ac464ac1092 -> 1822dec2ca62a870
[CHAIN] 1822dec2ca62a870 -> 5f81bbb810acd63b
[CHAIN] 5f81bbb810acd63b -> 2e2ad0aa2c2e63fb
[CHAIN] 2e2ad0aa2c2e63fb -> 71fb727d01e1a8d7
[CHAIN] 71fb727d01e1a8d7 -> b6ea717ab937cd5a
[CHAIN] b6ea717ab937cd5a -> 855c588e3c60fed6
[CHAIN] 855c588e3c60fed6 -> 693e5b387d3c9a4d
[CHAIN] 693e5b387d3c9a4d -> a9a51649513580ae
[CHAIN] a9a51649513580ae -> e9eb5701a833c3cf
[CHAIN] e9eb5701a833c3cf -> 71c81b8ef62a94cd
[CHAIN] 71c81b8ef62a94cd -> 2e0b0c7442e4d679
[CHAIN] 2e0b0c7442e4d679 -> 9548b5e0fcb80023
[CHAIN] 9548b5e0fcb80023 -> 472652c49c8f3979
[CHAIN] 472652c49c8f3979 -> 74f3d984bf487f63
[CHAIN] 74f3d984bf487f63 -> 7b2a9cad391ba8dd
[CHAIN] 7b2a9cad391ba8dd -> 355735143853501a
[CHAIN] 355735143853501a -> f2d3395bc24f15f1
[CHAIN] f2d3395bc24f15f1 -> 2aba69a66ef5eabe
[CHAIN] 2aba69a66ef5eabe -> 5fcd20655e24a18c
[CHAIN] 5fcd20655e24a18c -> f0d0ffcfc02df954
[CHAIN] f0d0ffcfc02df954 -> 14dba1a6accfd442
[CHAIN] 14dba1a6accfd442 -> b2f84694c3fd0cae
[CHAIN] b2f84694c3fd0cae -> e6c2825909d2cb9c
[CHAIN] e6c2825909d2cb9c -> ac8bfe88314f0b88
[CHAIN] ac8bfe88314f0b88 -> a9e5f28f7c852e50
[CHAIN] a9e5f28f7c852e50 -> 7632cbc003b0ef1c
[CHAIN] 7632cbc003b0ef1c -> 7e2c7f1b02baf03b
[CHAIN] 7e2c7f1b02baf03b -> f307bfe9d26e4218
[CHAIN] f307bfe9d26e4218 -> 8a36ae820afa9b67
[CHAIN] 8a36ae820afa9b67 -> fd9924b352b84ff5
[CHAIN] fd9924b352b84ff5 -> 677caeac30019a78
[CHAIN] 677caeac30019a78 -> 7fc2f57f7c1a0322
[CHAIN] 7fc2f57f7c1a0322 -> 754af68f86109820
[CHAIN] 754af68f86109820 -> 6ee839b17c8d1fad
[CHAIN] 6ee839b17c8d1fad -> 49d344c38154e766
[CHAIN] 49d344c38154e766 -> 0ff3e8fc766a1d3b
[CHAIN] 0ff3e8fc766a1d3b -> 46c3279c420d4af6
[CHAIN] 46c3279c420d4af6 -> fb91337d947748d8
[CHAIN] fb91337d947748d8 -> 10bc731db2401629
[CHAIN] 10bc731db2401629 -> bde94a8c4924ee38
[CHAIN] bde94a8c4924ee38 -> 4a6e7847395d5cb2
[CHAIN] 4a6e7847395d5cb2 -> baa4e87ce5c63135
[CHAIN] baa4e87ce5c63135 -> c425da723a00395a
[CHAIN] c425da723a00395a -> 75e13c941f56d170
[CHAIN] 75e13c941f56d170 -> d7c62933afcf8015
[CHAIN] d7c62933afcf8015 -> 09356381a5f64c32
[CHAIN] 09356381a5f64c32 -> 57118f9241cbdd26
[CHAIN] 57118f9241cbdd26 -> 10adba0e82234b6d
[CHAIN] 10adba0e82234b6d -> f01f7def07e56bf9
[CHAIN] f01f7def07e56bf9 -> ee78f37b1c406d01
[CHAIN] ee78f37b1c406d01 -> d2c0a3d600cdffde
[CHAIN] d2c0a3d600cdffde -> f8bf49bc6c5e79ea
[CHAIN] f8bf49bc6c5e79ea -> 820293d5fa32ba0f
[CHAIN] 820293d5fa32ba0f -> 661f6ef7837e5562
[CHAIN] 661f6ef7837e5562 -> 70e0eb1c1246389f
[CHAIN] 70e0eb1c1246389f -> b06e5dbc8d73b458
[CHAIN] b06e5dbc8d73b458 -> 4f71ab5073b5cbfc
[CHAIN] 4f71ab5073b5cbfc -> 8380b4666c2cecda
[CHAIN] 8380b4666c2cecda -> 3f5a493ac27f5aa7
[CHAIN] 3f5a493ac27f5aa7 -> ee113fbe2cefa5c5
[CHAIN] ee113fbe2cefa5c5 -> de5188444fcfa555
[CHAIN] de5188444fcfa555 -> 797b16bf552d3223
[CHAIN] 797b16bf552d3223 -> dbdb4b1e1484f170
[CHAIN] dbdb4b1e1484f170 -> f230e0b963ad4ad2
[CHAIN] f230e0b963ad4ad2 -> e91f0ffb732c1024
[CHAIN] e91f0ffb732c1024 -> bd5517f764890042
[CHAIN] bd5517f764890042 -> 8d629f6dbe7a86f9
[CHAIN] 8d629f6dbe7a86f9 -> 0b761370797dffed
[CHAIN] 0b761370797dffed -> 9f23368e69531bc6
[CHAIN] 9f23368e69531bc6 -> 2526fbadcd9afb87
[CHAIN] 2526fbadcd9afb87 -> 1146d345a996fefc
[CHAIN] 1146d345a996fefc -> c821cc8fe8c5401a
[CHAIN] c821cc8fe8c5401a -> b0f65c0d984845b2
[CHAIN] b0f65c0d984845b2 -> 180665c43b87976c
[CHAIN] 180665c43b87976c -> 035aafeb119d102f
[CHAIN] 035aafeb119d102f -> e86e970374b73b16
[CHAIN] e86e970374b73b16 -> 70c6e645f0a05ebd
[CHAIN] 70c6e645f0a05ebd -> c9e47d0f36c6ebc8
[CHAIN] c9e47d0f36c6ebc8 -> a55f7c084ef0ba96
[CHAIN] a55f7c084ef0ba96 -> d2697cdfed1c08ea
[CHAIN] d2697cdfed1c08ea -> 730577213c88a51e
[CHAIN] 730577213c88a51e -> f1b5eed19bc5cc0d
[CHAIN] f1b5eed19bc5cc0d -> 34997b037289834a
[CHAIN] 34997b037289834a -> 913f4038ae865ed9
[CHAIN] 913f4038ae865ed9 -> 86b12fb136119156
[CHAIN] 86b12fb136119156 -> 899aee043e50a82d
[CHAIN] 899aee043e50a82d -> d544c78f54509935
[CHAIN] d544c78f54509935 -> 8cff553387f811a3
[CHAIN] 8cff553387f811a3 -> c099062d25a0f0e7
[CHAIN] c099062d25a0f0e7 -> aab0501ab1e23124
[CHAIN] aab0501ab1e23124 -> 2103c93cc5208d57
[CHAIN] 2103c93cc5208d57 -> b39f45de12bd250d
[CHAIN] b39f45de12bd250d -> 512c1af2d1a18e73
[CHAIN] 512c1af2d1a18e73 -> bdbe3908f092f7a0
[CHAIN] bdbe3908f092f7a0 -> 8d51b3f57fa950d7
[CHAIN] 8d51b3f57fa950d7 -> 537e7308973f2ccd
[CHAIN] 537e7308973f2ccd -> f4a871e4e53be0ad
[CHAIN] f4a871e4e53be0ad -> 726ab06321103901
[CHAIN] 726ab06321103901 -> 4d28908038b47099
[CHAIN] 4d28908038b47099 -> 0078eb019475a8dd
[CHAIN] 0078eb019475a8dd -> e8eb2ed95e4e90dd
[CHAIN] e8eb2ed95e4e90dd -> 45a4a7c7d3fe342b
[CHAIN] 45a4a7c7d3fe342b -> b20c161e32345791
[CHAIN] b20c161e32345791 -> e868f547545ceae2
[CHAIN] e868f547545ceae2 -> dc588306230b423f
[CHAIN] dc588306230b423f -> 081118ca8365c4d4
[CHAIN] 081118ca8365c4d4 -> 0923fb4e55c3f1fd
[CHAIN] 0923fb4e55c3f1fd -> 384675cc497fd5da
[CHAIN] 384675cc497fd5da -> 228868450131de61
[CHAIN] 228868450131de61 -> f283413a1a95bb4d
[CHAIN] f283413a1a95bb4d -> 5dd515111d241e44
[CHAIN] 5dd515111d241e44 -> d05050d0349308e0
[CHAIN] d05050d0349308e0 -> f508ef0974c9b10d
[CHAIN] f508ef0974c9b10d -> 924cae282e4b3b05
[CHAIN] 924cae282e4b3b05 -> 5187808e9f313094
[CHAIN] 5187808e9f313094 -> 5ac50bf0db15aea7
[CHAIN] 5ac50bf0db15aea7 -> a1e590ccc05f0db2
[CHAIN] a1e590ccc05f0db2 -> 295a064f3ec8d90c
[CHAIN] 295a064f3ec8d90c -> 2e0da3f0dbba7a1b
[CHAIN] 2e0da3f0dbba7a1b -> 8d5529326df2fc30
[CHAIN] 8d5529326df2fc30 -> bafe974ec4a01420
[CHAIN] bafe974ec4a01420 -> f891062f1c46ec75
[CHAIN] f891062f1c46ec75 -> 5fb0167ac69d7309
[CHAIN] 5fb0167ac69d7309 -> 5976ab0b5011a04f
[CHAIN] 5976ab0b5011a04f -> 1ba742a18f2ecde1
[CHAIN] 1ba742a18f2ecde1 -> 070d0b7f6439606c
[CHAIN] 070d0b7f6439606c -> a3c6ec94281414bd
[CHAIN] a3c6ec94281414bd -> e14255d87fb9e595
[CHAIN] e14255d87fb9e595 -> a9d1a5abad7d8ded
[CHAIN] a9d1a5abad7d8ded -> f34e43ca2ea2d45b
[CHAIN] f34e43ca2ea2d45b -> 741d49a5f61068a5
[CHAIN] 741d49a5f61068a5 -> 9c2d73a0644bbdbf
[CHAIN] 9c2d73a0644bbdbf -> 200f69ab4e373817
[CHAIN] 200f69ab4e373817 -> f92f31b9ab795b77
[CHAIN] f92f31b9ab795b77 -> 4a8340d677d74a32
[CHAIN] 4a8340d677d74a32 -> 885c669ad17338c7
[CHAIN] 885c669ad17338c7 -> 9de215013478401e
[CHAIN] 9de215013478401e -> db1e0f5f204ffaab
[CHAIN] db1e0f5f204ffaab -> 7850ee1329dad2df
[CHAIN] 7850ee1329dad2df -> 0d4d59616e970a8b
[CHAIN] 0d4d59616e970a8b -> f7c830858bf3f33e
[CHAIN] f7c830858bf3f33e -> f67bda199248086e
[CHAIN] f67bda199248086e -> ae5b7d3da2bf4d12
[CHAIN] ae5b7d3da2bf4d12 -> 3bcdedd9e7c7ff2f
[CHAIN] 3bcdedd9e7c7ff2f -> c91ca631eea890d3
[CHAIN] c91ca631eea890d3 -> a029984ed033dc2a
[CHAIN] a029984ed033dc2a -> e3f5cd9fb567b3f5
[CHAIN] e3f5cd9fb567b3f5 -> 2c57a888507a3b5b
[CHAIN] 2c57a888507a3b5b -> 094e0b9bc27df032
[CHAIN] 094e0b9bc27df032 -> 6c067869a0ad680e
[CHAIN] 6c067869a0ad680e -> ad56f825b3c9440f
[CHAIN] ad56f825b3c9440f -> dad96166c663cd4f
[CHAIN] dad96166c663cd4f -> 9e386dc31ebe840f
[CHAIN] 9e386dc31ebe840f -> 9e6ae901fff20385
[CHAIN] 9e6ae901fff20385 -> 6c2099a951825f01
[CHAIN] 6c2099a951825f01 -> d81bf49ea6c7cde4
[CHAIN] d81bf49ea6c7cde4 -> 48d4199f45399e76
[CHAIN] 48d4199f45399e76 -> dfa037edbb80847b
[CHAIN] dfa037edbb80847b -> 5123b0668fc8a01e
[CHAIN] 5123b0668fc8a01e -> 2e81bf14844ff669
[CHAIN] 2e81bf14844ff669 -> 3d048de6e6abaced
[CHAIN] 3d048de6e6abaced -> acd2ff913cdb1eac
[CHAIN] acd2ff913cdb1eac -> be4121d2f24f9ea2
[CHAIN] be4121d2f24f9ea2 -> 9a46632dbb592d00
[CHAIN] 9a46632dbb592d00 -> 2ee7a41a45d0bf37
[CHAIN] 2ee7a41a45d0bf37 -> f6789b439836b696
[CHAIN] f6789b439836b696 -> a010995a90d83097
[CHAIN] a010995a90d83097 -> 16fef9331bc80159
[CHAIN] 16fef9331bc80159 -> ebb401628621ab13
[CHAIN] ebb401628621ab13 -> c7a07770ae850b3f
[CHAIN] c7a07770ae850b3f -> 4b106531c4d9ea66
[CHAIN] 4b106531c4d9ea66 -> 2acefcdfea44e250
[CHAIN] 2acefcdfea44e250 -> f15996bbc81d28bb
[CHAIN] f15996bbc81d28bb -> 3a6907df81176acd
[CHAIN] 3a6907df81176acd -> 6e1d778143cc6b22
[CHAIN] 6e1d778143cc6b22 -> ada890eee86acff0
[CHAIN] ada890eee86acff0 -> 669274f9b734a288
[CHAIN] 669274f9b734a288 -> 5c82ace3b5c9be0b
[CHAIN] 5c82ace3b5c9be0b -> d6d047d5d3d5c46e
[CHAIN] d6d047d5d3d5c46e -> 83716cfd3d1adb8e
[CHAIN] 83716cfd3d1adb8e -> 4505b9e10c72675b
[CHAIN] 4505b9e10c72675b -> f9f10c21ee00de7d
[CHAIN] f9f10c21ee00de7d -> fca0fb0b1b16c5f1
[CHAIN] fca0fb0b1b16c5f1 -> 820336b859a55b2e
[CHAIN] 820336b859a55b2e -> e009922c3f294236
[CHAIN] e009922c3f294236 -> a1ac5d87ba0410fe
[CHAIN] a1ac5d87ba0410fe -> ec0f9d979d9fac30
[CHAIN] ec0f9d979d9fac30 -> 0553338a7e776d6e
[CHAIN] 0553338a7e776d6e -> ffb4ee3bbc5a8b70
[CHAIN] ffb4ee3bbc5a8b70 -> e9f432b37e26e034
[CHAIN] e9f432b37e26e034 -> 4939d06e158eb943
[CHAIN] 4939d06e158eb943 -> efc43b420efa7600
[CHAIN] efc43b420efa7600 -> 16c231277f183ceb
[CHAIN] 16c231277f183ceb -> 9bb7b70729d84304
[CHAIN] 9bb7b70729d84304 -> 4a9bb5ed10fabd10
[CHAIN] 4a9bb5ed10fabd10 -> 9e058229811e5322
[CHAIN] 9e058229811e5322 -> 94c2162778c966e7
[CHAIN] 94c2162778c966e7 -> 31ee67eec62853a1
[CHAIN] 31ee67eec62853a1 -> 334cad7410b2af32
[CHAIN] 334cad7410b2af32 -> 7eeb845d3dacb16a
[CHAIN] 7eeb845d3dacb16a -> 10f228185af7bc40
[CHAIN] 10f228185af7bc40 -> e81477b887c2b631
[CHAIN] e81477b887c2b631 -> 6752c9f2fd113c34
[CHAIN] 6752c9f2fd113c34 -> eb5f7ce833d21041
[CHAIN] eb5f7ce833d21041 -> b8a239f51390635a
[CHAIN] b8a239f51390635a -> 422595e93bd20251
[CHAIN] 422595e93bd20251 -> ad6f61f47c01fb75
[CHAIN] ad6f61f47c01fb75 -> 7c3c61c26ee451e2
[CHAIN] 7c3c61c26ee451e2 -> 417e85514e48720c
[CHAIN] 417e85514e48720c -> 97e758ad0ebf01b0
[CHAIN] 97e758ad0ebf01b0 -> a20e6f847be93d08
[CHAIN] a20e6f847be93d08 -> 73d79e260ab0b88a
[CHAIN] 73d79e260ab0b88a -> e6d5bbd5359fbd97
[CHAIN] e6d5bbd5359fbd97 -> 7f1e4b85476720c3
[CHAIN] 7f1e4b85476720c3 -> 550552ef6dd33750
[CHAIN] 550552ef6dd33750 -> 32560aa0ef97f417
[CHAIN] 32560aa0ef97f417 -> c4615cfd34340c6a
[CHAIN] c4615cfd34340c6a -> f744364e426c5d7b
[CHAIN] f744364e426c5d7b -> 6a8892fd9a97056d
[CHAIN] 6a8892fd9a97056d -> 5765669859e625d5
[CHAIN] 5765669859e625d5 -> 144d2d5e883136e2
[CHAIN] 144d2d5e883136e2 -> 4f27f1f09255c2f3
[CHAIN] 4f27f1f09255c2f3 -> f7446a26ca354afc
[CHAIN] f7446a26ca354afc -> 0229341dc8af9d6b
[CHAIN] 0229341dc8af9d6b -> 23754c87113df06f
[CHAIN] 23754c87113df06f -> 78c8a63940f7952b
[CHAIN] 78c8a63940f7952b -> 5c9a4e3598000caa
[CHAIN] 5c9a4e3598000caa -> b3659e6529d2a92a
[CHAIN] b3659e6529d2a92a -> 8aa2820052ab4d33
[CHAIN] 8aa2820052ab4d33 -> 5fd0d558132de005
[CHAIN] 5fd0d558132de005 -> 5e467ae2a4ffbe78
[CHAIN] 5e467ae2a4ffbe78 -> dbbb9da9874e3901
[CHAIN] dbbb9da9874e3901 -> e933949a62a01b28
[CHAIN] e933949a62a01b28 -> cbea8c28d98fc635
[CHAIN] cbea8c28d98fc635 -> be5b1d8898fb06b7
[CHAIN] be5b1d8898fb06b7 -> 10ff468935ab5d8c
[CHAIN] 10ff468935ab5d8c -> d88da81a493761aa
[CHAIN] d88da81a493761aa -> d6c306ec3089ce6a
[CHAIN] d6c306ec3089ce6a -> fd0fdd6cdf9491d0
[CHAIN] fd0fdd6cdf9491d0 -> 956b092618139c5d
[CHAIN] 956b092618139c5d -> 31ec041693464e83
[CHAIN] 31ec041693464e83 -> 409c87735365685a
[CHAIN] 409c87735365685a -> 06990756e2efcef7
[CHAIN] 06990756e2efcef7 -> 83e1b84c5ec36173
[CHAIN] 83e1b84c5ec36173 -> 073098cb36f3f57d
[CHAIN] 073098cb36f3f57d -> 7a427040e836e77f
[CHAIN] 7a427040e836e77f -> cf6ec8fea8ecf4a6
[CHAIN] cf6ec8fea8ecf4a6 -> 4ec825c1710b5e54
[CHAIN] 4ec825c1710b5e54 -> 2690a75d1c57d18e
[CHAIN] 2690a75d1c57d18e -> 1b6cdaa132d478a0
[CHAIN] 1b6cdaa132d478a0 -> 73d3dc5f05a1822f
[CHAIN] 73d3dc5f05a1822f -> eafce030684c4213
[CHAIN] eafce030684c4213 -> 9b01297c562eedfa
[CHAIN] 9b01297c562eedfa -> 5b8fd008f34d16a3
[CHAIN] 5b8fd008f34d16a3 -> 575e57a2134d8592
[CHAIN] 575e57a2134d8592 -> 8605dc373643c16f
[CHAIN] 8605dc373643c16f -> 7d80badc6b75a0a8
[CHAIN] 7d80badc6b75a0a8 -> 0209e2225ecae12b
[CHAIN] 0209e2225ecae12b -> e8fa2367268fa393
[CHAIN] e8fa2367268fa393 -> 003e4cb6be47ea30
[CHAIN] 003e4cb6be47ea30 -> 17f9c6bf93a123ee
[CHAIN] 17f9c6bf93a123ee -> 56e88798d6d345aa
[CHAIN] 56e88798d6d345aa -> 7b6ec0002d674405
[CHAIN] 7b6ec0002d674405 -> 30b76ebc7e6f87a3
[CHAIN] 30b76ebc7e6f87a3 -> ad91c1a2c188c0f4
[CHAIN] ad91c1a2c188c0f4 -> 5848b79effd0d265
[CHAIN] 5848b79effd0d265 -> ed3e89a75a4697f0
[CHAIN] ed3e89a75a4697f0 -> de4ee4ecb3f9d451
[CHAIN] de4ee4ecb3f9d451 -> eeeda8c27ab20c75
[CHAIN] eeeda8c27ab20c75 -> a5d5cc0384e6b4d5
[CHAIN] a5d5cc0384e6b4d5 -> 61592cad737d813c
[CHAIN] 61592cad737d813c -> 863aea143dfc45fc
[CHAIN] 863aea143dfc45fc -> 386d1b9f1731f6fa
[CHAIN] 386d1b9f1731f6fa -> 4666e954f221672b
[CHAIN] 4666e954f221672b -> d8d43f0de12d7ae0
[CHAIN] d8d43f0de12d7ae0 -> 134357dbfe7c6825
[CHAIN] 134357dbfe7c6825 -> 1f3e11e9011595e4
[CHAIN] 1f3e11e9011595e4 -> 602758537a1732c6
[CHAIN] 602758537a1732c6 -> 0d868b8b463e2f4e
[CHAIN] 0d868b8b463e2f4e -> 22499acb0b39ca6d
[CHAIN] 22499acb0b39ca6d -> 62bd19bd9a0ee727
[CHAIN] 62bd19bd9a0ee727 -> 808ff4b2762a43a7
[CHAIN] 808ff4b2762a43a7 -> be6b397cc7b58e30
[CHAIN] be6b397cc7b58e30 -> f59c390b7c0a1b40
[CHAIN] f59c390b7c0a1b40 -> 488f9a07b1a6adf8
[CHAIN] 488f9a07b1a6adf8 -> 23e7db7dc21a33ba
[CHAIN] 23e7db7dc21a33ba -> 4655b94248eb31ac
[CHAIN] 4655b94248eb31ac -> 6ac09bec2aca2d65
[CHAIN] 6ac09bec2aca2d65 -> 71b5520fdae9a22e
[CHAIN] 71b5520fdae9a22e -> 67d0cb527815f7b1
[CHAIN] 67d0cb527815f7b1 -> 8f6e11894d76ba27
[CHAIN] 8f6e11894d76ba27 -> 848afa6e87c22c63
[CHAIN] 848afa6e87c22c63 -> 863c836b1090eb0a
[CHAIN] 863c836b1090eb0a -> 7dbc086f48f19089
[CHAIN] 7dbc086f48f19089 -> b652f4f2a5383aa7
[CHAIN] b652f4f2a5383aa7 -> 1e7abe6857ddae42
[CHAIN] 1e7abe6857ddae42 -> f9a979fd0737e4d3
[CHAIN] f9a979fd0737e4d3 -> bf1711278b419199
[CHAIN] bf1711278b419199 -> 934701f126715036
[CHAIN] 934701f126715036 -> b5200a9b91221eed
[CHAIN] b5200a9b91221eed -> f12debf9a3083059
[CHAIN] f12debf9a3083059 -> c5cc3023ac1f9e36
[CHAIN] c5cc3023ac1f9e36 -> 549e6645b325de7a
[CHAIN] 549e6645b325de7a -> a155384f3cf81250
[CHAIN] a155384f3cf81250 -> 0d218ba2230389e2
[CHAIN] 0d218ba2230389e2 -> 2dcedafddec80e96
[CHAIN] 2dcedafddec80e96 -> e50c82f8fadef4e2
[CHAIN] e50c82f8fadef4e2 -> 3c25d6b2b5b24576
[CHAIN] 3c25d6b2b5b24576 -> 432ffe9201fd7c44
[CHAIN] 432ffe9201fd7c44 -> 1653191428f2e91d
[CHAIN] 1653191428f2e91d -> 00dbd0882c41b84e
[CHAIN] 00dbd0882c41b84e -> 2458ed4fb2715d15
[CHAIN] 2458ed4fb2715d15 -> c6a6e04098560c04
[CHAIN] c6a6e04098560c04 -> 04dbd696b648bf98
[CHAIN] 04dbd696b648bf98 -> 729c2ad6f8adfeab
[CHAIN] 729c2ad6f8adfeab -> b3dac28637973e5c
[CHAIN] b3dac28637973e5c -> a5ba9b9e46011540
[CHAIN] a5ba9b9e46011540 -> 6197987913cc1911
[CHAIN] 6197987913cc1911 -> abdea6e925f02a44
[CHAIN] abdea6e925f02a44 -> dfae9df334794481
[CHAIN] dfae9df334794481 -> 6e550ba68cfe1e51
[CHAIN] 6e550ba68cfe1e51 -> a5e896b222bcbc4f
[CHAIN] a5e896b222bcbc4f -> 10ace69befc14119
[CHAIN] 10ace69befc14119 -> d53bc4e6e003def2
[CHAIN] d53bc4e6e003def2 -> 5b327010f9952aeb
[CHAIN] 5b327010f9952aeb -> 8e658a26c90dfd36
[CHAIN] 8e658a26c90dfd36 -> 46abbea22da53494
[CHAIN] 46abbea22da53494 -> 6adca1b363c64024
[CHAIN] 6adca1b363c64024 -> 552bb02da23f3a90
[CHAIN] 552bb02da23f3a90 -> 5423ef18224463be
[CHAIN] 5423ef18224463be -> d0c695db1e98d30b
[CHAIN] d0c695db1e98d30b -> 824a7b1e0c994722
[CHAIN] 824a7b1e0c994722 -> 6fa3727dc42b7459
[CHAIN] 6fa3727dc42b7459 -> a14e9ee78ed02ebc
[CHAIN] a14e9ee78ed02ebc -> b280468cd2713390
[CHAIN] b280468cd2713390 -> 67d24cc6619397a5
[CHAIN] 67d24cc6619397a5 -> 903ce744cbb4d6ea
[CHAIN] 903ce744cbb4d6ea -> 01b20e36a4dfca99
[CHAIN] 01b20e36a4dfca99 -> 77a97ed83c0af7b5
[CHAIN] 77a97ed83c0af7b5 -> c67ad9177940278a
[CHAIN] c67ad9177940278a -> dbeddb52e9b75002
[CHAIN] dbeddb52e9b75002 -> 356b2e2e7ea2c230
[CHAIN] 356b2e2e7ea2c230 -> 4f027b457ec2b2b5
[CHAIN] 4f027b457ec2b2b5 -> 6629547beca7ff13
[CHAIN] 6629547beca7ff13 -> d7090ec3b3072b4c
[CHAIN] d7090ec3b3072b4c -> 543542282a0f92a2
[CHAIN] 543542282a0f92a2 -> ae3acd81d62bd61a
[CHAIN] ae3acd81d62bd61a -> 4293f6c9b6f08650
[CHAIN] 4293f6c9b6f08650 -> 46202846dba8f3a6
[CHAIN] 46202846dba8f3a6 -> b1480bb3c3b6347a
[CHAIN] b1480bb3c3b6347a -> 271c232839e8cdb6
[CHAIN] 271c232839e8cdb6 -> 45d736a66f516105
[CHAIN] 45d736a66f516105 -> f5dc1063bd649e10
[CHAIN] f5dc1063bd649e10 -> 5603af7b52f49290
[CHAIN] 5603af7b52f49290 -> 6c0366d6c69d3a40
[CHAIN] 6c0366d6c69d3a40 -> 18fbb3f5bd454b51
[CHAIN] 18fbb3f5bd454b51 -> 46310b906bf63cc8
[CHAIN] 46310b906bf63cc8 -> cf8d8aad40a0182e
[CHAIN] cf8d8aad40a0182e -> a9d3ee8b1c51faca
[CHAIN] a9d3ee8b1c51faca -> c8c18cc71043c839
[CHAIN] c8c18cc71043c839 -> cecd20b46bd3ef3e
[CHAIN] cecd20b46bd3ef3e -> a2d793b3ab97db25
[CHAIN] a2d793b3ab97db25 -> 01a1abf542939916
[CHAIN] 01a1abf542939916 -> fece855a7906f7f9
[CHAIN] fece855a7906f7f9 -> 994be31323ae2f64
[CHAIN] 994be31323ae2f64 -> 98a4039a1c053813
[CHAIN] 98a4039a1c053813 -> 20e834749cd45a0a
[CHAIN] 20e834749cd45a0a -> b90bca552e4a77eb
[CHAIN] b90bca552e4a77eb -> ea79dabaf2f57597
[CHAIN] ea79dabaf2f57597 -> 48759ebdf4edbb08
[CHAIN] 48759ebdf4edbb08 -> d0e34c59c016c0bd
[CHAIN] d0e34c59c016c0bd -> 96dfc53d021ae867
[CHAIN] 96dfc53d021ae867 -> 273e4bab7f7953c8
[CHAIN] 273e4bab7f7953c8 -> c8c6ec513b5eac0c
[CHAIN] c8c6ec513b5eac0c -> ccc7ad3f90d7dea2
[CHAIN] ccc7ad3f90d7dea2 -> 4ea3ffb85337522b
[CHAIN] 4ea3ffb85337522b -> 8d96fe3010b2de4e
[CHAIN] 8d96fe3010b2de4e -> b2430f47d1837a5f
[CHAIN] b2430f47d1837a5f -> f56db9dedf9ed476
[CHAIN] f56db9dedf9ed476 -> 7620f918b1e6b642
[CHAIN] 7620f918b1e6b642 -> 7b3e81e4add73ebc
[CHAIN] 7b3e81e4add73ebc -> 6a48b196d36c0e90
[CHAIN] 6a48b196d36c0e90 -> 9ee4eccec6edb1a5
[CHAIN] 9ee4eccec6edb1a5 -> fb44f75f3222f0e8
[CHAIN] fb44f75f3222f0e8 -> 87acef13a4384ff4
[CHAIN] 87acef13a4384ff4 -> e599cdc82d5d68d0
[CHAIN] e599cdc82d5d68d0 -> af09d258212f1896
[CHAIN] af09d258212f1896 -> 81b42f4fd1263e6a
[CHAIN] 81b42f4fd1263e6a -> db776c61d1805767
[CHAIN] db776c61d1805767 -> 07598e6007e0fb89
[CHAIN] 07598e6007e0fb89 -> 2e652dbed02afeeb
[CHAIN] 2e652dbed02afeeb -> 7f502219610aa2bf
[CHAIN] 7f502219610aa2bf -> 4e3005b4994491bc
[CHAIN] 4e3005b4994491bc -> be0d9ca3ce350ebc
[CHAIN] be0d9ca3ce350ebc -> 28f2d7862cd3d45a
[CHAIN] 28f2d7862cd3d45a -> 0fd06049a905ab8c
[CHAIN] 0fd06049a905ab8c -> 9a3484cb5d806ee0
[CHAIN] 9a3484cb5d806ee0 -> 87c37151acb749c0
[CHAIN] 87c37151acb749c0 -> d0ad4d8936565882
[CHAIN] d0ad4d8936565882 -> ceecc3429b32d568
[CHAIN] ceecc3429b32d568 -> 84324d82501e8981
[CHAIN] 84324d82501e8981 -> 9acb8c37485a82fd
[CHAIN] 9acb8c37485a82fd -> 6349b52b09a58f76
[CHAIN] 6349b52b09a58f76 -> 10f12f1255135328
[CHAIN] 10f12f1255135328 -> e618a962dfb0641c
[CHAIN] e618a962dfb0641c -> 89ba67afc923a961
[CHAIN] 89ba67afc923a961 -> 1984b70ef760950b
[CHAIN] 1984b70ef760950b -> 11035a86bb1cd958
[CHAIN] 11035a86bb1cd958 -> 35298db56e4dea83
[CHAIN] 35298db56e4dea83 -> b6f57ef8b0f26f16
[CHAIN] b6f57ef8b0f26f16 -> 5db07c27e330bc86
[CHAIN] 5db07c27e330bc86 -> 4f2873c7f792a1dc
[CHAIN] 4f2873c7f792a1dc -> f0aa3de0e001fb0a
[CHAIN] f0aa3de0e001fb0a -> 3d0659164734e08e
[CHAIN] 3d0659164734e08e -> 73d5e9efc6ab79a9
[CHAIN] 73d5e9efc6ab79a9 -> 6b7f85601c49ff1b
[CHAIN] 6b7f85601c49ff1b -> 4597346cac91dec2
[CHAIN] 4597346cac91dec2 -> 1f65e6c5bb68cc50
[CHAIN] 1f65e6c5bb68cc50 -> 929699dd5caee4f6
[CHAIN] 929699dd5caee4f6 -> dd17bc25afdbcfbb
[CHAIN] dd17bc25afdbcfbb -> 22c44441268fc4e2
[CHAIN] 22c44441268fc4e2 -> 7a466c8430a96fc6
[CHAIN] 7a466c8430a96fc6 -> 336eb459a2d59c48
[CHAIN] 336eb459a2d59c48 -> 425800b6bce6917a
[CHAIN] 425800b6bce6917a -> 03fb25c09f422e9e
[CHAIN] 03fb25c09f422e9e -> 038c16a619b054fe
[CHAIN] 038c16a619b054fe -> 5ec83b05ac7c02de
[CHAIN] 5ec83b05ac7c02de -> 9315c63b0bafec58
[CHAIN] 9315c63b0bafec58 -> a4f57b41466e71db
[CHAIN] a4f57b41466e71db -> 0f712f5f0ebd4526
[CHAIN] 0f712f5f0ebd4526 -> 322fbfdd782a4d31
[CHAIN] 322fbfdd782a4d31 -> a05808956ff78c5e
[CHAIN] a05808956ff78c5e -> 69f3f7ee5119fa7e
[CHAIN] 69f3f7ee5119fa7e -> fe555c6581fe752b
[CHAIN] fe555c6581fe752b -> 0aaa575cbc4aaac6
[CHAIN] 0aaa575cbc4aaac6 -> 078d350a950b6d2f
[CHAIN] 078d350a950b6d2f -> 0277d30599817bc5
[CHAIN] 0277d30599817bc5 -> 9b6ffd503db4a42a
[CHAIN] 9b6ffd503db4a42a -> d6543bcf313cbc37
[CHAIN] d6543bcf313cbc37 -> 3d491f2a53bddafc
[CHAIN] 3d491f2a53bddafc -> 1684d371c43518b7
[CHAIN] 1684d371c43518b7 -> 25ae5366db7e5201
[CHAIN] 25ae5366db7e5201 -> 90602c40b7962acb
[CHAIN] 90602c40b7962acb -> 23f981a9a91a8f12
[CHAIN] 23f981a9a91a8f12 -> 03701d0a727e0abf
[CHAIN] 03701d0a727e0abf -> dd8e3575e0c2ca58
[CHAIN] dd8e3575e0c2ca58 -> c95d277dedc23306
[CHAIN] c95d277dedc23306 -> 95a8a6d896a00043
[CHAIN] 95a8a6d896a00043 -> 5a577af0dc79a520
[CHAIN] 5a577af0dc79a520 -> aecf337bd3a45f21
[CHAIN] aecf337bd3a45f21 -> bd1c92e54073d91c
[CHAIN] bd1c92e54073d91c -> 0db2755423240470
[CHAIN] 0db2755423240470 -> 228143688348a126
[CHAIN] 228143688348a126 -> 74e7092ff1966dbb
[CHAIN] 74e7092ff1966dbb -> 5cc624547b113c42
[CHAIN] 5cc624547b113c42 -> f518af5645165227
[CHAIN] f518af5645165227 -> 6c732ad513b668b8
[CHAIN] 6c732ad513b668b8 -> b60876a6ca89e70c
[CHAIN] b60876a6ca89e70c -> 34a2a96c73ce7743
[CHAIN] 34a2a96c73ce7743 -> b46d76e0d1638c88
[CHAIN] b46d76e0d1638c88 -> 1e171c2f8cdbdc1e
[CHAIN] 1e171c2f8cdbdc1e -> 78ca95ba38978d00
[CHAIN] 78ca95ba38978d00 -> 8ae0956762804842
[CHAIN] 8ae0956762804842 -> 4b2c00fa1039911b
[CHAIN] 4b2c00fa1039911b -> 2e0c8b9a34a370cb
[CHAIN] 2e0c8b9a34a370cb -> 649d0993d7a6d675
[CHAIN] 649d0993d7a6d675 -> c11dbe1ea8cdbd48
[CHAIN] c11dbe1ea8cdbd48 -> b2a95718db49ca0f
[CHAIN] b2a95718db49ca0f -> c684939dd63ee863
[CHAIN] c684939dd63ee863 -> 3fa3b1222f6cd5ed
[CHAIN] 3fa3b1222f6cd5ed -> 549482ff53a0ee18
[CHAIN] 549482ff53a0ee18 -> 2f6cce0cfcd8ba04
[CHAIN] 2f6cce0cfcd8ba04 -> f7e1a081bf848e27
[CHAIN] f7e1a081bf848e27 -> fe48ec82a3a406c2
[CHAIN] fe48ec82a3a406c2 -> f930cf6396bcff14
[CHAIN] f930cf6396bcff14 -> 4e6b51404b8467ae
[CHAIN] 4e6b51404b8467ae -> 18f264be8ae75a7a
[CHAIN] 18f264be8ae75a7a -> b956978a202e6312
[CHAIN] b956978a202e6312 -> 481e40a24f785a97
[CHAIN] 481e40a24f785a97 -> 3b77d3c77474a930
[CHAIN] 3b77d3c77474a930 -> 580468e829bef3d1
[CHAIN] 580468e829bef3d1 -> 3ba284b008f81063
[CHAIN] 3ba284b008f81063 -> 665c42d0037e392b
[CHAIN] 665c42d0037e392b -> 4a6b6b33ba67deb8
[CHAIN] 4a6b6b33ba67deb8 -> 7c99bdb9196dfc2f
[CHAIN] 7c99bdb9196dfc2f -> 37f768f1f06a59f7
[CHAIN] 37f768f1f06a59f7 -> a8469366102c9229
[CHAIN] a8469366102c9229 -> 3e40fc7646dee7b0
[CHAIN] 3e40fc7646dee7b0 -> 06f305d155e29d96
[CHAIN] 06f305d155e29d96 -> b7e3144c99704468
[CHAIN] b7e3144c99704468 -> 226900c6e872ce27
[CHAIN] 226900c6e872ce27 -> 4c14ed310f689a13
[CHAIN] 4c14ed310f689a13 -> d7d6fa9b3e17f362
[CHAIN] d7d6fa9b3e17f362 -> 040fd4522ad38b9c
[CHAIN] 040fd4522ad38b9c -> acd712b14592d7a0
[CHAIN] acd712b14592d7a0 -> 5055e5256ad5c82c
[CHAIN] 5055e5256ad5c82c -> 1df67627bcd0fa0a
[CHAIN] 1df67627bcd0fa0a -> e9135b266a5e4547
[CHAIN] e9135b266a5e4547 -> c9b1fd12797789bb
[CHAIN] c9b1fd12797789bb -> 60a2085d6b1c04b6
[CHAIN] 60a2085d6b1c04b6 -> 3a55aa707ec0a008
[CHAIN] 3a55aa707ec0a008 -> 0e2f48bbf013d5e2
[CHAIN] 0e2f48bbf013d5e2 -> f6b7e192f16e7e04
[CHAIN] f6b7e192f16e7e04 -> bfca2a4254abbac5
[CHAIN] bfca2a4254abbac5 -> cb9a0c7bde1d91d4
[CHAIN] cb9a0c7bde1d91d4 -> 2afbc2c35bd981ff
[CHAIN] 2afbc2c35bd981ff -> 00940c01212f2c82
[CHAIN] 00940c01212f2c82 -> 8bb47e9e816317eb
[CHAIN] 8bb47e9e816317eb -> d4d126558b8bf6d1
[CHAIN] d4d126558b8bf6d1 -> 8f655e961625a6da
[CHAIN] 8f655e961625a6da -> 4c8cf3e7d3211a6e
[CHAIN] 4c8cf3e7d3211a6e -> 58878cd24e0a7c45
[CHAIN] 58878cd24e0a7c45 -> 7f3021f224258ed1
[CHAIN] 7f3021f224258ed1 -> 5bf936d017059f13
[CHAIN] 5bf936d017059f13 -> 97a28312ae14653a
[CHAIN] 97a28312ae14653a -> da52777db7d10777
[CHAIN] da52777db7d10777 -> 79fe16b938a0574d
[CHAIN] 79fe16b938a0574d -> fa17de7cadafab4f
[CHAIN] fa17de7cadafab4f -> e1f05704e99a19d1
[CHAIN] e1f05704e99a19d1 -> 3c314b212da1895c
[CHAIN] 3c314b212da1895c -> 569da075aa040431
[CHAIN] 569da075aa040431 -> 13c809d8be31db78
[CHAIN] 13c809d8be31db78 -> db2c75fe0063ef4e
[CHAIN] db2c75fe0063ef4e -> 5e8eadd8aa186a7f
[CHAIN] 5e8eadd8aa186a7f -> ad36226e260e71f2
[CHAIN] ad36226e260e71f2 -> a6b4fad834ab9efb
[CHAIN] a6b4fad834ab9efb -> 0ae0a7fdb44f60ea
[CHAIN] 0ae0a7fdb44f60ea -> 2ab8185d1a157343
[CHAIN] 2ab8185d1a157343 -> 5c8af5258be24977
[CHAIN] 5c8af5258be24977 -> 61c3f96001530573
[CHAIN] 61c3f96001530573 -> 81e9b7940cdff54e
[CHAIN] 81e9b7940cdff54e -> 3f84b838e9b58b45
[CHAIN] 3f84b838e9b58b45 -> b10100c5b7cfb2d6
[CHAIN] b10100c5b7cfb2d6 -> 3b4c116bbf1095d4
[CHAIN] 3b4c116bbf1095d4 -> c44e25f8fb47f052
[CHAIN] c44e25f8fb47f052 -> 5dbb3e6cd58538e8
[CHAIN] 5dbb3e6cd58538e8 -> 838bef8aaa79e10f
[CHAIN] 838bef8aaa79e10f -> abe18cadaf31b4be
[CHAIN] abe18cadaf31b4be -> 6e8ed292b450a811
[CHAIN] 6e8ed292b450a811 -> b5973466507db1e7
[CHAIN] b5973466507db1e7 -> 928e9b0a8c565d55
[CHAIN] 928e9b0a8c565d55 -> d169166371aa3504
[CHAIN] d169166371aa3504 -> 6913fcfe5332e29a
[CHAIN] 6913fcfe5332e29a -> fde20139924482d0
[CHAIN] fde20139924482d0 -> 36432f4d25a0551e
[CHAIN] 36432f4d25a0551e -> d0f4f11d024ccbb2
[CHAIN] d0f4f11d024ccbb2 -> f1c6226a1cc7f4b9
[CHAIN] f1c6226a1cc7f4b9 -> 72279b8e432f5098
[CHAIN] 72279b8e432f5098 -> 4a924fe45f8159de
[CHAIN] 4a924fe45f8159de -> 0ce9c1d7a3d309bc
[CHAIN] 0ce9c1d7a3d309bc -> 71712f69f98a4b58
[CHAIN] 71712f69f98a4b58 -> 63f0a36a48bc330b
[CHAIN] 63f0a36a48bc330b -> acbe54bb5a72e6ed
[CHAIN] acbe54bb5a72e6ed -> 85e020222ff6224e
[CHAIN] 85e020222ff6224e -> 6df2b302dddf2f64
[CHAIN] 6df2b302dddf2f64 -> 35fbaf578fdb341c
[CHAIN] 35fbaf578fdb341c -> 8039f901e6dcdcfb
[CHAIN] 8039f901e6dcdcfb -> fb29c351b2ad72c1
[CHAIN] fb29c351b2ad72c1 -> 8df904a8c756b5b0
[CHAIN] 8df904a8c756b5b0 -> 1de322a300cdb125
[CHAIN] 1de322a300cdb125 -> 0ef4c0e0a0c4ae09
[CHAIN] 0ef4c0e0a0c4ae09 -> a4c968c4f88fc605
[CHAIN] a4c968c4f88fc605 -> e9e7f1c0d92b745d
[CHAIN] e9e7f1c0d92b745d -> 6821fe543c851fd3
[CHAIN] 6821fe543c851fd3 -> 49bbecee82bb9fb3
[CHAIN] 49bbecee82bb9fb3 -> f72022e622a8033b
[CHAIN] f72022e622a8033b -> 00f4e8e89b8cf461
[CHAIN] 00f4e8e89b8cf461 -> 89580ec53573992d
[CHAIN] 89580ec53573992d -> 8f016452fba13283
[CHAIN] 8f016452fba13283 -> 0408ee6c0d79fe75
[CHAIN] 0408ee6c0d79fe75 -> 97e65f3fbff52437
[CHAIN] 97e65f3fbff52437 -> f76d749bd962e5d3
[CHAIN] f76d749bd962e5d3 -> 1b756136c51dc707
[CHAIN] 1b756136c51dc707 -> b3f3a08090cede53
[CHAIN] b3f3a08090cede53 -> 6de3fad683e7d257
[CHAIN] 6de3fad683e7d257 -> 2b5048e96c149f6d
[CHAIN] 2b5048e96c149f6d -> 5f86e74e2cfa4ad4
[CHAIN] 5f86e74e2cfa4ad4 -> 5fbb736dcb971479
[CHAIN] 5fbb736dcb971479 -> fa0f1044a20fb09c
[CHAIN] fa0f1044a20fb09c -> bc29ce588d0006a4
[CHAIN] bc29ce588d0006a4 -> e48dd5357368445b
[CHAIN] e48dd5357368445b -> b1ea3448de4ed0ce
[CHAIN] b1ea3448de4ed0ce -> 490c48d1420a6817
[CHAIN] 490c48d1420a6817 -> 2cd970f6d7924210
[CHAIN] 2cd970f6d7924210 -> a7de65f2a23e42dd
[CHAIN] a7de65f2a23e42dd -> 225aa716ea248d11
[CHAIN] 225aa716ea248d11 -> cc016423745f9658
[CHAIN] cc016423745f9658 -> 84416793d0dcbb68
[CHAIN] 84416793d0dcbb68 -> 08db4e0bd24b66dd
[CHAIN] 08db4e0bd24b66dd -> 4b61a92647ce3360
[CHAIN] 4b61a92647ce3360 -> 6c4cf1e829aa3eed
[CHAIN] 6c4cf1e829aa3eed -> 305ad362bff92c0e
[CHAIN] 305ad362bff92c0e -> 415dca5a2a83c2bf
[CHAIN] 415dca5a2a83c2bf -> 41325deaee64c92e
[CHAIN] 41325deaee64c92e -> 842fadd625d4c432
[CHAIN] 842fadd625d4c432 -> cbf5801053699b9c
[CHAIN] cbf5801053699b9c -> 086615a293a28827
[CHAIN] 086615a293a28827 -> 40990debe3c282c9
[CHAIN] 40990debe3c282c9 -> 656d9fe0b7bdbfe0
[CHAIN] 656d9fe0b7bdbfe0 -> 13b41415c2b88ad2
[CHAIN] 13b41415c2b88ad2 -> 6f922fb5a11dfc98
[CHAIN] 6f922fb5a11dfc98 -> 7a31756ff1b00e2b
[CHAIN] 7a31756ff1b00e2b -> db315838d483379a
[CHAIN] db315838d483379a -> 713eeafb1b387718
[CHAIN] 713eeafb1b387718 -> 96813e9fbfec0cc1
[CHAIN] 96813e9fbfec0cc1 -> 181a0311a19c57d2
[CHAIN] 181a0311a19c57d2 -> 322b60ab8e1534c2
[CHAIN] 322b60ab8e1534c2 -> 927f3c3860989ba1
[CHAIN] 927f3c3860989ba1 -> d2fde355885e4bd3
[CHAIN] d2fde355885e4bd3 -> ddff107bdce96edc
[CHAIN] ddff107bdce96edc -> 4ebd0c3f03f5110a
[CHAIN] 4ebd0c3f03f5110a -> 6758386e8233eb0b
[CHAIN] 6758386e8233eb0b -> 3e5fa7942aedb885
[CHAIN] 3e5fa7942aedb885 -> f9903e9b84c29ccf
[CHAIN] f9903e9b84c29ccf -> 5b57058ce73dc9ce
[CHAIN] 5b57058ce73dc9ce -> 9e4c75c141495253
[CHAIN] 9e4c75c141495253 -> 7e494805913adccc
[CHAIN] 7e494805913adccc -> d515e89dc00893f1
[CHAIN] d515e89dc00893f1 -> 667a6f00bdfb0b10
[CHAIN] 667a6f00bdfb0b10 -> 67bc36fabe0bb925
[CHAIN] 67bc36fabe0bb925 -> fdff643417455594
[CHAIN] fdff643417455594 -> 0a623eba5dc96634
[CHAIN] 0a623eba5dc96634 -> 87727764b0de0737
[CHAIN] 87727764b0de0737 -> 8c74b809320493c3
[CHAIN] 8c74b809320493c3 -> 32a4a6ff533b7726
[CHAIN] 32a4a6ff533b7726 -> 5b6b5ee598619a8d
[CHAIN] 5b6b5ee598619a8d -> 13c457d22b89b543
[CHAIN] 13c457d22b89b543 -> ff655a6cb818cd37
[CHAIN] ff655a6cb818cd37 -> 21da2a6b39ab095c
[CHAIN] 21da2a6b39ab095c -> 0af5a8b70ab5cc8e
[CHAIN] 0af5a8b70ab5cc8e -> 28cb33624f46de79
[CHAIN] 28cb33624f46de79 -> 13c9cb787dd1720a
[CHAIN] 13c9cb787dd1720a -> a0d8c850a6fd5f8c
[CHAIN] a0d8c850a6fd5f8c -> 01887a785162375e
[CHAIN] 01887a785162375e -> 782e25bb7e69eabc
[CHAIN] 782e25bb7e69eabc -> f48c36ad26c1c243
[CHAIN] f48c36ad26c1c243 -> 0cc9e3aa33c72a79
[CHAIN] 0cc9e3aa33c72a79 -> 578230cbdb1568ff
[CHAIN] 578230cbdb1568ff -> a499359104852608
[CHAIN] a499359104852608 -> 035522a412735d29
[CHAIN] 035522a412735d29 -> 954808d7961a3f48
[CHAIN] 954808d7961a3f48 -> 8380cd46cd287913
[CHAIN] 8380cd46cd287913 -> 23d11717b6b6bf44
[CHAIN] 23d11717b6b6bf44 -> 2cbe9124e82ab1b9
[CHAIN] 2cbe9124e82ab1b9 -> 47e753d4ea9d45a5
[CHAIN] 47e753d4ea9d45a5 -> 79506c2655d75c93
[CHAIN] 79506c2655d75c93 -> b9cc826f008dfcc2
[CHAIN] b9cc826f008dfcc2 -> 13b07628428d53e6
[CHAIN] 13b07628428d53e6 -> ddcfe9895df1d540
[CHAIN] ddcfe9895df1d540 -> 38b4610e23cb2e46
[CHAIN] 38b4610e23cb2e46 -> c6d0c484453e735f
[CHAIN] c6d0c484453e735f -> 1a9fd30a4f44dd17
[CHAIN] 1a9fd30a4f44dd17 -> fcf62445c64f9463
[CHAIN] fcf62445c64f9463 -> f8149cc51fd253a7
[CHAIN] f8149cc51fd253a7 -> b2f45af9e68883f3
[CHAIN] b2f45af9e68883f3 -> 63036edcde8cd36f
[CHAIN] 63036edcde8cd36f -> 791098a7666b0b04
[CHAIN] 791098a7666b0b04 -> 84e9e78451ba0a4e
[CHAIN] 84e9e78451ba0a4e -> a2cb8f282dded6e0
[CHAIN] a2cb8f282dded6e0 -> 3121258cb017096c
[CHAIN] 3121258cb017096c -> ac084f1032099b01
[CHAIN] ac084f1032099b01 -> ac4037657d91e625
[CHAIN] ac4037657d91e625 -> 03fcd93d0a904f35
[CHAIN] 03fcd93d0a904f35 -> 80b55805fde7e44e
[CHAIN] 80b55805fde7e44e -> 96045df97f2dce38
[CHAIN] 96045df97f2dce38 -> 2ec55d96fd456226
[CHAIN] 2ec55d96fd456226 -> 96d8693fa9c78842
[CHAIN] 96d8693fa9c78842 -> 104042511067881d
[CHAIN] 104042511067881d -> 1180959c48d1d438
[CHAIN] 1180959c48d1d438 -> 76c3c493ee851d09
[CHAIN] 76c3c493ee851d09 -> 9b9663d7b4d23028
[CHAIN] 9b9663d7b4d23028 -> 4b00e001fccceb41
[CHAIN] 4b00e001fccceb41 -> 1a6dbb6a8b54e35c
[CHAIN] 1a6dbb6a8b54e35c -> 3d99db6292b58397
[CHAIN] 3d99db6292b58397 -> fc762c447574e438
[CHAIN] fc762c447574e438 -> b7a54a4d6d7aade8
[CHAIN] b7a54a4d6d7aade8 -> 08a3da692d9a613d
[CHAIN] 08a3da692d9a613d -> a35fe9b693f218fc
[CHAIN] a35fe9b693f218fc -> 3189cb3fdf726b15
[CHAIN] 3189cb3fdf726b15 -> c240f42388d6773d
[CHAIN] c240f42388d6773d -> 5de7ad237bec2a16
[CHAIN] 5de7ad237bec2a16 -> ec7420cff3abc591
[CHAIN] ec7420cff3abc591 -> 7b40c4d420d7596a
[CHAIN] 7b40c4d420d7596a -> 53c229a7b9f544e1
[CHAIN] 53c229a7b9f544e1 -> 942aa214373c0bf4
[CHAIN] 942aa214373c0bf4 -> 4c79c681499bdd96
[CHAIN] 4c79c681499bdd96 -> b316325efe8633cf
[CHAIN] b316325efe8633cf -> a1bab281bc2e8bf1
[CHAIN] a1bab281bc2e8bf1 -> ce5c001644b3d757
[CHAIN] ce5c001644b3d757 -> 0690a0aafbf95a98
[CHAIN] 0690a0aafbf95a98 -> 4c24936ec017e8d4
[CHAIN] 4c24936ec017e8d4 -> ccaacf9efb75ff07
[CHAIN] ccaacf9efb75ff07 -> 5a72a0221cdb15b1
[CHAIN] 5a72a0221cdb15b1 -> b1b3b3b9dcc6f99f
[CHAIN] b1b3b3b9dcc6f99f -> 654ebaa9e0249f45
[CHAIN] 654ebaa9e0249f45 -> 805bf7ad7151c41c
[CHAIN] 805bf7ad7151c41c -> 430e89d381d9323f
[CHAIN] 430e89d381d9323f -> d3d51e3dd99665e7
[CHAIN] d3d51e3dd99665e7 -> 26033a80959cdfea
[CHAIN] 26033a80959cdfea -> a2dec79dcd67ebfc
[CHAIN] a2dec79dcd67ebfc -> 9025d8e77bd305a7
[CHAIN] 9025d8e77bd305a7 -> 5d857548323fe593
[CHAIN] 5d857548323fe593 -> 3efa55f25963a864
[CHAIN] 3efa55f25963a864 -> fa872304f45cd5bf
[CHAIN] fa872304f45cd5bf -> 241360f299a670bc
[CHAIN] 241360f299a670bc -> 7456ceac29ba81d5
[CHAIN] 7456ceac29ba81d5 -> d048d1c85a2801d0
[CHAIN] d048d1c85a2801d0 -> f8ddf43dcdc57e78
[CHAIN] f8ddf43dcdc57e78 -> 5f5b2a236480a02f
[CHAIN] 5f5b2a236480a02f -> ded91138dc9d817b
[CHAIN] ded91138dc9d817b -> 80e03d179f81ceba
[CHAIN] 80e03d179f81ceba -> 81fa2670bedc2686
[CHAIN] 81fa2670bedc2686 -> 2f02d80a743670be
[CHAIN] 2f02d80a743670be -> 807c3dc8acdcddae
[CHAIN] 807c3dc8acdcddae -> 96aa6b9f1e7ee8c4
[CHAIN] 96aa6b9f1e7ee8c4 -> c328a542798c4a32
[CHAIN] c328a542798c4a32 -> cfaaeedb4406048d
[CHAIN] cfaaeedb4406048d -> 07d97fb4b8b2e64a
[CHAIN] 07d97fb4b8b2e64a -> 6495536403b85247
[CHAIN] 6495536403b85247 -> 80d00e7cfe668941
[CHAIN] 80d00e7cfe668941 -> 739fb9f8e8a6e56f
[CHAIN] 739fb9f8e8a6e56f -> 59278c228af25b81
[CHAIN] 59278c228af25b81 -> 34bb68231ed449c4
[CHAIN] 34bb68231ed449c4 -> 49739ee1faf0d633
[CHAIN] 49739ee1faf0d633 -> 7abf2c53bd7e1be3
[CHAIN] 7abf2c53bd7e1be3 -> 5e210567da7b74ee
[CHAIN] 5e210567da7b74ee -> 794d69cb58038fae
[CHAIN] 794d69cb58038fae -> 5b78a3d4e1b6a8f4
[CHAIN] 5b78a3d4e1b6a8f4 -> f784672ae20ffe5f
[CHAIN] f784672ae20ffe5f -> 1b688e7004b4bc9c
[CHAIN] 1b688e7004b4bc9c -> 765415809fa97f54
[CHAIN] 765415809fa97f54 -> 965f6d6c2d229b41
[CHAIN] 965f6d6c2d229b41 -> dd85f6b2fba68c8a
[CHAIN] dd85f6b2fba68c8a -> 9966f8c5a812ac25
[CHAIN] 9966f8c5a812ac25 -> a4636be4f5c4e373
[CHAIN] a4636be4f5c4e373 -> b049d00e1aad7f8e
[CHAIN] b049d00e1aad7f8e -> 9d15fbb5f34e3321
[CHAIN] 9d15fbb5f34e3321 -> c1a3af74b9b89b9e
[CHAIN] c1a3af74b9b89b9e -> 3a5899e18b61c99a
[CHAIN] 3a5899e18b61c99a -> 453fe4415e6cf27a
[CHAIN] 453fe4415e6cf27a -> 87fdb6598de3914f
[CHAIN] 87fdb6598de3914f -> 8eedd01ee528aea6
[CHAIN] 8eedd01ee528aea6 -> b172aa61c9faaa2c
[CHAIN] b172aa61c9faaa2c -> 04e405d2eb124c16
[CHAIN] 04e405d2eb124c16 -> 079c621c0f47c4a5
[CHAIN] 079c621c0f47c4a5 -> bb0fbb2f0865a28e
[CHAIN] bb0fbb2f0865a28e -> c885fcb13d287d0e
[CHAIN] c885fcb13d287d0e -> 4974c34fea02e2bb
[CHAIN] 4974c34fea02e2bb -> d4d9a0227f0d79a6
[CHAIN] d4d9a0227f0d79a6 -> 0f4e44a7c1caafd5
[CHAIN] 0f4e44a7c1caafd5 -> f091aa997d97f8a6
[CHAIN] f091aa997d97f8a6 -> c1342e47d523033d
[CHAIN] c1342e47d523033d -> 978acc2e85597448
[CHAIN] 978acc2e85597448 -> d7690883c1a805c5
[CHAIN] d7690883c1a805c5 -> a1491cc117b3ae8a
[CHAIN] a1491cc117b3ae8a -> 211a34ad36c80cc8
[CHAIN] 211a34ad36c80cc8 -> 2d1a8fb3e31c5175
[CHAIN] 2d1a8fb3e31c5175 -> 4fa9b4d1f02aa226
[CHAIN] 4fa9b4d1f02aa226 -> a10df74b8b1e4b47
[CHAIN] a10df74b8b1e4b47 -> 4e096da095c424c3
[CHAIN] 4e096da095c424c3 -> ba097322b366a8d7
[CHAIN] ba097322b366a8d7 -> 40e78839798eed20
[CHAIN] 40e78839798eed20 -> 3dcea80f8025e80b
[CHAIN] 3dcea80f8025e80b -> 31649630d6460e08
[CHAIN] 31649630d6460e08 -> de5362e181f8220c
[CHAIN] de5362e181f8220c -> 0fba9e306a577419
[CHAIN] 0fba9e306a577419 -> fe06ea946fbbdd74
[CHAIN] fe06ea946fbbdd74 -> 5773facebb9647ae
[CHAIN] 5773facebb9647ae -> 70a68913a98de289
[CHAIN] 70a68913a98de289 -> b065cf3d8b52b91a
[CHAIN] b065cf3d8b52b91a -> 35c04fad351338b1
[CHAIN] 35c04fad351338b1 -> 941f07e51db2b06f
[CHAIN] 941f07e51db2b06f -> b90b05c44962bc7d
[CHAIN] b90b05c44962bc7d -> 302ed5bb4406e045
[CHAIN] 302ed5bb4406e045 -> a854b34624e33f64
[CHAIN] a854b34624e33f64 -> aa837b18a774d4f0
[CHAIN] aa837b18a774d4f0 -> c6cccf0b606f56e3
[CHAIN] c6cccf0b606f56e3 -> 2a2495da110f36f7
[CHAIN] 2a2495da110f36f7 -> d39e4558d4611193
[CHAIN] d39e4558d4611193 -> 3b70f6755ec45403
[CHAIN] 3b70f6755ec45403 -> 071f3bb1f1aff2aa
[CHAIN] 071f3bb1f1aff2aa -> 9d38fe0346d7b734
[CHAIN] 9d38fe0346d7b734 -> 03e53a411829aa6a
[CHAIN] 03e53a411829aa6a -> 6f58dd9151c66a3f
[CHAIN] 6f58dd9151c66a3f -> f7b4181b23fb92cd
[CHAIN] f7b4181b23fb92cd -> 47a56077c99a29c7
[CHAIN] 47a56077c99a29c7 -> c973b64556b72f3a
[CHAIN] c973b64556b72f3a -> 487d6b07c2b91a8c
[CHAIN] 487d6b07c2b91a8c -> 126461fb842448c8
[CHAIN] 126461fb842448c8 -> 7ac3a5d6499aa2c6
[CHAIN] 7ac3a5d6499aa2c6 -> fc8774d08600f5e3
[CHAIN] fc8774d08600f5e3 -> 1c31fbdd655ae3c9
[CHAIN] 1c31fbdd655ae3c9 -> ffd66fb06977cdfb
[CHAIN] ffd66fb06977cdfb -> 3a470fa35a0d4d9e
[CHAIN] 3a470fa35a0d4d9e -> fd128a7d402122d9
[CHAIN] fd128a7d402122d9 -> bd77d8affac88f0f
[CHAIN] bd77d8affac88f0f -> a6da624fb4bd7655
[CHAIN] a6da624fb4bd7655 -> 6e95ff651cffe085
[CHAIN] 6e95ff651cffe085 -> 8590b240636d34e6
[CHAIN] 8590b240636d34e6 -> 44e7f378e50e47eb
[CHAIN] 44e7f378e50e47eb -> 2a321ca6e773dffb
[CHAIN] 2a321ca6e773dffb -> 76cc515c9de957c4
[CHAIN] 76cc515c9de957c4 -> b64af0da6c7641d2
[CHAIN] b64af0da6c7641d2 -> 94c9f214186959b3
[CHAIN] 94c9f214186959b3 -> f554e09bb7e515d9
[CHAIN] f554e09bb7e515d9 -> 056fe45d4c21040f
[CHAIN] 056fe45d4c21040f -> 9710d1ff0db45084
[CHAIN] 9710d1ff0db45084 -> eadb00e00da23007
[CHAIN] eadb00e00da23007 -> df6dc0ce117f49ff
[CHAIN] df6dc0ce117f49ff -> d4b035498f9aba86
[CHAIN] d4b035498f9aba86 -> 910c1f136fe0fc4e
[CHAIN] 910c1f136fe0fc4e -> 6e5a1515df630e23
[CHAIN] 6e5a1515df630e23 -> 8e1e2929c3e69f3b
[CHAIN] 8e1e2929c3e69f3b -> e29b973c49ce25d1
[CHAIN] e29b973c49ce25d1 -> 18d9066460a1ac13
[CHAIN] 18d9066460a1ac13 -> 1658d1351dee1b68
[CHAIN] 1658d1351dee1b68 -> 0c6d732745fce9c3
[CHAIN] 0c6d732745fce9c3 -> 0f7f992f5f65fa75
[CHAIN] 0f7f992f5f65fa75 -> ea5c50f3896839a4
[CHAIN] ea5c50f3896839a4 -> fd1116cac44dbb22
[CHAIN] fd1116cac44dbb22 -> 24eb723bfc967d2d
[CHAIN] 24eb723bfc967d2d -> c157eac4335ab185
[CHAIN] c157eac4335ab185 -> 2d3eaa7065eec513
[CHAIN] 2d3eaa7065eec513 -> 700526bd1dd6e534
[CHAIN] 700526bd1dd6e534 -> 41b806db570fb7d9
[CHAIN] 41b806db570fb7d9 -> 3d8e8edbe52e1a70
[CHAIN] 3d8e8edbe52e1a70 -> ebb9cf97a6bd049b
[CHAIN] ebb9cf97a6bd049b -> 4e2b411a455519cf
[CHAIN] 4e2b411a455519cf -> 6f70a193da5388c3
[CHAIN] 6f70a193da5388c3 -> 861f032e6e190c06
[CHAIN] 861f032e6e190c06 -> d6e97deb821f04a2
[CHAIN] d6e97deb821f04a2 -> 4788c8d9650223e9
[CHAIN] 4788c8d9650223e9 -> c8fe5ad7458b65c3
[CHAIN] c8fe5ad7458b65c3 -> 5d1a1ecb4d715d73
[CHAIN] 5d1a1ecb4d715d73 -> ee9755cbab4e635d
[CHAIN] ee9755cbab4e635d -> eaa55a25eb8ce15d
[CHAIN] eaa55a25eb8ce15d -> 042a5234a0499cb8
[CHAIN] 042a5234a0499cb8 -> 66b4d8489538db62
[CHAIN] 66b4d8489538db62 -> 78ed15931259fa5a
[CHAIN] 78ed15931259fa5a -> f00c87310ecdecd2
[CHAIN] f00c87310ecdecd2 -> b65f2132c779877f
[CHAIN] b65f2132c779877f -> b833282ad45d28cd
[CHAIN] b833282ad45d28cd -> adec3d23af25cc55
[CHAIN] adec3d23af25cc55 -> b7353aa7e652b425
[CHAIN] b7353aa7e652b425 -> aca5e9569a31a770
[CHAIN] aca5e9569a31a770 -> db7d28d4ce4262ae
[CHAIN] db7d28d4ce4262ae -> 32c569c0e1caf554
[CHAIN] 32c569c0e1caf554 -> 945a56b2205b36cb
[CHAIN] 945a56b2205b36cb -> 52ce87e64c1d5ef3
[CHAIN] 52ce87e64c1d5ef3 -> b879659a7644086a
[CHAIN] b879659a7644086a -> 2b25a6f1d20efa53
[CHAIN] 2b25a6f1d20efa53 -> 69f75ea29725ac91
[CHAIN] 69f75ea29725ac91 -> 689e6b8ebbe98889
[CHAIN] 689e6b8ebbe98889 -> 082852b85959ca28
[CHAIN] 082852b85959ca28 -> fbe576bb6f43c1aa
[CHAIN] fbe576bb6f43c1aa -> 3d50b744584a7742
[CHAIN] 3d50b744584a7742 -> e9d12dd93ae0c0fd
[CHAIN] e9d12dd93ae0c0fd -> 834225984ff45661
[CHAIN] 834225984ff45661 -> 24ffc4bb76813898
[CHAIN] 24ffc4bb76813898 -> ef0b7721374b5517
[CHAIN] ef0b7721374b5517 -> b794683b5f05ea18
[CHAIN] b794683b5f05ea18 -> 3d8da0137416ed6f
[CHAIN] 3d8da0137416ed6f -> b57e374441a2f41e
[CHAIN] b57e374441a2f41e -> b9b8b7f04248923d
[CHAIN] b9b8b7f04248923d -> be09a030ab647f4c
[CHAIN] be09a030ab647f4c -> 378d1b496efcd500
[CHAIN] 378d1b496efcd500 -> 7b49d949d5b365b7
[CHAIN] 7b49d949d5b365b7 -> 0ba37975128412db
[CHAIN] 0ba37975128412db -> f24cb24f50062b1e
[CHAIN] f24cb24f50062b1e -> ab11ded183b45410
[CHAIN] ab11ded183b45410 -> a4caaea103e40d6d
[CHAIN] a4caaea103e40d6d -> 38ce0bda00b3b482
[CHAIN] 38ce0bda00b3b482 -> 05540e1099c6f151
[CHAIN] 05540e1099c6f151 -> 19d70fe71157e1e4
[CHAIN] 19d70fe71157e1e4 -> 412c4d2776d4fd34
[CHAIN] 412c4d2776d4fd34 -> 1337b94f24307efb
[CHAIN] 1337b94f24307efb -> e1063b438202e02d
[CHAIN] e1063b438202e02d -> 18128f3157bf6036
[CHAIN] 18128f3157bf6036 -> 9f1ad53091e2127d
[CHAIN] 9f1ad53091e2127d -> 0fbc035d228b1e83
[CHAIN] 0fbc035d228b1e83 -> 82491611e8f94cb7
[CHAIN] 82491611e8f94cb7 -> 7757b0c569e25937
[CHAIN] 7757b0c569e25937 -> a93355f26366e41f
[CHAIN] a93355f26366e41f -> 4b4cc78184db452d
[CHAIN] 4b4cc78184db452d -> 467f6a4ea2e07f50
[CHAIN] 467f6a4ea2e07f50 -> 48091f5c84565135
[CHAIN] 48091f5c84565135 -> 02c8f3a4df1abf7a
[CHAIN] 02c8f3a4df1abf7a -> 25082f468fa2b5c8
[CHAIN] 25082f468fa2b5c8 -> e7ea6ede21acbe00
[CHAIN] e7ea6ede21acbe00 -> 1495fc91fdefaffe
[CHAIN] 1495fc91fdefaffe -> 8ac8325b5eac9a0e
[CHAIN] 8ac8325b5eac9a0e -> 7fddde8d07f9fc68
[CHAIN] 7fddde8d07f9fc68 -> 7f4e0169924cfc22
[CHAIN] 7f4e0169924cfc22 -> d61712e25c2b8cf1
[CHAIN] d61712e25c2b8cf1 -> 0cc4c2e338ecc675
[CHAIN] 0cc4c2e338ecc675 -> 2db2e48becb25422
[CHAIN] 2db2e48becb25422 -> 85c38c95f638ac40
[CHAIN] 85c38c95f638ac40 -> d7313625488c344c
[CHAIN] d7313625488c344c -> b91e47807f1417aa
[CHAIN] b91e47807f1417aa -> 9145da857bf43841
[CHAIN] 9145da857bf43841 -> 6b661afec47afe3d
[CHAIN] 6b661afec47afe3d -> 3eeaee7d15d93eee
[CHAIN] 3eeaee7d15d93eee -> 6000c5c8d741144e
[CHAIN] 6000c5c8d741144e -> 20a2ffea58b01105
[CHAIN] 20a2ffea58b01105 -> a80ceee0905e03f8
[CHAIN] a80ceee0905e03f8 -> 397bb332d06b1152
[CHAIN] 397bb332d06b1152 -> ea37361f725e14a1
[CHAIN] ea37361f725e14a1 -> 76eaf358f70532ba
[CHAIN] 76eaf358f70532ba -> c461f29a7d654c45
[CHAIN] c461f29a7d654c45 -> 15aa0da2d8c982b2
[CHAIN] 15aa0da2d8c982b2 -> cc48ef1de5a04447
[CHAIN] cc48ef1de5a04447 -> a80eb6f0e3c5d70b
[CHAIN] a80eb6f0e3c5d70b -> 7ed2cd608342fd03
[CHAIN] 7ed2cd608342fd03 -> e9ad3e7ed43b9bed
[CHAIN] e9ad3e7ed43b9bed -> 6be24ba296f82913
[CHAIN] 6be24ba296f82913 -> 406a67d08e04c406
[CHAIN] 406a67d08e04c406 -> df37e379df1f306c
[CHAIN] df37e379df1f306c -> fa2d24fd1dc0253c
[CHAIN] fa2d24fd1dc0253c -> f027b7b6fb02065b
[CHAIN] f027b7b6fb02065b -> f768531c89f9bb51
[CHAIN] f768531c89f9bb51 -> 6a8a593f82928f1d
[CHAIN] 6a8a593f82928f1d -> 5b498ebc6733a4e2
[CHAIN] 5b498ebc6733a4e2 -> d8fce562a51368d1
[CHAIN] d8fce562a51368d1 -> d75cb2441a9b780d
[CHAIN] d75cb2441a9b780d -> 30e96efe718f8f64
[CHAIN] 30e96efe718f8f64 -> f34b2ca7bb0eb516
[CHAIN] f34b2ca7bb0eb516 -> b3adc0dc7156330f
[CHAIN] b3adc0dc7156330f -> de698f4664ed5c92
[CHAIN] de698f4664ed5c92 -> 1133fd04201a2b56
[CHAIN] 1133fd04201a2b56 -> 79206dc0cfbed13b
[CHAIN] 79206dc0cfbed13b -> 0426a3c02a5f9dd0
[CHAIN] 0426a3c02a5f9dd0 -> 54306c90a4e91419
[CHAIN] 54306c90a4e91419 -> c97a894f2d1f2ff6
[CHAIN] c97a894f2d1f2ff6 -> 0868934a3a14fdd6
[CHAIN] 0868934a3a14fdd6 -> 6f479adedb26d094
[CHAIN] 6f479adedb26d094 -> 49467dc95496fdf3
[CHAIN] 49467dc95496fdf3 -> b293e24df4403fca
[CHAIN] b293e24df4403fca -> fc8d14b6da8f31bf
[CHAIN] fc8d14b6da8f31bf -> dbdf4004004f29d7
[CHAIN] dbdf4004004f29d7 -> 3d77af4379cc1390
[CHAIN] 3d77af4379cc1390 -> 96f67fbf17b4f56b
[CHAIN] 96f67fbf17b4f56b -> ae04ecce3ece9520
[CHAIN] ae04ecce3ece9520 -> b2890c80deb62f5e
[CHAIN] b2890c80deb62f5e -> 2c6c07eb3b64f161
[CHAIN] 2c6c07eb3b64f161 -> 326813bbd35e07ee
[CHAIN] 326813bbd35e07ee -> e6094f3cce073b87
[CHAIN] e6094f3cce073b87 -> d709e50c059cd4fc
[CHAIN] d709e50c059cd4fc -> e18c9efa598204b1
[CHAIN] e18c9efa598204b1 -> 333e575f4039f805
[CHAIN] 333e575f4039f805 -> 328c87596ac5801d
[CHAIN] 328c87596ac5801d -> 1d1fc90de1ce7319
[CHAIN] 1d1fc90de1ce7319 -> e1c7ee22b4d40e92
[CHAIN] e1c7ee22b4d40e92 -> e082b6e7cfdc37ab
[CHAIN] e082b6e7cfdc37ab -> d218c49b5a30f89d
[CHAIN] d218c49b5a30f89d -> 0abed4c56add0994
[CHAIN] 0abed4c56add0994 -> 45f6cb829f802422
[CHAIN] 45f6cb829f802422 -> 8b00cbcfd177f105
[CHAIN] 8b00cbcfd177f105 -> b8a438c447cdedaf
[CHAIN] b8a438c447cdedaf -> 61d5232cf8fc4147
[CHAIN] 61d5232cf8fc4147 -> ae0bcd2270227868
[CHAIN] ae0bcd2270227868 -> ebf6fd095835d27a
[CHAIN] ebf6fd095835d27a -> 0b5036aebfb3cddb
[CHAIN] 0b5036aebfb3cddb -> 2faf085a03b1e5b1
[CHAIN] 2faf085a03b1e5b1 -> b942b7355e95fdd4
[CHAIN] b942b7355e95fdd4 -> 88bbcb421d0eea7c
[CHAIN] 88bbcb421d0eea7c -> c0f1d42066de18d1
[CHAIN] c0f1d42066de18d1 -> 3421502dcf86c970
[CHAIN] 3421502dcf86c970 -> 8b355746541781cb
[CHAIN] 8b355746541781cb -> 1889db7be7fcff25
[CHAIN] 1889db7be7fcff25 -> 6dacf726e44485f3
[CHAIN] 6dacf726e44485f3 -> b4ec899ac689ee06
[CHAIN] b4ec899ac689ee06 -> 34e6813dcd8c030b
[CHAIN] 34e6813dcd8c030b -> 343e067e163530fd
[CHAIN] 343e067e163530fd -> 342e375f8d75058d
[CHAIN] 342e375f8d75058d -> 64cd2fc55823326a
[CHAIN] 64cd2fc55823326a -> d946819c19eed45c
[CHAIN] d946819c19eed45c -> 6acf2357d7692afe
[CHAIN] 6acf2357d7692afe -> 42773fccb8d7ec4c
[CHAIN] 42773fccb8d7ec4c -> eca1ec3d45429489
[CHAIN] eca1ec3d45429489 -> 8b9b7fdd46432f91
[CHAIN] 8b9b7fdd46432f91 -> 3adf8442201c6dde
[CHAIN] 3adf8442201c6dde -> 15eb541bcb21ee18
[CHAIN] 15eb541bcb21ee18 -> 665ec9ff3c8ad678
[CHAIN] 665ec9ff3c8ad678 -> 9fcf3ba9f7bcc11f
[CHAIN] 9fcf3ba9f7bcc11f -> 193505c119b90ee2
[CHAIN] 193505c119b90ee2 -> 51a479a24b229980
[CHAIN] 51a479a24b229980 -> af144a22d409e1be
[CHAIN] af144a22d409e1be -> 859271bde546fc85
[CHAIN] 859271bde546fc85 -> e725bdaddb94d7a7
[CHAIN] e725bdaddb94d7a7 -> 322dc484612c2f19
[CHAIN] 322dc484612c2f19 -> c467b244fc2069ee
[CHAIN] c467b244fc2069ee -> bf05c85795292e47
[CHAIN] bf05c85795292e47 -> aa42a9069cb9c327
[CHAIN] aa42a9069cb9c327 -> ffcff4ce460f8184
[CHAIN] ffcff4ce460f8184 -> dfb3ba9f47f4ecf1
[CHAIN] dfb3ba9f47f4ecf1 -> 7438ca3bd060f890
[CHAIN] 7438ca3bd060f890 -> a6aacf5b0c3e627d
[CHAIN] a6aacf5b0c3e627d -> f24a0b17b522561a
[CHAIN] f24a0b17b522561a -> d5ec67132ef3a7c1
[CHAIN] d5ec67132ef3a7c1 -> 9495765dd10e8080
[CHAIN] 9495765dd10e8080 -> a699ea4580099d79
[CHAIN] a699ea4580099d79 -> 3ae773b39ea9a22f
[CHAIN] 3ae773b39ea9a22f -> 57294b1942fe6be0
[CHAIN] 57294b1942fe6be0 -> 65a667cd8638c3db
[CHAIN] 65a667cd8638c3db -> 11b53b68e1a3acae
[CHAIN] 11b53b68e1a3acae -> baeda9774395b9ad
[CHAIN] baeda9774395b9ad -> f427f84c25848b96
[CHAIN] f427f84c25848b96 -> 7d087bb8387f8863
[CHAIN] 7d087bb8387f8863 -> 88fb2bee29ad14b6
[CHAIN] 88fb2bee29ad14b6 -> 161b07b67b3f1077
[CHAIN] 161b07b67b3f1077 -> c0f5a28f19fa3320
[CHAIN] c0f5a28f19fa3320 -> 757f3da5ad61b568
[CHAIN] 757f3da5ad61b568 -> 9bfb57f0194cb927
[CHAIN] 9bfb57f0194cb927 -> 4a60a7d2c344c0e0
[CHAIN] 4a60a7d2c344c0e0 -> 7dadf726663d59a7
[CHAIN] 7dadf726663d59a7 -> d7e4218f51aa24e2
[CHAIN] d7e4218f51aa24e2 -> 0fdc218fdcf8ad40
[CHAIN] 0fdc218fdcf8ad40 -> 8aceed620d8897d3
[CHAIN] 8aceed620d8897d3 -> 9731c549646f62e7
[CHAIN] 9731c549646f62e7 -> 63176388ebce3119
[CHAIN] 63176388ebce3119 -> 62881cec3a5d9477
[CHAIN] 62881cec3a5d9477 -> 6cd2f3d60dd68d4e
[CHAIN] 6cd2f3d60dd68d4e -> 4bfc970d6295e755
[CHAIN] 4bfc970d6295e755 -> bd00538396856d0f
[CHAIN] bd00538396856d0f -> e271fc75f2a8f5a2
[CHAIN] e271fc75f2a8f5a2 -> 14e71f80271e9ef2
[CHAIN] 14e71f80271e9ef2 -> 09df886e687c5be3
[CHAIN] 09df886e687c5be3 -> 1dbd3ea0ee59db1d
[CHAIN] 1dbd3ea0ee59db1d -> e6def47e052de672
[CHAIN] e6def47e052de672 -> 9ab452be41e8ea4e
[CHAIN] 9ab452be41e8ea4e -> eb88520135593ced
[CHAIN] eb88520135593ced -> 6eb8daa54fd41512
[CHAIN] 6eb8daa54fd41512 -> 564995c2f54dcc55
[CHAIN] 564995c2f54dcc55 -> e5f5648494004c11
[CHAIN] e5f5648494004c11 -> 4113cad29bedfb53
[CHAIN] 4113cad29bedfb53 -> 3993c9c4f52e75f5
[CHAIN] 3993c9c4f52e75f5 -> f81a5f7b647023d4
[CHAIN] f81a5f7b647023d4 -> aa3367514fed7ee9
[CHAIN] aa3367514fed7ee9 -> 412ca515107e66cb
[CHAIN] 412ca515107e66cb -> 4f3b63c751a5ac0a
[CHAIN] 4f3b63c751a5ac0a -> 566a94cc83343139
[CHAIN] 566a94cc83343139 -> b6a016f8843711a6
[CHAIN] b6a016f8843711a6 -> fc7ab6273221f564
[CHAIN] fc7ab6273221f564 -> 01fac72bde5fa32c
[CHAIN] 01fac72bde5fa32c -> d3116a7a491cc400
[CHAIN] d3116a7a491cc400 -> ff5894f6da9058e3
[CHAIN] ff5894f6da9058e3 -> e1433c4e8709d700
[CHAIN] e1433c4e8709d700 -> 881571ee6cbaca52
[CHAIN] 881571ee6cbaca52 -> defd11c639b645ce
[CHAIN] defd11c639b645ce -> ccf9f97c4c170f79
[CHAIN] ccf9f97c4c170f79 -> 238ee94af4374489
[CHAIN] 238ee94af4374489 -> 9000d60e624c68ec
[CHAIN] 9000d60e624c68ec -> a036eed354b3941e
[CHAIN] a036eed354b3941e -> 99f181e435410aef
[CHAIN] 99f181e435410aef -> f1f6e1f1ad7d9af4
[CHAIN] f1f6e1f1ad7d9af4 -> 9fbc36662350c7c3
[CHAIN] 9fbc36662350c7c3 -> c44a7581ddf7a08b
[CHAIN] c44a7581ddf7a08b -> 2c857cd945fcacc0
[CHAIN] 2c857cd945fcacc0 -> b018f5d15648e652
[CHAIN] b018f5d15648e652 -> 857862be1deff62f
[CHAIN] 857862be1deff62f -> 06bc51bb31de9754
[CHAIN] 06bc51bb31de9754 -> 5d7429652ac28410
[CHAIN] 5d7429652ac28410 -> 0219d78e62ad2962
[CHAIN] 0219d78e62ad2962 -> 2cfc6827709be0d8
[CHAIN] 2cfc6827709be0d8 -> 0a6894c69289b82b
[CHAIN] 0a6894c69289b82b -> 5a2f6eca65d0626c
[CHAIN] 5a2f6eca65d0626c -> 7d0ad747795fcb24
[CHAIN] 7d0ad747795fcb24 -> 3946c87dc2aed913
[CHAIN] 3946c87dc2aed913 -> da74b14d6ad26b58
[CHAIN] da74b14d6ad26b58 -> 44058b85f33be6af
[CHAIN] 44058b85f33be6af -> 4b2db29f02167b89
[CHAIN] 4b2db29f02167b89 -> bc3a8fe8273874e5
[CHAIN] bc3a8fe8273874e5 -> f50af9da572cbe9b
[CHAIN] f50af9da572cbe9b -> e3c32500ed17a862
[CHAIN] e3c32500ed17a862 -> 742de7f70d4f4b87
[CHAIN] 742de7f70d4f4b87 -> a21ca066b1b4e846
[CHAIN] a21ca066b1b4e846 -> 65b71114f15e6b7f
[CHAIN] 65b71114f15e6b7f -> 8325340f1be71a2a
[CHAIN] 8325340f1be71a2a -> 53d3637511340d56
[CHAIN] 53d3637511340d56 -> 694722bd789e88f7
[CHAIN] 694722bd789e88f7 -> f258f7343503e717
[CHAIN] f258f7343503e717 -> 8485e34c7c996330
[CHAIN] 8485e34c7c996330 -> 1e0d4c85594ae5bf
[CHAIN] 1e0d4c85594ae5bf -> 673a526eb63d88a3
[CHAIN] 673a526eb63d88a3 -> 3f690357bd044026
[CHAIN] 3f690357bd044026 -> 6658ded06798ea22
[CHAIN] 6658ded06798ea22 -> 04428c903a7c5ace
[CHAIN] 04428c903a7c5ace -> 28f5bcf1ee55f17c
[CHAIN] 28f5bcf1ee55f17c -> d238a40b8c5407c3
[CHAIN] d238a40b8c5407c3 -> 5435bbcbb54cb54b
[CHAIN] 5435bbcbb54cb54b -> 1820b180f8f5d381
[CHAIN] 1820b180f8f5d381 -> db59ecebadb8858e
[CHAIN] db59ecebadb8858e -> 609ca4ca629ec44f
[CHAIN] 609ca4ca629ec44f -> dc7b651729ae945b
[CHAIN] dc7b651729ae945b -> 2b913c7c88a550a2
[CHAIN] 2b913c7c88a550a2 -> 7244ef08ce022dd4
[CHAIN] 7244ef08ce022dd4 -> ef7aec42f6d5f7d9
[CHAIN] ef7aec42f6d5f7d9 -> 3bc7491563502dbe
[CHAIN] 3bc7491563502dbe -> 2d01e70bb6d970f4
[CHAIN] 2d01e70bb6d970f4 -> a37840c130762e3c
[CHAIN] a37840c130762e3c -> d39223e380efef5b
[CHAIN] d39223e380efef5b -> edd66e887d417871
[CHAIN] edd66e887d417871 -> 036ad5e435eae97f
[CHAIN] 036ad5e435eae97f -> ebdb94c4b5652639
[CHAIN] ebdb94c4b5652639 -> 29cec360e4e221ab
[CHAIN] 29cec360e4e221ab -> bec33df1a78584e0
[CHAIN] bec33df1a78584e0 -> e96bca90c8ca71b1
[CHAIN] e96bca90c8ca71b1 -> 79d3fe54060bd529
[CHAIN] 79d3fe54060bd529 -> 132424417649e5cb
[CHAIN] 132424417649e5cb -> b136b114ae576280
[CHAIN] b136b114ae576280 -> 83b7f73beec5a08d
[CHAIN] 83b7f73beec5a08d -> e1be03c83fd4b25b
[CHAIN] e1be03c83fd4b25b -> e58e20b83c4de140
[CHAIN] e58e20b83c4de140 -> 4f2acb09a821d0ba
[CHAIN] 4f2acb09a821d0ba -> a434a820c28b1522
[CHAIN] a434a820c28b1522 -> fb2a1ce47858298b
[CHAIN] fb2a1ce47858298b -> 85ace8cb737899f9
[CHAIN] 85ace8cb737899f9 -> 18cf66e9eebaf7f6
[CHAIN] 18cf66e9eebaf7f6 -> 3303ad9cdfa36374
[CHAIN] 3303ad9cdfa36374 -> 36862ff5f41c9107
[CHAIN] 36862ff5f41c9107 -> d374f2c07b857cbf
[CHAIN] d374f2c07b857cbf -> cd36cc7104737966
[CHAIN] cd36cc7104737966 -> 54d60b3f10c130d3
[CHAIN] 54d60b3f10c130d3 -> a92e669096d6de5e
[CHAIN] a92e669096d6de5e -> 6b005723662baa1b
[CHAIN] 6b005723662baa1b -> 89c644e93fced977
[CHAIN] 89c644e93fced977 -> 2538f54daadb81a4
[CHAIN] 2538f54daadb81a4 -> 2e618a78764b93f1
[CHAIN] 2e618a78764b93f1 -> 8d6a58fb777dbec8
[CHAIN] 8d6a58fb777dbec8 -> 830f05663c854adf
[CHAIN] 830f05663c854adf -> 1220f79fd0e9e284
[CHAIN] 1220f79fd0e9e284 -> 6a4a8da0bdeef45e
[CHAIN] 6a4a8da0bdeef45e -> ca91589f55b7dcb6
[CHAIN] ca91589f55b7dcb6 -> 0b75c65b35be9bc4
[CHAIN] 0b75c65b35be9bc4 -> aa7942c2d2edb7aa
[CHAIN] aa7942c2d2edb7aa -> d05bf3214be922c5
[CHAIN] d05bf3214be922c5 -> 948aad495a3ff96a
[CHAIN] 948aad495a3ff96a -> 55fe7791b919a788
[CHAIN] 55fe7791b919a788 -> dbbd5b0a38ef1937
[CHAIN] dbbd5b0a38ef1937 -> 346f782af51c489c
[CHAIN] 346f782af51c489c -> 2923a72928a2adfa
[CHAIN] 2923a72928a2adfa -> 826db8a2fe4e5c81
[CHAIN] 826db8a2fe4e5c81 -> b843370cfc0d5924
[CHAIN] b843370cfc0d5924 -> 452b82421876e6d9
[CHAIN] 452b82421876e6d9 -> d6144949a9564146
[CHAIN] d6144949a9564146 -> 200311896366ca08
[CHAIN] 200311896366ca08 -> ef0c1ef14cac4fad
[CHAIN] ef0c1ef14cac4fad -> 507d034bc54fa02c
[CHAIN] 507d034bc54fa02c -> c70ff65ced794b2e
[CHAIN] c70ff65ced794b2e -> 9a5625e9cd890e6a
[CHAIN] 9a5625e9cd890e6a -> 47f987319230a8e1
[CHAIN] 47f987319230a8e1 -> 9b2d9aee859e1364
[CHAIN] 9b2d9aee859e1364 -> 62981b6b49847dee
[CHAIN] 62981b6b49847dee -> b420a0e277672e30
[CHAIN] b420a0e277672e30 -> 23764058c4773fb6
[CHAIN] 23764058c4773fb6 -> 371157e1e1bc5cdd
[CHAIN] 371157e1e1bc5cdd -> cbbc73c94f519308
[CHAIN] cbbc73c94f519308 -> a4355255e9124084
[CHAIN] a4355255e9124084 -> 26e045860529f7ec
[CHAIN] 26e045860529f7ec -> 5f42acef8361be2d
[CHAIN] 5f42acef8361be2d -> 927425bff2487cad
[CHAIN] 927425bff2487cad -> a593d99e6ac295d6
[CHAIN] a593d99e6ac295d6 -> e5f1a2f82eeda7c7
[CHAIN] e5f1a2f82eeda7c7 -> f4d72b3ee402474e
[CHAIN] f4d72b3ee402474e -> fb773a784c56a8d1
[CHAIN] fb773a784c56a8d1 -> 93f611c48bd30e6f
[CHAIN] 93f611c48bd30e6f -> 96b724c578d5b72c
[CHAIN] 96b724c578d5b72c -> c9b213f1e88f4403
[CHAIN] c9b213f1e88f4403 -> 79c712333d95e93c
[CHAIN] 79c712333d95e93c -> 9dbfc11291529ea6
[CHAIN] 9dbfc11291529ea6 -> 1d00acd1ce0526b3
[CHAIN] 1d00acd1ce0526b3 -> 1b48002990d95cde
[CHAIN] 1b48002990d95cde -> 4bdb43f672fea1d1
[CHAIN] 4bdb43f672fea1d1 -> 22054877b490d9cd
[CHAIN] 22054877b490d9cd -> de9bb22b479e964b
[CHAIN] de9bb22b479e964b -> f28319ca9d8d9294
[CHAIN] f28319ca9d8d9294 -> f96e0fd0bb48303b
[CHAIN] f96e0fd0bb48303b -> 74e45600c1c63d90
[CHAIN] 74e45600c1c63d90 -> 75f6c2e8424665e1
[CHAIN] 75f6c2e8424665e1 -> da3bb6fee2e4d1e2
[CHAIN] da3bb6fee2e4d1e2 -> ba255ee785dbce62
[CHAIN] ba255ee785dbce62 -> 12d78264a54d4362
[CHAIN] 12d78264a54d4362 -> e31fa02e39858394
[CHAIN] e31fa02e39858394 -> b9774168797ae017
[CHAIN] b9774168797ae017 -> 6f516ebba8e81b5d
[CHAIN] 6f516ebba8e81b5d -> b5425fddee6def0f
[CHAIN] b5425fddee6def0f -> 4e3d41ca052e0ce2
[CHAIN] 4e3d41ca052e0ce2 -> 576ee9d2250fc088
[CHAIN] 576ee9d2250fc088 -> 4cd7444ac46f0d11
[CHAIN] 4cd7444ac46f0d11 -> a4b1e70b7d538608
[CHAIN] a4b1e70b7d538608 -> f9c422c03e86b4da
[CHAIN] f9c422c03e86b4da -> d988a5ca597cd924
[CHAIN] d988a5ca597cd924 -> eb21d58427c3fd83
[CHAIN] eb21d58427c3fd83 -> bd6d3b6563557565
[CHAIN] bd6d3b6563557565 -> c36b121f274cf1de
[CHAIN] c36b121f274cf1de -> caf44d683e9ee141
[CHAIN] caf44d683e9ee141 -> 2648ead62589e41f
[CHAIN] 2648ead62589e41f -> b252cca2da5d6bf8
[CHAIN] b252cca2da5d6bf8 -> d5817e79f1611640
[CHAIN] d5817e79f1611640 -> cf1f9bfcde6514a6
[CHAIN] cf1f9bfcde6514a6 -> a2e6dc559bafcf80
[CHAIN] a2e6dc559bafcf80 -> 927ce9a348a9eaff
[CHAIN] 927ce9a348a9eaff -> d53c2216e5848a59
[CHAIN] d53c2216e5848a59 -> 5c7d04b627df8c97
[CHAIN] 5c7d04b627df8c97 -> 1876433516f44e62
[CHAIN] 1876433516f44e62 -> 182be96c6cd2b9e0
[CHAIN] 182be96c6cd2b9e0 -> 946f0a9193986303
[CHAIN] 946f0a9193986303 -> 576ef1a0ac9b9d90
[CHAIN] 576ef1a0ac9b9d90 -> 0d4063e7a3c8adcb
[CHAIN] 0d4063e7a3c8adcb -> 1274ec3b65db24bd
[CHAIN] 1274ec3b65db24bd -> 6b0fb275cd64ec5e
[CHAIN] 6b0fb275cd64ec5e -> 18a4055fb79dba26
[CHAIN] 18a4055fb79dba26 -> 624b10971f9b751c
[CHAIN] 624b10971f9b751c -> 32e96fcbc9cbb49d
[CHAIN] 32e96fcbc9cbb49d -> a9e0e349f92de8fc
[CHAIN] a9e0e349f92de8fc -> b4bc9eb94ff8042d
[CHAIN] b4bc9eb94ff8042d -> 3688080b8a50d157
[CHAIN] 3688080b8a50d157 -> c48dc97ea4245a46
[CHAIN] c48dc97ea4245a46 -> 3f330014113bbffd
[CHAIN] 3f330014113bbffd -> 5a4081add673f571
[CHAIN] 5a4081add673f571 -> e66e722a80c03710
[CHAIN] e66e722a80c03710 -> af957624b7263125
[CHAIN] af957624b7263125 -> 9449549479b4cde6
[CHAIN] 9449549479b4cde6 -> 11186cd801b4a6bc
[CHAIN] 11186cd801b4a6bc -> 02dae8912737eac5
[CHAIN] 02dae8912737eac5 -> c44befccfe788f17
[CHAIN] c44befccfe788f17 -> 0fa7cb228e00d26d
[CHAIN] 0fa7cb228e00d26d -> 53facb98c95fa06f
[CHAIN] 53facb98c95fa06f -> 54a5f07358b75631
[CHAIN] 54a5f07358b75631 -> 19c98600e824bdf6
[CHAIN] 19c98600e824bdf6 -> 1e518d3da0c4857b
[CHAIN] 1e518d3da0c4857b -> ef6516254939bea1
[CHAIN] ef6516254939bea1 -> d4e0c4a5c4e655c5
[CHAIN] d4e0c4a5c4e655c5 -> 132507633fe6e73d
[CHAIN] 132507633fe6e73d -> 51e8204032550f48
[CHAIN] 51e8204032550f48 -> e26a32207d125451
[CHAIN] e26a32207d125451 -> 8a90c61a16e1e3fe
[CHAIN] 8a90c61a16e1e3fe -> bf8039317e8fff44
[CHAIN] bf8039317e8fff44 -> 913fb117da0c486b
[CHAIN] 913fb117da0c486b -> dc448a48573a5d17
[CHAIN] dc448a48573a5d17 -> 601259b25a466bc0
[CHAIN] 601259b25a466bc0 -> 033ebd77ce76dc3c
[CHAIN] 033ebd77ce76dc3c -> b2a5b2b0aff0320d
[CHAIN] b2a5b2b0aff0320d -> 4e631b4a95216b57
[CHAIN] 4e631b4a95216b57 -> 68305f1f818ae8df
[CHAIN] 68305f1f818ae8df -> f90fa52237a935d8
[CHAIN] f90fa52237a935d8 -> 8628f06271359680
[CHAIN] 8628f06271359680 -> 129503651dba2530
[CHAIN] 129503651dba2530 -> af90a78ee8980f17
[CHAIN] af90a78ee8980f17 -> 8f977e205b286435
[CHAIN] 8f977e205b286435 -> 801b692dcd7b610f
[CHAIN] 801b692dcd7b610f -> c34832a369f17bee
[CHAIN] c34832a369f17bee -> 74c9f50b160bb08f
[CHAIN] 74c9f50b160bb08f -> 0db2594864591aed
[CHAIN] 0db2594864591aed -> a63aad496612f3d2
[CHAIN] a63aad496612f3d2 -> b9f9bd362a8bba76
[CHAIN] b9f9bd362a8bba76 -> b3bc2bd25a694e5d
[CHAIN] b3bc2bd25a694e5d -> a61739f39e4dfe1f
[CHAIN] a61739f39e4dfe1f -> ffeb6f85db12e722
[CHAIN] ffeb6f85db12e722 -> 55dfe8a0ae6a6007
[CHAIN] 55dfe8a0ae6a6007 -> da31b9a22957e55e
[CHAIN] da31b9a22957e55e -> f2f2641f0136e81b
[CHAIN] f2f2641f0136e81b -> ce291015404e7fb5
[CHAIN] ce291015404e7fb5 -> 8a09dcc46b109c15
[CHAIN] 8a09dcc46b109c15 -> 06865d3095bbbb1a
[CHAIN] 06865d3095bbbb1a -> 63954ebb38adf8ce
[CHAIN] 63954ebb38adf8ce -> b50ff59c1abbc6be
[CHAIN] b50ff59c1abbc6be -> edc4166272e43148
[CHAIN] edc4166272e43148 -> 3f6eb91ee4186635
[CHAIN] 3f6eb91ee4186635 -> d509268b7087172f
[CHAIN] d509268b7087172f -> 9cc4ace3e8a1f2bf
[CHAIN] 9cc4ace3e8a1f2bf -> a74b0b5762bb8320
[CHAIN] a74b0b5762bb8320 -> a99e5655c6f0df71
[CHAIN] a99e5655c6f0df71 -> 3f51043494f725c7
[CHAIN] 3f51043494f725c7 -> cac01c1f1771a750
[CHAIN] cac01c1f1771a750 -> b1ada451f7b77fd7
[CHAIN] b1ada451f7b77fd7 -> bc3e1c5beb9d686a
[CHAIN] bc3e1c5beb9d686a -> 5b45f261bbfabdeb
[CHAIN] 5b45f261bbfabdeb -> c5d41f9f0e521f90
[CHAIN] c5d41f9f0e521f90 -> 052337c5fee1bc17
[CHAIN] 052337c5fee1bc17 -> f99c7a22f8b522ec
[CHAIN] f99c7a22f8b522ec -> 2ea49a817a8e34b6
[CHAIN] 2ea49a817a8e34b6 -> 1bc1cf79d8abf596
[CHAIN] 1bc1cf79d8abf596 -> 9eff20505eb388d8
[CHAIN] 9eff20505eb388d8 -> f6cc043524ce461b
[CHAIN] f6cc043524ce461b -> acf6126022daa79d
[CHAIN] acf6126022daa79d -> b4a8b4b3a0fd48b9
[CHAIN] b4a8b4b3a0fd48b9 -> d513a5c9d813f790
[CHAIN] d513a5c9d813f790 -> f952473dbb2d1be9
[CHAIN] f952473dbb2d1be9 -> fff10ad527cd78c2
[CHAIN] fff10ad527cd78c2 -> ad5f50daa92a8fa8
[CHAIN] ad5f50daa92a8fa8 -> 5c9f65a78610ef00
[CHAIN] 5c9f65a78610ef00 -> a4c103912cccae2d
[CHAIN] a4c103912cccae2d -> 1a571849de40070e
[CHAIN] 1a571849de40070e -> 2bd51cc9692489d6
[CHAIN] 2bd51cc9692489d6 -> d057a79194ead14e
[CHAIN] d057a79194ead14e -> 3c004a2078a1a25e
[CHAIN] 3c004a2078a1a25e -> 66705abf4e5e6937
[CHAIN] 66705abf4e5e6937 -> 38df8c2ff6db23e1
[CHAIN] 38df8c2ff6db23e1 -> d55949a373a372eb
[CHAIN] d55949a373a372eb -> a3071a8a186f85c1
[CHAIN] a3071a8a186f85c1 -> 4507d262c6ee6b7c
[CHAIN] 4507d262c6ee6b7c -> 788b042c24aa80e6
[CHAIN] 788b042c24aa80e6 -> a583d1a90897c6f1
[CHAIN] a583d1a90897c6f1 -> 9bbdb403494f37a7
[CHAIN] 9bbdb403494f37a7 -> 7a8ab8275a6f42f2
[CHAIN] 7a8ab8275a6f42f2 -> 9da68582a40b8fa6
[CHAIN] 9da68582a40b8fa6 -> 207b66ce899405c3
[CHAIN] 207b66ce899405c3 -> e0a728915e7a8676
[CHAIN] e0a728915e7a8676 -> 0358bfff9eae4f30
[CHAIN] 0358bfff9eae4f30 -> 201a8913e99e2d03
[CHAIN] 201a8913e99e2d03 -> 06a87aede4b17777
[CHAIN] 06a87aede4b17777 -> 3cb2cfb64687a8f9
[CHAIN] 3cb2cfb64687a8f9 -> 7ea4c9979788fd11
[CHAIN] 7ea4c9979788fd11 -> 406aa68d5ec0a082
[CHAIN] 406aa68d5ec0a082 -> e65df4b2a444ac9f
[CHAIN] e65df4b2a444ac9f -> 5f702bcd3a9e0905
[CHAIN] 5f702bcd3a9e0905 -> 3e879367b30c9546
[CHAIN] 3e879367b30c9546 -> 4adf3d895d6c8e75
[CHAIN] 4adf3d895d6c8e75 -> 78cc8b8d4af10971
[CHAIN] 78cc8b8d4af10971 -> 702cc7fc048ac74f
[CHAIN] 702cc7fc048ac74f -> fff6f34413b71aa1
[CHAIN] fff6f34413b71aa1 -> dd4bf7516527fa75
[CHAIN] dd4bf7516527fa75 -> 0a5c29d3138e9665
[CHAIN] 0a5c29d3138e9665 -> 228264520781ce43
[CHAIN] 228264520781ce43 -> 84052f6531f1bda9
[CHAIN] 84052f6531f1bda9 -> 119e8352053259e1
[CHAIN] 119e8352053259e1 -> 8d9d34f504a13a6b
[CHAIN] 8d9d34f504a13a6b -> d6663231f187fa55
[CHAIN] d6663231f187fa55 -> 31697b8de5b53162
[CHAIN] 31697b8de5b53162 -> 82afd8a25fdde465
[CHAIN] 82afd8a25fdde465 -> 5a3106b2315879ff
[CHAIN] 5a3106b2315879ff -> c325c0c20224053f
[CHAIN] c325c0c20224053f -> a9f55efd748b1da1
[CHAIN] a9f55efd748b1da1 -> eb39a03cfa436169
[CHAIN] eb39a03cfa436169 -> 82f35cc02f54f915
[CHAIN] 82f35cc02f54f915 -> f91a46fddddc754b
[CHAIN] f91a46fddddc754b -> 6b254fa7c2adde04
[CHAIN] 6b254fa7c2adde04 -> 5468d6c6f5445d9f
[CHAIN] 5468d6c6f5445d9f -> 37fadd3040d163c5
[CHAIN] 37fadd3040d163c5 -> ec6fc791d231c37b
[CHAIN] ec6fc791d231c37b -> a3f9621bd8d2dae0
[CHAIN] a3f9621bd8d2dae0 -> 48166906b3314874
[CHAIN] 48166906b3314874 -> d186cb192a7c920b
[CHAIN] d186cb192a7c920b -> 8f6f654ef88a233b
[CHAIN] 8f6f654ef88a233b -> 27f57c1bfbe9e369
[CHAIN] 27f57c1bfbe9e369 -> 2eb61982a50c3aed
[CHAIN] 2eb61982a50c3aed -> b172bcb4c3b44b2b
[CHAIN] b172bcb4c3b44b2b -> b171dcb0717c5b35
[CHAIN] b171dcb0717c5b35 -> ad40ebf5c59568f0
[CHAIN] ad40ebf5c59568f0 -> a090635cc8c6f5d4
[CHAIN] a090635cc8c6f5d4 -> 16988cbdf85e7e72
[CHAIN] 16988cbdf85e7e72 -> 2a52324f868b61c5
[CHAIN] 2a52324f868b61c5 -> deff87c1832b3beb
[CHAIN] deff87c1832b3beb -> 119a4c6041c3600b
[CHAIN] 119a4c6041c3600b -> 6dad7d6f9cd49aa3
[CHAIN] 6dad7d6f9cd49aa3 -> 342a5672727352ce
[CHAIN] 342a5672727352ce -> 45d13cf64e8256de
[CHAIN] 45d13cf64e8256de -> 7bc54154088aa7c9
[CHAIN] 7bc54154088aa7c9 -> 517165f4c41f0927
[CHAIN] 517165f4c41f0927 -> 34a0e9a32cf61326
[CHAIN] 34a0e9a32cf61326 -> a1482b63c26f1ef7
[CHAIN] a1482b63c26f1ef7 -> 578569a5fce6fe46
[CHAIN] 578569a5fce6fe46 -> 6628777c3df78905
[CHAIN] 6628777c3df78905 -> 5bafd7a7c5129d6c
[CHAIN] 5bafd7a7c5129d6c -> b5c0916e5b73fe32
[CHAIN] b5c0916e5b73fe32 -> 7e5b3c34da5b5d06
[CHAIN] 7e5b3c34da5b5d06 -> 8ccebf38790debce
[CHAIN] 8ccebf38790debce -> f14bf865be600dac
[CHAIN] f14bf865be600dac -> 80e8b630f348c2b6
[CHAIN] 80e8b630f348c2b6 -> dba04f0a2f7558d3
[CHAIN] dba04f0a2f7558d3 -> 90f0f99d15e51509
[CHAIN] 90f0f99d15e51509 -> 24672c2af2921286
[CHAIN] 24672c2af2921286 -> bb2c23a59a073c03
[CHAIN] bb2c23a59a073c03 -> 4d538f1b9d145914
[CHAIN] 4d538f1b9d145914 -> ee7b08de56a3192a
[CHAIN] ee7b08de56a3192a -> 880fceef08cfbeb7
[CHAIN] 880fceef08cfbeb7 -> 73b43462d7fab039
[CHAIN] 73b43462d7fab039 -> 8748e0baa6c7e814
[CHAIN] 8748e0baa6c7e814 -> eb3369bcf0aca719
[CHAIN] eb3369bcf0aca719 -> 1d0b1f4cf2209e70
[CHAIN] 1d0b1f4cf2209e70 -> bbc36685fd8fc50b
[CHAIN] bbc36685fd8fc50b -> a3a0c7ecf7db1b73
[CHAIN] a3a0c7ecf7db1b73 -> 05c57d559591438f
[CHAIN] 05c57d559591438f -> 54a9ec3f5af88ded
[CHAIN] 54a9ec3f5af88ded -> 4a65f5ce75e981ab
[CHAIN] 4a65f5ce75e981ab -> ccfdd7234973bb33
[CHAIN] ccfdd7234973bb33 -> 1fbbdcaceb6b15ec
[CHAIN] 1fbbdcaceb6b15ec -> 76388f1e30164cce
[CHAIN] 76388f1e30164cce -> e0a8142381d5477b
[CHAIN] e0a8142381d5477b -> 4d4cfc8e2565b575
[CHAIN] 4d4cfc8e2565b575 -> 7cc47157ddccaa0d
[CHAIN] 7cc47157ddccaa0d -> 7288fa91923275b9
[CHAIN] 7288fa91923275b9 -> cc02792511de9bfd
[CHAIN] cc02792511de9bfd -> 9023c2d489df46a0
[CHAIN] 9023c2d489df46a0 -> 503f581169b51a49
[CHAIN] 503f581169b51a49 -> d9c16b19e21a4444
[CHAIN] d9c16b19e21a4444 -> 9414ee247a30e5be
[CHAIN] 9414ee247a30e5be -> 94e982dd1c994a42
[CHAIN] 94e982dd1c994a42 -> 517d72164a08e415
[CHAIN] 517d72164a08e415 -> cce243626b8f14bc
[CHAIN] cce243626b8f14bc -> 2d925473725fcf73
[CHAIN] 2d925473725fcf73 -> 420abbd988a00c12
[CHAIN] 420abbd988a00c12 -> 2983d714657873ec
[CHAIN] 2983d714657873ec -> 5eb7188002382883
[CHAIN] 5eb7188002382883 -> 78b4be83a4b5e3d0
[CHAIN] 78b4be83a4b5e3d0 -> 0d6e430471277db3
[CHAIN] 0d6e430471277db3 -> 0c49b1989e441113
[CHAIN] 0c49b1989e441113 -> 4eb2f46ad70d59a4
[CHAIN] 4eb2f46ad70d59a4 -> 719ca65a147ed3e2
[CHAIN] 719ca65a147ed3e2 -> 82eb7673b7a845ed
[CHAIN] 82eb7673b7a845ed -> 0df43b521d92842e
[CHAIN] 0df43b521d92842e -> 133ec03009a7334a
[CHAIN] 133ec03009a7334a -> 73fa3b4fa701a2fd
[CHAIN] 73fa3b4fa701a2fd -> 332cc75c9a8b8780
[CHAIN] 332cc75c9a8b8780 -> 5a968b733e36de03
[CHAIN] 5a968b733e36de03 -> ea7687bec0e73cb5
[CHAIN] ea7687bec0e73cb5 -> 040c8a88ec975e70
[CHAIN] 040c8a88ec975e70 -> 0885e8149e5c8771
[CHAIN] 0885e8149e5c8771 -> 16a50ada9edc0b0e
[CHAIN] 16a50ada9edc0b0e -> e4ff2a9afa51d0c1
[CHAIN] e4ff2a9afa51d0c1 -> 48c115629d1dd660
[CHAIN] 48c115629d1dd660 -> c1855efa44a7fa44
[CHAIN] c1855efa44a7fa44 -> 1684cc12f99aded9
[CHAIN] 1684cc12f99aded9 -> e9e43885a362300e
[CHAIN] e9e43885a362300e -> a75639cac5368c92
[CHAIN] a75639cac5368c92 -> 35c6e2326fe9670a
[CHAIN] 35c6e2326fe9670a -> 582507fe2135b95a
[CHAIN] 582507fe2135b95a -> 7801c5bcd73226d8
[CHAIN] 7801c5bcd73226d8 -> 1b4a2a6e2beb4b9e
[CHAIN] 1b4a2a6e2beb4b9e -> d490af6ab300f131
[CHAIN] d490af6ab300f131 -> b7df78e852016012
[CHAIN] b7df78e852016012 -> f62a9c2fe5307ef4
[CHAIN] f62a9c2fe5307ef4 -> 77a2d218a08897e9
[CHAIN] 77a2d218a08897e9 -> a1832440e191045f
[CHAIN] a1832440e191045f -> 9393ca313a7fed70
[CHAIN] 9393ca313a7fed70 -> 48af5e48944dd53a
[CHAIN] 48af5e48944dd53a -> a9b365df8ca0e225
[CHAIN] a9b365df8ca0e225 -> 6651421260cd32d8
[CHAIN] 6651421260cd32d8 -> 443e3ffb8c636369
[CHAIN] 443e3ffb8c636369 -> 8bcac8b09d91fe95
[CHAIN] 8bcac8b09d91fe95 -> b040ede02eac1adb
[CHAIN] b040ede02eac1adb -> 7a153503279085be
[CHAIN] 7a153503279085be -> fa7c60f234b4f538
[CHAIN] fa7c60f234b4f538 -> 8aafae5ac565e5a0
[CHAIN] 8aafae5ac565e5a0 -> 9f74f59ffe2935de
[CHAIN] 9f74f59ffe2935de -> 3ca172da05c9f694
[CHAIN] 3ca172da05c9f694 -> b987f1e51013b1b0
[CHAIN] b987f1e51013b1b0 -> 435511394c0ffcaf
[CHAIN] 435511394c0ffcaf -> e79dd7caf79883ec
[CHAIN] e79dd7caf79883ec -> 7f258fb50d7a5fd2
[CHAIN] 7f258fb50d7a5fd2 -> 4ee6d41125fb1db2
[CHAIN] 4ee6d41125fb1db2 -> e32d1ba293f229d4
[CHAIN] e32d1ba293f229d4 -> 24bf8d954754694a
[CHAIN] 24bf8d954754694a -> 1a4cad879aa976c0
[CHAIN] 1a4cad879aa976c0 -> e293acd84bc4db60
[CHAIN] e293acd84bc4db60 -> b93ebfeb350bc625
[CHAIN] b93ebfeb350bc625 -> d9b621a81459e549
[CHAIN] d9b621a81459e549 -> 2f6bf7e3ce7f6fab
[CHAIN] 2f6bf7e3ce7f6fab -> 7603dfa6b2ec4816
[CHAIN] 7603dfa6b2ec4816 -> 95a770d9202363ff
[CHAIN] 95a770d9202363ff -> 5f411cb386f9c0be
[CHAIN] 5f411cb386f9c0be -> 3d6c53117b8e4b20
[CHAIN] 3d6c53117b8e4b20 -> 7b6025fe4269d330
[CHAIN] 7b6025fe4269d330 -> 7ba314b14eab428b
[CHAIN] 7ba314b14eab428b -> d346d02c6b59674f
[CHAIN] d346d02c6b59674f -> f0b54ee835b4432e
[CHAIN] f0b54ee835b4432e -> 23bfa2420faf9211
[CHAIN] 23bfa2420faf9211 -> 8641bb29e7baf5e0
[CHAIN] 8641bb29e7baf5e0 -> 4f12ce4629fd4c00
[CHAIN] 4f12ce4629fd4c00 -> 225c0609e5116651
[CHAIN] 225c0609e5116651 -> 42919accf4cc8f92
[CHAIN] 42919accf4cc8f92 -> c691cc05a94d34f4
[CHAIN] c691cc05a94d34f4 -> 9bf544fb5840984c
[CHAIN] 9bf544fb5840984c -> 70bfa9b506de19db
[CHAIN] 70bfa9b506de19db -> 82f47257d16e290e
[CHAIN] 82f47257d16e290e -> 2600a638a7218a1b
[CHAIN] 2600a638a7218a1b -> 9d899aa0f9ebf1c9
[CHAIN] 9d899aa0f9ebf1c9 -> 166b7f3b5608e302
[CHAIN] 166b7f3b5608e302 -> dd5846af77d2f5d5
[CHAIN] dd5846af77d2f5d5 -> 310f5a8b8caeed9e
[CHAIN] 310f5a8b8caeed9e -> a45a8095a84c3e40
[CHAIN] a45a8095a84c3e40 -> 63f8621f4a21b44e
[CHAIN] 63f8621f4a21b44e -> 0641f0e89ea376ac
[CHAIN] 0641f0e89ea376ac -> 4015bc6add0dea22
[CHAIN] 4015bc6add0dea22 -> 1663c76d2b017637
[CHAIN] 1663c76d2b017637 -> c6f8a5d46f62212f
[CHAIN] c6f8a5d46f62212f -> 1b55d937bff513f0
[CHAIN] 1b55d937bff513f0 -> 3a9dec999a18a851
[CHAIN] 3a9dec999a18a851 -> d475abe1879cf05b
[CHAIN] d475abe1879cf05b -> c6f0dcc2f44812cf
[CHAIN] c6f0dcc2f44812cf -> d899d1faf986a7e5
[CHAIN] d899d1faf986a7e5 -> 3d5ce7f49a59d9c1
[CHAIN] 3d5ce7f49a59d9c1 -> c9627b0a760eb398
[CHAIN] c9627b0a760eb398 -> c3b44048b2afc7b2
[CHAIN] c3b44048b2afc7b2 -> 3bd2647a19fbf5eb
[CHAIN] 3bd2647a19fbf5eb -> 384e07db66a651e2
[CHAIN] 384e07db66a651e2 -> e4a074bf12f702cb
[CHAIN] e4a074bf12f702cb -> b21d64de32302b72
[CHAIN] b21d64de32302b72 -> c76ebcf3c43079b3
[CHAIN] c76ebcf3c43079b3 -> 7936a64f447e306f
[CHAIN] 7936a64f447e306f -> d2cac952d1832b3d
[CHAIN] d2cac952d1832b3d -> 7e521da4b8dbd288
[CHAIN] 7e521da4b8dbd288 -> 96a01c3f8ee48310
[CHAIN] 96a01c3f8ee48310 -> a432c87638b52034
[CHAIN] a432c87638b52034 -> 2ce00f53cd106294
[CHAIN] 2ce00f53cd106294 -> cb7b1b5562b9923d
[CHAIN] cb7b1b5562b9923d -> 64feeaa01ba1fa08
[CHAIN] 64feeaa01ba1fa08 -> da3dbdd2c50ed5f8
[CHAIN] da3dbdd2c50ed5f8 -> c9fc5f41232e347d
[CHAIN] c9fc5f41232e347d -> 0d9f4592e0ab76dd
[CHAIN] 0d9f4592e0ab76dd -> 29608a2a77a03c78
[CHAIN] 29608a2a77a03c78 -> 305dd23e2fd6c69c
[CHAIN] 305dd23e2fd6c69c -> 700ecc351719def0
[CHAIN] 700ecc351719def0 -> 6c23867bcc1896f4
[CHAIN] 6c23867bcc1896f4 -> 2a3d82f5d55863fb
[CHAIN] 2a3d82f5d55863fb -> cdc3ea84b5b2ee2d
[CHAIN] cdc3ea84b5b2ee2d -> 98075765b8651d22
[CHAIN] 98075765b8651d22 -> 74c60b19bcbc8b16
[CHAIN] 74c60b19bcbc8b16 -> 3ca0bb32b38409fe
[CHAIN] 3ca0bb32b38409fe -> d794f1020f87160d
[CHAIN] d794f1020f87160d -> b05129673165c181
[CHAIN] b05129673165c181 -> 6b8912d51dd97d3f
[CHAIN] 6b8912d51dd97d3f -> daef96ce1fbc6732
[CHAIN] daef96ce1fbc6732 -> 08c9c5c8bb12d51e
[CHAIN] 08c9c5c8bb12d51e -> c268348a2a96a510
[CHAIN] c268348a2a96a510 -> 76a5e2e80851f0a4
[CHAIN] 76a5e2e80851f0a4 -> 553a3dfb536eb77b
[CHAIN] 553a3dfb536eb77b -> 9c1e85de8ed1696c
[CHAIN] 9c1e85de8ed1696c -> 29f78814892a6821
[CHAIN] 29f78814892a6821 -> 504569dcb88bf255
[CHAIN] 504569dcb88bf255 -> ab6e943bf24a2175
[CHAIN] ab6e943bf24a2175 -> 9f4c33910002e966
[CHAIN] 9f4c33910002e966 -> a773897d2f221c59
[CHAIN] a773897d2f221c59 -> 3b2b4973868928d1
[CHAIN] 3b2b4973868928d1 -> 0069a9686e4716d7
[CHAIN] 0069a9686e4716d7 -> 3986240df15fde9b
[CHAIN] 3986240df15fde9b -> a958e1b0e0b15633
[CHAIN] a958e1b0e0b15633 -> 759e487ad791c8c7
[CHAIN] 759e487ad791c8c7 -> 5f758eb506b19999
[CHAIN] 5f758eb506b19999 -> ed108db0b4846d37
[CHAIN] ed108db0b4846d37 -> aee7d6293987bf59
[CHAIN] aee7d6293987bf59 -> 253734c98f669ef2
[CHAIN] 253734c98f669ef2 -> c36bc6d393b64bb9
[CHAIN] c36bc6d393b64bb9 -> c2e2f3eb6add2f59
[CHAIN] c2e2f3eb6add2f59 -> 3ba52340a979d8e2
[CHAIN] 3ba52340a979d8e2 -> b66436e6f86d4c73
[CHAIN] b66436e6f86d4c73 -> 556f1405fa42e8cc
[CHAIN] 556f1405fa42e8cc -> 8a974baa2a2a5547
[CHAIN] 8a974baa2a2a5547 -> 7647037571207ae3
[CHAIN] 7647037571207ae3 -> 6aaf53bd90482394
[CHAIN] 6aaf53bd90482394 -> 594451a79c07d1a4
[CHAIN] 594451a79c07d1a4 -> 10b1380c54cf22e1
[CHAIN] 10b1380c54cf22e1 -> de8cbeb1eb4e6e4b
[CHAIN] de8cbeb1eb4e6e4b -> 6d77faf838fca485
[CHAIN] 6d77faf838fca485 -> a60dc4c85cff74ae
[CHAIN] a60dc4c85cff74ae -> 04441607c15b38d5
[CHAIN] 04441607c15b38d5 -> 6919921df4c2e3fa
[CHAIN] 6919921df4c2e3fa -> 46a06436bc3645ae
[CHAIN] 46a06436bc3645ae -> 5de93bb9548c0d9b
[CHAIN] 5de93bb9548c0d9b -> 0d8afa3bd740381d
[CHAIN] 0d8afa3bd740381d -> 1e3086fa65f43d5a
[CHAIN] 1e3086fa65f43d5a -> d940db785704e8fb
[CHAIN] d940db785704e8fb -> a2ef87301051a9c7
[CHAIN] a2ef87301051a9c7 -> d67b5290e9373ece
[CHAIN] d67b5290e9373ece -> 1a732fb2ce1ed4ad
[CHAIN] 1a732fb2ce1ed4ad -> 077eb3a73c657086
[CHAIN] 077eb3a73c657086 -> f4294c9addbdaa18
[CHAIN] f4294c9addbdaa18 -> 64e953c561d818fd
[CHAIN] 64e953c561d818fd -> 335fd9432109fe6b
[CHAIN] 335fd9432109fe6b -> eddc7ebce40a5ddb
[CHAIN] eddc7ebce40a5ddb -> 49ff219a7b27a33d
[CHAIN] 49ff219a7b27a33d -> a4b5185b643de976
[CHAIN] a4b5185b643de976 -> f302725970dc27de
[CHAIN] f302725970dc27de -> 3d496d51f3b869dc
[CHAIN] 3d496d51f3b869dc -> b7fd9b93875e5d59
[CHAIN] b7fd9b93875e5d59 -> 8af150e697ed53f9
[CHAIN] 8af150e697ed53f9 -> 103c927297c01a4a
[CHAIN] 103c927297c01a4a -> ee27ba34aa5ebde5
[CHAIN] ee27ba34aa5ebde5 -> 9e934ea18923a120
[CHAIN] 9e934ea18923a120 -> ad57f9315cea0b2c
[CHAIN] ad57f9315cea0b2c -> c0be0071bf2fccd5
[CHAIN] c0be0071bf2fccd5 -> 94647a075cb79cdc
[CHAIN] 94647a075cb79cdc -> 51e32b209379bc9a
[CHAIN] 51e32b209379bc9a -> cb1df6bbe72725cf
[CHAIN] cb1df6bbe72725cf -> de2346a90edb0273
[CHAIN] de2346a90edb0273 -> 19328938b17ad5b4
[CHAIN] 19328938b17ad5b4 -> 4d33a8cead4c83c1
[CHAIN] 4d33a8cead4c83c1 -> ecb81fa8d9337ae5
[CHAIN] ecb81fa8d9337ae5 -> 67257b74f333d95e
[CHAIN] 67257b74f333d95e -> 73318e4655e4edea
[CHAIN] 73318e4655e4edea -> 59afb603f62136d7
[CHAIN] 59afb603f62136d7 -> a672c61ac9129260
[CHAIN] a672c61ac9129260 -> dc6af4ef45ad32c4
[CHAIN] dc6af4ef45ad32c4 -> e3886f7d6c76f81d
[CHAIN] e3886f7d6c76f81d -> eaef781d549f5f08
[CHAIN] eaef781d549f5f08 -> 0fee50109c12dc2c
[CHAIN] 0fee50109c12dc2c -> 284e7ac61d001975
[CHAIN] 284e7ac61d001975 -> 752c204b4864c165
[CHAIN] 752c204b4864c165 -> b3b79697083e2988
[CHAIN] b3b79697083e2988 -> dc313b5212843d41
[CHAIN] dc313b5212843d41 -> 00fb3ff699b4e217
[CHAIN] 00fb3ff699b4e217 -> bad5f43396bf0917
[CHAIN] bad5f43396bf0917 -> c1a9d5f7c7e0c89a
[CHAIN] c1a9d5f7c7e0c89a -> 9b7717901873de84
[CHAIN] 9b7717901873de84 -> 4de69c5065157d94
[CHAIN] 4de69c5065157d94 -> bb1458350b255b6e
[CHAIN] bb1458350b255b6e -> 9e31dcb0441df72e
[CHAIN] 9e31dcb0441df72e -> f53e450b2c66baa4
[CHAIN] f53e450b2c66baa4 -> 08a1fde19d5de081
[CHAIN] 08a1fde19d5de081 -> 7c9f88c77260123a
[CHAIN] 7c9f88c77260123a -> 7577b4ddeac7d7dc
[CHAIN] 7577b4ddeac7d7dc -> 82bd788962c45f0a
[CHAIN] 82bd788962c45f0a -> 91f9f8ea2735a17e
[CHAIN] 91f9f8ea2735a17e -> 9fe25792eeb7a2a0
[CHAIN] 9fe25792eeb7a2a0 -> 9d54f1afc7d9b3dc
[CHAIN] 9d54f1afc7d9b3dc -> 180e5891844495a8
[CHAIN] 180e5891844495a8 -> becd63a4f962cd54
[CHAIN] becd63a4f962cd54 -> 0346ab91b2576cdc
[CHAIN] 0346ab91b2576cdc -> 79527333d3227ae2
[CHAIN] 79527333d3227ae2 -> 035c6c42d70671fe
[CHAIN] 035c6c42d70671fe -> a7a6f1536dd2986d
[CHAIN] a7a6f1536dd2986d -> 9295f648cef7c91e
[CHAIN] 9295f648cef7c91e -> 94da35998d690240
[CHAIN] 94da35998d690240 -> 942adaff55506cf7
[CHAIN] 942adaff55506cf7 -> db987786b33c0a00
[CHAIN] db987786b33c0a00 -> 43cc60330ddced2b
[CHAIN] 43cc60330ddced2b -> f4808f0a68660019
[CHAIN] f4808f0a68660019 -> fe4a999635c981be
[CHAIN] fe4a999635c981be -> 49ebfd19d4971f7f
[CHAIN] 49ebfd19d4971f7f -> f429f7732f06c537
[CHAIN] f429f7732f06c537 -> 2b1756a743378b7c
[CHAIN] 2b1756a743378b7c -> 2b1db18719387b4d
[CHAIN] 2b1db18719387b4d -> bc97b670619f5a9e
[CHAIN] bc97b670619f5a9e -> 3ee62fcdfc0b69af
[CHAIN] 3ee62fcdfc0b69af -> b33623b53c41b252
[CHAIN] b33623b53c41b252 -> d6292afd56170ec2
[CHAIN] d6292afd56170ec2 -> f64d9d66fdbca857
[CHAIN] f64d9d66fdbca857 -> 92c31f7eac37bf0d
[CHAIN] 92c31f7eac37bf0d -> 7f6188f1843ac5d9
[CHAIN] 7f6188f1843ac5d9 -> 26194a500ca23674
[CHAIN] 26194a500ca23674 -> c0d12fc879d41288
[CHAIN] c0d12fc879d41288 -> 4447d0b0ed75d40e
[CHAIN] 4447d0b0ed75d40e -> cb10a464e0a11f8d
[CHAIN] cb10a464e0a11f8d -> 66f8737f527e89f0
[CHAIN] 66f8737f527e89f0 -> f948372f3b3c82f6
[CHAIN] f948372f3b3c82f6 -> a988412a4d67e822
[CHAIN] a988412a4d67e822 -> bbd2824bc4faf1d8
[CHAIN] bbd2824bc4faf1d8 -> caa28c5afe88eebd
[CHAIN] caa28c5afe88eebd -> 37834506852be86e
[CHAIN] 37834506852be86e -> f2acaeb24f6d5d81
[CHAIN] f2acaeb24f6d5d81 -> da14f2e7310c212f
[CHAIN] da14f2e7310c212f -> ecea39cbab253ff5
[CHAIN] ecea39cbab253ff5 -> 950fd0bf683bd7ca
[CHAIN] 950fd0bf683bd7ca -> bc50e618827a6066
[CHAIN] bc50e618827a6066 -> 64a86ed452d4b245
[CHAIN] 64a86ed452d4b245 -> 658827a8e000d518
[CHAIN] 658827a8e000d518 -> 4496d93f7d86b23b
[CHAIN] 4496d93f7d86b23b -> a6bf0e68be44b14a
[CHAIN] a6bf0e68be44b14a -> 2ea7d91930632dc8
[CHAIN] 2ea7d91930632dc8 -> b419da9afb1d1cc6
[CHAIN] b419da9afb1d1cc6 -> 9a959fac4b8ccb36
[CHAIN] 9a959fac4b8ccb36 -> 732c477f0d26d4b9
[CHAIN] 732c477f0d26d4b9 -> 4e2524de89665cd9
[CHAIN] 4e2524de89665cd9 -> 36184e53d48f6454
[CHAIN] 36184e53d48f6454 -> 0c702e3f66333b19
[CHAIN] 0c702e3f66333b19 -> 87ec20c11228d604
[CHAIN] 87ec20c11228d604 -> 6d55fe5f96553e83
[CHAIN] 6d55fe5f96553e83 -> 1487b962cc0ba4e7
[CHAIN] 1487b962cc0ba4e7 -> b22a34552758f285
[CHAIN] b22a34552758f285 -> 893c3691e82e01cc
[CHAIN] 893c3691e82e01cc -> bb8af322ac3f1837
[CHAIN] bb8af322ac3f1837 -> 589ca891471c5d28
[CHAIN] 589ca891471c5d28 -> 26cd2301ba9ac447
[CHAIN] 26cd2301ba9ac447 -> f0c32b7381f64d91
[CHAIN] f0c32b7381f64d91 -> 6deb91ce4283705a
[CHAIN] 6deb91ce4283705a -> fdd2f66dd86245bd
[CHAIN] fdd2f66dd86245bd -> c81e8b5fb6e41b3b
[CHAIN] c81e8b5fb6e41b3b -> 458ce98996b818e1
[CHAIN] 458ce98996b818e1 -> 7ffd1ee0ba566ee1
[CHAIN] 7ffd1ee0ba566ee1 -> e238e9ca10aa2a5d
[CHAIN] e238e9ca10aa2a5d -> b45cdc89f87a1b44
[CHAIN] b45cdc89f87a1b44 -> 4c16735834bc2459
[CHAIN] 4c16735834bc2459 -> 3283efbd07efb9fa
[CHAIN] 3283efbd07efb9fa -> faaa0738dd6e210b
[CHAIN] faaa0738dd6e210b -> d7f7deae966ed5a1
[CHAIN] d7f7deae966ed5a1 -> a03231595b39494f
[CHAIN] a03231595b39494f -> ebfd398ac2fbd59c
[CHAIN] ebfd398ac2fbd59c -> 00a531cf879bda96
[CHAIN] 00a531cf879bda96 -> c9d9bf71ed9d6d33
[CHAIN] c9d9bf71ed9d6d33 -> 8a4774acce5e1fcc
[CHAIN] 8a4774acce5e1fcc -> 89209baad21c81fc
[CHAIN] 89209baad21c81fc -> 3937608256a54038
[CHAIN] 3937608256a54038 -> 1ac4dc42eab4fd68
[CHAIN] 1ac4dc42eab4fd68 -> 673a0c8aa303111b
[CHAIN] 673a0c8aa303111b -> ddd0e77471e8be60
[CHAIN] ddd0e77471e8be60 -> 80d46ccd03d21820
[CHAIN] 80d46ccd03d21820 -> 2bae99adb77ad28c
[CHAIN] 2bae99adb77ad28c -> efebebdecfdb3212
[CHAIN] efebebdecfdb3212 -> e256090e0b4c77a9
[CHAIN] e256090e0b4c77a9 -> f4a4435a810cd749
[CHAIN] f4a4435a810cd749 -> 64525368b70779d6
[CHAIN] 64525368b70779d6 -> 0f94b21114f45f0a
[CHAIN] 0f94b21114f45f0a -> f5dddfc5d2fb7a8c
[CHAIN] f5dddfc5d2fb7a8c -> de44ead98a455ccc
[CHAIN] de44ead98a455ccc -> b7bd8a9d51f7a363
[CHAIN] b7bd8a9d51f7a363 -> 10cb3ad7f081221f
[CHAIN] 10cb3ad7f081221f -> 65d36b861b995c0f
[CHAIN] 65d36b861b995c0f -> 73f11c4a0ce31f1d
[CHAIN] 73f11c4a0ce31f1d -> 5576a3e5f9ad0ff3
[CHAIN] 5576a3e5f9ad0ff3 -> d9e7d82b3ccb0afc
[CHAIN] d9e7d82b3ccb0afc -> 0544143f30a2fd30
[CHAIN] 0544143f30a2fd30 -> becd9226d9846219
[CHAIN] becd9226d9846219 -> d4e3ee6587ec6701
[CHAIN] d4e3ee6587ec6701 -> e14dcc8ad77d5eec
[CHAIN] e14dcc8ad77d5eec -> 21921bc3cce60127
[CHAIN] 21921bc3cce60127 -> b4aeb61b90d77a4d
[CHAIN] b4aeb61b90d77a4d -> a84154b630b66f9b
[CHAIN] a84154b630b66f9b -> edd4f2fe9f16ac67
[CHAIN] edd4f2fe9f16ac67 -> f87f7f8f6b469816
[CHAIN] f87f7f8f6b469816 -> 1959a5b644170176
[CHAIN] 1959a5b644170176 -> 1e3786d48e91ec53
[CHAIN] 1e3786d48e91ec53 -> 5f586fc3d675ef33
[CHAIN] 5f586fc3d675ef33 -> 345aff29e9a817e6
[CHAIN] 345aff29e9a817e6 -> 46fbc7e07869f517
[CHAIN] 46fbc7e07869f517 -> 1486ca4759dace02
[CHAIN] 1486ca4759dace02 -> 28865928aae37064
[CHAIN] 28865928aae37064 -> bac5ddd818a53649
[CHAIN] bac5ddd818a53649 -> 9444e17d9ab1628b
[CHAIN] 9444e17d9ab1628b -> 09ca3f63ca4ee892
[CHAIN] 09ca3f63ca4ee892 -> ab1746026fec3e8e
[CHAIN] ab1746026fec3e8e -> 72f0b0bd3ac33bc8
[CHAIN] 72f0b0bd3ac33bc8 -> 6f3726b08b0009a3
[CHAIN] 6f3726b08b0009a3 -> 94ec357649f380b6
[CHAIN] 94ec357649f380b6 -> d185418b4e10e621
[CHAIN] d185418b4e10e621 -> 776590d4423380d8
[CHAIN] 776590d4423380d8 -> 1cb05e1248a0167d
[CHAIN] 1cb05e1248a0167d -> f1f5fd3a13b5ad85
[CHAIN] f1f5fd3a13b5ad85 -> 5047ffd682d4713f
[CHAIN] 5047ffd682d4713f -> c5c0324c1cdd9c93
[CHAIN] c5c0324c1cdd9c93 -> b9fc75dc301546f1
[CHAIN] b9fc75dc301546f1 -> 1520b28f9de9d020
[CHAIN] 1520b28f9de9d020 -> 9fb2fe18f769522e
[CHAIN] 9fb2fe18f769522e -> 02faee055eb743dd
[CHAIN] 02faee055eb743dd -> e0cb5eebffab1c4e
[CHAIN] e0cb5eebffab1c4e -> c739033d786f5551
[CHAIN] c739033d786f5551 -> 8137cff29035fa8d
[CHAIN] 8137cff29035fa8d -> 9968b4cfad059e02
[CHAIN] 9968b4cfad059e02 -> a1a910c6c6727bf3
[CHAIN] a1a910c6c6727bf3 -> 9cff1c39837cb5d1
[CHAIN] 9cff1c39837cb5d1 -> 2133dd043d0d015f
[CHAIN] 2133dd043d0d015f -> 2094d9fd8ebcdaaa
[CHAIN] 2094d9fd8ebcdaaa -> 804ddb946b90041d
[CHAIN] 804ddb946b90041d -> aeac49d2293365f9
[CHAIN] aeac49d2293365f9 -> 0007396919cd2e89
[CHAIN] 0007396919cd2e89 -> efc44e9c917e9e12
[CHAIN] efc44e9c917e9e12 -> 46ba992891e2fcb3
[CHAIN] 46ba992891e2fcb3 -> a56bfec200ed90b5
[CHAIN] a56bfec200ed90b5 -> 0a5559fd9245bf40
[CHAIN] 0a5559fd9245bf40 -> 5011800e9c55c623
[CHAIN] 5011800e9c55c623 -> 34c1122e117174af
[CHAIN] 34c1122e117174af -> e2d5fb29651d82f1
[CHAIN] e2d5fb29651d82f1 -> 889624efce4c2119
[CHAIN] 889624efce4c2119 -> 8ccf9bc263a4155e
[CHAIN] 8ccf9bc263a4155e -> 239fcb564f418586
[CHAIN] 239fcb564f418586 -> e85b6f99cdf1b865
[CHAIN] e85b6f99cdf1b865 -> 2914d82403095d8c
[CHAIN] 2914d82403095d8c -> 289041da498816f5
[CHAIN] 289041da498816f5 -> eda16b5156475d59
[CHAIN] eda16b5156475d59 -> 4f44d3dcc04a7f93
[CHAIN] 4f44d3dcc04a7f93 -> 4580f3858787db65
[CHAIN] 4580f3858787db65 -> a64f233d5d09ba60
[CHAIN] a64f233d5d09ba60 -> 63ff0ab984c2c6bd
[CHAIN] 63ff0ab984c2c6bd -> 0e94aa2af5066857
[CHAIN] 0e94aa2af5066857 -> da7d11f667c5bcb8
[CHAIN] da7d11f667c5bcb8 -> 585e34c91eb9e2e3
[CHAIN] 585e34c91eb9e2e3 -> a39b5a46fcaf6530
[CHAIN] a39b5a46fcaf6530 -> 0ab3228986d6cf85
[CHAIN] 0ab3228986d6cf85 -> 9aabaf97d0989ad7
[CHAIN] 9aabaf97d0989ad7 -> 9ce17d2bb2a80b0e
[CHAIN] 9ce17d2bb2a80b0e -> f64e4ee7b4b81e42
[CHAIN] f64e4ee7b4b81e42 -> 22259d23e2388fc8
[CHAIN] 22259d23e2388fc8 -> 0be35c0bdd6c7933
[CHAIN] 0be35c0bdd6c7933 -> b95172e3a1d7a6ef
[CHAIN] b95172e3a1d7a6ef -> 765ed45e200144ca
[CHAIN] 765ed45e200144ca -> d53d46c56dab3d73
[CHAIN] d53d46c56dab3d73 -> 2e73776961624645
[CHAIN] 2e73776961624645 -> d8be37b2bc069c7c
[CHAIN] d8be37b2bc069c7c -> 778450e84f0e0848
[CHAIN] 778450e84f0e0848 -> 4e2b096c1d774c58
[CHAIN] 4e2b096c1d774c58 -> d0a0fbeecf3ad2ef
[CHAIN] d0a0fbeecf3ad2ef -> 623a71e3919d7cb9
[CHAIN] 623a71e3919d7cb9 -> 3b07b979a46eb985
[CHAIN] 3b07b979a46eb985 -> 122a7f261d57f870
[CHAIN] 122a7f261d57f870 -> 7a01772e6469280e
[CHAIN] 7a01772e6469280e -> 2ce95ba6215d1889
[CHAIN] 2ce95ba6215d1889 -> 6f5b2d75f6d2f165
[CHAIN] 6f5b2d75f6d2f165 -> 9b35c483077420c9
[CHAIN] 9b35c483077420c9 -> a4687d6796f5ffbf
[CHAIN] a4687d6796f5ffbf -> 0456fa8d861694f4
[CHAIN] 0456fa8d861694f4 -> cdf2e5797d18eb2f
[CHAIN] cdf2e5797d18eb2f -> 96b127e0543ad898
[CHAIN] 96b127e0543ad898 -> e86508168df76240
[CHAIN] e86508168df76240 -> c3d2a5a1a6f163a8
[CHAIN] c3d2a5a1a6f163a8 -> 484cb36187407741
[CHAIN] 484cb36187407741 -> 3b256368915877dc
[CHAIN] 3b256368915877dc -> 0b52d46a6972de95
[CHAIN] 0b52d46a6972de95 -> ce113088d7f32fdf
[CHAIN] ce113088d7f32fdf -> e40b5401c51f261e
[CHAIN] e40b5401c51f261e -> 6c7670b7544360bc
[CHAIN] 6c7670b7544360bc -> 9e680d01dbd45ed6
[CHAIN] 9e680d01dbd45ed6 -> bfcf1553d08d5bdb
[CHAIN] bfcf1553d08d5bdb -> 9975215627fa2c4c
[CHAIN] 9975215627fa2c4c -> 70ff278c43f4e2df
[CHAIN] 70ff278c43f4e2df -> 6c38f0a10c03b0da
[CHAIN] 6c38f0a10c03b0da -> e2ff01c6bb83296e
[CHAIN] e2ff01c6bb83296e -> b26c5e611804c809
[CHAIN] b26c5e611804c809 -> 994cfe7a665d4a62
[CHAIN] 994cfe7a665d4a62 -> 37a9e41badf692db
[CHAIN] 37a9e41badf692db -> e6b8e9203456c29a
[CHAIN] e6b8e9203456c29a -> 40068d6b3e7c749a
[CHAIN] 40068d6b3e7c749a -> eb22e8d4405b0d47
[CHAIN] eb22e8d4405b0d47 -> ba32c8c90838223b
[CHAIN] ba32c8c90838223b -> 5abc041bfdd8c715
[CHAIN] 5abc041bfdd8c715 -> c2e586435a2c9f10
[CHAIN] c2e586435a2c9f10 -> 0a81336b011cd0c7
[CHAIN] 0a81336b011cd0c7 -> 5aafd38e597eee14
[CHAIN] 5aafd38e597eee14 -> b86054280969fbcf
[CHAIN] b86054280969fbcf -> 88516aee05f0887c
[CHAIN] 88516aee05f0887c -> 0c2074dde248684a
[CHAIN] 0c2074dde248684a -> 094efb38fe1b1163
[CHAIN] 094efb38fe1b1163 -> 3bc03b9ab4cf3827
[CHAIN] 3bc03b9ab4cf3827 -> 049c0eefb8f49457
[CHAIN] 049c0eefb8f49457 -> a29d6073467cbfc3
[CHAIN] a29d6073467cbfc3 -> 15ff914aacd659b7
[CHAIN] 15ff914aacd659b7 -> ad47434e9fbf7909
[CHAIN] ad47434e9fbf7909 -> 45c16e64f34b951c
[CHAIN] 45c16e64f34b951c -> 071cf0cdbe1f8694
[CHAIN] 071cf0cdbe1f8694 -> 624889f67e185474
[CHAIN] 624889f67e185474 -> 5e85739ad5b5737b
[CHAIN] 5e85739ad5b5737b -> 08800ab6cb14c430
[CHAIN] 08800ab6cb14c430 -> e136f02eb8868e00
[CHAIN] e136f02eb8868e00 -> a82df244df089211
[CHAIN] a82df244df089211 -> 85d34aadd213c843
[CHAIN] 85d34aadd213c843 -> 1bfcd4a2a6dacb70
[CHAIN] 1bfcd4a2a6dacb70 -> 25d5ce95a4d475e2
[CHAIN] 25d5ce95a4d475e2 -> 09583dde992bf1f3
[CHAIN] 09583dde992bf1f3 -> 32635e850b39acc0
[CHAIN] 32635e850b39acc0 -> a5f61e3852360685
[CHAIN] a5f61e3852360685 -> 1d362d9c3bb1bbe8
[CHAIN] 1d362d9c3bb1bbe8 -> e693c1b69ee16576
[CHAIN] e693c1b69ee16576 -> 12e9628eb258010c
[CHAIN] 12e9628eb258010c -> e8bb52f0c42f0cab
[CHAIN] e8bb52f0c42f0cab -> ba18e94f951d404a
[CHAIN] ba18e94f951d404a -> 55b35d132eb672e3
[CHAIN] 55b35d132eb672e3 -> 5239a187cc95a6fe
[CHAIN] 5239a187cc95a6fe -> 69edc8d7db1728ee
[CHAIN] 69edc8d7db1728ee -> e4d9a51dc8a681f3
[CHAIN] e4d9a51dc8a681f3 -> 9fe68b01468a6a86
[CHAIN] 9fe68b01468a6a86 -> d6fb628fe378ba4f
[CHAIN] d6fb628fe378ba4f -> 9131f2f77a8966b9
[CHAIN] 9131f2f77a8966b9 -> a987103674bd3407
[CHAIN] a987103674bd3407 -> 77dbeabd61c88798
[CHAIN] 77dbeabd61c88798 -> 796f5ee5633b2f29
[CHAIN] 796f5ee5633b2f29 -> 52e050deccf0fcd6
[CHAIN] 52e050deccf0fcd6 -> 84a386f9fc942e93
[CHAIN] 84a386f9fc942e93 -> 0a12cd8cec505635
[CHAIN] 0a12cd8cec505635 -> 8cbef8d404672845
[CHAIN] 8cbef8d404672845 -> 244fdd8c583a00b1
[CHAIN] 244fdd8c583a00b1 -> 8078f80948a5566c
[CHAIN] 8078f80948a5566c -> de005e42a8ef8de7
[CHAIN] de005e42a8ef8de7 -> ce6ea4c7f5f1ddbb
[CHAIN] ce6ea4c7f5f1ddbb -> 222bccc5cf768188
[CHAIN] 222bccc5cf768188 -> 830e668420e92e70
[CHAIN] 830e668420e92e70 -> 7303ab4d64a8c7e2
[CHAIN] 7303ab4d64a8c7e2 -> 198d25ed889661c4
[CHAIN] 198d25ed889661c4 -> ca7263b6f32349b6
[CHAIN] ca7263b6f32349b6 -> a1dca9e976639702
[CHAIN] a1dca9e976639702 -> d7772b3ec0e7be61
[CHAIN] d7772b3ec0e7be61 -> 65b568f04db56762
[CHAIN] 65b568f04db56762 -> 395220c9e8e37f95
[CHAIN] 395220c9e8e37f95 -> 0d824027e9a0853b
[CHAIN] 0d824027e9a0853b -> de1c1062ee51e605
[CHAIN] de1c1062ee51e605 -> 727b37639c0c97db
[CHAIN] 727b37639c0c97db -> eefc9706824a970b
[CHAIN] eefc9706824a970b -> 7b2da4bea90c5c5d
[CHAIN] 7b2da4bea90c5c5d -> aa818cafeba18b75
[CHAIN] aa818cafeba18b75 -> d8444e0d4b13736b
[CHAIN] d8444e0d4b13736b -> f98b249ccfd65639
[CHAIN] f98b249ccfd65639 -> ca8e425bf9a085cc
[CHAIN] ca8e425bf9a085cc -> 4feb8486613cacb7
[CHAIN] 4feb8486613cacb7 -> b86107562239d831
[CHAIN] b86107562239d831 -> a84347fb7e715b57
[CHAIN] a84347fb7e715b57 -> f57b96fe44759f0c
[CHAIN] f57b96fe44759f0c -> e253ae7692774b11
[CHAIN] e253ae7692774b11 -> 294c55d05c96fa7f
[CHAIN] 294c55d05c96fa7f -> 523028567702fdb7
[CHAIN] 523028567702fdb7 -> 3a2866721646ab87
[CHAIN] 3a2866721646ab87 -> f4859b974b162f2e
[CHAIN] f4859b974b162f2e -> c694ee3b5dfd2903
[CHAIN] c694ee3b5dfd2903 -> a9f7055eb25f82f9
[CHAIN] a9f7055eb25f82f9 -> 999124ad94861c7f
[CHAIN] 999124ad94861c7f -> e7adf4bb60bbfb7f
[CHAIN] e7adf4bb60bbfb7f -> bafc30f9d23b7612
[CHAIN] bafc30f9d23b7612 -> abd022d3b82b33ea
[CHAIN] abd022d3b82b33ea -> e7fb747eb4a89ef4
[CHAIN] e7fb747eb4a89ef4 -> b01e50ef2c61a0bf
[CHAIN] b01e50ef2c61a0bf -> d57284586944c558
[CHAIN] d57284586944c558 -> f74792205cbabc25
[CHAIN] f74792205cbabc25 -> c2fa4a2d4bb0d1fa
[CHAIN] c2fa4a2d4bb0d1fa -> 0fc1849f9eee72f0
[CHAIN] 0fc1849f9eee72f0 -> c786d73aa20c187d
[CHAIN] c786d73aa20c187d -> 37f26ace83a2a953
[CHAIN] 37f26ace83a2a953 -> e9caf612d05e6c3a
[CHAIN] e9caf612d05e6c3a -> 06159a8bac448f74
[CHAIN] 06159a8bac448f74 -> 505cb7e5b4cc6fd1
[CHAIN] 505cb7e5b4cc6fd1 -> 5e615ccd926b44fb
[CHAIN] 5e615ccd926b44fb -> 0a558e6d981cbac4
[CHAIN] 0a558e6d981cbac4 -> 2ff5e92758bc0507
[CHAIN] 2ff5e92758bc0507 -> d2c76cb3815c7c3e
[CHAIN] d2c76cb3815c7c3e -> 174afd59220d3e6e
[CHAIN] 174afd59220d3e6e -> b448f0e331753052
[CHAIN] b448f0e331753052 -> 78125cdac0900890
[CHAIN] 78125cdac0900890 -> 55c48a9e112d12e8
[CHAIN] 55c48a9e112d12e8 -> 5ede3d557b1fbb41
[CHAIN] 5ede3d557b1fbb41 -> 4620ed0c2a4c0f4b
[CHAIN] 4620ed0c2a4c0f4b -> cce62c0cd8da9c1f
[CHAIN] cce62c0cd8da9c1f -> af410b32ec3b7e93
[CHAIN] af410b32ec3b7e93 -> 69a712873bd5bc49
[CHAIN] 69a712873bd5bc49 -> a38d966dd8241446
[CHAIN] a38d966dd8241446 -> 00510dc8a3da35a5
[CHAIN] 00510dc8a3da35a5 -> e0f4da7531d0f5cf
[CHAIN] e0f4da7531d0f5cf -> 27cccfa5e0b59403
[CHAIN] 27cccfa5e0b59403 -> 0a02ba91c6db2e6c
[CHAIN] 0a02ba91c6db2e6c -> 351e3e4cd5ac2ae9
[CHAIN] 351e3e4cd5ac2ae9 -> 676afac5f79ec7e9
[CHAIN] 676afac5f79ec7e9 -> 49a63cd030dadd3b
[CHAIN] 49a63cd030dadd3b -> 05ef00b33986dbaf
[CHAIN] 05ef00b33986dbaf -> 0ed28b11151b2dbc
[CHAIN] 0ed28b11151b2dbc -> 0460cd5b0dc06692
[CHAIN] 0460cd5b0dc06692 -> b507ff0ae032effa
[CHAIN] b507ff0ae032effa -> d9956f98ec3467f5
[CHAIN] d9956f98ec3467f5 -> 8726e346991eba6b
[CHAIN] 8726e346991eba6b -> 181ef5cd531b75ab
[CHAIN] 181ef5cd531b75ab -> 3764f32f74029301
[CHAIN] 3764f32f74029301 -> f003aa1365d5432e
[CHAIN] f003aa1365d5432e -> 05ca37374d6bae16
[CHAIN] 05ca37374d6bae16 -> bd8f4f89b350989e
[CHAIN] bd8f4f89b350989e -> 14df054ef7299f4a
[CHAIN] 14df054ef7299f4a -> 66c9d0ba684879eb
[CHAIN] 66c9d0ba684879eb -> 84fac48141692a05
[CHAIN] 84fac48141692a05 -> e64d9240b5740387
[CHAIN] e64d9240b5740387 -> 38946f6a1df10ab8
[CHAIN] 38946f6a1df10ab8 -> 49e42b2572407f90
[CHAIN] 49e42b2572407f90 -> 1df6c4f471f4f679
[CHAIN] 1df6c4f471f4f679 -> edd2d1d449bd90cd
[CHAIN] edd2d1d449bd90cd -> 81fd153e60ac352c
[CHAIN] 81fd153e60ac352c -> 01339e6b1d4b9997
[CHAIN] 01339e6b1d4b9997 -> e44c454005105dac
[CHAIN] e44c454005105dac -> 1341bb19b38b0309
[CHAIN] 1341bb19b38b0309 -> 1aae653124f96a51
[CHAIN] 1aae653124f96a51 -> 82fa450f8eb0aeae
[CHAIN] 82fa450f8eb0aeae -> a78e28a39a173532
[CHAIN] a78e28a39a173532 -> fc38f20545de83ad
[CHAIN] fc38f20545de83ad -> c4b69d6703731032
[CHAIN] c4b69d6703731032 -> aa4e611b91c772c6
[CHAIN] aa4e611b91c772c6 -> fc3bb771b1914aa9
[CHAIN] fc3bb771b1914aa9 -> 41590d93469c5298
[CHAIN] 41590d93469c5298 -> f1182258e7f0eec0
[CHAIN] f1182258e7f0eec0 -> 4cbc4f5f7a776967
[CHAIN] 4cbc4f5f7a776967 -> 160850b5e9c97249
[CHAIN] 160850b5e9c97249 -> 4e123183cda67171
[CHAIN] 4e123183cda67171 -> a3c2200a7f0003c9
[CHAIN] a3c2200a7f0003c9 -> 91d58f6ebae09d0b
[CHAIN] 91d58f6ebae09d0b -> 58bb422af84c9fbb
[CHAIN] 58bb422af84c9fbb -> d543f96e7c08cf93
[CHAIN] d543f96e7c08cf93 -> 3e5930f11a843129
[CHAIN] 3e5930f11a843129 -> 400f0d44520523e1
[CHAIN] 400f0d44520523e1 -> 2d118a3564aa5545
[CHAIN] 2d118a3564aa5545 -> 9fe0a4285ef17126
[CHAIN] 9fe0a4285ef17126 -> e9e2c3531351aba4
[CHAIN] e9e2c3531351aba4 -> aff183f4171c952c
[CHAIN] aff183f4171c952c -> 8e53c6fe1305f1ba
[CHAIN] 8e53c6fe1305f1ba -> 865922c4715c9118
[CHAIN] 865922c4715c9118 -> dbeac8a47ee06c16
[CHAIN] dbeac8a47ee06c16 -> 821244f8b2bad65c
[CHAIN] 821244f8b2bad65c -> 38501a75e3dbce0d
[CHAIN] 38501a75e3dbce0d -> cd0a8e60d950bfc3
[CHAIN] cd0a8e60d950bfc3 -> d55f8c7b38f451c1
[CHAIN] d55f8c7b38f451c1 -> 6d58b67f8a1ac3d4
[CHAIN] 6d58b67f8a1ac3d4 -> 6511795cf3ba1bd4
[CHAIN] 6511795cf3ba1bd4 -> ffce5de97e5d3b17
[CHAIN] ffce5de97e5d3b17 -> 448824ad867594a8
[CHAIN] 448824ad867594a8 -> 36cde03179305eb2
[CHAIN] 36cde03179305eb2 -> 9fc798e6b843b69e
[CHAIN] 9fc798e6b843b69e -> a53665fff5b5eb46
[CHAIN] a53665fff5b5eb46 -> 06895cb82e7fb83c
[CHAIN] 06895cb82e7fb83c -> ba056e8da91d321d
[CHAIN] ba056e8da91d321d -> 3bb0bc293d6d4240
[CHAIN] 3bb0bc293d6d4240 -> a11bc3739758fef9
[CHAIN] a11bc3739758fef9 -> 1d27c4bcd5890a61
[CHAIN] 1d27c4bcd5890a61 -> c073c4e53d425622
[CHAIN] c073c4e53d425622 -> 3bc90492c4287bfd
[CHAIN] 3bc90492c4287bfd -> 429b684eb2b5e311
[CHAIN] 429b684eb2b5e311 -> cd54d3ec41e247dc
[CHAIN] cd54d3ec41e247dc -> 468313791ebd1b0e
[CHAIN] 468313791ebd1b0e -> fa18a75e96780e4a
[CHAIN] fa18a75e96780e4a -> 29290211ca7c806e
[CHAIN] 29290211ca7c806e -> b9a6efe9fbf1ff12
[CHAIN] b9a6efe9fbf1ff12 -> c38dbd5802ccfbca
[CHAIN] c38dbd5802ccfbca -> 2cb1b05666abe234
[CHAIN] 2cb1b05666abe234 -> c776e89258377f53
[CHAIN] c776e89258377f53 -> ed9c8cc2e24f2a3e
[CHAIN] ed9c8cc2e24f2a3e -> d7105849e7c348b2
[CHAIN] d7105849e7c348b2 -> 711a5e92781f1476
[CHAIN] 711a5e92781f1476 -> 67d79a9ff149f7b8
[CHAIN] 67d79a9ff149f7b8 -> dfc744e11329b534
[CHAIN] dfc744e11329b534 -> 04975e7ca0ba3ddb
[CHAIN] 04975e7ca0ba3ddb -> d9fd83443fdf7b56
[CHAIN] d9fd83443fdf7b56 -> 3d78953435015f0a
[CHAIN] 3d78953435015f0a -> c9f19d650191d6c1
[CHAIN] c9f19d650191d6c1 -> 03fbc1f708d650f0
[CHAIN] 03fbc1f708d650f0 -> f5a8f57a184a718d
[CHAIN] f5a8f57a184a718d -> 887504f0b01e0b60
[CHAIN] 887504f0b01e0b60 -> f4e144e788e537a5
[CHAIN] f4e144e788e537a5 -> 96787780b30e0f6f
[CHAIN] 96787780b30e0f6f -> 3373c17933ba1cff
[CHAIN] 3373c17933ba1cff -> ef98296077406103
[CHAIN] ef98296077406103 -> 68915cc0e30fce05
[CHAIN] 68915cc0e30fce05 -> 2c2ae89d7a3b4519
[CHAIN] 2c2ae89d7a3b4519 -> 20c5881f9aa8944d
[CHAIN] 20c5881f9aa8944d -> 924de0894aa4bd6f
[CHAIN] 924de0894aa4bd6f -> bf22f04c13e0b218
[CHAIN] bf22f04c13e0b218 -> 85aa99300b2eb72b
[CHAIN] 85aa99300b2eb72b -> c69e8d4800d21d81
[CHAIN] c69e8d4800d21d81 -> 744ae0edb0459ad8
[CHAIN] 744ae0edb0459ad8 -> da16815158913ce8
[CHAIN] da16815158913ce8 -> 3c54fb67c7a360eb
[CHAIN] 3c54fb67c7a360eb -> da7fdcd8cd677558
[CHAIN] da7fdcd8cd677558 -> fd72df4fe5853e7d
[CHAIN] fd72df4fe5853e7d -> 996fb16337b38d4e
[CHAIN] 996fb16337b38d4e -> b83a0db10b94c759
[CHAIN] b83a0db10b94c759 -> 85c72491f2046d3c
[CHAIN] 85c72491f2046d3c -> 072d54f069b0db80
[CHAIN] 072d54f069b0db80 -> f8996e190fd809c3
[CHAIN] f8996e190fd809c3 -> 557705626414948d
[CHAIN] 557705626414948d -> c191cd12b48e8173
[CHAIN] c191cd12b48e8173 -> f4c0cdc71914c4d3
[CHAIN] f4c0cdc71914c4d3 -> 586b02bcdfd5b69a
[CHAIN] 586b02bcdfd5b69a -> 38a969886f7d2a85
[CHAIN] 38a969886f7d2a85 -> bfc9c264aada8288
[CHAIN] bfc9c264aada8288 -> 0a63d8c8db7ea80c
[CHAIN] 0a63d8c8db7ea80c -> 78c9fdac1a84dfc5
[CHAIN] 78c9fdac1a84dfc5 -> 6ecc001e5eaaaad7
[CHAIN] 6ecc001e5eaaaad7 -> b8dc50259492fbac
[CHAIN] b8dc50259492fbac -> fe9fce3aacb4ed32
[CHAIN] fe9fce3aacb4ed32 -> d49cd5ff861b92ea
[CHAIN] d49cd5ff861b92ea -> a59d7e413a3431cc
[CHAIN] a59d7e413a3431cc -> 1f66741091fd134c
[CHAIN] 1f66741091fd134c -> 08562169996b5db2
[CHAIN] 08562169996b5db2 -> 2ce252a2b00ecfeb
[CHAIN] 2ce252a2b00ecfeb -> 1baf2158ea280cb7
[CHAIN] 1baf2158ea280cb7 -> 0b57ccc542d27db0
[CHAIN] 0b57ccc542d27db0 -> 6c10846eab8812b1
[CHAIN] 6c10846eab8812b1 -> 42493379a615cfe8
[CHAIN] 42493379a615cfe8 -> 563899697957f008
[CHAIN] 563899697957f008 -> d457790525d1046e
[CHAIN] d457790525d1046e -> 3b04be43c3dca084
[CHAIN] 3b04be43c3dca084 -> a328a2bc98e5756e
[CHAIN] a328a2bc98e5756e -> 2f04b8e6f590557c
[CHAIN] 2f04b8e6f590557c -> 9e9b56e84e9ce47b
[CHAIN] 9e9b56e84e9ce47b -> 3303789a8638e588
[CHAIN] 3303789a8638e588 -> 6e981b641fe8c3b2
[CHAIN] 6e981b641fe8c3b2 -> 4ae13212163a3c4e
[CHAIN] 4ae13212163a3c4e -> c4c8eb30636da893
[CHAIN] c4c8eb30636da893 -> 8a1fd2f01e8d6f5b
[CHAIN] 8a1fd2f01e8d6f5b -> ec319314c954c7fd
[CHAIN] ec319314c954c7fd -> 76cf2582a7cba17f
[CHAIN] 76cf2582a7cba17f -> 8c04c296a275c71a
[CHAIN] 8c04c296a275c71a -> b4870669527bc810
[CHAIN] b4870669527bc810 -> 6892d5854a1a7f07
[CHAIN] 6892d5854a1a7f07 -> a7d73b3c0376ff47
[CHAIN] a7d73b3c0376ff47 -> a506c5a3a3af4d30
[CHAIN] a506c5a3a3af4d30 -> eb75f707adcd0921
[CHAIN] eb75f707adcd0921 -> 13ef16623e896470
[CHAIN] 13ef16623e896470 -> f71a710bbd215290
[CHAIN] f71a710bbd215290 -> 84683c9bfcc2342a
[CHAIN] 84683c9bfcc2342a -> 4581db88e85ca395
[CHAIN] 4581db88e85ca395 -> 0248573a0e5173ee
[CHAIN] 0248573a0e5173ee -> ce21bcd696eaf75d
[CHAIN] ce21bcd696eaf75d -> 972932ca776d1db6
[CHAIN] 972932ca776d1db6 -> ef392aa06d3c997b
[CHAIN] ef392aa06d3c997b -> 4e9ece4cb67e644c
[CHAIN] 4e9ece4cb67e644c -> ea6df0f432da0b55
[CHAIN] ea6df0f432da0b55 -> 0c36a672215432ba
[CHAIN] 0c36a672215432ba -> 8e48d352b60eb1ec
[CHAIN] 8e48d352b60eb1ec -> 431033ae8922a32f
[CHAIN] 431033ae8922a32f -> 12b801efa71bec16
[CHAIN] 12b801efa71bec16 -> 41a61311f7ac30b1
[CHAIN] 41a61311f7ac30b1 -> 99a2faef1522fcb4
[CHAIN] 99a2faef1522fcb4 -> 1d2bb992e9a4b12c
[CHAIN] 1d2bb992e9a4b12c -> 55500bbf09791b4e
[CHAIN] 55500bbf09791b4e -> b4e423ea1c1c1a62
[CHAIN] b4e423ea1c1c1a62 -> 9406294547ad11fe
[CHAIN] 9406294547ad11fe -> 94cb9a33c11e1c9a
[CHAIN] 94cb9a33c11e1c9a -> 36c8c9b781571222
[CHAIN] 36c8c9b781571222 -> 22be1849b3277945
[CHAIN] 22be1849b3277945 -> 383fee9de0dc3dbc
[CHAIN] 383fee9de0dc3dbc -> 897a19d7d0e545ee
[CHAIN] 897a19d7d0e545ee -> bd6e4b0c9e810bd9
[CHAIN] bd6e4b0c9e810bd9 -> 2dc24789fa284125
[CHAIN] 2dc24789fa284125 -> 5fec1e057ec0fab6
[CHAIN] 5fec1e057ec0fab6 -> 2473835303586bab
[CHAIN] 2473835303586bab -> 231d5fe170df8c6d
[CHAIN] 231d5fe170df8c6d -> f12a230db66ebbe1
[CHAIN] f12a230db66ebbe1 -> d22abc96ef71e065
[CHAIN] d22abc96ef71e065 -> bd0a4c64cfeb7a62
[CHAIN] bd0a4c64cfeb7a62 -> 52bdd5d6aca701f5
[CHAIN] 52bdd5d6aca701f5 -> 4d3894ecb5847a05
[CHAIN] 4d3894ecb5847a05 -> 1770ea98952445bd
[CHAIN] 1770ea98952445bd -> c5d0db4213ae5635
[CHAIN] c5d0db4213ae5635 -> 1fc82a82d1672204
[CHAIN] 1fc82a82d1672204 -> e4397214defe89f4
[CHAIN] e4397214defe89f4 -> 78f60b0a07cc92db
[CHAIN] 78f60b0a07cc92db -> 995cf3686a7f90c6
[CHAIN] 995cf3686a7f90c6 -> 7259f97af22332e0
[CHAIN] 7259f97af22332e0 -> 121d9a06e100d8b7
[CHAIN] 121d9a06e100d8b7 -> c725fe3bbc32ecfc
[CHAIN] c725fe3bbc32ecfc -> e899eedf659e4ac9
[CHAIN] e899eedf659e4ac9 -> 2ead6576954e86db
[CHAIN] 2ead6576954e86db -> 5ce9a1eded52ab8c
[CHAIN] 5ce9a1eded52ab8c -> 70064a2c5dbd72b5
[CHAIN] 70064a2c5dbd72b5 -> 760d15dcf11e3b43
[CHAIN] 760d15dcf11e3b43 -> 0fc06ceff291ac8c
[CHAIN] 0fc06ceff291ac8c -> 1b9faa00e9b280cb
[CHAIN] 1b9faa00e9b280cb -> e566ff4afe9537c8
[CHAIN] e566ff4afe9537c8 -> d4cc593eae83d988
[CHAIN] d4cc593eae83d988 -> 290efb980e86d4d3
[CHAIN] 290efb980e86d4d3 -> 2e0f2c7600861f92
[CHAIN] 2e0f2c7600861f92 -> 53a09f1310f7ef75
[CHAIN] 53a09f1310f7ef75 -> 18f9eff2bd9b988a
[CHAIN] 18f9eff2bd9b988a -> 5c6c719e97ef9b5b
[CHAIN] 5c6c719e97ef9b5b -> b413d3d2e55a8ca0
[CHAIN] b413d3d2e55a8ca0 -> fdc1590859a7ff6d
[CHAIN] fdc1590859a7ff6d -> f2a192477cd836a1
[CHAIN] f2a192477cd836a1 -> db262b68499be199
[CHAIN] db262b68499be199 -> 7e4d377bae0b12b9
[CHAIN] 7e4d377bae0b12b9 -> a4af527abc9f3149
[CHAIN] a4af527abc9f3149 -> d1c1e30cd83d6949
[CHAIN] d1c1e30cd83d6949 -> 8980197f6e84293a
[CHAIN] 8980197f6e84293a -> c2d8cc32e92c0864
[CHAIN] c2d8cc32e92c0864 -> b9453aa5703c4541
[CHAIN] b9453aa5703c4541 -> 139546d579bc6a49
[CHAIN] 139546d579bc6a49 -> 70903d39e0501512
[CHAIN] 70903d39e0501512 -> f360e1378bd98834
[CHAIN] f360e1378bd98834 -> 1b40e236b0563b7b
[CHAIN] 1b40e236b0563b7b -> bb172f46ffb660d1
[CHAIN] bb172f46ffb660d1 -> b2ad2c0c2bc64a45
[CHAIN] b2ad2c0c2bc64a45 -> 4ed03f83be83509a
[CHAIN] 4ed03f83be83509a -> 6f65fe4ab161f72a
[CHAIN] 6f65fe4ab161f72a -> 305101efc81fd39c
[CHAIN] 305101efc81fd39c -> 0a1c0d5c151dcced
[CHAIN] 0a1c0d5c151dcced -> 2bce8ffa98679cb8
[CHAIN] 2bce8ffa98679cb8 -> af6b2eb4d9f46c2e
[CHAIN] af6b2eb4d9f46c2e -> 6c0ea9a1db61b7c1
[CHAIN] 6c0ea9a1db61b7c1 -> 6930d87e0150facc
[CHAIN] 6930d87e0150facc -> def18a94a76a1109
[CHAIN] def18a94a76a1109 -> d838eeaf769cb34e
[CHAIN] d838eeaf769cb34e -> 77b4b5c91bc43afe
[CHAIN] 77b4b5c91bc43afe -> 8bd5e33ecddd19de
[CHAIN] 8bd5e33ecddd19de -> c5ecf9fab111a7cb
[CHAIN] c5ecf9fab111a7cb -> c66112e3d8d1732b
[CHAIN] c66112e3d8d1732b -> 3e24eb6d7c5be98e
[CHAIN] 3e24eb6d7c5be98e -> 2a9f285264ae2c82
[CHAIN] 2a9f285264ae2c82 -> 410073f07999bc1b
[CHAIN] 410073f07999bc1b -> b8b4b6996b797f33
[CHAIN] b8b4b6996b797f33 -> 9e5bc247bbade67c
[CHAIN] 9e5bc247bbade67c -> 14ebf14e3cdbed41
[CHAIN] 14ebf14e3cdbed41 -> a113bb628e617779
[CHAIN] a113bb628e617779 -> 725373cbd204af70
[CHAIN] 725373cbd204af70 -> ae2d8522ebd8cee7
[CHAIN] ae2d8522ebd8cee7 -> d6a4facfede3f3b5
[CHAIN] d6a4facfede3f3b5 -> a52db4b6217632cf
[CHAIN] a52db4b6217632cf -> cc14f8d1916000ac
[CHAIN] cc14f8d1916000ac -> 2df2549d881cff75
[CHAIN] 2df2549d881cff75 -> 506775cae31e59a7
[CHAIN] 506775cae31e59a7 -> c66da1e4b9b76dfe
[CHAIN] c66da1e4b9b76dfe -> fab405d7cd2574e0
[CHAIN] fab405d7cd2574e0 -> 65374319e6d36de4
[CHAIN] 65374319e6d36de4 -> 53c58e1098440392
[CHAIN] 53c58e1098440392 -> 2e78bee36f1ef521
[CHAIN] 2e78bee36f1ef521 -> d858b7be9eda0eef
[CHAIN] d858b7be9eda0eef -> b7677033fc34c7b4
[CHAIN] b7677033fc34c7b4 -> f660af92e1a8486f
[CHAIN] f660af92e1a8486f -> 3aaa01b93cd5bccf
[CHAIN] 3aaa01b93cd5bccf -> cb4ad3989a475aa4
[CHAIN] cb4ad3989a475aa4 -> ff020f34de833219
[CHAIN] ff020f34de833219 -> 40b5fa6447bee288
[CHAIN] 40b5fa6447bee288 -> 29d9a5514a6888a9
[CHAIN] 29d9a5514a6888a9 -> feb81cd62ec15826
[CHAIN] feb81cd62ec15826 -> e480d73a2867939f
[CHAIN] e480d73a2867939f -> a8dea9bbea009643
[CHAIN] a8dea9bbea009643 -> a0b7db67012c6583
[CHAIN] a0b7db67012c6583 -> 4bd636f5853a2a97
[CHAIN] 4bd636f5853a2a97 -> f9dc400f93965383
[CHAIN] f9dc400f93965383 -> 075edb9c1c32d53f
[CHAIN] 075edb9c1c32d53f -> 3fdc57d752203b76
[CHAIN] 3fdc57d752203b76 -> 313f4e613de31d24
[CHAIN] 313f4e613de31d24 -> 110f1f988409d613
[CHAIN] 110f1f988409d613 -> 3c5b062849fcdf58
[CHAIN] 3c5b062849fcdf58 -> f8184b6397f80b10
[CHAIN] f8184b6397f80b10 -> 8eebb08a0490c310
[CHAIN] 8eebb08a0490c310 -> 4fac5ddafb8c0a61
[CHAIN] 4fac5ddafb8c0a61 -> 180cfc9794d91fdf
[CHAIN] 180cfc9794d91fdf -> cd632e53553925ee
[CHAIN] cd632e53553925ee -> aec13d278847eca8
[CHAIN] aec13d278847eca8 -> 7bebf7dd5f4b2772
[CHAIN] 7bebf7dd5f4b2772 -> 1d932e68b4386289
[CHAIN] 1d932e68b4386289 -> 14377bad5c206e94
[CHAIN] 14377bad5c206e94 -> bdee5481550b6a6c
[CHAIN] bdee5481550b6a6c -> 750216975f4fd28d
[CHAIN] 750216975f4fd28d -> 86665d30a38e77b3
[CHAIN] 86665d30a38e77b3 -> cc905ae39903d159
[CHAIN] cc905ae39903d159 -> a97ec76a7d7b38a5
[CHAIN] a97ec76a7d7b38a5 -> e0a002550c70c306
[CHAIN] e0a002550c70c306 -> fe3b2a58c776ef76
[CHAIN] fe3b2a58c776ef76 -> 8fba973ff98806b3
[CHAIN] 8fba973ff98806b3 -> acca9eba4d866dba
[CHAIN] acca9eba4d866dba -> 9d88124b32f1c0d5
[CHAIN] 9d88124b32f1c0d5 -> cb2834ec5c451991
[CHAIN] cb2834ec5c451991 -> d8ac13fa84ba366d
[CHAIN] d8ac13fa84ba366d -> c27ee42759200bda
[CHAIN] c27ee42759200bda -> 437af918d4f21191
[CHAIN] 437af918d4f21191 -> 1c650b6ece833955
[CHAIN] 1c650b6ece833955 -> 09c9898e5f563511
[CHAIN] 09c9898e5f563511 -> f8ae00810ff02c64
[CHAIN] f8ae00810ff02c64 -> 46bd5f75d07469db
[CHAIN] 46bd5f75d07469db -> 38122ec2025f370d
[CHAIN] 38122ec2025f370d -> e85f89bfc998fe53
[CHAIN] e85f89bfc998fe53 -> 550688b3dc4f79c4
[CHAIN] 550688b3dc4f79c4 -> 53f660fb518348b4
[CHAIN] 53f660fb518348b4 -> cfca68656eef4141
[CHAIN] cfca68656eef4141 -> fe45a88d0add618e
[CHAIN] fe45a88d0add618e -> 2da193cfe48878be
[CHAIN] 2da193cfe48878be -> cbf593d8839feb4f
[CHAIN] cbf593d8839feb4f -> 804136a29e25a209
[CHAIN] 804136a29e25a209 -> df30118fea37b16c
[CHAIN] df30118fea37b16c -> fa2fda8e5a7b0930
[CHAIN] fa2fda8e5a7b0930 -> efeace2bffbb6146
[CHAIN] efeace2bffbb6146 -> 818b0313eb955c3e
[CHAIN] 818b0313eb955c3e -> 3ad9892b46034ef6
[CHAIN] 3ad9892b46034ef6 -> 0d6d69ee7b7ee4b9
[CHAIN] 0d6d69ee7b7ee4b9 -> 11af74aa6f8d12d1
[CHAIN] 11af74aa6f8d12d1 -> 66d1fe30dc1a16a4
[CHAIN] 66d1fe30dc1a16a4 -> 32e22cc5e5fb6f91
[CHAIN] 32e22cc5e5fb6f91 -> db3413a41c0da699
[CHAIN] db3413a41c0da699 -> e6b2b08c868b88a1
[CHAIN] e6b2b08c868b88a1 -> abc30fcad1965903
[CHAIN] abc30fcad1965903 -> 45ed5be8c2311e79
[CHAIN] 45ed5be8c2311e79 -> ac955a97c2d139f6
[CHAIN] ac955a97c2d139f6 -> 974f9d68fe96f7d6
[CHAIN] 974f9d68fe96f7d6 -> 9a74f25d3080804f
[CHAIN] 9a74f25d3080804f -> 9413b4ec3d502f8f
[CHAIN] 9413b4ec3d502f8f -> 3f7929789380aaa1
[CHAIN] 3f7929789380aaa1 -> 5fad30e489191664
[CHAIN] 5fad30e489191664 -> ecb2047f76dad361
[CHAIN] ecb2047f76dad361 -> 633ce7cb4d6fd469
[CHAIN] 633ce7cb4d6fd469 -> 9fa2a5d4a5ce6042
[CHAIN] 9fa2a5d4a5ce6042 -> 540a164149036d5e
[CHAIN] 540a164149036d5e -> e5908a9bd2d303ed
[CHAIN] e5908a9bd2d303ed -> 68780c3f12e9e763
[CHAIN] 68780c3f12e9e763 -> e86d3475875dffa5
[CHAIN] e86d3475875dffa5 -> ebf0884a1b5bb6d0
[CHAIN] ebf0884a1b5bb6d0 -> 8dc9e8f51ff66b8f
[CHAIN] 8dc9e8f51ff66b8f -> 056757136ad1b876
[CHAIN] 056757136ad1b876 -> 79912c5e529295ff
[CHAIN] 79912c5e529295ff -> 3959d2a3f0aee8c8
[CHAIN] 3959d2a3f0aee8c8 -> facd9c119d364669
[CHAIN] facd9c119d364669 -> af7035a4600712c5
[CHAIN] af7035a4600712c5 -> a1b61ca0dfddfa87
[CHAIN] a1b61ca0dfddfa87 -> 0ae88c0aca14fbde
[CHAIN] 0ae88c0aca14fbde -> b4dc4ae6adb189f5
[CHAIN] b4dc4ae6adb189f5 -> bce817e37e9605e6
[CHAIN] bce817e37e9605e6 -> 34ae0de4b2400f4b
[CHAIN] 34ae0de4b2400f4b -> ecc0c585fc327d30
[CHAIN] ecc0c585fc327d30 -> ec0d64ac2542eddb
[CHAIN] ec0d64ac2542eddb -> 982bfdb9d46efc68
[CHAIN] 982bfdb9d46efc68 -> ae0200760cc09749
[CHAIN] ae0200760cc09749 -> 499654922034ebcb
[CHAIN] 499654922034ebcb -> 68ee8b1f08d3c990
[CHAIN] 68ee8b1f08d3c990 -> cc896847fb47ca95
[CHAIN] cc896847fb47ca95 -> 5d6c2c85e08a82cf
[CHAIN] 5d6c2c85e08a82cf -> aa14a429f6af0936
[CHAIN] aa14a429f6af0936 -> 4df64dbe0c83e0c5
[CHAIN] 4df64dbe0c83e0c5 -> 60a6d4ef5acc1019
[CHAIN] 60a6d4ef5acc1019 -> 82efa75f1cfb5d85
[CHAIN] 82efa75f1cfb5d85 -> dd8fc28ba54550ae
[CHAIN] dd8fc28ba54550ae -> 4a40f85a22661e47
[CHAIN] 4a40f85a22661e47 -> c1cb2b1c111330d8
[CHAIN] c1cb2b1c111330d8 -> 16a6e9be90af0310
[CHAIN] 16a6e9be90af0310 -> eeb77beafa71d253
[CHAIN] eeb77beafa71d253 -> c79f0c0b61ba08d6
[CHAIN] c79f0c0b61ba08d6 -> abf58faa9e50fbc4
[CHAIN] abf58faa9e50fbc4 -> e8834c801ad6fd9a
[CHAIN] e8834c801ad6fd9a -> 2af2e6ee87fba3ee
[CHAIN] 2af2e6ee87fba3ee -> c20004b428b9bc16
[CHAIN] c20004b428b9bc16 -> ce63dbf87de639e8
[CHAIN] ce63dbf87de639e8 -> bb4ad6a481807f5b
[CHAIN] bb4ad6a481807f5b -> 487db2b4fb2d152f
[CHAIN] 487db2b4fb2d152f -> 1f72c026a8558632
[CHAIN] 1f72c026a8558632 -> 3222cf9692c48554
[CHAIN] 3222cf9692c48554 -> d769b9ae53f5c9b3
[CHAIN] d769b9ae53f5c9b3 -> a9ca8fb0df697269
[CHAIN] a9ca8fb0df697269 -> a221b57c70a1ffae
[CHAIN] a221b57c70a1ffae -> 3c6f570d47bb3cb8
[CHAIN] 3c6f570d47bb3cb8 -> af302cc44147804f
[CHAIN] af302cc44147804f -> c97ec8e6c3877334
[CHAIN] c97ec8e6c3877334 -> f5118fa621237faa
[CHAIN] f5118fa621237faa -> e966be2f85f7e214
[CHAIN] e966be2f85f7e214 -> 341df3121787d63c
[CHAIN] 341df3121787d63c -> ce731bcaf0151d0f
[CHAIN] ce731bcaf0151d0f -> 7629d98c08ac8f17
[CHAIN] 7629d98c08ac8f17 -> de57508ff95e2398
[CHAIN] de57508ff95e2398 -> b5e761a5a9c5e6c6
[CHAIN] b5e761a5a9c5e6c6 -> 4ab60ec1272dd69d
[CHAIN] 4ab60ec1272dd69d -> 9325fd1b0fc8d380
[CHAIN] 9325fd1b0fc8d380 -> 780fa1373969163f
[CHAIN] 780fa1373969163f -> 2defd972533364b1
[CHAIN] 2defd972533364b1 -> 6e5c9d206a037017
[CHAIN] 6e5c9d206a037017 -> dbd32240e2a81e9e
[CHAIN] dbd32240e2a81e9e -> 6cf04b48ae584793
[CHAIN] 6cf04b48ae584793 -> cd8f64714f7742c0
[CHAIN] cd8f64714f7742c0 -> 0417746126ac0af1
[CHAIN] 0417746126ac0af1 -> b0a150546c9c22fa
[CHAIN] b0a150546c9c22fa -> fe6ac1157320945b
[CHAIN] fe6ac1157320945b -> f9669864391187c1
[CHAIN] f9669864391187c1 -> dd74f8b2588b0964
[CHAIN] dd74f8b2588b0964 -> 012672d274552f6b
[CHAIN] 012672d274552f6b -> 0a1b071f728e1d27
[CHAIN] 0a1b071f728e1d27 -> e36ca872d5909e86
[CHAIN] e36ca872d5909e86 -> 7ff4a9bf3d9dc9e0
[CHAIN] 7ff4a9bf3d9dc9e0 -> b16f0016a64f87bc
[CHAIN] b16f0016a64f87bc -> 0f31422d193951ef
[CHAIN] 0f31422d193951ef -> 8a5365b0b79d2c93
[CHAIN] 8a5365b0b79d2c93 -> fc93e77499a66149
[CHAIN] fc93e77499a66149 -> 28c4e2b5b752e80f
[CHAIN] 28c4e2b5b752e80f -> 566c1def5f2a1f64
[CHAIN] 566c1def5f2a1f64 -> 83f446ede7895c09
[CHAIN] 83f446ede7895c09 -> 113fed17f8c20051
[CHAIN] 113fed17f8c20051 -> 7ef858b9e972f6ad
[CHAIN] 7ef858b9e972f6ad -> 8dcf1b51e3757f80
[CHAIN] 8dcf1b51e3757f80 -> 1e9a30bd6bb0af8d
[CHAIN] 1e9a30bd6bb0af8d -> d6d6edbab20b314d
[CHAIN] d6d6edbab20b314d -> e1729099683d2ecc
[CHAIN] e1729099683d2ecc -> 90076c7d7dcda932
[CHAIN] 90076c7d7dcda932 -> 9ba74b690d208555
[CHAIN] 9ba74b690d208555 -> b7ad55d95c1e1ee2
[CHAIN] b7ad55d95c1e1ee2 -> 844bb99d22cbf79f
[CHAIN] 844bb99d22cbf79f -> 9012169023559053
[CHAIN] 9012169023559053 -> 74168d7ef997f861
[CHAIN] 74168d7ef997f861 -> 5058e23e61841076
[CHAIN] 5058e23e61841076 -> a1b96f12eb96bce5
[CHAIN] a1b96f12eb96bce5 -> b7c1be9b648330e3
[CHAIN] b7c1be9b648330e3 -> e73030b11487fd22
[CHAIN] e73030b11487fd22 -> 888e59fcd00e5be1
[CHAIN] 888e59fcd00e5be1 -> 3b9770a6d7e2630d
[CHAIN] 3b9770a6d7e2630d -> 10a8c68b1996c681
[CHAIN] 10a8c68b1996c681 -> f1c52ef20014201d
[CHAIN] f1c52ef20014201d -> 1b34e18b58d013ab
[CHAIN] 1b34e18b58d013ab -> acf6592a0370727a
[CHAIN] acf6592a0370727a -> 0f9a40e8ba02b0ae
[CHAIN] 0f9a40e8ba02b0ae -> f81daef48e013fd5
[CHAIN] f81daef48e013fd5 -> 6c5682641a01bb0a
[CHAIN] 6c5682641a01bb0a -> 6cbd536be237500b
[CHAIN] 6cbd536be237500b -> 268dacb107558f37
[CHAIN] 268dacb107558f37 -> cbbb99ccce43a174
[CHAIN] cbbb99ccce43a174 -> 748247f9c1f7b18e
[CHAIN] 748247f9c1f7b18e -> f67b060f67e34847
[CHAIN] f67b060f67e34847 -> 3a7c334bfa22e78b
[CHAIN] 3a7c334bfa22e78b -> 65ad494332e3fc5a
[CHAIN] 65ad494332e3fc5a -> 86b891997536589f
[CHAIN] 86b891997536589f -> fde3df5fdcd6dd9c
[CHAIN] fde3df5fdcd6dd9c -> 812651aadb934280
[CHAIN] 812651aadb934280 -> 3aeb8dfc9c66f60e
[CHAIN] 3aeb8dfc9c66f60e -> d9915d2cf33a842a
[CHAIN] d9915d2cf33a842a -> 77cd869cc0afd3c2
[CHAIN] 77cd869cc0afd3c2 -> 29a54cf68af2037a
[CHAIN] 29a54cf68af2037a -> 6a017959b894f225
[CHAIN] 6a017959b894f225 -> 09f58731b987922f
[CHAIN] 09f58731b987922f -> 1dc58ce7533340cb
[CHAIN] 1dc58ce7533340cb -> 9d3bcc51d58d4be1
[CHAIN] 9d3bcc51d58d4be1 -> 38ea829fad8ed402
[CHAIN] 38ea829fad8ed402 -> 96dfed856ec3a2b6
[CHAIN] 96dfed856ec3a2b6 -> 628215f638c2430e
[CHAIN] 628215f638c2430e -> d8a8f3f9cac07522
[CHAIN] d8a8f3f9cac07522 -> 6eb6e9ebeed2c78c
[CHAIN] 6eb6e9ebeed2c78c -> 1a32e6e83cf35fad
[CHAIN] 1a32e6e83cf35fad -> fd621d840661a169
[CHAIN] fd621d840661a169 -> dea473584574186f
[CHAIN] dea473584574186f -> 61c79e67df33ecfe
[CHAIN] 61c79e67df33ecfe -> 1ffaf5bf8758bc14
[CHAIN] 1ffaf5bf8758bc14 -> 54735a498a8e777d
[CHAIN] 54735a498a8e777d -> 104c74d8e3567124
[CHAIN] 104c74d8e3567124 -> bb266a87caf040ce
[CHAIN] bb266a87caf040ce -> 28cab1cc0bbce136
[CHAIN] 28cab1cc0bbce136 -> ceb46b0cafe5fbaa
[CHAIN] ceb46b0cafe5fbaa -> ecdb7539a5240491
[CHAIN] ecdb7539a5240491 -> 85e138eb3830d7e7
[CHAIN] 85e138eb3830d7e7 -> ba6754466a693d48
[CHAIN] ba6754466a693d48 -> 58c65c82e9ebf30b
[CHAIN] 58c65c82e9ebf30b -> b3b48fe1e0a6389f
[CHAIN] b3b48fe1e0a6389f -> 822abb2ca222454e
[CHAIN] 822abb2ca222454e -> 49d92f277d582299
[CHAIN] 49d92f277d582299 -> 896bd0ee469a8467
[CHAIN] 896bd0ee469a8467 -> 33e69f2453a9979a
[CHAIN] 33e69f2453a9979a -> e5516bd7a96a042c
[CHAIN] e5516bd7a96a042c -> c8dacb1054fb2e25
[CHAIN] c8dacb1054fb2e25 -> 3256e0aca0a07118
[CHAIN] 3256e0aca0a07118 -> 9065e5e7eb63c533
[CHAIN] 9065e5e7eb63c533 -> 48fe19347be28a05
[CHAIN] 48fe19347be28a05 -> 6d0b2bf4806ce1be
[CHAIN] 6d0b2bf4806ce1be -> 04b4cb66ee294126
[CHAIN] 04b4cb66ee294126 -> 2299a4e04af8b87b
[CHAIN] 2299a4e04af8b87b -> 63d96bffe2c770a3
[CHAIN] 63d96bffe2c770a3 -> 059e2b9389c10671
[CHAIN] 059e2b9389c10671 -> 6d4f2bb7b5ad5cb2
[CHAIN] 6d4f2bb7b5ad5cb2 -> d7ddfd0366328aed
[CHAIN] d7ddfd0366328aed -> 9c8361a950c4b561
[CHAIN] 9c8361a950c4b561 -> 49492605891cd02d
[CHAIN] 49492605891cd02d -> 256bf8c5e9a00e48
[CHAIN] 256bf8c5e9a00e48 -> 6674582e31395626
[CHAIN] 6674582e31395626 -> 1ca9f3c0f5812675
[CHAIN] 1ca9f3c0f5812675 -> 0c8346e94eb5b238
[CHAIN] 0c8346e94eb5b238 -> bcddfcdd2b4862ea
[CHAIN] bcddfcdd2b4862ea -> 1c0ce6c91e68fe88
[CHAIN] 1c0ce6c91e68fe88 -> bc206b81a02ee2a1
[CHAIN] bc206b81a02ee2a1 -> a201ee962978d02f
[CHAIN] a201ee962978d02f -> a37c32fd54c5f708
[CHAIN] a37c32fd54c5f708 -> bd7e1094d658ef28
[CHAIN] bd7e1094d658ef28 -> 2cb82f30e919b04d
[CHAIN] 2cb82f30e919b04d -> bfbd9f8465d947ad
[CHAIN] bfbd9f8465d947ad -> ac18de30f7a427b2
[CHAIN] ac18de30f7a427b2 -> 72cea928f30655bc
[CHAIN] 72cea928f30655bc -> 3eadce11d6a92da4
[CHAIN] 3eadce11d6a92da4 -> f79267e078edd50b
[CHAIN] f79267e078edd50b -> 3aa7015d4c510494
[CHAIN] 3aa7015d4c510494 -> b775805ba0d8296f
[CHAIN] b775805ba0d8296f -> ba876edb90dd1d79
[CHAIN] ba876edb90dd1d79 -> 46a8da8963e42315
[CHAIN] 46a8da8963e42315 -> 784527b59e989486
[CHAIN] 784527b59e989486 -> c54652517e50c459
[CHAIN] c54652517e50c459 -> e7e0988235a6048d
[CHAIN] e7e0988235a6048d -> 83a0307202a5a732
[CHAIN] 83a0307202a5a732 -> 348d681f486adedb
[CHAIN] 348d681f486adedb -> 4ad54abd47e9057b
[CHAIN] 4ad54abd47e9057b -> b522abb216b8e596
[CHAIN] b522abb216b8e596 -> d51ae8fa213790bf
[CHAIN] d51ae8fa213790bf -> a97e1fceb11eb2f8
[CHAIN] a97e1fceb11eb2f8 -> 743298771752343e
[CHAIN] 743298771752343e -> b4256736db46f56c
[CHAIN] b4256736db46f56c -> 6a3542bd02c58244
[CHAIN] 6a3542bd02c58244 -> cc7506ba1b919bb7
[CHAIN] cc7506ba1b919bb7 -> a7fc29a0210ac838
[CHAIN] a7fc29a0210ac838 -> 8d6957109fd0cd06
[CHAIN] 8d6957109fd0cd06 -> e7abfa63b30d776b
[CHAIN] e7abfa63b30d776b -> 60c4e496a91f1d56
[CHAIN] 60c4e496a91f1d56 -> 3fddaa396745f908
[CHAIN] 3fddaa396745f908 -> 966b0959c4021c86
[CHAIN] 966b0959c4021c86 -> d8142022c46100fe
[CHAIN] d8142022c46100fe -> a6eab8a086fa2bf9
[CHAIN] a6eab8a086fa2bf9 -> 3b1977e9c2cd44ba
[CHAIN] 3b1977e9c2cd44ba -> e79ed74fa6b3043f
[CHAIN] e79ed74fa6b3043f -> e79a2da2020c1e1e
[CHAIN] e79a2da2020c1e1e -> b74ac6b118edd72b
[CHAIN] b74ac6b118edd72b -> ac6b3cca39962fb0
[CHAIN] ac6b3cca39962fb0 -> 74f078b03fb76f54
[CHAIN] 74f078b03fb76f54 -> 73c7d80d1f4e4d86
[CHAIN] 73c7d80d1f4e4d86 -> 03d631ce4d3a94cf
[CHAIN] 03d631ce4d3a94cf -> 4c90a5d2d9c154d3
[CHAIN] 4c90a5d2d9c154d3 -> 7170491e2d7772f2
[CHAIN] 7170491e2d7772f2 -> 68312e69d62eaeea
[CHAIN] 68312e69d62eaeea -> d1b6ce0000889667
[CHAIN] d1b6ce0000889667 -> 3f8a6b552567fc73
[CHAIN] 3f8a6b552567fc73 -> 3b9a1b39532ac0fc
[CHAIN] 3b9a1b39532ac0fc -> 1cddd4b9196b4207
[CHAIN] 1cddd4b9196b4207 -> a8e7a3656f56709e
[CHAIN] a8e7a3656f56709e -> 013b1f8e4f49458d
[CHAIN] 013b1f8e4f49458d -> 9e08ea29c08edb12
[CHAIN] 9e08ea29c08edb12 -> 021be5c36acf9b46
[CHAIN] 021be5c36acf9b46 -> 299dbbab094e4675
[CHAIN] 299dbbab094e4675 -> 527ba8852b667a81
[CHAIN] 527ba8852b667a81 -> 19a9a1c788dc8070
[CHAIN] 19a9a1c788dc8070 -> 4ba0622edc76a066
[CHAIN] 4ba0622edc76a066 -> ba5c63e08fa99136
[CHAIN] ba5c63e08fa99136 -> 7f675be2de1a5609
[CHAIN] 7f675be2de1a5609 -> 2353cd67170b7e67
[CHAIN] 2353cd67170b7e67 -> 8436aa06354aa53d
[CHAIN] 8436aa06354aa53d -> 77556f772458bd77
[CHAIN] 77556f772458bd77 -> 11e01f08e2395233
[CHAIN] 11e01f08e2395233 -> ee7a0ee7e1415941
[CHAIN] ee7a0ee7e1415941 -> 304f787398f77767
[CHAIN] 304f787398f77767 -> 579b13d7ea883111
[CHAIN] 579b13d7ea883111 -> db37ef63bd957bab
[CHAIN] db37ef63bd957bab -> 8824000107f89ea1
[CHAIN] 8824000107f89ea1 -> 48e07f6222a0f34c
[CHAIN] 48e07f6222a0f34c -> e11b4958e887e87d
[CHAIN] e11b4958e887e87d -> abb034f905a0d389
[CHAIN] abb034f905a0d389 -> b7d713568f24a55d
[CHAIN] b7d713568f24a55d -> e9bfce45a7cc7905
[CHAIN] e9bfce45a7cc7905 -> 7c9d04832fc277f8
[CHAIN] 7c9d04832fc277f8 -> dfcca0095b3507ca
[CHAIN] dfcca0095b3507ca -> dd07ad6a4cfdf502
[CHAIN] dd07ad6a4cfdf502 -> 0b91a86c4cae1e36
[CHAIN] 0b91a86c4cae1e36 -> eb2140b8e0793d68
[CHAIN] eb2140b8e0793d68 -> 19e2b839cce47e5f
[CHAIN] 19e2b839cce47e5f -> 82d2d713581d2049
[CHAIN] 82d2d713581d2049 -> b8c75056a88c424b
[CHAIN] b8c75056a88c424b -> 50ad72c5806b3843
[CHAIN] 50ad72c5806b3843 -> db12f79728191efb
[CHAIN] db12f79728191efb -> aeb9dee9a85aeb55
[CHAIN] aeb9dee9a85aeb55 -> be095120e032f62b
[CHAIN] be095120e032f62b -> 28df54736cd6786b
[CHAIN] 28df54736cd6786b -> 541d816600cbe8d4
[CHAIN] 541d816600cbe8d4 -> a4a5ae6a90a97100
[CHAIN] a4a5ae6a90a97100 -> 334b8fe388686016
[CHAIN] 334b8fe388686016 -> dac73d2f0fe656ed
[CHAIN] dac73d2f0fe656ed -> a92632e27d476aed
[CHAIN] a92632e27d476aed -> 8d5a66788424fbe5
[CHAIN] 8d5a66788424fbe5 -> 919b38ca895a2a32
[CHAIN] 919b38ca895a2a32 -> 53d55f177f6f994a
[CHAIN] 53d55f177f6f994a -> a499fbf12ffd9e2b
[CHAIN] a499fbf12ffd9e2b -> 7d1b1528e7de2d22
[CHAIN] 7d1b1528e7de2d22 -> eeed95a44774b262
[CHAIN] eeed95a44774b262 -> 3d2d8e6269ffad59
[CHAIN] 3d2d8e6269ffad59 -> e030ee408de5d5ee
[CHAIN] e030ee408de5d5ee -> 12a36c29a1f62116
[CHAIN] 12a36c29a1f62116 -> 0264d04ff7ddb791
[CHAIN] 0264d04ff7ddb791 -> 5d621f58f66c8b45
[CHAIN] 5d621f58f66c8b45 -> 5e6447b5eafa89dd
[CHAIN] 5e6447b5eafa89dd -> f533e0d3ab7874d6
[CHAIN] f533e0d3ab7874d6 -> 3513d2c86d639a92
[CHAIN] 3513d2c86d639a92 -> 5cedabbba48ae862
[CHAIN] 5cedabbba48ae862 -> f4128e79936cc927
[CHAIN] f4128e79936cc927 -> 7c5eacbd04ce5aca
[CHAIN] 7c5eacbd04ce5aca -> 23c0bb5cecfbb3c0
[CHAIN] 23c0bb5cecfbb3c0 -> 3370bdadc4026439
[CHAIN] 3370bdadc4026439 -> beda960de7c566a7
[CHAIN] beda960de7c566a7 -> 8b2b2dcba80c33d9
[CHAIN] 8b2b2dcba80c33d9 -> 2e518fc49f8784fd
[CHAIN] 2e518fc49f8784fd -> 1227d955a83c2022
[CHAIN] 1227d955a83c2022 -> 0a7dbff4022d1440
[CHAIN] 0a7dbff4022d1440 -> a4836721206a9d7a
[CHAIN] a4836721206a9d7a -> dcc0390feac9ded5
[CHAIN] dcc0390feac9ded5 -> 1fd834c3f69af4de
[CHAIN] 1fd834c3f69af4de -> c338eb9aaa1c25d5
[CHAIN] c338eb9aaa1c25d5 -> c9e2134f39e712d2
[CHAIN] c9e2134f39e712d2 -> 589bd259ae5675d6
[CHAIN] 589bd259ae5675d6 -> 3a83943ed97763f9
[CHAIN] 3a83943ed97763f9 -> 25097ed9aae83bf8
[CHAIN] 25097ed9aae83bf8 -> fc3a2470c2cab736
[CHAIN] fc3a2470c2cab736 -> c9f5493890216d03
[CHAIN] c9f5493890216d03 -> d998741d4cba631f
[CHAIN] d998741d4cba631f -> 595485b11f16de9d
[CHAIN] 595485b11f16de9d -> 21aec1d8606a01fe
[CHAIN] 21aec1d8606a01fe -> 2c46687b63ceb608
[CHAIN] 2c46687b63ceb608 -> afdb5e2fb36ae453
[CHAIN] afdb5e2fb36ae453 -> 1c1865c433f16168
[CHAIN] 1c1865c433f16168 -> fb9fdd061299d52a
[CHAIN] fb9fdd061299d52a -> 88b76f19b2a32cd8
[CHAIN] 88b76f19b2a32cd8 -> 121796a53e6cad0f
[CHAIN] 121796a53e6cad0f -> 37e05a55310c477d
[CHAIN] 37e05a55310c477d -> 3d407edef1f1f759
[CHAIN] 3d407edef1f1f759 -> cff37679e03be79b
[CHAIN] cff37679e03be79b -> 133f8e6329aa8e21
[CHAIN] 133f8e6329aa8e21 -> 319a8df2cd1c9e27
[CHAIN] 319a8df2cd1c9e27 -> 05e3350c15f8cf0f
[CHAIN] 05e3350c15f8cf0f -> 940ea6d7dad69edb
[CHAIN] 940ea6d7dad69edb -> b7d3e21b1ccd3b25
[CHAIN] b7d3e21b1ccd3b25 -> d514454ff7ebcb65
[CHAIN] d514454ff7ebcb65 -> f50b5d368c0bb84f
[CHAIN] f50b5d368c0bb84f -> 4db825ac225b66a9
[CHAIN] 4db825ac225b66a9 -> 91774400fe92c2e1
[CHAIN] 91774400fe92c2e1 -> c238707f9db8afc5
[CHAIN] c238707f9db8afc5 -> 869341aca0c030d6
[CHAIN] 869341aca0c030d6 -> 850fd2fb9daefe10
[CHAIN] 850fd2fb9daefe10 -> f44b1d5bee85ce9f
[CHAIN] f44b1d5bee85ce9f -> f6401268439caa5b
[CHAIN] f6401268439caa5b -> 2972e1b9ce36c0cc
[CHAIN] 2972e1b9ce36c0cc -> f4dce06a1e6c73d5
[CHAIN] f4dce06a1e6c73d5 -> b3b5d7c013194ca6
[CHAIN] b3b5d7c013194ca6 -> bd0b895b9a277c0d
[CHAIN] bd0b895b9a277c0d -> 00321b7d83f5abc3
[CHAIN] 00321b7d83f5abc3 -> c0b91bd26ea270da
[CHAIN] c0b91bd26ea270da -> b5093013ffe49468
[CHAIN] b5093013ffe49468 -> 1897d051c4db783b
[CHAIN] 1897d051c4db783b -> d0a9a9238e882c7c
[CHAIN] d0a9a9238e882c7c -> 8dc805115977e113
[CHAIN] 8dc805115977e113 -> 2f250110e86e45f1
[CHAIN] 2f250110e86e45f1 -> 43fb67ff6c9859a5
[CHAIN] 43fb67ff6c9859a5 -> de53264590b29a6c
[CHAIN] de53264590b29a6c -> c26fab19069fe52c
[CHAIN] c26fab19069fe52c -> ff298870b4dc9ffe
[CHAIN] ff298870b4dc9ffe -> c7f928248672998c
[CHAIN] c7f928248672998c -> 84bceecc5916a1b1
[CHAIN] 84bceecc5916a1b1 -> 236caa4746ce97bf
[CHAIN] 236caa4746ce97bf -> 9ea7b6a8e5846a1a
[CHAIN] 9ea7b6a8e5846a1a -> 4a878e310b6a6b38
[CHAIN] 4a878e310b6a6b38 -> 40209fd4f50c2a2d
[CHAIN] 40209fd4f50c2a2d -> ebc47c2c7586a631
[CHAIN] ebc47c2c7586a631 -> 3532a6f1ebadb16d
[CHAIN] 3532a6f1ebadb16d -> f9b5af75dbef4b05
[CHAIN] f9b5af75dbef4b05 -> 550b018fd9fabd8d
[CHAIN] 550b018fd9fabd8d -> abb7b85f0002d218
[CHAIN] abb7b85f0002d218 -> 08149a4da55c5e52
[CHAIN] 08149a4da55c5e52 -> 85b5cfdc7f275328
[CHAIN] 85b5cfdc7f275328 -> e8dcc39787069c92
[CHAIN] e8dcc39787069c92 -> 4e88ba3487c2b9c4
[CHAIN] 4e88ba3487c2b9c4 -> cd1f9f0bf0f818cf
[CHAIN] cd1f9f0bf0f818cf -> bea5bb7e517fb9a6
[CHAIN] bea5bb7e517fb9a6 -> 3a9e025ca3222986
[CHAIN] 3a9e025ca3222986 -> 1e511c6040c5200a
[CHAIN] 1e511c6040c5200a -> 3b5230d05ee203bb
[CHAIN] 3b5230d05ee203bb -> 0e07ca5fd99d27d8
[CHAIN] 0e07ca5fd99d27d8 -> 16d7cbe8b6cacd7c
[CHAIN] 16d7cbe8b6cacd7c -> a758daeb5dfe3918
[CHAIN] a758daeb5dfe3918 -> 9f589721b98a9a77
[CHAIN] 9f589721b98a9a77 -> 81bb6a2da0aa6447
[CHAIN] 81bb6a2da0aa6447 -> 90f0ae4fa69b2bd0
[CHAIN] 90f0ae4fa69b2bd0 -> f90177665c21c9b3
[CHAIN] f90177665c21c9b3 -> cb11e364877b84fe
[CHAIN] cb11e364877b84fe -> 08b6efd57471fd2b
[CHAIN] 08b6efd57471fd2b -> 2802b361e6abfdf9
[CHAIN] 2802b361e6abfdf9 -> 5da5cbdf1f8878dc
[CHAIN] 5da5cbdf1f8878dc -> 09fa41989ce97c82
[CHAIN] 09fa41989ce97c82 -> 3d17a71ae8060b05
[CHAIN] 3d17a71ae8060b05 -> 7bb28dfd254ea564
[CHAIN] 7bb28dfd254ea564 -> c22b13a1614be456
[CHAIN] c22b13a1614be456 -> 9ffd1ef0f6386469
[CHAIN] 9ffd1ef0f6386469 -> 3966d0919a40b5f6
[CHAIN] 3966d0919a40b5f6 -> ca1858f69ab46480
[CHAIN] ca1858f69ab46480 -> 6dc63d31626141a7
[CHAIN] 6dc63d31626141a7 -> 7d9f0b96b2aba49b
[CHAIN] 7d9f0b96b2aba49b -> 086fc285877b7e38
[CHAIN] 086fc285877b7e38 -> 24fb8639ea202e0c
[CHAIN] 24fb8639ea202e0c -> 50b9774be3bfa302
[CHAIN] 50b9774be3bfa302 -> ac6375af2b1b16e1
[CHAIN] ac6375af2b1b16e1 -> 51d22ab87b394127
[CHAIN] 51d22ab87b394127 -> 565cbf0568203132
[CHAIN] 565cbf0568203132 -> 4cde4cc04d429737
[CHAIN] 4cde4cc04d429737 -> b17918847a6494d2
[CHAIN] b17918847a6494d2 -> 7f483077d18dbe82
[CHAIN] 7f483077d18dbe82 -> aa9e49a1cdfe87d3
[CHAIN] aa9e49a1cdfe87d3 -> 185401e70a6fb295
[CHAIN] 185401e70a6fb295 -> e86d4ec2c7b6b85f
[CHAIN] e86d4ec2c7b6b85f -> 723d50aa234f3ae5
[CHAIN] 723d50aa234f3ae5 -> cb3ce481dd52fb69
[CHAIN] cb3ce481dd52fb69 -> f352ef2a212f67c7
[CHAIN] f352ef2a212f67c7 -> 259b137c1c084a85
[CHAIN] 259b137c1c084a85 -> 63dfb0ae5e26af14
[CHAIN] 63dfb0ae5e26af14 -> 6a10dbc5374083ae
[CHAIN] 6a10dbc5374083ae -> a5a6259d45428bd3
[CHAIN] a5a6259d45428bd3 -> 93a4f3c0cc549bc1
[CHAIN] 93a4f3c0cc549bc1 -> e82242b32708438a
[CHAIN] e82242b32708438a -> c486626026622af3
[CHAIN] c486626026622af3 -> dcba18547f87bfcc
[CHAIN] dcba18547f87bfcc -> d92bb8f54d2aa8a5
[CHAIN] d92bb8f54d2aa8a5 -> fc047ea3d939edcc
[CHAIN] fc047ea3d939edcc -> 0a3ac064a94a0546
[CHAIN] 0a3ac064a94a0546 -> fa7bc3efc2971e17
[CHAIN] fa7bc3efc2971e17 -> a7e17f89eb6eab40
[CHAIN] a7e17f89eb6eab40 -> 2434800073036dd5
[CHAIN] 2434800073036dd5 -> c63d8319bbafbac2
[CHAIN] c63d8319bbafbac2 -> 94bd7c4e7aa756e0
[CHAIN] 94bd7c4e7aa756e0 -> a991b35c185537e0
[CHAIN] a991b35c185537e0 -> cb7f64f4ce6f67bd
[CHAIN] cb7f64f4ce6f67bd -> 88a660a84fdae3ce
[CHAIN] 88a660a84fdae3ce -> f4825d0a1eca56cb
[CHAIN] f4825d0a1eca56cb -> 86fce071539bc066
[CHAIN] 86fce071539bc066 -> 4bf2542e7396e142
[CHAIN] 4bf2542e7396e142 -> 99ad4c28dd0684ba
[CHAIN] 99ad4c28dd0684ba -> 09c30713ada44bad
[CHAIN] 09c30713ada44bad -> fe085f4e5dca1d4f
[CHAIN] fe085f4e5dca1d4f -> 9e54783cfa14d1b4
[CHAIN] 9e54783cfa14d1b4 -> b85a95e02791b868
[CHAIN] b85a95e02791b868 -> c4d0984725b318ea
[CHAIN] c4d0984725b318ea -> 5497ca5af587e76d
[CHAIN] 5497ca5af587e76d -> 66d63c15ac6f613f
[CHAIN] 66d63c15ac6f613f -> eb6691402d20318e
[CHAIN] eb6691402d20318e -> 08b30101bef58761
[CHAIN] 08b30101bef58761 -> fd29fd63664cb19a
[CHAIN] fd29fd63664cb19a -> 5b54acf5e1497d42
[CHAIN] 5b54acf5e1497d42 -> 2613186e16824874
[CHAIN] 2613186e16824874 -> 2a6bd6ffafbafd09
[CHAIN] 2a6bd6ffafbafd09 -> a544ca835d16615a
[CHAIN] a544ca835d16615a -> 0e2d8d34ac2ca0ca
[CHAIN] 0e2d8d34ac2ca0ca -> 178897947478574f
[CHAIN] 178897947478574f -> e9328092ef090cf1
[CHAIN] e9328092ef090cf1 -> 108ed487eb2dfd84
[CHAIN] 108ed487eb2dfd84 -> eba3e80229b44c61
[CHAIN] eba3e80229b44c61 -> 7ce7332ff7c6f079
[CHAIN] 7ce7332ff7c6f079 -> 08c7e06d48827cca
[CHAIN] 08c7e06d48827cca -> ba7682343ec603b5
[CHAIN] ba7682343ec603b5 -> dea52ea7e1640c77
[CHAIN] dea52ea7e1640c77 -> 0f30249af7268e00
[CHAIN] 0f30249af7268e00 -> 0525d948d41dd355
[CHAIN] 0525d948d41dd355 -> 5b1f4ec6592fed52
[CHAIN] 5b1f4ec6592fed52 -> abcf3b2034100af3
[CHAIN] abcf3b2034100af3 -> 6db0bfbe5e39b581
[CHAIN] 6db0bfbe5e39b581 -> 4199fdeba8eacdd4
[CHAIN] 4199fdeba8eacdd4 -> 4149a53a3c5fdf87
[CHAIN] 4149a53a3c5fdf87 -> 946c0c2de36047f4
[CHAIN] 946c0c2de36047f4 -> dcd129516f0901de
[CHAIN] dcd129516f0901de -> 33e94337ef571c0c
[CHAIN] 33e94337ef571c0c -> 086dfc8763720875
[CHAIN] 086dfc8763720875 -> 5a6c54ba77256a1a
[CHAIN] 5a6c54ba77256a1a -> 9bde64c3dea709fe
[CHAIN] 9bde64c3dea709fe -> 07963b68b645081a
[CHAIN] 07963b68b645081a -> 1d02a08257d6775a
[CHAIN] 1d02a08257d6775a -> 9a699bfc5b005724
[CHAIN] 9a699bfc5b005724 -> 5fcb333a95c3022c
[CHAIN] 5fcb333a95c3022c -> 3bdbadbc99e54ff4
[CHAIN] 3bdbadbc99e54ff4 -> 47ebaba9b1b6ce73
[CHAIN] 47ebaba9b1b6ce73 -> f7887bf426f923f0
[CHAIN] f7887bf426f923f0 -> fa130213717a2662
[CHAIN] fa130213717a2662 -> 261954de728efe22
[CHAIN] 261954de728efe22 -> 6b6323ad80e3bf23
[CHAIN] 6b6323ad80e3bf23 -> 2034e4b5b4872351
[CHAIN] 2034e4b5b4872351 -> 8f09dfca04b28b27
[CHAIN] 8f09dfca04b28b27 -> b50625294af90570
[CHAIN] b50625294af90570 -> ff78743624c822ed
[CHAIN] ff78743624c822ed -> 9b0dd1916c0b1958
[CHAIN] 9b0dd1916c0b1958 -> 5bd374a9881531ad
[CHAIN] 5bd374a9881531ad -> ac8f47b78b7e7ed3
[CHAIN] ac8f47b78b7e7ed3 -> e403c537fe4176d4
[CHAIN] e403c537fe4176d4 -> 4a6ea7d9c653045b
[CHAIN] 4a6ea7d9c653045b -> 0788832cfc58b78d
[CHAIN] 0788832cfc58b78d -> afe2d3d3beea5fd5
[CHAIN] afe2d3d3beea5fd5 -> d21fae58ff47fc6b
[CHAIN] d21fae58ff47fc6b -> d3d86f6466c3b10c
[CHAIN] d3d86f6466c3b10c -> 1626a0cdb4c05613
[CHAIN] 1626a0cdb4c05613 -> d38d0c1714f2d58b
[CHAIN] d38d0c1714f2d58b -> cf443161ac84894d
[CHAIN] cf443161ac84894d -> e023b5ea707558cf
[CHAIN] e023b5ea707558cf -> 5b02717bdf5f3660
[CHAIN] 5b02717bdf5f3660 -> bd7fda2d27287cf0
[CHAIN] bd7fda2d27287cf0 -> 152cbb0616915e19
[CHAIN] 152cbb0616915e19 -> 3c97a45c1b76cd53
[CHAIN] 3c97a45c1b76cd53 -> 6ce7626b5cf99212
[CHAIN] 6ce7626b5cf99212 -> c315b32b9cbeaebb
[CHAIN] c315b32b9cbeaebb -> 409923a237d5b7bc
[CHAIN] 409923a237d5b7bc -> 2fce615f5ce028b8
[CHAIN] 2fce615f5ce028b8 -> a35a28a7efb00b60
[CHAIN] a35a28a7efb00b60 -> 24118a998ee8b7fa
[CHAIN] 24118a998ee8b7fa -> ccd670db359e318c
[CHAIN] ccd670db359e318c -> 93770ffe726e9f84
[CHAIN] 93770ffe726e9f84 -> a2f86809d01ba4c5
[CHAIN] a2f86809d01ba4c5 -> f9d01e782300abef
[CHAIN] f9d01e782300abef -> 0194f91661e210ab
[CHAIN] 0194f91661e210ab -> 940739a9de78785c
[CHAIN] 940739a9de78785c -> 3bc69bcf0f6e1d54
[CHAIN] 3bc69bcf0f6e1d54 -> dc0c56495aa030e6
[CHAIN] dc0c56495aa030e6 -> f4f617d98b8446d0
[CHAIN] f4f617d98b8446d0 -> 1968aa30a25a6b65
[CHAIN] 1968aa30a25a6b65 -> 35d24c38c5ca7c18
[CHAIN] 35d24c38c5ca7c18 -> 0372b718f126fd20
[CHAIN] 0372b718f126fd20 -> c6cd7336b049954e
[CHAIN] c6cd7336b049954e -> 22324a415667c4eb
[CHAIN] 22324a415667c4eb -> aa79b467d613fc6a
[CHAIN] aa79b467d613fc6a -> a572260ba11ec07c
[CHAIN] a572260ba11ec07c -> 822800a6ccb07feb
[CHAIN] 822800a6ccb07feb -> 2c5787aca12c0691
[CHAIN] 2c5787aca12c0691 -> b92cd6e317be45f9
[CHAIN] b92cd6e317be45f9 -> 8ac203b869ebfecf
[CHAIN] 8ac203b869ebfecf -> d4872b2f5e9d4ce0
[CHAIN] d4872b2f5e9d4ce0 -> 7e2d09fae45612e2
[CHAIN] 7e2d09fae45612e2 -> 251ecf00dc7a0663
[CHAIN] 251ecf00dc7a0663 -> 4a89dd71bb221709
[CHAIN] 4a89dd71bb221709 -> 965a22468388013c
[CHAIN] 965a22468388013c -> 27b0f60cf46321e6
[CHAIN] 27b0f60cf46321e6 -> 8dff62196705fee3
[CHAIN] 8dff62196705fee3 -> f43c68eb89363bc4
[CHAIN] f43c68eb89363bc4 -> 76c3013a90eb79e0
[CHAIN] 76c3013a90eb79e0 -> fbcd3a77d2fc7b54
[CHAIN] fbcd3a77d2fc7b54 -> c149a4e87be1db5b
[CHAIN] c149a4e87be1db5b -> 1cc3f7da9bbafa18
[CHAIN] 1cc3f7da9bbafa18 -> 4eca343c366488bb
[CHAIN] 4eca343c366488bb -> 5e6e3bf66b5d180c
[CHAIN] 5e6e3bf66b5d180c -> c9e76f8e7af4bafc
[CHAIN] c9e76f8e7af4bafc -> 0ea94009afea1ced
[CHAIN] 0ea94009afea1ced -> f40a7410cf128eea
[CHAIN] f40a7410cf128eea -> 60029f64ba432d9f
[CHAIN] 60029f64ba432d9f -> 079e6a5d05c72e0a
[CHAIN] 079e6a5d05c72e0a -> 4533b619b8053b6b
[CHAIN] 4533b619b8053b6b -> 0b33e7d6ea567817
[CHAIN] 0b33e7d6ea567817 -> 9808f8d193fd4700
[CHAIN] 9808f8d193fd4700 -> 83cbeec379f257f9
[CHAIN] 83cbeec379f257f9 -> f3901378fb13646b
[CHAIN] f3901378fb13646b -> e087d9a1999e7fbb
[CHAIN] e087d9a1999e7fbb -> 893df781b34e7073
[CHAIN] 893df781b34e7073 -> 77a51949ab1cbf6f
[CHAIN] 77a51949ab1cbf6f -> e11d51f0674d298c
[CHAIN] e11d51f0674d298c -> 4b56fa562792ab48
[CHAIN] 4b56fa562792ab48 -> a0c155a36b3bae97
[CHAIN] a0c155a36b3bae97 -> e91aecdcf6f72822
[CHAIN] e91aecdcf6f72822 -> 7c6374de1b55f050
[CHAIN] 7c6374de1b55f050 -> 32e811c4483790d7
[CHAIN] 32e811c4483790d7 -> 93e7b16066f14e57
[CHAIN] 93e7b16066f14e57 -> d5164e038c775c6e
[CHAIN] d5164e038c775c6e -> 66641a6e6f7deb01
[CHAIN] 66641a6e6f7deb01 -> 659e098d7d4da572
[CHAIN] 659e098d7d4da572 -> a3000b429bed117a
[CHAIN] a3000b429bed117a -> d387948dd58febc6
[CHAIN] d387948dd58febc6 -> 3c98a36cb4dc13f2
[CHAIN] 3c98a36cb4dc13f2 -> f1232ab28f67d41e
[CHAIN] f1232ab28f67d41e -> d323b5fb609039c9
[CHAIN] d323b5fb609039c9 -> 74a48f9ca67a54b5
[CHAIN] 74a48f9ca67a54b5 -> 12812ff120c0a249
[CHAIN] 12812ff120c0a249 -> 05d2d60502ef96ac
[CHAIN] 05d2d60502ef96ac -> d3c0b9ae9b51fc4a
[CHAIN] d3c0b9ae9b51fc4a -> 3b7c358ff2f2a919
[CHAIN] 3b7c358ff2f2a919 -> 5239cf5b3112630e
[CHAIN] 5239cf5b3112630e -> c9631d71026505c8
[CHAIN] c9631d71026505c8 -> 7f6f638bac645f34
[CHAIN] 7f6f638bac645f34 -> c0a7bf27001fd2e5
[CHAIN] c0a7bf27001fd2e5 -> c0947814d1cff2df
[CHAIN] c0947814d1cff2df -> bf0ca2db30e57ed0
[CHAIN] bf0ca2db30e57ed0 -> dfd499b87dc50c91
[CHAIN] dfd499b87dc50c91 -> 48f249623532cbaf
[CHAIN] 48f249623532cbaf -> 1563c4c707d5a233
[CHAIN] 1563c4c707d5a233 -> f9218e51e0a054b6
[CHAIN] f9218e51e0a054b6 -> 53ad72b0e775edd2
[CHAIN] 53ad72b0e775edd2 -> 288989b9d7c5f9fc
[CHAIN] 288989b9d7c5f9fc -> b2f4fd3ceed6988f
[CHAIN] b2f4fd3ceed6988f -> ebb67aa4494fa303
[CHAIN] ebb67aa4494fa303 -> cfda50d0b80f0b2e
[CHAIN] cfda50d0b80f0b2e -> 99c5ad2420f50727
[CHAIN] 99c5ad2420f50727 -> fa26186ce8aca6d2
[CHAIN] fa26186ce8aca6d2 -> 61a1412e1dcb3134
[CHAIN] 61a1412e1dcb3134 -> 3c6a58992836ab07
[CHAIN] 3c6a58992836ab07 -> e9f776a32bc01588
[CHAIN] e9f776a32bc01588 -> 31fe1b0206c3c10a
[CHAIN] 31fe1b0206c3c10a -> e51c4d03252166a6
[CHAIN] e51c4d03252166a6 -> b490fd84f937b813
[CHAIN] b490fd84f937b813 -> 78aa48690ad955f5
[CHAIN] 78aa48690ad955f5 -> 35302a89db0a7b99
[CHAIN] 35302a89db0a7b99 -> d7d0bd8360bdf835
[CHAIN] d7d0bd8360bdf835 -> 4fe7bc44072b8800
[CHAIN] 4fe7bc44072b8800 -> c71e6fb4dc1d4ad5
[CHAIN] c71e6fb4dc1d4ad5 -> 02e8410fca1c610e
[CHAIN] 02e8410fca1c610e -> 4dfa7d4eb45a8b2d
[CHAIN] 4dfa7d4eb45a8b2d -> 35772dbd13d4fac8
[CHAIN] 35772dbd13d4fac8 -> b11e8a61ed28cbcb
[CHAIN] b11e8a61ed28cbcb -> 8590a7ab2e670534
[CHAIN] 8590a7ab2e670534 -> 640d15e71b831f4b
[CHAIN] 640d15e71b831f4b -> 28ff2a70888cd670
[CHAIN] 28ff2a70888cd670 -> ec2c93c85aefbfde
[CHAIN] ec2c93c85aefbfde -> d0ed8bf463a56d4a
[CHAIN] d0ed8bf463a56d4a -> 1d9ad888e538627f
[CHAIN] 1d9ad888e538627f -> cce66a8f2dd47e43
[CHAIN] cce66a8f2dd47e43 -> 6a79515414d08359
[CHAIN] 6a79515414d08359 -> 22ac1872236bb6e7
[CHAIN] 22ac1872236bb6e7 -> 58989492bd97c22c
[CHAIN] 58989492bd97c22c -> 2246de65340a7a9c
[CHAIN] 2246de65340a7a9c -> d95ac1710bf8ddcb
[CHAIN] d95ac1710bf8ddcb -> 7b13810e5d7a9e50
[CHAIN] 7b13810e5d7a9e50 -> 4901e765d64ead4e
[CHAIN] 4901e765d64ead4e -> 74106e0c4dd8c15d
[CHAIN] 74106e0c4dd8c15d -> e304eb163e389a7b
[CHAIN] e304eb163e389a7b -> da69533ea97cb849
[CHAIN] da69533ea97cb849 -> 7ee50b4ace6d3513
[CHAIN] 7ee50b4ace6d3513 -> 0c3247f212064e02
[CHAIN] 0c3247f212064e02 -> b91b20ffd13cfbb5
[CHAIN] b91b20ffd13cfbb5 -> d0645faa83db7ac6
[CHAIN] d0645faa83db7ac6 -> ab93ee8e6b10520b
[CHAIN] ab93ee8e6b10520b -> 12b65f6d4ebe94a8
[CHAIN] 12b65f6d4ebe94a8 -> e1fec7476b86dde5
[CHAIN] e1fec7476b86dde5 -> bf556746d4d1c497
[CHAIN] bf556746d4d1c497 -> 68364d461fb623b6
[CHAIN] 68364d461fb623b6 -> 9d14fdcfc12214c2
[CHAIN] 9d14fdcfc12214c2 -> 417ba0636222d070
[CHAIN] 417ba0636222d070 -> fea09e378494d5c7
[CHAIN] fea09e378494d5c7 -> ddd9c910d890f424
[CHAIN] ddd9c910d890f424 -> 608c81c474a0377a
[CHAIN] 608c81c474a0377a -> 7495a601cb244b20
[CHAIN] 7495a601cb244b20 -> 69fd80c14de3534f
[CHAIN] 69fd80c14de3534f -> f14d6269b747d6ac
[CHAIN] f14d6269b747d6ac -> 3f1a5bec37f3763b
[CHAIN] 3f1a5bec37f3763b -> 04ef166816d5b5f2
[CHAIN] 04ef166816d5b5f2 -> 9d5e2254b2431057
[CHAIN] 9d5e2254b2431057 -> 61e92e17133df9c5
[CHAIN] 61e92e17133df9c5 -> 91568194aa07eb38
[CHAIN] 91568194aa07eb38 -> 8102f746ad4a4123
[CHAIN] 8102f746ad4a4123 -> 7c70d063219f47c3
[CHAIN] 7c70d063219f47c3 -> 5d5e876fd26269cf
[CHAIN] 5d5e876fd26269cf -> d6e16b875969bf87
[CHAIN] d6e16b875969bf87 -> da04809a8f317ded
[CHAIN] da04809a8f317ded -> 1177477d3f96cc8e
[CHAIN] 1177477d3f96cc8e -> 6acb1c1de890f81a
[CHAIN] 6acb1c1de890f81a -> 75c656acefaf0d90
[CHAIN] 75c656acefaf0d90 -> 13d317025831c05c
[CHAIN] 13d317025831c05c -> ee628007234b09e5
[CHAIN] ee628007234b09e5 -> 8c78b757915773a8
[CHAIN] 8c78b757915773a8 -> 4178cc0dc240026b
[CHAIN] 4178cc0dc240026b -> 28ef1404bb5e4d70
[CHAIN] 28ef1404bb5e4d70 -> 611685ddb14de5b5
[CHAIN] 611685ddb14de5b5 -> b4643993924eee36
[CHAIN] b4643993924eee36 -> 523890d1804cee8b
[CHAIN] 523890d1804cee8b -> 8492264208e67599
[CHAIN] 8492264208e67599 -> 8f3c7b39e6a00d82
[CHAIN] 8f3c7b39e6a00d82 -> bff23313f60d041b
[CHAIN] bff23313f60d041b -> 54b2f5ea4325ee6d
[CHAIN] 54b2f5ea4325ee6d -> 030ecdd4880cc2c6
[CHAIN] 030ecdd4880cc2c6 -> 9858ac41fc753e43
[CHAIN] 9858ac41fc753e43 -> 53ef7db514ae988e
[CHAIN] 53ef7db514ae988e -> ac530ea7012192e1
[CHAIN] ac530ea7012192e1 -> 8f4289d1d0667c1f
[CHAIN] 8f4289d1d0667c1f -> 6f42fe608808d13a
[CHAIN] 6f42fe608808d13a -> 28b8e37caa10fba4
[CHAIN] 28b8e37caa10fba4 -> 0b064fb58cf3affe
[CHAIN] 0b064fb58cf3affe -> 90243eaeb212ced9
[CHAIN] 90243eaeb212ced9 -> b39d8c89b9789bad
[CHAIN] b39d8c89b9789bad -> ef69df08469a86c8
[CHAIN] ef69df08469a86c8 -> f5a08bdc8bd2e2a5
[CHAIN] f5a08bdc8bd2e2a5 -> 60acb4e339594ef1
[CHAIN] 60acb4e339594ef1 -> c40250e3712ba431
[CHAIN] c40250e3712ba431 -> 8db5802d18e0fc0c
[CHAIN] 8db5802d18e0fc0c -> e4c86485a63148c9
[CHAIN] e4c86485a63148c9 -> 6885aa5fa13385f0
[CHAIN] 6885aa5fa13385f0 -> 9e67b54fe8a9a747
[CHAIN] 9e67b54fe8a9a747 -> 4c549eeb67a3bb53
[CHAIN] 4c549eeb67a3bb53 -> 7ee5e05ed33e7510
[CHAIN] 7ee5e05ed33e7510 -> 4a1e0eebde482c07
[CHAIN] 4a1e0eebde482c07 -> a3e0cbf54b503fb3
[CHAIN] a3e0cbf54b503fb3 -> 63d2bba225bc4cb7
[CHAIN] 63d2bba225bc4cb7 -> 03a54e95c6624a31
[CHAIN] 03a54e95c6624a31 -> d871c6b9c4ffdb9d
[CHAIN] d871c6b9c4ffdb9d -> d4da05a90cc1a241
[CHAIN] d4da05a90cc1a241 -> 2ae6c8c2d62a40b9
[CHAIN] 2ae6c8c2d62a40b9 -> 5d14c6416ee1027d
[CHAIN] 5d14c6416ee1027d -> 0f10422272c6fd09
[CHAIN] 0f10422272c6fd09 -> ffc38d2d67402609
[CHAIN] ffc38d2d67402609 -> b36d444a18b1b10c
[CHAIN] b36d444a18b1b10c -> 41f5967c1ca19200
[CHAIN] 41f5967c1ca19200 -> 203d4337abb58293
[CHAIN] 203d4337abb58293 -> e3c2b45b5e25b736
[CHAIN] e3c2b45b5e25b736 -> 9092fac48b43e118
[CHAIN] 9092fac48b43e118 -> 734cac5751b9f9fd
[CHAIN] 734cac5751b9f9fd -> 2ff97c0b9751ee36
[CHAIN] 2ff97c0b9751ee36 -> 8daa922d6d0a92a4
[CHAIN] 8daa922d6d0a92a4 -> ab2320e4ff98a2f6
[CHAIN] ab2320e4ff98a2f6 -> ee230217981f8840
[CHAIN] ee230217981f8840 -> 8b9859dbb31648b0
[CHAIN] 8b9859dbb31648b0 -> d37af4a1807bb75d
[CHAIN] d37af4a1807bb75d -> 83cc6742df724206
[CHAIN] 83cc6742df724206 -> 555f5c9ba76e0cb8
[CHAIN] 555f5c9ba76e0cb8 -> dba6a4b55aa76de9
[CHAIN] dba6a4b55aa76de9 -> fbf5d04912172405
[CHAIN] fbf5d04912172405 -> 0b1ee2bd45800c9b
[CHAIN] 0b1ee2bd45800c9b -> 98ee32ea80c6c9a4
[CHAIN] 98ee32ea80c6c9a4 -> bf8ffd2e1dd750fe
[CHAIN] bf8ffd2e1dd750fe -> 94d417c5f00e22a7
[CHAIN] 94d417c5f00e22a7 -> 3ba565fcbd55daf2
[CHAIN] 3ba565fcbd55daf2 -> 14ec9a38272099da
[CHAIN] 14ec9a38272099da -> 32bd31e094f7f739
[CHAIN] 32bd31e094f7f739 -> f02e624a5ffab81c
[CHAIN] f02e624a5ffab81c -> bf32dd1595581303
[CHAIN] bf32dd1595581303 -> 6e6281f8f3fd08eb
[CHAIN] 6e6281f8f3fd08eb -> 9e7bd998367edd89
[CHAIN] 9e7bd998367edd89 -> 9cd2dd44de8470d6
[CHAIN] 9cd2dd44de8470d6 -> bfa06c5d1e0d862b
[CHAIN] bfa06c5d1e0d862b -> 9fa6be5c084ef313
[CHAIN] 9fa6be5c084ef313 -> 0a0f75bf262eb957
[CHAIN] 0a0f75bf262eb957 -> 17f97450479e5f51
[CHAIN] 17f97450479e5f51 -> 28cd2ecefedc6d1b
[CHAIN] 28cd2ecefedc6d1b -> 7e784c108973df1e
[CHAIN] 7e784c108973df1e -> 25c882ffdbcf062f
[CHAIN] 25c882ffdbcf062f -> 708e02e96fd18493
[CHAIN] 708e02e96fd18493 -> d7c1d02cf3aa4e2e
[CHAIN] d7c1d02cf3aa4e2e -> 42d53e5a6333397a
[CHAIN] 42d53e5a6333397a -> 89c0c9ee78ca3db4
[CHAIN] 89c0c9ee78ca3db4 -> fe0e21c986a26e54
[CHAIN] fe0e21c986a26e54 -> 2354dacc19c2d8ca
[CHAIN] 2354dacc19c2d8ca -> 90405c5072109c61
[CHAIN] 90405c5072109c61 -> 4976742360a01b45
[CHAIN] 4976742360a01b45 -> 6b976e1fa85e1079
[CHAIN] 6b976e1fa85e1079 -> 30b18e5d95119cef
[CHAIN] 30b18e5d95119cef -> 262b7424dc70cff4
[CHAIN] 262b7424dc70cff4 -> 8f27e74f3a3a9d6e
[CHAIN] 8f27e74f3a3a9d6e -> 959ac01ecae2577c
[CHAIN] 959ac01ecae2577c -> fcfabac56b95ab86
[CHAIN] fcfabac56b95ab86 -> 2cc90d3204a81d4e
[CHAIN] 2cc90d3204a81d4e -> dbfae49cfc22c0c7
[CHAIN] dbfae49cfc22c0c7 -> 44f3464531e692d3
[CHAIN] 44f3464531e692d3 -> 669c3dc6e99771fe
[CHAIN] 669c3dc6e99771fe -> f83811e1cbee0734
[CHAIN] f83811e1cbee0734 -> 6e8a9992c8e24e3f
[CHAIN] 6e8a9992c8e24e3f -> fb5c81aa51fc0ab8
[CHAIN] fb5c81aa51fc0ab8 -> 0d984988215823ac
[CHAIN] 0d984988215823ac -> 0cdd2f766a9ccfe4
[CHAIN] 0cdd2f766a9ccfe4 -> c585d27d21d0e553
[CHAIN] c585d27d21d0e553 -> b49d7763da20cf4f
[CHAIN] b49d7763da20cf4f -> 9b9addab2f1e4abe
[CHAIN] 9b9addab2f1e4abe -> f6878b3e3e6ca1f5
[CHAIN] f6878b3e3e6ca1f5 -> 0e1eec9d2c1b1e3d
[CHAIN] 0e1eec9d2c1b1e3d -> 3a8ea19a90848ba1
[CHAIN] 3a8ea19a90848ba1 -> 17ed19be76750c2f
[CHAIN] 17ed19be76750c2f -> 5d92438823b3a68b
[CHAIN] 5d92438823b3a68b -> aacb9afbd66eec1c
[CHAIN] aacb9afbd66eec1c -> e39f450a39866ba4
[CHAIN] e39f450a39866ba4 -> 93391cf88a44b6d0
[CHAIN] 93391cf88a44b6d0 -> af8947c4bfd45905
[CHAIN] af8947c4bfd45905 -> 7269850231fce132
[CHAIN] 7269850231fce132 -> 9ea374beebc6559f
[CHAIN] 9ea374beebc6559f -> fd332e0a6dd8da6c
[CHAIN] fd332e0a6dd8da6c -> 0d9a6738ffc72a69
[CHAIN] 0d9a6738ffc72a69 -> 80e00725fd0890f6
[CHAIN] 80e00725fd0890f6 -> 4e84fbf8afae2b83
[CHAIN] 4e84fbf8afae2b83 -> f6ace3cf59762959
[CHAIN] f6ace3cf59762959 -> f8a06fde3f1fe7c5
[CHAIN] f8a06fde3f1fe7c5 -> 17b54124df41b24f
[CHAIN] 17b54124df41b24f -> 254910fba6669246
[CHAIN] 254910fba6669246 -> 4eac9767c932d6bd
[CHAIN] 4eac9767c932d6bd -> fcdbace14d520203
[CHAIN] fcdbace14d520203 -> 7b3d9e4a9be5221c
[CHAIN] 7b3d9e4a9be5221c -> 181e5b45d4d499ce
[CHAIN] 181e5b45d4d499ce -> deaff06ef912d8c7
[CHAIN] deaff06ef912d8c7 -> 9b51648aa808a6d3
[CHAIN] 9b51648aa808a6d3 -> b2f95416a6bdc532
[CHAIN] b2f95416a6bdc532 -> 7a93154ee3f0c1fd
[CHAIN] 7a93154ee3f0c1fd -> 28453c28f5bf1767
[CHAIN] 28453c28f5bf1767 -> 2f4604a65e13cd01
[CHAIN] 2f4604a65e13cd01 -> 442e0ce5fe07a3a1
[CHAIN] 442e0ce5fe07a3a1 -> a581265a74f1b708
[CHAIN] a581265a74f1b708 -> f1b70461b249c682
[CHAIN] f1b70461b249c682 -> 7fc2f8bc2128d0cb
[CHAIN] 7fc2f8bc2128d0cb -> 2d0986674c2c15cf
[CHAIN] 2d0986674c2c15cf -> 3038fe2217024877
[CHAIN] 3038fe2217024877 -> 241c37cf526215c2
[CHAIN] 241c37cf526215c2 -> ce295886d467fae7
[CHAIN] ce295886d467fae7 -> 19b7df4cd4ec093b
[CHAIN] 19b7df4cd4ec093b -> d296beae64802ab2
[CHAIN] d296beae64802ab2 -> f13b435a927cb6c6
[CHAIN] f13b435a927cb6c6 -> 153d535bd2e6f0ab
[CHAIN] 153d535bd2e6f0ab -> a8fa03865806b872
[CHAIN] a8fa03865806b872 -> 35d0af74c6c7d3c4
[CHAIN] 35d0af74c6c7d3c4 -> 239912ebddb20700
[CHAIN] 239912ebddb20700 -> 1c95a1f8063269ec
[CHAIN] 1c95a1f8063269ec -> 9b5dcfaff4d0381a
[CHAIN] 9b5dcfaff4d0381a -> 1b8ea584a942b458
[CHAIN] 1b8ea584a942b458 -> 07101d4469cc44e8
[CHAIN] 07101d4469cc44e8 -> 6396ae4d4d356063
[CHAIN] 6396ae4d4d356063 -> 85ac76307791d6ce
[CHAIN] 85ac76307791d6ce -> 536ef9a67da2f191
[CHAIN] 536ef9a67da2f191 -> 7cd6693dbf91b301
[CHAIN] 7cd6693dbf91b301 -> e270ace0a7321937
[CHAIN] e270ace0a7321937 -> adee77e8b72a8c70
[CHAIN] adee77e8b72a8c70 -> a14e6cae5a3e86a2
[CHAIN] a14e6cae5a3e86a2 -> abd49d83558c3c24
[CHAIN] abd49d83558c3c24 -> fac2422850bd9899
[CHAIN] fac2422850bd9899 -> 76cb3417e326b786
[CHAIN] 76cb3417e326b786 -> 6424a974f0327005
[CHAIN] 6424a974f0327005 -> 9861d7c452638a98
[CHAIN] 9861d7c452638a98 -> 6981474ce36825eb
[CHAIN] 6981474ce36825eb -> 277195ebff833176
[CHAIN] 277195ebff833176 -> a6fc1bdc0edeb9e9
[CHAIN] a6fc1bdc0edeb9e9 -> daea7ab8f482ef34
[CHAIN] daea7ab8f482ef34 -> 37a28d7b122e6333
[CHAIN] 37a28d7b122e6333 -> 68909370cab3cca6
[CHAIN] 68909370cab3cca6 -> 37cf04ee4b4fa365
[CHAIN] 37cf04ee4b4fa365 -> c4f9b2550790e76a
[CHAIN] c4f9b2550790e76a -> cf7befd1aba2355a
[CHAIN] cf7befd1aba2355a -> 0b9574af6ee46b3f
[CHAIN] 0b9574af6ee46b3f -> cac6953b2d10efc4
[CHAIN] cac6953b2d10efc4 -> 34a062b07f317cad
[CHAIN] 34a062b07f317cad -> 0ec142e95926c78d
[CHAIN] 0ec142e95926c78d -> d1599aae7480a8e0
[CHAIN] d1599aae7480a8e0 -> 30e5dc33df294765
[CHAIN] 30e5dc33df294765 -> f1bfd8f83d3bf632
[CHAIN] f1bfd8f83d3bf632 -> 41e5859f6516e9aa
[CHAIN] 41e5859f6516e9aa -> b03095ba2304c656
[CHAIN] b03095ba2304c656 -> b7bbb1a20e8af927
[CHAIN] b7bbb1a20e8af927 -> b42a7e01699c2c9b
[CHAIN] b42a7e01699c2c9b -> f235d0bb3f84070f
[CHAIN] f235d0bb3f84070f -> 98752ca6ff29ad8a
[CHAIN] 98752ca6ff29ad8a -> 31e36f4836e72029
[CHAIN] 31e36f4836e72029 -> 38c4fc76935dfbc6
[CHAIN] 38c4fc76935dfbc6 -> 58e2f7f1ef0e4c3a
[CHAIN] 58e2f7f1ef0e4c3a -> 5c2ab18b6157d1c8
[CHAIN] 5c2ab18b6157d1c8 -> 4d52809663ce6a5f
[CHAIN] 4d52809663ce6a5f -> 759e5c9cbd2e1888
[CHAIN] 759e5c9cbd2e1888 -> eb9b3ba8383b4274
[CHAIN] eb9b3ba8383b4274 -> 1134c435c74f880c
[CHAIN] 1134c435c74f880c -> 11cc3b1b35764d64
[CHAIN] 11cc3b1b35764d64 -> 5718c25ba8892e41
[CHAIN] 5718c25ba8892e41 -> 7910c7bdaacd0b94
[CHAIN] 7910c7bdaacd0b94 -> e8e64071beedd626
[CHAIN] e8e64071beedd626 -> d53f31edf7e5ffb3
[CHAIN] d53f31edf7e5ffb3 -> 1a42cb00ddf29de5
[CHAIN] 1a42cb00ddf29de5 -> ec0e439d2b825014
[CHAIN] ec0e439d2b825014 -> 5d12100b94e8ee88
[CHAIN] 5d12100b94e8ee88 -> c035743846c30e98
[CHAIN] c035743846c30e98 -> 6943847ab500ee61
[CHAIN] 6943847ab500ee61 -> fbc3cd57c5ab1ecb
[CHAIN] fbc3cd57c5ab1ecb -> 91409f9ddf0df338
[CHAIN] 91409f9ddf0df338 -> 4587d7808acc85f0
[CHAIN] 4587d7808acc85f0 -> 1c143c8c20f40261
[CHAIN] 1c143c8c20f40261 -> 5459d7b287f57bd5
[CHAIN] 5459d7b287f57bd5 -> 5c963cbdbafb1ae4
[CHAIN] 5c963cbdbafb1ae4 -> f014975ef73b7e36
[CHAIN] f014975ef73b7e36 -> 96503886359ea899
[CHAIN] 96503886359ea899 -> 9f25f0beef7e2841
[CHAIN] 9f25f0beef7e2841 -> c89272008aa792e2
[CHAIN] c89272008aa792e2 -> 185f61dc5597fb0b
[CHAIN] 185f61dc5597fb0b -> 05f703fe436566e6
[CHAIN] 05f703fe436566e6 -> d6541345269e0f51
[CHAIN] d6541345269e0f51 -> e45411b5877e2d38
[CHAIN] e45411b5877e2d38 -> e7ae23948e063608
[CHAIN] e7ae23948e063608 -> 90447168c5b4d386
[CHAIN] 90447168c5b4d386 -> 8c6d7cb8be8e646c
[CHAIN] 8c6d7cb8be8e646c -> a033f122e8cf45c4
[CHAIN] a033f122e8cf45c4 -> bf9f0f03da1da58c
[CHAIN] bf9f0f03da1da58c -> 2b55ceaf16f13ec3
[CHAIN] 2b55ceaf16f13ec3 -> 99afc59563c0d0af
[CHAIN] 99afc59563c0d0af -> 9f0dd5062eade1e8
[CHAIN] 9f0dd5062eade1e8 -> 9faddfc51024aeea
[CHAIN] 9faddfc51024aeea -> aa79f85fd3d3ba1e
[CHAIN] aa79f85fd3d3ba1e -> d4550d695e649638
[CHAIN] d4550d695e649638 -> 1732c6d8a7723da5
[CHAIN] 1732c6d8a7723da5 -> e90dc0c76a844008
[CHAIN] e90dc0c76a844008 -> 2f18ea080119d921
[CHAIN] 2f18ea080119d921 -> 400367169d85ab9d
[CHAIN] 400367169d85ab9d -> 25cdc35dae97a11e
[CHAIN] 25cdc35dae97a11e -> 0ba585a507fbc71a
[CHAIN] 0ba585a507fbc71a -> 401b38b43dd360d7
[CHAIN] 401b38b43dd360d7 -> 7a6c5396a534363c
[CHAIN] 7a6c5396a534363c -> 1e84ec18cbcc2671
[CHAIN] 1e84ec18cbcc2671 -> f559a13138354259
[CHAIN] f559a13138354259 -> 3d51a81a3ea661a3
[CHAIN] 3d51a81a3ea661a3 -> 013a7dc0b9c0e2c5
[CHAIN] 013a7dc0b9c0e2c5 -> e279662501ff070d
[CHAIN] e279662501ff070d -> 1ab3e35898027265
[CHAIN] 1ab3e35898027265 -> 2075cd9b54f9644b
[CHAIN] 2075cd9b54f9644b -> 5a6b6318ca0be7fa
[CHAIN] 5a6b6318ca0be7fa -> 8a7875b590426abc
[CHAIN] 8a7875b590426abc -> 8163049696ec0fd4
[CHAIN] 8163049696ec0fd4 -> bff603926c8d0450
[CHAIN] bff603926c8d0450 -> 4a9e036a39dfc0d3
[CHAIN] 4a9e036a39dfc0d3 -> 8d64e63c2c06e12b
[CHAIN] 8d64e63c2c06e12b -> 9ac3f979315863fc
[CHAIN] 9ac3f979315863fc -> 827bf8e67084f5fe
[CHAIN] 827bf8e67084f5fe -> f6d07d756f1af081
[CHAIN] f6d07d756f1af081 -> fc489188a3ec0e3b
[CHAIN] fc489188a3ec0e3b -> a440470fbce79d14
[CHAIN] a440470fbce79d14 -> 43c5d88f31a5820a
[CHAIN] 43c5d88f31a5820a -> e986be85e7901a05
[CHAIN] e986be85e7901a05 -> 25321be1706af6e5
[CHAIN] 25321be1706af6e5 -> 8f6f067a1e4d00eb
[CHAIN] 8f6f067a1e4d00eb -> 4300286f803a7f9b
[CHAIN] 4300286f803a7f9b -> 3bcafe82b9c2d378
[CHAIN] 3bcafe82b9c2d378 -> bfcf0a77e0e573cd
[CHAIN] bfcf0a77e0e573cd -> f51452d0d3085943
[CHAIN] f51452d0d3085943 -> 32e37c64b6224c4b
[CHAIN] 32e37c64b6224c4b -> 127927e7def6a052
[CHAIN] 127927e7def6a052 -> 3009dab58e8a580c
[CHAIN] 3009dab58e8a580c -> 24eaa3df35a7fdbb
[CHAIN] 24eaa3df35a7fdbb -> 6d71dda7fe6e14bb
[CHAIN] 6d71dda7fe6e14bb -> cf5fdeac387e411c
[CHAIN] cf5fdeac387e411c -> 03c343ad69164876
[CHAIN] 03c343ad69164876 -> f1d58d50e4792858
[CHAIN] f1d58d50e4792858 -> 49213ec71a3e13bf
[CHAIN] 49213ec71a3e13bf -> dc44c4f77dd5c4fb
[CHAIN] dc44c4f77dd5c4fb -> a21574ff8e3f31be
[CHAIN] a21574ff8e3f31be -> 8f5e43b5276c60af
[CHAIN] 8f5e43b5276c60af -> 1c670cf9dfdc9b7d
[CHAIN] 1c670cf9dfdc9b7d -> 6d2d1061d6d4f546
[CHAIN] 6d2d1061d6d4f546 -> 7fe8c5e21f77dfbc
[CHAIN] 7fe8c5e21f77dfbc -> d7c1bfc4c64830cd
[CHAIN] d7c1bfc4c64830cd -> 493c8fffbb8d9e49
[CHAIN] 493c8fffbb8d9e49 -> f6dea1c218cf1131
[CHAIN] f6dea1c218cf1131 -> f3ca7b4c436dd6bb
[CHAIN] f3ca7b4c436dd6bb -> 87a621096ee83193
[CHAIN] 87a621096ee83193 -> 9cbc508f8264d70d
[CHAIN] 9cbc508f8264d70d -> d48ce43152f6ea87
[CHAIN] d48ce43152f6ea87 -> 933badd92f11d09c
[CHAIN] 933badd92f11d09c -> 0907b9913b3dc127
[CHAIN] 0907b9913b3dc127 -> 377e4c474ff0d2fd
[CHAIN] 377e4c474ff0d2fd -> 2429c656be30c10f
[CHAIN] 2429c656be30c10f -> fb711a17b3902de8
[CHAIN] fb711a17b3902de8 -> 149cb5f186d64ad7
[CHAIN] 149cb5f186d64ad7 -> f0bf36c5f1470707
[CHAIN] f0bf36c5f1470707 -> 6ded96897d020564
[CHAIN] 6ded96897d020564 -> 53054c6de0816ee5
[CHAIN] 53054c6de0816ee5 -> 4029a17dc42004fa
[CHAIN] 4029a17dc42004fa -> 7b03e5648c62728f
[CHAIN] 7b03e5648c62728f -> 78e46378086e1932
[CHAIN] 78e46378086e1932 -> 47fd2ddbe5ec347f
[CHAIN] 47fd2ddbe5ec347f -> 300d3e723d6cdeea
[CHAIN] 300d3e723d6cdeea -> f4f566d36dc21793
[CHAIN] f4f566d36dc21793 -> 85634e758dff8028
[CHAIN] 85634e758dff8028 -> 3628048b3a9980a4
[CHAIN] 3628048b3a9980a4 -> 56ad37e4d10e0364
[CHAIN] 56ad37e4d10e0364 -> 8cf62772352ba4af
[CHAIN] 8cf62772352ba4af -> a1b7f0ad4f1f95f8
[CHAIN] a1b7f0ad4f1f95f8 -> 32d046ef67eef820
[CHAIN] 32d046ef67eef820 -> 792ca91426f768c7
[CHAIN] 792ca91426f768c7 -> 395a7432f8c76551
[CHAIN] 395a7432f8c76551 -> 41fe6ee945b14a1e
[CHAIN] 41fe6ee945b14a1e -> d3ed9f552a6fb9cc
[CHAIN] d3ed9f552a6fb9cc -> 4ee96d1a6c10986e
[CHAIN] 4ee96d1a6c10986e -> 3dd1e25f107e9e81
[CHAIN] 3dd1e25f107e9e81 -> 76f703b7169a97cd
[CHAIN] 76f703b7169a97cd -> 53e92b1ff53dd363
[CHAIN] 53e92b1ff53dd363 -> 1b63dcc5641221ef
[CHAIN] 1b63dcc5641221ef -> c32cbd721fe9e63d
[CHAIN] c32cbd721fe9e63d -> f69b1f21f22ea5de
[CHAIN] f69b1f21f22ea5de -> 1a0861eeb82fe9e3
[CHAIN] 1a0861eeb82fe9e3 -> f43e0357ee1e56da
[CHAIN] f43e0357ee1e56da -> 61c934f1586af5bf
[CHAIN] 61c934f1586af5bf -> cc8c1567f44b5784
[CHAIN] cc8c1567f44b5784 -> 318d50b5132cd9b3
[CHAIN] 318d50b5132cd9b3 -> df8eed1373e3303e
[CHAIN] df8eed1373e3303e -> 81cab90382ded4e0
[CHAIN] 81cab90382ded4e0 -> cbfb6d3c23cbd436
[CHAIN] cbfb6d3c23cbd436 -> 22a21765a8bf525c
[CHAIN] 22a21765a8bf525c -> 4fd3f7a77c34d356
[CHAIN] 4fd3f7a77c34d356 -> f66a79e813d0e065
[CHAIN] f66a79e813d0e065 -> 77eb0e9767e991b9
[CHAIN] 77eb0e9767e991b9 -> 16116c2f7e7fdec2
[CHAIN] 16116c2f7e7fdec2 -> 2bfcd4084ef62487
[CHAIN] 2bfcd4084ef62487 -> b4b02e017d288db9
[CHAIN] b4b02e017d288db9 -> 0d7ac23fbf966ea3
[CHAIN] 0d7ac23fbf966ea3 -> bc01a1e670f8dd58
[CHAIN] bc01a1e670f8dd58 -> ebfdd3e760b57df2
[CHAIN] ebfdd3e760b57df2 -> ce8cc8e7ea50eb3c
[CHAIN] ce8cc8e7ea50eb3c -> 3eaf284727c99d6e
[CHAIN] 3eaf284727c99d6e -> d720ccbf8063d65b
[CHAIN] d720ccbf8063d65b -> e519b8e4476fadfa
[CHAIN] e519b8e4476fadfa -> 47c2378ab736f17f
[CHAIN] 47c2378ab736f17f -> 7a1d6de97df6cca9
[CHAIN] 7a1d6de97df6cca9 -> 53cbcdddcc17f473
[CHAIN] 53cbcdddcc17f473 -> 5c2d83502fd1a06d
[CHAIN] 5c2d83502fd1a06d -> ed03faecfe1d65c0
[CHAIN] ed03faecfe1d65c0 -> ba7a58a0b300e15e
[CHAIN] ba7a58a0b300e15e -> 90a57ebe2b82b520
[CHAIN] 90a57ebe2b82b520 -> 1bbb0fd546be6fe2
[CHAIN] 1bbb0fd546be6fe2 -> df1031feae2b8999
[CHAIN] df1031feae2b8999 -> 91f0b7234a1e2a47
[CHAIN] 91f0b7234a1e2a47 -> 160c312313a8fb44
[CHAIN] 160c312313a8fb44 -> 0e79e042dcc844bb
[CHAIN] 0e79e042dcc844bb -> 320f2e7a71bc6345
[CHAIN] 320f2e7a71bc6345 -> 58e7c0052cad4aed
[CHAIN] 58e7c0052cad4aed -> b3894109612ba7b6
[CHAIN] b3894109612ba7b6 -> 2831af41450c2932
[CHAIN] 2831af41450c2932 -> ac3c70d45b918581
[CHAIN] ac3c70d45b918581 -> 0cebb8ca38229b24
[CHAIN] 0cebb8ca38229b24 -> 308f65f9655fab9b
[CHAIN] 308f65f9655fab9b -> c8d26a3cf587f84a
[CHAIN] c8d26a3cf587f84a -> e3ca9ce649ee9299
[CHAIN] e3ca9ce649ee9299 -> 1d1fd93c846cc0fb
[CHAIN] 1d1fd93c846cc0fb -> 00eba788470aa785
[CHAIN] 00eba788470aa785 -> 50a24d43bcfcf205
[CHAIN] 50a24d43bcfcf205 -> 93bfc056ea145807
[CHAIN] 93bfc056ea145807 -> d70d49f9ba1524da
[CHAIN] d70d49f9ba1524da -> 920a418af41a5c2b
[CHAIN] 920a418af41a5c2b -> 5ea063c8831483e8
[CHAIN] 5ea063c8831483e8 -> ecf488d0c0f2e72c
[CHAIN] ecf488d0c0f2e72c -> 7d00eeb9daee1b57
[CHAIN] 7d00eeb9daee1b57 -> 667a1169e0d78cf3
[CHAIN] 667a1169e0d78cf3 -> f3ee092bc35826fb
[CHAIN] f3ee092bc35826fb -> c76ddc5665e3662a
[CHAIN] c76ddc5665e3662a -> b47d7194efe90535
[CHAIN] b47d7194efe90535 -> 1ce46a90052b7833
[CHAIN] 1ce46a90052b7833 -> fa96f7c9ca5bd8be
[CHAIN] fa96f7c9ca5bd8be -> fbd521a12aad756b
[CHAIN] fbd521a12aad756b -> 7e94accd840dc98f
[CHAIN] 7e94accd840dc98f -> 0334b1cf08db123e
[CHAIN] 0334b1cf08db123e -> 85e60683c4701476
[CHAIN] 85e60683c4701476 -> c783b8413092c0d7
[CHAIN] c783b8413092c0d7 -> 0b7282600fcf066b
[CHAIN] 0b7282600fcf066b -> f869f3d68948440d
[CHAIN] f869f3d68948440d -> b1092ce7aefe4f10
[CHAIN] b1092ce7aefe4f10 -> 0c52ec53a929c5f4
[CHAIN] 0c52ec53a929c5f4 -> b981fd5aead348fa
[CHAIN] b981fd5aead348fa -> 83ffcb79a8256c9e
[CHAIN] 83ffcb79a8256c9e -> 7f822e4d8de8392a
[CHAIN] 7f822e4d8de8392a -> d2b9a54343c467d9
[CHAIN] d2b9a54343c467d9 -> 42941c9e2120a8f0
[CHAIN] 42941c9e2120a8f0 -> bbe1f7f772edb21d
[CHAIN] bbe1f7f772edb21d -> 43c655ba620cd149
[CHAIN] 43c655ba620cd149 -> 6b06f6e5ec3b836f
[CHAIN] 6b06f6e5ec3b836f -> bba0a2737986ef84
[CHAIN] bba0a2737986ef84 -> 137a37822cb840a8
[CHAIN] 137a37822cb840a8 -> d412345ac020e675
[CHAIN] d412345ac020e675 -> 1bc910495a9f5cf9
[CHAIN] 1bc910495a9f5cf9 -> 246e18de8fe3763c
[CHAIN] 246e18de8fe3763c -> f25277d162356a3a
[CHAIN] f25277d162356a3a -> ffb44bf006427d0b
[CHAIN] ffb44bf006427d0b -> 272ece8f679229a0
[CHAIN] 272ece8f679229a0 -> 263d313e1e916c30
[CHAIN] 263d313e1e916c30 -> d1ad7ce483d3098c
[CHAIN] d1ad7ce483d3098c -> 2ab8fb2116ef1bbd
[CHAIN] 2ab8fb2116ef1bbd -> 939371ede03365af
[CHAIN] 939371ede03365af -> f63299306c794cc3
[CHAIN] f63299306c794cc3 -> d172b2fdd8100fab
[CHAIN] d172b2fdd8100fab -> 8297db519d1dd9da
[CHAIN] 8297db519d1dd9da -> b078a72473a356ae
[CHAIN] b078a72473a356ae -> ee1b0ef5e20b887b
[CHAIN] ee1b0ef5e20b887b -> 46bfd30523eae3ed
[CHAIN] 46bfd30523eae3ed -> 85b8cdbdedf9fb78
[CHAIN] 85b8cdbdedf9fb78 -> d24fa403b6f56b57
[CHAIN] d24fa403b6f56b57 -> fb0370b36a0ed78d
[CHAIN] fb0370b36a0ed78d -> 839a7088cc54928b
[CHAIN] 839a7088cc54928b -> 4cd062480d2fb442
[CHAIN] 4cd062480d2fb442 -> aa5b1a982e631d8d
[CHAIN] aa5b1a982e631d8d -> a46a520c065500eb
[CHAIN] a46a520c065500eb -> ced2ba063e1068fd
[CHAIN] ced2ba063e1068fd -> b43c356e13f89463
[CHAIN] b43c356e13f89463 -> e570fdfb030266a5
[CHAIN] e570fdfb030266a5 -> 4336286242fc0b92
[CHAIN] 4336286242fc0b92 -> a9a662ddd9c1dd60
[CHAIN] a9a662ddd9c1dd60 -> 11d59224feb3d3c1
[CHAIN] 11d59224feb3d3c1 -> abda5b7b4b0c7636
[CHAIN] abda5b7b4b0c7636 -> 88627323c26078ec
[CHAIN] 88627323c26078ec -> 8bde03564b7bc363
[CHAIN] 8bde03564b7bc363 -> 7baabf0820083f41
[CHAIN] 7baabf0820083f41 -> 00cd028696e2ebf6
[CHAIN] 00cd028696e2ebf6 -> 118fa98d46b474d9
[CHAIN] 118fa98d46b474d9 -> 99da1435c0379da0
[CHAIN] 99da1435c0379da0 -> 0225bd9a5da3fd97
[CHAIN] 0225bd9a5da3fd97 -> dd782be97b32501f
[CHAIN] dd782be97b32501f -> 44d9ad3b76aeeb8b
[CHAIN] 44d9ad3b76aeeb8b -> de0b544971ea01f3
[CHAIN] de0b544971ea01f3 -> 87f3709aad1e03c2
[CHAIN] 87f3709aad1e03c2 -> 04177a7827a06195
[CHAIN] 04177a7827a06195 -> cbc082458a06107b
[CHAIN] cbc082458a06107b -> 9121965da2aa82d8
[CHAIN] 9121965da2aa82d8 -> 01586fd56d03719a
[CHAIN] 01586fd56d03719a -> 710cf0b3b5c69392
[CHAIN] 710cf0b3b5c69392 -> 19ff863229995df5
[CHAIN] 19ff863229995df5 -> 39492f7eb2a6291b
[CHAIN] 39492f7eb2a6291b -> 32cc8d0e2e81c0b5
[CHAIN] 32cc8d0e2e81c0b5 -> 0a513535b6825e6e
[CHAIN] 0a513535b6825e6e -> 6df728919edb2ac7
[CHAIN] 6df728919edb2ac7 -> cb52281265ff6b4d
[CHAIN] cb52281265ff6b4d -> e79e9dbfca6b1db4
[CHAIN] e79e9dbfca6b1db4 -> e4e0543a6ae752fa
[CHAIN] e4e0543a6ae752fa -> 1bf1dc2e9597a976
[CHAIN] 1bf1dc2e9597a976 -> ce9bfdc8387ee0bd
[CHAIN] ce9bfdc8387ee0bd -> f282988d28259672
[CHAIN] f282988d28259672 -> dc6edb3092f6c23c
[CHAIN] dc6edb3092f6c23c -> cd2a850aae0a1e47
[CHAIN] cd2a850aae0a1e47 -> fbc056bca4dce4a8
[CHAIN] fbc056bca4dce4a8 -> d9f4c5d85a7e5b06
[CHAIN] d9f4c5d85a7e5b06 -> c3bc0c72da2a478c
[CHAIN] c3bc0c72da2a478c -> fa7a240ec8f47182
[CHAIN] fa7a240ec8f47182 -> e9f5c71f4983327f
[CHAIN] e9f5c71f4983327f -> 1c0928141e3a8db0
[CHAIN] 1c0928141e3a8db0 -> 15b176ad4221e1b7
[CHAIN] 15b176ad4221e1b7 -> ecfda1d14b46f564
[CHAIN] ecfda1d14b46f564 -> 90e79bc355acbd06
[CHAIN] 90e79bc355acbd06 -> 637fcab8d6cd1ba9
[CHAIN] 637fcab8d6cd1ba9 -> 5b9b45d033299e79
[CHAIN] 5b9b45d033299e79 -> d588ed869e2eae5a
[CHAIN] d588ed869e2eae5a -> 6ed2f82b34036955
[CHAIN] 6ed2f82b34036955 -> 22610a5232e3475f
[CHAIN] 22610a5232e3475f -> d8878ba64ffde1e8
[CHAIN] d8878ba64ffde1e8 -> 02e63fa8cc75e22a
[CHAIN] 02e63fa8cc75e22a -> 549279149a9ee53f
[CHAIN] 549279149a9ee53f -> dcfdce619269866b
[CHAIN] dcfdce619269866b -> e90d9413cfd2234a
[CHAIN] e90d9413cfd2234a -> d07c6ac4fe16e15b
[CHAIN] d07c6ac4fe16e15b -> 06918cd6c3ba6075
[CHAIN] 06918cd6c3ba6075 -> 73a6bf56aa5e77b2
[CHAIN] 73a6bf56aa5e77b2 -> a9649a5ba28931d9
[CHAIN] a9649a5ba28931d9 -> 926fbc18d0fadc4a
[CHAIN] 926fbc18d0fadc4a -> 81a0dbd9c83cfef6
[CHAIN] 81a0dbd9c83cfef6 -> d304b353ee5ad94a
[CHAIN] d304b353ee5ad94a -> c1cce4da09ea2c4b
[CHAIN] c1cce4da09ea2c4b -> 500f8457f4b35e23
[CHAIN] 500f8457f4b35e23 -> 666b90fb76e1c9dc
[CHAIN] 666b90fb76e1c9dc -> 2bdd2f205ddc013b
[CHAIN] 2bdd2f205ddc013b -> 8363be73d112add0
[CHAIN] 8363be73d112add0 -> 7444532d4baaaac6
[CHAIN] 7444532d4baaaac6 -> 4b7c096de78b6588
[CHAIN] 4b7c096de78b6588 -> 822654cf040a5583
[CHAIN] 822654cf040a5583 -> 75806b3f7dd3bc6a
[CHAIN] 75806b3f7dd3bc6a -> abb5382d60505f94
[CHAIN] abb5382d60505f94 -> 091e9b2cfd5ff6d2
[CHAIN] 091e9b2cfd5ff6d2 -> 3116cfa6d2e5d537
[CHAIN] 3116cfa6d2e5d537 -> 93698013bd1a41d6
[CHAIN] 93698013bd1a41d6 -> 2e5daf32a435cb0d
[CHAIN] 2e5daf32a435cb0d -> debec0eb3c8e9eb4
[CHAIN] debec0eb3c8e9eb4 -> dbcddad803e53914
[CHAIN] dbcddad803e53914 -> 78b2b90b37c2b235
[CHAIN] 78b2b90b37c2b235 -> a53ffadcfaa4168b
[CHAIN] a53ffadcfaa4168b -> 9f115967b17a1fde
[CHAIN] 9f115967b17a1fde -> 989e30c178d37b34
[CHAIN] 989e30c178d37b34 -> d5ab27de6ebf8d69
[CHAIN] d5ab27de6ebf8d69 -> c51eeb6557ed063f
[CHAIN] c51eeb6557ed063f -> d511d4c01fca3518
[CHAIN] d511d4c01fca3518 -> ca4c1f437a842da6
[CHAIN] ca4c1f437a842da6 -> 7c9a368e13adfeda
[CHAIN] 7c9a368e13adfeda -> e73fddd0391e549a
[CHAIN] e73fddd0391e549a -> 5b19b0f32c2ef2bd
[CHAIN] 5b19b0f32c2ef2bd -> 7828ef6cff0e7a3f
[CHAIN] 7828ef6cff0e7a3f -> 5adb88c2c8c52e83
[CHAIN] 5adb88c2c8c52e83 -> 34a31278d0b4b9bf
[CHAIN] 34a31278d0b4b9bf -> 9ae3686ed1cf587c
[CHAIN] 9ae3686ed1cf587c -> c1ab4036bf4ec11e
[CHAIN] c1ab4036bf4ec11e -> 50b25cf3df396256
[CHAIN] 50b25cf3df396256 -> 056dfceb79f13ab9
[CHAIN] 056dfceb79f13ab9 -> 15fa58d4e5bc0331
[CHAIN] 15fa58d4e5bc0331 -> 0af37fedcedc6101
[CHAIN] 0af37fedcedc6101 -> 889ea253ef6e9df8
[CHAIN] 889ea253ef6e9df8 -> c31a3dc99c328a60
[CHAIN] c31a3dc99c328a60 -> b4a63798fdd55c8a
[CHAIN] b4a63798fdd55c8a -> e80d102a476a2184
[CHAIN] e80d102a476a2184 -> c9a266d67971b425
[CHAIN] c9a266d67971b425 -> e4054401fc3b7280
[CHAIN] e4054401fc3b7280 -> e9c0bf9a5fcb2b18
[CHAIN] e9c0bf9a5fcb2b18 -> ea2c87e03da61ad9
[CHAIN] ea2c87e03da61ad9 -> dc65be656715fa21
[CHAIN] dc65be656715fa21 -> 62840d6789b5136a
[CHAIN] 62840d6789b5136a -> 36ab42dc518ceb03
[CHAIN] 36ab42dc518ceb03 -> 35f67b8535434e26
[CHAIN] 35f67b8535434e26 -> e7b3f83a30bb619a
[CHAIN] e7b3f83a30bb619a -> 6fbb3ce35d859ebf
[CHAIN] 6fbb3ce35d859ebf -> a4e9d8bdf3d59e22
[CHAIN] a4e9d8bdf3d59e22 -> a28dc4250ec3b699
[CHAIN] a28dc4250ec3b699 -> 82239efe82861026
[CHAIN] 82239efe82861026 -> 6bd2eb1e1e366529
[CHAIN] 6bd2eb1e1e366529 -> b50b45e760204744
[CHAIN] b50b45e760204744 -> 6bdbfc5adfbbb007
[CHAIN] 6bdbfc5adfbbb007 -> 013e7417b1963344
[CHAIN] 013e7417b1963344 -> f1e9cd97bc393063
[CHAIN] f1e9cd97bc393063 -> afd30995805513e5
[CHAIN] afd30995805513e5 -> 8a08760bc0341df9
[CHAIN] 8a08760bc0341df9 -> 3286a5c116f126ca
[CHAIN] 3286a5c116f126ca -> f7d31ce20454551c
[CHAIN] f7d31ce20454551c -> aad6f724020ca1e8
[CHAIN] aad6f724020ca1e8 -> ecd1719f50a84891
[CHAIN] ecd1719f50a84891 -> c1b368a5900a1db4
[CHAIN] c1b368a5900a1db4 -> ac017fcdea7dbc2f
[CHAIN] ac017fcdea7dbc2f -> 6f7805147fb5b64b
[CHAIN] 6f7805147fb5b64b -> 487d644b3b0b0b7a
[CHAIN] 487d644b3b0b0b7a -> 17121546646d1f22
[CHAIN] 17121546646d1f22 -> 254113f6e33addc6
[CHAIN] 254113f6e33addc6 -> 8b65f5f0625dea61
[CHAIN] 8b65f5f0625dea61 -> 546ba827a5311896
[CHAIN] 546ba827a5311896 -> d3b0b6fc6f74485b
[CHAIN] d3b0b6fc6f74485b -> 6b106e51234a60a5
[CHAIN] 6b106e51234a60a5 -> 143133cfa7333dd1
[CHAIN] 143133cfa7333dd1 -> cd2eb57a1fed66c3
[CHAIN] cd2eb57a1fed66c3 -> 4b032832672c9642
[CHAIN] 4b032832672c9642 -> 5d4939bc321c2960
[CHAIN] 5d4939bc321c2960 -> 37e461d3520ecf44
[CHAIN] 37e461d3520ecf44 -> 8796ad9d0a8b00c9
[CHAIN] 8796ad9d0a8b00c9 -> 675af1eb34907752
[CHAIN] 675af1eb34907752 -> da2c8889ff06d2db
[CHAIN] da2c8889ff06d2db -> b895fc46e260d516
[CHAIN] b895fc46e260d516 -> 98dd1ed2f4c1628c
[CHAIN] 98dd1ed2f4c1628c -> 22f6c40b3ba728f2
[CHAIN] 22f6c40b3ba728f2 -> 9cea2066e3dd6990
[CHAIN] 9cea2066e3dd6990 -> ed4cf5ff1e909dac
[CHAIN] ed4cf5ff1e909dac -> 9274df6add46c578
[CHAIN] 9274df6add46c578 -> 621b90a941ad8a13
[CHAIN] 621b90a941ad8a13 -> 4987c1a6d28a2f00
[CHAIN] 4987c1a6d28a2f00 -> 3b33213ca4eb2d70
[CHAIN] 3b33213ca4eb2d70 -> fbd40a9719f7608d
[CHAIN] fbd40a9719f7608d -> 0758ac7f61e5dd5d
[CHAIN] 0758ac7f61e5dd5d -> be4e5cad9c883577
[CHAIN] be4e5cad9c883577 -> be6831ed0534452f
[CHAIN] be6831ed0534452f -> efc7aeb711913fed
[CHAIN] efc7aeb711913fed -> 54ebed00b2954ccd
[CHAIN] 54ebed00b2954ccd -> 1ec4679d50b566f0
[CHAIN] 1ec4679d50b566f0 -> e9090f1c2a0d9a2a
[CHAIN] e9090f1c2a0d9a2a -> 02bc1c399950775b
[CHAIN] 02bc1c399950775b -> 29b46708d4ad1a3f
[CHAIN] 29b46708d4ad1a3f -> 1acb4a3180fdd7a8
[CHAIN] 1acb4a3180fdd7a8 -> 7c6983a9aba54eaf
[CHAIN] 7c6983a9aba54eaf -> 105d2e1af3e99dbc
[CHAIN] 105d2e1af3e99dbc -> ce5d6635ac0d2384
[CHAIN] ce5d6635ac0d2384 -> f0ca927dab48c287
[CHAIN] f0ca927dab48c287 -> 35349a27e2fdab6a
[CHAIN] 35349a27e2fdab6a -> 89bfdc082f4c1063
[CHAIN] 89bfdc082f4c1063 -> 33efb21b797cca9f
[CHAIN] 33efb21b797cca9f -> 461f9702ac9b9b6f
[CHAIN] 461f9702ac9b9b6f -> 854eaca9454cbd92
[CHAIN] 854eaca9454cbd92 -> 029545d6c1cf2991
[CHAIN] 029545d6c1cf2991 -> 567c7de2355f66f7
[CHAIN] 567c7de2355f66f7 -> 8ae9cb2fdc8b0389
[CHAIN] 8ae9cb2fdc8b0389 -> 9984c03a269505d2
[CHAIN] 9984c03a269505d2 -> ba5368faf68b3fbe
[CHAIN] ba5368faf68b3fbe -> 292e673f1675c899
[CHAIN] 292e673f1675c899 -> 1f441757286e4067
[CHAIN] 1f441757286e4067 -> 97b4f40df1ea7eb8
[CHAIN] 97b4f40df1ea7eb8 -> a20524c3067d5c87
[CHAIN] a20524c3067d5c87 -> 2858b2017fe583d6
[CHAIN] 2858b2017fe583d6 -> 5653e09f753eb016
[CHAIN] 5653e09f753eb016 -> 317faf78bb6edcff
[CHAIN] 317faf78bb6edcff -> cf753e66fc2f81c3
[CHAIN] cf753e66fc2f81c3 -> b4e1b6bf1c43b78f
[CHAIN] b4e1b6bf1c43b78f -> 42c586dd4e08283e
[CHAIN] 42c586dd4e08283e -> 4a188ab46ed7a862
[CHAIN] 4a188ab46ed7a862 -> 6270d922d528407b
[CHAIN] 6270d922d528407b -> 6d93c9771e75981b
[CHAIN] 6d93c9771e75981b -> 240b1662ecfdd44a
[CHAIN] 240b1662ecfdd44a -> e2dab8a7cc32e182
[CHAIN] e2dab8a7cc32e182 -> 96e0364def899d6f
[CHAIN] 96e0364def899d6f -> 8d3dc0f8723c56ba
[CHAIN] 8d3dc0f8723c56ba -> 3006d46890265697
[CHAIN] 3006d46890265697 -> 75824cc0e1981b69
[CHAIN] 75824cc0e1981b69 -> 77fd319e9316676a
[CHAIN] 77fd319e9316676a -> 14de148796a33231
[CHAIN] 14de148796a33231 -> a9ecb3a127682434
[CHAIN] a9ecb3a127682434 -> 97c6dd4b656c650d
[CHAIN] 97c6dd4b656c650d -> 76854853d4487531
[CHAIN] 76854853d4487531 -> 95f0294cc10d0c25
[CHAIN] 95f0294cc10d0c25 -> 64a44008cbed7bcc
[CHAIN] 64a44008cbed7bcc -> 70bc39dfb0fdd110
[CHAIN] 70bc39dfb0fdd110 -> 90567db5f30ae46c
[CHAIN] 90567db5f30ae46c -> 37400566d4218e72
[CHAIN] 37400566d4218e72 -> c9d7211a14bb598f
[CHAIN] c9d7211a14bb598f -> b5b345eb15a1725a
[CHAIN] b5b345eb15a1725a -> 7b11a90766231232
[CHAIN] 7b11a90766231232 -> 8f51a5fafb8ffcc0
[CHAIN] 8f51a5fafb8ffcc0 -> d9c6f47906cb1f8b
[CHAIN] d9c6f47906cb1f8b -> d3f072ae7ae65e77
[CHAIN] d3f072ae7ae65e77 -> b99ad3f3fd541b31
[CHAIN] b99ad3f3fd541b31 -> 99c761d9badf4bb9
[CHAIN] 99c761d9badf4bb9 -> 30b23a3b745d66d4
[CHAIN] 30b23a3b745d66d4 -> 75456d892a6aa5d8
[CHAIN] 75456d892a6aa5d8 -> 2b8f0f464cda324b
[CHAIN] 2b8f0f464cda324b -> 868fb0b84a611ff1
[CHAIN] 868fb0b84a611ff1 -> 12d3e95ec134a1e5
[CHAIN] 12d3e95ec134a1e5 -> b75785430927fb49
[CHAIN] b75785430927fb49 -> a60863e84c9684bb
[CHAIN] a60863e84c9684bb -> 7b54963d1825eb69
[CHAIN] 7b54963d1825eb69 -> c9176ca95cc789e0
[CHAIN] c9176ca95cc789e0 -> 8098a6e818583f72
[CHAIN] 8098a6e818583f72 -> b99e1d5ac072de53
[CHAIN] b99e1d5ac072de53 -> 81931a43f35b022e
[CHAIN] 81931a43f35b022e -> 47d8a1b19222827a
[CHAIN] 47d8a1b19222827a -> 463890c8837c2a70
[CHAIN] 463890c8837c2a70 -> 9d9eb8b9ad271c80
[CHAIN] 9d9eb8b9ad271c80 -> 6e51041785d9b32a
[CHAIN] 6e51041785d9b32a -> c34a296f4ff6420c
[CHAIN] c34a296f4ff6420c -> ffcaf1addb0a75b4
[CHAIN] ffcaf1addb0a75b4 -> 89b9251b025da5c3
[CHAIN] 89b9251b025da5c3 -> e3928e27cdae8403
[CHAIN] e3928e27cdae8403 -> 2249281696848827
[CHAIN] 2249281696848827 -> 1ef6b202713cb452
[CHAIN] 1ef6b202713cb452 -> 79873164f45734c0
[CHAIN] 79873164f45734c0 -> b7395f5c554ca8ff
[CHAIN] b7395f5c554ca8ff -> efd6a6da199ea831
[CHAIN] efd6a6da199ea831 -> 59d05329fb2c0a4d
[CHAIN] 59d05329fb2c0a4d -> d882cc1db00b4dce
[CHAIN] d882cc1db00b4dce -> ed8336bc55053144
[CHAIN] ed8336bc55053144 -> 09a61a00bf2ba5f1
[CHAIN] 09a61a00bf2ba5f1 -> 0ea142ec2e0b38e3
[CHAIN] 0ea142ec2e0b38e3 -> 28c515f8c60d57ca
[CHAIN] 28c515f8c60d57ca -> aa1ab522ac49a4d9
[CHAIN] aa1ab522ac49a4d9 -> a06d708984706841
[CHAIN] a06d708984706841 -> e78a1084f5583895
[CHAIN] e78a1084f5583895 -> 6e9aae1e721d5b01
[CHAIN] 6e9aae1e721d5b01 -> 02ba6e7b4d4c6b42
[CHAIN] 02ba6e7b4d4c6b42 -> 73b16759a84ce50b
[CHAIN] 73b16759a84ce50b -> 4adce9f3e9467718
[CHAIN] 4adce9f3e9467718 -> 8331ef2cecbdd96f
[CHAIN] 8331ef2cecbdd96f -> d410b35b4f7ccbcc
[CHAIN] d410b35b4f7ccbcc -> 1085b5e85b84d034
[CHAIN] 1085b5e85b84d034 -> 037d5c511e2d3477
[CHAIN] 037d5c511e2d3477 -> 1978980e439c2fa6
[CHAIN] 1978980e439c2fa6 -> c5839ba7d5d4e18a
[CHAIN] c5839ba7d5d4e18a -> f89caab4ad466dc6
[CHAIN] f89caab4ad466dc6 -> dcb90c6934f18aa1
[CHAIN] dcb90c6934f18aa1 -> ec069692669a4d87
[CHAIN] ec069692669a4d87 -> bc633ccab34fcf43
[CHAIN] bc633ccab34fcf43 -> 166067986b2ca787
[CHAIN] 166067986b2ca787 -> 08ec022317eae673
[CHAIN] 08ec022317eae673 -> 75db1a92024d01fc
[CHAIN] 75db1a92024d01fc -> 99c1227d9530469f
[CHAIN] 99c1227d9530469f -> 370f97160af3be37
[CHAIN] 370f97160af3be37 -> 6a3e7426b0c12609
[CHAIN] 6a3e7426b0c12609 -> 9312469b5728ff9c
[CHAIN] 9312469b5728ff9c -> fe240a809ef86bc2
[CHAIN] fe240a809ef86bc2 -> dea8de750c169798
[CHAIN] dea8de750c169798 -> 6d3e58ec5a06f0b8
[CHAIN] 6d3e58ec5a06f0b8 -> 2be8e35b5e3febeb
[CHAIN] 2be8e35b5e3febeb -> 4f33e9331039cf79
[CHAIN] 4f33e9331039cf79 -> 96a4428a8f503242
[CHAIN] 96a4428a8f503242 -> e7199eddf937d043
[CHAIN] e7199eddf937d043 -> f4de044b5df92f09
[CHAIN] f4de044b5df92f09 -> 821be2f5949ab5c0
[CHAIN] 821be2f5949ab5c0 -> 3a1438aceca7fd88
[CHAIN] 3a1438aceca7fd88 -> 4548891c12683dae
[CHAIN] 4548891c12683dae -> 817d895b9af7c75c
[CHAIN] 817d895b9af7c75c -> 379038602138b5f0
[CHAIN] 379038602138b5f0 -> 8a96e128b536b8a1
[CHAIN] 8a96e128b536b8a1 -> 25d62cc0957ae4fc
[CHAIN] 25d62cc0957ae4fc -> 09bd0cb607d0cc82
[CHAIN] 09bd0cb607d0cc82 -> 77c8989910949f65
[CHAIN] 77c8989910949f65 -> 2bcb91d7e3e3554d
[CHAIN] 2bcb91d7e3e3554d -> 8f0ad0061ab695db
[CHAIN] 8f0ad0061ab695db -> 8c8853eaa25a732b
[CHAIN] 8c8853eaa25a732b -> 4602e50304081a65
[CHAIN] 4602e50304081a65 -> fce011760ea2e2ac
[CHAIN] fce011760ea2e2ac -> 610c8d4c0d0aafe6
[CHAIN] 610c8d4c0d0aafe6 -> 0933ba01b7e5b9cc
[CHAIN] 0933ba01b7e5b9cc -> 9c1e8697f2f7772c
[CHAIN] 9c1e8697f2f7772c -> d27cd918f9a7df6b
[CHAIN] d27cd918f9a7df6b -> bc620096e73539d7
[CHAIN] bc620096e73539d7 -> de483bc1096c7208
[CHAIN] de483bc1096c7208 -> 5fe16977a19008a6
[CHAIN] 5fe16977a19008a6 -> c8331290eccaccfa
[CHAIN] c8331290eccaccfa -> bd82dc139ff7815c
[CHAIN] bd82dc139ff7815c -> 6fba3864144ae44a
[CHAIN] 6fba3864144ae44a -> 4c458fad0024cfb4
[CHAIN] 4c458fad0024cfb4 -> 2ba7113431cc9fba
[CHAIN] 2ba7113431cc9fba -> c336cef2ad87ecde
[CHAIN] c336cef2ad87ecde -> 5e7e9d4fbfd8ea06
[CHAIN] 5e7e9d4fbfd8ea06 -> 11d7012978053ffa
[CHAIN] 11d7012978053ffa -> 1497efaecb4ab705
[CHAIN] 1497efaecb4ab705 -> f87d4e7c140ba510
[CHAIN] f87d4e7c140ba510 -> 97b1bbfbb269b9cc
[CHAIN] 97b1bbfbb269b9cc -> c95fd7d15eb393d1
[CHAIN] c95fd7d15eb393d1 -> ed676461febcfca8
[CHAIN] ed676461febcfca8 -> e446632cecb48461
[CHAIN] e446632cecb48461 -> 6ca11aae3bfb3fe5
[CHAIN] 6ca11aae3bfb3fe5 -> 6924d35fb482ac0f
[CHAIN] 6924d35fb482ac0f -> a6b03256df8be357
[CHAIN] a6b03256df8be357 -> a97b181d77e98c45
[CHAIN] a97b181d77e98c45 -> 37c16fbbc679ea8f
[CHAIN] 37c16fbbc679ea8f -> d1b8c72431ab2d2f
[CHAIN] d1b8c72431ab2d2f -> 0cc24a0d9347820c
[CHAIN] 0cc24a0d9347820c -> 3966c6b9ac76bab9
[CHAIN] 3966c6b9ac76bab9 -> 333b91b3c9875987
[CHAIN] 333b91b3c9875987 -> 53497c3edf734a9a
[CHAIN] 53497c3edf734a9a -> 4787cc8eda0d8530
[CHAIN] 4787cc8eda0d8530 -> f5a14ad79729cdee
[CHAIN] f5a14ad79729cdee -> 08963b531e8b8d20
[CHAIN] 08963b531e8b8d20 -> 2f5679e3430795aa
[CHAIN] 2f5679e3430795aa -> 2d72c27b48404c84
[CHAIN] 2d72c27b48404c84 -> 62af96201ac34685
[CHAIN] 62af96201ac34685 -> 304779bb8d82575c
[CHAIN] 304779bb8d82575c -> 6382cc9b4b722a3f
[CHAIN] 6382cc9b4b722a3f -> 2bf3c2c228be8108
[CHAIN] 2bf3c2c228be8108 -> 7d76b645fdfae648
[CHAIN] 7d76b645fdfae648 -> bf56eaa4161ff2c9
[CHAIN] bf56eaa4161ff2c9 -> 69581d925dbbd49b
[CHAIN] 69581d925dbbd49b -> 129438f0f00a8e7f
[CHAIN] 129438f0f00a8e7f -> 2a63a7645f5cd182
[CHAIN] 2a63a7645f5cd182 -> aa4d6449c3d3a663
[CHAIN] aa4d6449c3d3a663 -> 58bd72eeeb6939e3
[CHAIN] 58bd72eeeb6939e3 -> 27b3369f63cd9564
[CHAIN] 27b3369f63cd9564 -> 70d858056651ae28
[CHAIN] 70d858056651ae28 -> 7cbd3f0f6d9ac686
[CHAIN] 7cbd3f0f6d9ac686 -> 323f3f80fde06c75
[CHAIN] 323f3f80fde06c75 -> 09fe501b7fd4b4f1
[CHAIN] 09fe501b7fd4b4f1 -> e084fab516052900
[CHAIN] e084fab516052900 -> cb28b190a9ac6993
[CHAIN] cb28b190a9ac6993 -> 25abe0814954a045
[CHAIN] 25abe0814954a045 -> a317a8590d0cf8a7
[CHAIN] a317a8590d0cf8a7 -> 6665338c8358277c
[CHAIN] 6665338c8358277c -> c7e8a8fa0f0ae96b
[CHAIN] c7e8a8fa0f0ae96b -> fbb5350fe368867b
[CHAIN] fbb5350fe368867b -> 7167fcf36504dc4d
[CHAIN] 7167fcf36504dc4d -> 215a8ab31c5863e2
[CHAIN] 215a8ab31c5863e2 -> 7a706c6b69244ab8
[CHAIN] 7a706c6b69244ab8 -> 6e5e06dd61154640
[CHAIN] 6e5e06dd61154640 -> 3224fa7b512ceb61
[CHAIN] 3224fa7b512ceb61 -> 8e56a3548f1b56cd
[CHAIN] 8e56a3548f1b56cd -> 7d5db80e4a57a6d4
[CHAIN] 7d5db80e4a57a6d4 -> 22d642cf0f3e865c
[CHAIN] 22d642cf0f3e865c -> 557403d88bc18abc
[CHAIN] 557403d88bc18abc -> 83655f231b3d1aad
[CHAIN] 83655f231b3d1aad -> df7c6def7ffb89e8
[CHAIN] df7c6def7ffb89e8 -> 44ef772b27507fed
[CHAIN] 44ef772b27507fed -> 998690466b0d5ef6
[CHAIN] 998690466b0d5ef6 -> 3f58c4f21a4b43f2
[CHAIN] 3f58c4f21a4b43f2 -> 608087018aa2a47b
[CHAIN] 608087018aa2a47b -> bbf404229896307e
[CHAIN] bbf404229896307e -> 0f3bbd1afd6172cc
[CHAIN] 0f3bbd1afd6172cc -> fd49eb607942c20b
[CHAIN] fd49eb607942c20b -> 9bf4aafbeef5071e
[CHAIN] 9bf4aafbeef5071e -> 37e5ff4c872c6361
[CHAIN] 37e5ff4c872c6361 -> 17f6e9f4daa2a4d5
[CHAIN] 17f6e9f4daa2a4d5 -> ced3de19b0515dc0
[CHAIN] ced3de19b0515dc0 -> f1b80e7dc197923d
[CHAIN] f1b80e7dc197923d -> 45f404bab69e1ee4
[CHAIN] 45f404bab69e1ee4 -> 689c4f28d8668f10
[CHAIN] 689c4f28d8668f10 -> c77c6c7296647da7
[CHAIN] c77c6c7296647da7 -> 0cb29a84371711f6
[CHAIN] 0cb29a84371711f6 -> 6f697cd04788bd61
[CHAIN] 6f697cd04788bd61 -> f0a75fd62a0cc5ef
[CHAIN] f0a75fd62a0cc5ef -> 14ef7b80dbd25320
[CHAIN] 14ef7b80dbd25320 -> 359bf83a4c821782
[CHAIN] 359bf83a4c821782 -> fd2f68fa83fa1744
[CHAIN] fd2f68fa83fa1744 -> b9232647f72c6663
[CHAIN] b9232647f72c6663 -> d32988bec1942346
[CHAIN] d32988bec1942346 -> d6144f2096d443ca
[CHAIN] d6144f2096d443ca -> d5e02e00ff89c85f
[CHAIN] d5e02e00ff89c85f -> ca2bdfa077a4f607
[CHAIN] ca2bdfa077a4f607 -> 9f208fd73a65308a
[CHAIN] 9f208fd73a65308a -> 8d23e9da6e16c945
[CHAIN] 8d23e9da6e16c945 -> 2f9be53d04d0da5d
[CHAIN] 2f9be53d04d0da5d -> 56a566254444a842
[CHAIN] 56a566254444a842 -> 677d354d0500cb56
[CHAIN] 677d354d0500cb56 -> 7b2740875a7870f0
[CHAIN] 7b2740875a7870f0 -> 9773e336af2debb5
[CHAIN] 9773e336af2debb5 -> 09007fb8e64c4c02
[CHAIN] 09007fb8e64c4c02 -> 0231deb1b1b34e41
[CHAIN] 0231deb1b1b34e41 -> 247ac449862e53fe
[CHAIN] 247ac449862e53fe -> a3580eff87b8adc8
[CHAIN] a3580eff87b8adc8 -> c4ed5f379ac2dac0
[CHAIN] c4ed5f379ac2dac0 -> cae41162a9a8238d
[CHAIN] cae41162a9a8238d -> 8a5461cfe3824be6
[CHAIN] 8a5461cfe3824be6 -> f4c3adc2523f4ac4
[CHAIN] f4c3adc2523f4ac4 -> ced41ee7e5f9b699
[CHAIN] ced41ee7e5f9b699 -> 58b8a76bb84f8492
[CHAIN] 58b8a76bb84f8492 -> 2af61f5eca504fdf
[CHAIN] 2af61f5eca504fdf -> 4ae1c18ed36b531f
[CHAIN] 4ae1c18ed36b531f -> 541a7c91cb121905
[CHAIN] 541a7c91cb121905 -> 583350b9488e410c
[CHAIN] 583350b9488e410c -> b105543700b12200
[CHAIN] b105543700b12200 -> e22fb5f7b75e4fa2
[CHAIN] e22fb5f7b75e4fa2 -> 13a2d8fce755c0c6
[CHAIN] 13a2d8fce755c0c6 -> d84a52529c3d3ccb
[CHAIN] d84a52529c3d3ccb -> 9ee901c804fd41c2
[CHAIN] 9ee901c804fd41c2 -> e0cec0823ee52308
[CHAIN] e0cec0823ee52308 -> 90cb7b5709880c03
[CHAIN] 90cb7b5709880c03 -> 11aad9c2ff98c80f
[CHAIN] 11aad9c2ff98c80f -> da8b43f2b3224d9d
[CHAIN] da8b43f2b3224d9d -> df3c8bb30a10b954
[CHAIN] df3c8bb30a10b954 -> c59b7c8a4eeb7ed3
[CHAIN] c59b7c8a4eeb7ed3 -> 0cee0c1d761f6142
[CHAIN] 0cee0c1d761f6142 -> e5fe827d5a307bd7
[CHAIN] e5fe827d5a307bd7 -> 6ec360dec549f19c
[CHAIN] 6ec360dec549f19c -> 513e0191da80d38a
[CHAIN] 513e0191da80d38a -> d7a12dedb6fd0495
[CHAIN] d7a12dedb6fd0495 -> 47395e801e14d450
[CHAIN] 47395e801e14d450 -> e94ad7b8cf6e3990
[CHAIN] e94ad7b8cf6e3990 -> a766d1c82524a7a7
[CHAIN] a766d1c82524a7a7 -> 2838712fe9e59248
[CHAIN] 2838712fe9e59248 -> 22fc63ded4c4bce3
[CHAIN] 22fc63ded4c4bce3 -> 233ef1e92cd8bb0f
[CHAIN] 233ef1e92cd8bb0f -> 28a0264998880a71
[CHAIN] 28a0264998880a71 -> 5051a8a6dca8da99
[CHAIN] 5051a8a6dca8da99 -> 747bb723bd44cde9
[CHAIN] 747bb723bd44cde9 -> bca92312b973dd29
[CHAIN] bca92312b973dd29 -> dd1b14a28f5f1e17
[CHAIN] dd1b14a28f5f1e17 -> b23ed4e5bbbec2af
[CHAIN] b23ed4e5bbbec2af -> 1529bf4912c4531b
[CHAIN] 1529bf4912c4531b -> 9e082dec30da77de
[CHAIN] 9e082dec30da77de -> 945667629829cca9
[CHAIN] 945667629829cca9 -> 7bafa678938961f6
[CHAIN] 7bafa678938961f6 -> da2d9f2ff52d19ee
[CHAIN] da2d9f2ff52d19ee -> c9d1d04d41e98366
[CHAIN] c9d1d04d41e98366 -> 2540b00b3a4a2215
[CHAIN] 2540b00b3a4a2215 -> c9e6f841f0c133f7
[CHAIN] c9e6f841f0c133f7 -> a5b502d2bf433800
[CHAIN] a5b502d2bf433800 -> 87f4e9cfc4ceef20
[CHAIN] 87f4e9cfc4ceef20 -> 983c8769c6c02c47
[CHAIN] 983c8769c6c02c47 -> 3a9176c8849bfccc
[CHAIN] 3a9176c8849bfccc -> cc02e72498c9b19a
[CHAIN] cc02e72498c9b19a -> 52b7d27280d8b105
[CHAIN] 52b7d27280d8b105 -> a65156eccb302198
[CHAIN] a65156eccb302198 -> 7e5c1f24575c8420
[CHAIN] 7e5c1f24575c8420 -> 90c4912c5026607b
[CHAIN] 90c4912c5026607b -> ec1ecad60103b207
[CHAIN] ec1ecad60103b207 -> 8f96490a90a4bf50
[CHAIN] 8f96490a90a4bf50 -> ae462e1b56553f59
[CHAIN] ae462e1b56553f59 -> ac07418544973642
[CHAIN] ac07418544973642 -> b09240e521141f87
[CHAIN] b09240e521141f87 -> 28638ced69ff9c1a
[CHAIN] 28638ced69ff9c1a -> 3aae7103d3f890b5
[CHAIN] 3aae7103d3f890b5 -> 49a7e3e3611da191
[CHAIN] 49a7e3e3611da191 -> 22e89b42754b6097
[CHAIN] 22e89b42754b6097 -> f4133b317364f348
[CHAIN] f4133b317364f348 -> 2a61e691b0976132
[CHAIN] 2a61e691b0976132 -> 5f1581a6fbb5bee9
[CHAIN] 5f1581a6fbb5bee9 -> 8a32ed1774e2d06a
[CHAIN] 8a32ed1774e2d06a -> 269242372baba06b
[CHAIN] 269242372baba06b -> 044c55a9bb54dac2
[CHAIN] 044c55a9bb54dac2 -> d78cd74b7437ed64
[CHAIN] d78cd74b7437ed64 -> 7e153aab039b2eaf
[CHAIN] 7e153aab039b2eaf -> 6bac49c0d5eb3fb0
[CHAIN] 6bac49c0d5eb3fb0 -> 915c234fdd944574
[CHAIN] 915c234fdd944574 -> e4333e4a153171d4
[CHAIN] e4333e4a153171d4 -> 0e850cf98f21441b
[CHAIN] 0e850cf98f21441b -> e5529c89f73751a4
[CHAIN] e5529c89f73751a4 -> 8117a7a6901d122a
[CHAIN] 8117a7a6901d122a -> 04b55090914e5af2
[CHAIN] 04b55090914e5af2 -> 7b6831536c90b8df
[CHAIN] 7b6831536c90b8df -> 645f8f6d5191c0db
[CHAIN] 645f8f6d5191c0db -> 86e9ed6e8ea2072e
[CHAIN] 86e9ed6e8ea2072e -> d0717f04e3418aa5
[CHAIN] d0717f04e3418aa5 -> 48f6d1e2814a00f6
[CHAIN] 48f6d1e2814a00f6 -> a279d64aab88d024
[CHAIN] a279d64aab88d024 -> cbc820c8b257f993
[CHAIN] cbc820c8b257f993 -> bfee6b64c0716be3
[CHAIN] bfee6b64c0716be3 -> 13a1d4af05a65005
[CHAIN] 13a1d4af05a65005 -> 2b7267520000fed4
[CHAIN] 2b7267520000fed4 -> 0182c92aed795b7d
[CHAIN] 0182c92aed795b7d -> 916ad1eae73c58da
[CHAIN] 916ad1eae73c58da -> c762ee9b0b304e52
[CHAIN] c762ee9b0b304e52 -> 1239f73990a3b050
[CHAIN] 1239f73990a3b050 -> 9de024807ef20441
[CHAIN] 9de024807ef20441 -> a29f6ea9dfa63634
[CHAIN] a29f6ea9dfa63634 -> 030a6c75d51b3a93
[CHAIN] 030a6c75d51b3a93 -> fffe0e2c288a0f91
[CHAIN] fffe0e2c288a0f91 -> 988dda12d8c147b2
[CHAIN] 988dda12d8c147b2 -> b3d7133cf622fb37
[CHAIN] b3d7133cf622fb37 -> 020afdb3a2a05e58
[CHAIN] 020afdb3a2a05e58 -> b81d051ce30dc821
[CHAIN] b81d051ce30dc821 -> 6af0ead1ac10cb4f
[CHAIN] 6af0ead1ac10cb4f -> b6809ccb961d1281
[CHAIN] b6809ccb961d1281 -> adb123c8eaf07514
[CHAIN] adb123c8eaf07514 -> 45055df1b397baaf
[CHAIN] 45055df1b397baaf -> 2e8adf7ca9522c44
[CHAIN] 2e8adf7ca9522c44 -> 60b0066ea987dc9d
[CHAIN] 60b0066ea987dc9d -> 85ac817cccee9ac0
[CHAIN] 85ac817cccee9ac0 -> fa069492f4199ba7
[CHAIN] fa069492f4199ba7 -> fc63863e1a4d95a4
[CHAIN] fc63863e1a4d95a4 -> 96888b0b9753ee08
[CHAIN] 96888b0b9753ee08 -> b4a9c0e28b3b1bba
[CHAIN] b4a9c0e28b3b1bba -> c50803337019d0d2
[CHAIN] c50803337019d0d2 -> 7c65ca9f97b63cfb
[CHAIN] 7c65ca9f97b63cfb -> 451ecd6500a86ea2
[CHAIN] 451ecd6500a86ea2 -> 8fa116e15b1ff2f7
[CHAIN] 8fa116e15b1ff2f7 -> fbd98bc889385bf6
[CHAIN] fbd98bc889385bf6 -> f9788f8305f6c5c1
[CHAIN] f9788f8305f6c5c1 -> 37ad3ba824645a09
[CHAIN] 37ad3ba824645a09 -> 39c4ced7b81cf187
[CHAIN] 39c4ced7b81cf187 -> ad290de2fa19b135
[CHAIN] ad290de2fa19b135 -> d08238b2620e6d5b
[CHAIN] d08238b2620e6d5b -> abcad99fa8783133
[CHAIN] abcad99fa8783133 -> b0f9a421dea21cea
[CHAIN] b0f9a421dea21cea -> a32b7e0e00dcb7f4
[CHAIN] a32b7e0e00dcb7f4 -> 26b2da8f3453d4ce
[CHAIN] 26b2da8f3453d4ce -> a9d6db27e9dffe06
[CHAIN] a9d6db27e9dffe06 -> 035ce001bd857293
[CHAIN] 035ce001bd857293 -> d5ba82e4928cc66f
[CHAIN] d5ba82e4928cc66f -> ae0c8d18818ba278
[CHAIN] ae0c8d18818ba278 -> 7ad465512903b403
[CHAIN] 7ad465512903b403 -> a09b8fbf4cce0596
[CHAIN] a09b8fbf4cce0596 -> c3d27640d8868e2b
[CHAIN] c3d27640d8868e2b -> 5ae350662c30d750
[CHAIN] 5ae350662c30d750 -> 6901490ee5d1dcf4
[CHAIN] 6901490ee5d1dcf4 -> 6c8e44d2858d4ed4
[CHAIN] 6c8e44d2858d4ed4 -> ca738d93f2dd59e2
[CHAIN] ca738d93f2dd59e2 -> 1c878fd093495a8c
[CHAIN] 1c878fd093495a8c -> 10e539439714d94d
[CHAIN] 10e539439714d94d -> c71d6cb929aad8b7
[CHAIN] c71d6cb929aad8b7 -> 70037f8f10ba18e0
[CHAIN] 70037f8f10ba18e0 -> d1c1b872c7008e1e
[CHAIN] d1c1b872c7008e1e -> a3b516bd4c891326
[CHAIN] a3b516bd4c891326 -> b317681bb16a94d3
[CHAIN] b317681bb16a94d3 -> e7a06e27c149f13d
[CHAIN] e7a06e27c149f13d -> e915ac09b5ee53e0
[CHAIN] e915ac09b5ee53e0 -> 63804018e918e568
[CHAIN] 63804018e918e568 -> c641979e4325f87f
[CHAIN] c641979e4325f87f -> 181b671825aec544
[CHAIN] 181b671825aec544 -> 0aa39afdd2d1e6d4
[CHAIN] 0aa39afdd2d1e6d4 -> 286a8a7b7044073d
[CHAIN] 286a8a7b7044073d -> ee24efd7456301ea
[CHAIN] ee24efd7456301ea -> 68836bfe245fc789
[CHAIN] 68836bfe245fc789 -> 0b17e00d6d2d7ce3
[CHAIN] 0b17e00d6d2d7ce3 -> 1f04903e801368fc
[CHAIN] 1f04903e801368fc -> b53c93a9db91be00
[CHAIN] b53c93a9db91be00 -> 5c8886b9ba6e956d
[CHAIN] 5c8886b9ba6e956d -> 4c12f8098f54eb28
[CHAIN] 4c12f8098f54eb28 -> 1205816a57cf32c7
[CHAIN] 1205816a57cf32c7 -> 8abb62a47419e633
[CHAIN] 8abb62a47419e633 -> fa51db8b023fcfd2
[CHAIN] fa51db8b023fcfd2 -> a2a214a0eea4a95c
[CHAIN] a2a214a0eea4a95c -> a567f5e1041e5102
[CHAIN] a567f5e1041e5102 -> f40aed483eb5f96e
[CHAIN] f40aed483eb5f96e -> c21b47532d21aee7
[CHAIN] c21b47532d21aee7 -> 79295f76af46a707
[CHAIN] 79295f76af46a707 -> 404effd180b43e85
[CHAIN] 404effd180b43e85 -> a988881f15efe476
[CHAIN] a988881f15efe476 -> 4743e2c5ad53b35a
[CHAIN] 4743e2c5ad53b35a -> 4c21974c8a252f99
[CHAIN] 4c21974c8a252f99 -> 7466aad0599936b4
[CHAIN] 7466aad0599936b4 -> ade29cde3916a2f4
[CHAIN] ade29cde3916a2f4 -> 218f4071c6d8ae98
[CHAIN] 218f4071c6d8ae98 -> 56221d0810b694f9
[CHAIN] 56221d0810b694f9 -> 0adad1fe9a97b6d8
[CHAIN] 0adad1fe9a97b6d8 -> 07ccbd33af161d66
[CHAIN] 07ccbd33af161d66 -> 07448f9b84e37954
[CHAIN] 07448f9b84e37954 -> 78cda18632ab0724
[CHAIN] 78cda18632ab0724 -> 69c1d72583fc94e3
[CHAIN] 69c1d72583fc94e3 -> e497873a6eefecd9
[CHAIN] e497873a6eefecd9 -> 2a0d59c1cd586ccb
[CHAIN] 2a0d59c1cd586ccb -> 0f9e7382a8aa5393
[CHAIN] 0f9e7382a8aa5393 -> c1cd0191748b4704
[CHAIN] c1cd0191748b4704 -> 5af515cb95a05eb1
[CHAIN] 5af515cb95a05eb1 -> 9d4ca53b84569db6
[CHAIN] 9d4ca53b84569db6 -> b4668d0f66c012c4
[CHAIN] b4668d0f66c012c4 -> 19ea57cdd4a5c570
[CHAIN] 19ea57cdd4a5c570 -> af8bd9ff0bfb2043
[CHAIN] af8bd9ff0bfb2043 -> 706c339ee94afee8
[CHAIN] 706c339ee94afee8 -> 86b3346585e2e6ad
[CHAIN] 86b3346585e2e6ad -> 677cf18372fefe68
[CHAIN] 677cf18372fefe68 -> 69282c1be2faecb7
[CHAIN] 69282c1be2faecb7 -> 3d24d77f13dfe504
[CHAIN] 3d24d77f13dfe504 -> 9fd0c9dd15a842f2
[CHAIN] 9fd0c9dd15a842f2 -> 30f2aa420c7616c1
[CHAIN] 30f2aa420c7616c1 -> 94e4ec99eaf897fc
[CHAIN] 94e4ec99eaf897fc -> cc91c9d2525f6544
[CHAIN] cc91c9d2525f6544 -> b46c84f93d0b1820
[CHAIN] b46c84f93d0b1820 -> 5a5b3f07c4011f9a
[CHAIN] 5a5b3f07c4011f9a -> 83dc544a9b6b3766
[CHAIN] 83dc544a9b6b3766 -> 7a2388613e4ce4ff
[CHAIN] 7a2388613e4ce4ff -> 4f688e70e7e67db7
[CHAIN] 4f688e70e7e67db7 -> a223e9edb20f3311
[CHAIN] a223e9edb20f3311 -> fb3a455ad3f58b23
[CHAIN] fb3a455ad3f58b23 -> f4837fa89c626e30
[CHAIN] f4837fa89c626e30 -> 301cf15dc89dd64d
[CHAIN] 301cf15dc89dd64d -> 834e0cd28c7a1087
[CHAIN] 834e0cd28c7a1087 -> d748412d2d79de20
[CHAIN] d748412d2d79de20 -> afc33d16ff5500a4
[CHAIN] afc33d16ff5500a4 -> c70cc8eb603973c1
[CHAIN] c70cc8eb603973c1 -> 3860303c46ccb6e1
[CHAIN] 3860303c46ccb6e1 -> cf64f5769a7726f4
[CHAIN] cf64f5769a7726f4 -> a0af4c6ab94fbefb
[CHAIN] a0af4c6ab94fbefb -> 0644fa7d0a6113bd
[CHAIN] 0644fa7d0a6113bd -> 6c9181fd508c61d3
[CHAIN] 6c9181fd508c61d3 -> 303777e8a58bb559
[CHAIN] 303777e8a58bb559 -> be421b998bb75c7d
[CHAIN] be421b998bb75c7d -> a12bc607b87eb114
[CHAIN] a12bc607b87eb114 -> 8b1d7530a3a6c439
[CHAIN] 8b1d7530a3a6c439 -> e3567848cd91f58b
[CHAIN] e3567848cd91f58b -> 7696772ec49a29fd
[CHAIN] 7696772ec49a29fd -> c7d6a41a97893040
[CHAIN] c7d6a41a97893040 -> 7006a30538014ea0
[CHAIN] 7006a30538014ea0 -> b8bb3b18a34cbb82
[CHAIN] b8bb3b18a34cbb82 -> a2ecc418858942ee
[CHAIN] a2ecc418858942ee -> 467bda956dc9a9b8
[CHAIN] 467bda956dc9a9b8 -> 6e82a1b4265a2b83
[CHAIN] 6e82a1b4265a2b83 -> cf0d2ff7781ea480
[CHAIN] cf0d2ff7781ea480 -> 1ad77dcbe9e6927a
[CHAIN] 1ad77dcbe9e6927a -> a9524bc1216864ca
[CHAIN] a9524bc1216864ca -> 384e608130a8c769
[CHAIN] 384e608130a8c769 -> 74de1f72e64b7b5c
[CHAIN] 74de1f72e64b7b5c -> 5edad9a219424bf8
[CHAIN] 5edad9a219424bf8 -> d77b0dcadba9bee0
[CHAIN] d77b0dcadba9bee0 -> 189ac688644b46af
[CHAIN] 189ac688644b46af -> 9491df755a53091a
[CHAIN] 9491df755a53091a -> aa8bb18fcd006ab8
[CHAIN] aa8bb18fcd006ab8 -> 9f7340423cc15ed7
[CHAIN] 9f7340423cc15ed7 -> 25bfe05234e00400
[CHAIN] 25bfe05234e00400 -> 3594534c075200a5
[CHAIN] 3594534c075200a5 -> a8ea0fdcfa585a95
[CHAIN] a8ea0fdcfa585a95 -> f20b2ffb106d2ee9
[CHAIN] f20b2ffb106d2ee9 -> da6c451d09c644d1
[CHAIN] da6c451d09c644d1 -> 3f5f66ac264f799e
[CHAIN] 3f5f66ac264f799e -> 30aa13194b4a019e
[CHAIN] 30aa13194b4a019e -> b944f22578aacbf7
[CHAIN] b944f22578aacbf7 -> 5c69a27fd11de0e5
[CHAIN] 5c69a27fd11de0e5 -> 30e52d548bbc9ea5
[CHAIN] 30e52d548bbc9ea5 -> ebfb7f1d4a90ef2f
[CHAIN] ebfb7f1d4a90ef2f -> e3a3fb53d19ae693
[CHAIN] e3a3fb53d19ae693 -> 222c1c23bf291e64
[CHAIN] 222c1c23bf291e64 -> b748bc5bc205b4b9
[CHAIN] b748bc5bc205b4b9 -> ec800d417000c81f
[CHAIN] ec800d417000c81f -> 464f414e970253a8
[CHAIN] 464f414e970253a8 -> 8b856745c9b6fbae
[CHAIN] 8b856745c9b6fbae -> f87dbd5b470872ae
[CHAIN] f87dbd5b470872ae -> 909ef7f72ab9e1b4
[CHAIN] 909ef7f72ab9e1b4 -> 4088d65af57092a6
[CHAIN] 4088d65af57092a6 -> 256692c8dc5cf8e6
[CHAIN] 256692c8dc5cf8e6 -> b25d3b42c83bfece
[CHAIN] b25d3b42c83bfece -> 3963d21ce60a8f1b
[CHAIN] 3963d21ce60a8f1b -> 8387045a63064ae9
[CHAIN] 8387045a63064ae9 -> e1aeaffdee5632fd
[CHAIN] e1aeaffdee5632fd -> 97785aa909a3ba06
[CHAIN] 97785aa909a3ba06 -> abc2dffbfbb6f770
[CHAIN] abc2dffbfbb6f770 -> e637d8bcf6097514
[CHAIN] e637d8bcf6097514 -> 9b4015728010ddf4
[CHAIN] 9b4015728010ddf4 -> e783b2f63c5635c3
[CHAIN] e783b2f63c5635c3 -> 51e00b1bf75c8eec
[CHAIN] 51e00b1bf75c8eec -> ff94ba426dfddc55
[CHAIN] ff94ba426dfddc55 -> 072c8bdb34a211f8
[CHAIN] 072c8bdb34a211f8 -> fdaf70219ef402a7
[CHAIN] fdaf70219ef402a7 -> a384d440026f44ac
[CHAIN] a384d440026f44ac -> 34e783fe5f2cd36e
[CHAIN] 34e783fe5f2cd36e -> a14c7cb8494d4ed6
[CHAIN] a14c7cb8494d4ed6 -> aef0b6c869ba1ba6
[CHAIN] aef0b6c869ba1ba6 -> 9b4afcc9b0c1fe12
[CHAIN] 9b4afcc9b0c1fe12 -> fe60398ac69e63a3
[CHAIN] fe60398ac69e63a3 -> 35cac52cabd573f3
[CHAIN] 35cac52cabd573f3 -> c6eb8971adedeb14
[CHAIN] c6eb8971adedeb14 -> 15f7196902674df4
[CHAIN] 15f7196902674df4 -> 990132f52a5c23ca
[CHAIN] 990132f52a5c23ca -> 0e68d7084a57d14c
[CHAIN] 0e68d7084a57d14c -> 1cce1ecbc0af19c9
[CHAIN] 1cce1ecbc0af19c9 -> d3756eefca0070c3
[CHAIN] d3756eefca0070c3 -> 28748a13e86df59a
[CHAIN] 28748a13e86df59a -> 63c6b7012d197e77
[CHAIN] 63c6b7012d197e77 -> 273ab74c5a4060b3
[CHAIN] 273ab74c5a4060b3 -> f0031483de0f620c
[CHAIN] f0031483de0f620c -> ea7886bf5498f6a1
[CHAIN] ea7886bf5498f6a1 -> f6bca3381487865b
[CHAIN] f6bca3381487865b -> ee44fd08d70ecd29
[CHAIN] ee44fd08d70ecd29 -> b52f9291573f2d2a
[CHAIN] b52f9291573f2d2a -> ae1b0742690f8f97
[CHAIN] ae1b0742690f8f97 -> ae81f92226bb5d48
[CHAIN] ae81f92226bb5d48 -> 4d44f56187f1c9d8
[CHAIN] 4d44f56187f1c9d8 -> c215e0a2acad6745
[CHAIN] c215e0a2acad6745 -> a1674479596f89d8
[CHAIN] a1674479596f89d8 -> d370a9a3da4171c2
[CHAIN] d370a9a3da4171c2 -> b4ca074cbb9abc7d
[CHAIN] b4ca074cbb9abc7d -> d75b326e2c902e02
[CHAIN] d75b326e2c902e02 -> db263a38849705a4
[CHAIN] db263a38849705a4 -> 0434a73265be1188
[CHAIN] 0434a73265be1188 -> 44edb06a2d44f50e
[CHAIN] 44edb06a2d44f50e -> cdbe8d0f003eb78a
[CHAIN] cdbe8d0f003eb78a -> 2560c68e96543d64
[CHAIN] 2560c68e96543d64 -> 16f2443d10b14b52
[CHAIN] 16f2443d10b14b52 -> f9861b8a49b58491
[CHAIN] f9861b8a49b58491 -> cd75d482984ab12f
[CHAIN] cd75d482984ab12f -> dbdee9da44e1bc24
[CHAIN] dbdee9da44e1bc24 -> 907409df7c20d1fb
[CHAIN] 907409df7c20d1fb -> 6865fe8c9f6c90f4
[CHAIN] 6865fe8c9f6c90f4 -> 0bdbfa695bea0676
[CHAIN] 0bdbfa695bea0676 -> da4bfec8d1ffdfed
[CHAIN] da4bfec8d1ffdfed -> 696aa281de3f427f
[CHAIN] 696aa281de3f427f -> 26b8a32c66fdc7e0
[CHAIN] 26b8a32c66fdc7e0 -> 2b4985b2fb52d407
[CHAIN] 2b4985b2fb52d407 -> 7a0061b59391e990
[CHAIN] 7a0061b59391e990 -> dfd366b8faefa17e
[CHAIN] dfd366b8faefa17e -> fe1a81e51fe80a3c
[CHAIN] fe1a81e51fe80a3c -> b0ee44ad9a6518fe
[CHAIN] b0ee44ad9a6518fe -> ce0b371254d4e145
[CHAIN] ce0b371254d4e145 -> 89049c55211e2b8a
[CHAIN] 89049c55211e2b8a -> 13d8a14fb9878859
[CHAIN] 13d8a14fb9878859 -> b86fc5bfbc7c6fd4
[CHAIN] b86fc5bfbc7c6fd4 -> 2133f0bf5f5e032c
[CHAIN] 2133f0bf5f5e032c -> 63d09d9a82a0de27
[CHAIN] 63d09d9a82a0de27 -> 3fa21b20355e5d87
[CHAIN] 3fa21b20355e5d87 -> b672e423fcf1819c
[CHAIN] b672e423fcf1819c -> 8682c9ce5983d497
[CHAIN] 8682c9ce5983d497 -> f199077ba9843d70
[CHAIN] f199077ba9843d70 -> 97c504d33352a02f
[CHAIN] 97c504d33352a02f -> e7a086c9fcec1d0a
[CHAIN] e7a086c9fcec1d0a -> 36e41b5b1098df49
[CHAIN] 36e41b5b1098df49 -> a09ca2c9d80cd4f4
[CHAIN] a09ca2c9d80cd4f4 -> a98f3b909c31948d
[CHAIN] a98f3b909c31948d -> 12202cf752eb518e
[CHAIN] 12202cf752eb518e -> 6aefece31721a7a7
[CHAIN] 6aefece31721a7a7 -> f96b0d839b233dd7
[CHAIN] f96b0d839b233dd7 -> 5e4c2c39fbdd607d
[CHAIN] 5e4c2c39fbdd607d -> 142e4726242eed56
[CHAIN] 142e4726242eed56 -> e4e1f6596eec8396
[CHAIN] e4e1f6596eec8396 -> fbedb07c3d867913
[CHAIN] fbedb07c3d867913 -> 0ddc6a184879b82a
[CHAIN] 0ddc6a184879b82a -> 1673dc3d2095932a
[CHAIN] 1673dc3d2095932a -> f9e0637e2a0eccae
[CHAIN] f9e0637e2a0eccae -> 109aa5589f58b472
[CHAIN] 109aa5589f58b472 -> 497353ec4715dbae
[CHAIN] 497353ec4715dbae -> 7144c42141478fa9
[CHAIN] 7144c42141478fa9 -> 2400659c2b3bfa2a
[CHAIN] 2400659c2b3bfa2a -> 62e6a944bdcccd16
[CHAIN] 62e6a944bdcccd16 -> 79f857b9d1f81024
[CHAIN] 79f857b9d1f81024 -> 6605beef1679e4d6
[CHAIN] 6605beef1679e4d6 -> aea4f6da47b39d53
[CHAIN] aea4f6da47b39d53 -> 531425f5e10a585a
[CHAIN] 531425f5e10a585a -> 18f950acd2443679
[CHAIN] 18f950acd2443679 -> bda09630ba93c127
[CHAIN] bda09630ba93c127 -> d1f67330ed825541
[CHAIN] d1f67330ed825541 -> 243ab551e208be62
[CHAIN] 243ab551e208be62 -> a3a8af903a277231
[CHAIN] a3a8af903a277231 -> 1907bd8324e819a9
[CHAIN] 1907bd8324e819a9 -> e68506273e97cf5e
[CHAIN] e68506273e97cf5e -> 32a8f4449dd5b2a6
[CHAIN] 32a8f4449dd5b2a6 -> 8a379b37ad3c2947
[CHAIN] 8a379b37ad3c2947 -> a99c4b51e09d0db5
[CHAIN] a99c4b51e09d0db5 -> a13ea91772cf05b0
[CHAIN] a13ea91772cf05b0 -> 743fd2af5d694d50
[CHAIN] 743fd2af5d694d50 -> 34e4e058fe6f3a9c
[CHAIN] 34e4e058fe6f3a9c -> 0d2bcb1a8da12496
[CHAIN] 0d2bcb1a8da12496 -> 12fdf623b982c849
[CHAIN] 12fdf623b982c849 -> fa60c3b4663b174e
[CHAIN] fa60c3b4663b174e -> 755f35e2f7064fc7
[CHAIN] 755f35e2f7064fc7 -> 7b863c6d6a73e559
[CHAIN] 7b863c6d6a73e559 -> dfcc08ab955c735e
[CHAIN] dfcc08ab955c735e -> d744a99ec9cc82b9
[CHAIN] d744a99ec9cc82b9 -> 18f4b9f6b6ddef86
[CHAIN] 18f4b9f6b6ddef86 -> b38839972ae0074c
[CHAIN] b38839972ae0074c -> 60f21ef3c920e5ab
[CHAIN] 60f21ef3c920e5ab -> b1ee9fecd830355f
[CHAIN] b1ee9fecd830355f -> 622a571408384e77
[CHAIN] 622a571408384e77 -> 51590cdcfac7e102
[CHAIN] 51590cdcfac7e102 -> 29618bc852cb89f0
[CHAIN] 29618bc852cb89f0 -> f502788c0caf2945
[CHAIN] f502788c0caf2945 -> 1c7468286429859d
[CHAIN] 1c7468286429859d -> 754fbcde754d711e
[CHAIN] 754fbcde754d711e -> f71f4d545d0101a6
[CHAIN] f71f4d545d0101a6 -> 49c0146c783ca0f8
[CHAIN] 49c0146c783ca0f8 -> 5a9f2db86868dc21
[CHAIN] 5a9f2db86868dc21 -> b9260db7ce80078e
[CHAIN] b9260db7ce80078e -> b3bcb05498ac52d9
[CHAIN] b3bcb05498ac52d9 -> 265132be6b659b9d
[CHAIN] 265132be6b659b9d -> a72de16e200792a1
[CHAIN] a72de16e200792a1 -> bfd1d865983c01c3
[CHAIN] bfd1d865983c01c3 -> 692fbc78a5eeff6e
[CHAIN] 692fbc78a5eeff6e -> b4e16528016256e6
[CHAIN] b4e16528016256e6 -> 97139073bd89e368
[CHAIN] 97139073bd89e368 -> 004c318b748e6083
[CHAIN] 004c318b748e6083 -> 89e1fdcb354006cd
[CHAIN] 89e1fdcb354006cd -> 91fcd7cc0db1877b
[CHAIN] 91fcd7cc0db1877b -> 5b5691691d13316b
[CHAIN] 5b5691691d13316b -> aed0abdbe40716ab
[CHAIN] aed0abdbe40716ab -> b96f092d470df271
[CHAIN] b96f092d470df271 -> d5dee8ab9bf06ec9
[CHAIN] d5dee8ab9bf06ec9 -> 8d787968fcefd2ed
[CHAIN] 8d787968fcefd2ed -> 3c3cdc5df17a7a24
[CHAIN] 3c3cdc5df17a7a24 -> 595f3d9d1d65ee60
[CHAIN] 595f3d9d1d65ee60 -> 7ddf70101b7ced30
[CHAIN] 7ddf70101b7ced30 -> d09575366b84bc29
[CHAIN] d09575366b84bc29 -> 6bdc5f22bf8c6b64
[CHAIN] 6bdc5f22bf8c6b64 -> c23694bdaa2eeb18
[CHAIN] c23694bdaa2eeb18 -> 7be3936c201a14c4
[CHAIN] 7be3936c201a14c4 -> 5ac5fcb321e355d4
[CHAIN] 5ac5fcb321e355d4 -> f0e433823215e594
[CHAIN] f0e433823215e594 -> 29991388982c035e
[CHAIN] 29991388982c035e -> 959bf3db06b0ee00
[CHAIN] 959bf3db06b0ee00 -> 578185793e62c396
[CHAIN] 578185793e62c396 -> 64b038e0b2e3d0f5
[CHAIN] 64b038e0b2e3d0f5 -> 9024c0dd8319fff7
[CHAIN] 9024c0dd8319fff7 -> 2b17d876c07a80ab
[CHAIN] 2b17d876c07a80ab -> c23cd1b4c771b172
[CHAIN] c23cd1b4c771b172 -> bb366bcfd8b7565d
[CHAIN] bb366bcfd8b7565d -> 57ead9cb3270b894
[CHAIN] 57ead9cb3270b894 -> 56e840e18e59602d
[CHAIN] 56e840e18e59602d -> 9f455a48aee78d6f
[CHAIN] 9f455a48aee78d6f -> 869c8e1fa3ff5d7b
[CHAIN] 869c8e1fa3ff5d7b -> 1b4a02336f6b47c3
[CHAIN] 1b4a02336f6b47c3 -> cf14a0b965dd66e5
[CHAIN] cf14a0b965dd66e5 -> b9bbd9a9b3bb0485
[CHAIN] b9bbd9a9b3bb0485 -> 876b12248fca06cb
[CHAIN] 876b12248fca06cb -> 9bf468e17a2efd9e
[CHAIN] 9bf468e17a2efd9e -> 87113c71b0535aa0
[CHAIN] 87113c71b0535aa0 -> 4b16664dd2d51c5f
[CHAIN] 4b16664dd2d51c5f -> 62d5420447f7cb7d
[CHAIN] 62d5420447f7cb7d -> 7aba8aee65fb5774
[CHAIN] 7aba8aee65fb5774 -> 0261405cd0536eb5
[CHAIN] 0261405cd0536eb5 -> c0c7f2641cf2e7c9
[CHAIN] c0c7f2641cf2e7c9 -> 6cb903f2aa2e885c
[CHAIN] 6cb903f2aa2e885c -> 480b42cda2fd284c
[CHAIN] 480b42cda2fd284c -> 6c53b324e07bf8a7
[CHAIN] 6c53b324e07bf8a7 -> 808eedf86f941fb1
[CHAIN] 808eedf86f941fb1 -> 8b6fc983efcc8aeb
[CHAIN] 8b6fc983efcc8aeb -> 6ec10ac8d1bffdf2
[CHAIN] 6ec10ac8d1bffdf2 -> cba1e21a841e7057
[CHAIN] cba1e21a841e7057 -> 5ebe9e512f91f409
[CHAIN] 5ebe9e512f91f409 -> 6a08cf27b7c703cc
[CHAIN] 6a08cf27b7c703cc -> af860836c91933fe
[CHAIN] af860836c91933fe -> 7c0840b311c9a095
[CHAIN] 7c0840b311c9a095 -> 92896bfc3d060921
[CHAIN] 92896bfc3d060921 -> 6fe7838349659226
[CHAIN] 6fe7838349659226 -> 6cac22cf4136f49e
[CHAIN] 6cac22cf4136f49e -> c928e6c68bdd7042
[CHAIN] c928e6c68bdd7042 -> deb4a6c9c95b298a
[CHAIN] deb4a6c9c95b298a -> 35fd5364b132bc34
[CHAIN] 35fd5364b132bc34 -> 6e3a396cd6822d54
[CHAIN] 6e3a396cd6822d54 -> 95fb734f24932907
[CHAIN] 95fb734f24932907 -> 4c5738b98c3e76c6
[CHAIN] 4c5738b98c3e76c6 -> 671deb3d7378c81a
[CHAIN] 671deb3d7378c81a -> bf48f8362e618fab
[CHAIN] bf48f8362e618fab -> f9fdc8b48981e33e
[CHAIN] f9fdc8b48981e33e -> e3595733d16802a2
[CHAIN] e3595733d16802a2 -> c631e76fc8a18b5c
[CHAIN] c631e76fc8a18b5c -> c2e53a5503bc06bb
[CHAIN] c2e53a5503bc06bb -> e4ca6152253cefd2
[CHAIN] e4ca6152253cefd2 -> 30039c85b8beedb9
[CHAIN] 30039c85b8beedb9 -> 0f2406bda1e147a1
[CHAIN] 0f2406bda1e147a1 -> e86f723508e73f4a
[CHAIN] e86f723508e73f4a -> 9a20d8cb069aee19
[CHAIN] 9a20d8cb069aee19 -> 75694df544b3de7b
[CHAIN] 75694df544b3de7b -> 09fda09b6df4fcce
[CHAIN] 09fda09b6df4fcce -> 256432fee38d5273
[CHAIN] 256432fee38d5273 -> 0d4401f4f99d7e71
[CHAIN] 0d4401f4f99d7e71 -> e59a583150546cec
[CHAIN] e59a583150546cec -> d0bad66be0335e33
[CHAIN] d0bad66be0335e33 -> f098197526dbe920
[CHAIN] f098197526dbe920 -> 9051a33e2511d669
[CHAIN] 9051a33e2511d669 -> 2e621916096b99a4
[CHAIN] 2e621916096b99a4 -> 07faf49f15381ab6
[CHAIN] 07faf49f15381ab6 -> c7d25d2d56da3980
[CHAIN] c7d25d2d56da3980 -> 6a2dfbb47aee49ad
[CHAIN] 6a2dfbb47aee49ad -> 866d58c1da7f8cf8
[CHAIN] 866d58c1da7f8cf8 -> d0a9b4ae4593b191
[CHAIN] d0a9b4ae4593b191 -> a61f610ef7d30da2
[CHAIN] a61f610ef7d30da2 -> 4e73dd710a15d64e
[CHAIN] 4e73dd710a15d64e -> 044b2537e315b8e5
[CHAIN] 044b2537e315b8e5 -> 787e1cc512a6c02c
[CHAIN] 787e1cc512a6c02c -> 1ef3812bb5bb1225
[CHAIN] 1ef3812bb5bb1225 -> e2d3fd6cf3e2c9af
[CHAIN] e2d3fd6cf3e2c9af -> 747797476adf979f
[CHAIN] 747797476adf979f -> 1e9e5943284912a8
[CHAIN] 1e9e5943284912a8 -> fbae8e2f77005855
[CHAIN] fbae8e2f77005855 -> 0f02c0e977b20536
[CHAIN] 0f02c0e977b20536 -> 8b5029b5821446f9
[CHAIN] 8b5029b5821446f9 -> 06e5fc49c1bedf41
[CHAIN] 06e5fc49c1bedf41 -> b605dca22f65ccbc
[CHAIN] b605dca22f65ccbc -> 628717a0ccd0b03d
[CHAIN] 628717a0ccd0b03d -> 9a7559537257527b
[CHAIN] 9a7559537257527b -> 09fdd2085a50997d
[CHAIN] 09fdd2085a50997d -> 9ea5446b15ebd99c
[CHAIN] 9ea5446b15ebd99c -> e807a2bccd37c47b
[CHAIN] e807a2bccd37c47b -> 4da5c1b9bc43ea25
[CHAIN] 4da5c1b9bc43ea25 -> 50a826d4ecc6c6fc
[CHAIN] 50a826d4ecc6c6fc -> 91d47f1df1b2c020
[CHAIN] 91d47f1df1b2c020 -> 3e6ac6dd39c7e294
[CHAIN] 3e6ac6dd39c7e294 -> 01c04b0174fd3d60
[CHAIN] 01c04b0174fd3d60 -> 596969f578447f36
[CHAIN] 596969f578447f36 -> fc8d56d2b4341b43
[CHAIN] fc8d56d2b4341b43 -> 285d4602af2e0e11
[CHAIN] 285d4602af2e0e11 -> 4546e5fa5cf1d5d1
[CHAIN] 4546e5fa5cf1d5d1 -> 665e99fdf714ce7d
[CHAIN] 665e99fdf714ce7d -> b6c2738ef0406565
[CHAIN] b6c2738ef0406565 -> bfbd67cf6a7fc9ed
[CHAIN] bfbd67cf6a7fc9ed -> 2d3e5c667536fad4
[CHAIN] 2d3e5c667536fad4 -> 26925c8efdaa198f
[CHAIN] 26925c8efdaa198f -> 4f42fb5c26fd0e06
[CHAIN] 4f42fb5c26fd0e06 -> 2b4a9e4260238790
[CHAIN] 2b4a9e4260238790 -> 7baf7c4fe3a34f9e
[CHAIN] 7baf7c4fe3a34f9e -> e2cadaa238b6f0b8
[CHAIN] e2cadaa238b6f0b8 -> 2b872d81b3113d20
[CHAIN] 2b872d81b3113d20 -> 0ec005ba23b42605
[CHAIN] 0ec005ba23b42605 -> 94be34f55d351243
[CHAIN] 94be34f55d351243 -> fc6f2578ed2159d3
[CHAIN] fc6f2578ed2159d3 -> 5b58fcff1910bc2c
[CHAIN] 5b58fcff1910bc2c -> 788224655678019f
[CHAIN] 788224655678019f -> e2a62b91742d92db
[CHAIN] e2a62b91742d92db -> ab9eab731aa62833
[CHAIN] ab9eab731aa62833 -> b6286b996a62ebef
[CHAIN] b6286b996a62ebef -> 49c74ed92e00fe89
[CHAIN] 49c74ed92e00fe89 -> 0ac4da4ea076aa5a
[CHAIN] 0ac4da4ea076aa5a -> 60521d4e5c79c109
[CHAIN] 60521d4e5c79c109 -> 7a413833e882f170
[CHAIN] 7a413833e882f170 -> d092d21af59cd8a5
[CHAIN] d092d21af59cd8a5 -> e10780ea12857a29
[CHAIN] e10780ea12857a29 -> d8c4b1dca8d94bd7
[CHAIN] d8c4b1dca8d94bd7 -> cf6d6b937cd291b3
[CHAIN] cf6d6b937cd291b3 -> 1ef3aa696ccdae0e
[CHAIN] 1ef3aa696ccdae0e -> 4ea25b3f0e791c14
[CHAIN] 4ea25b3f0e791c14 -> 836b75a8a1d5b392
[CHAIN] 836b75a8a1d5b392 -> 60e67b2477e81eb5
[CHAIN] 60e67b2477e81eb5 -> 4e8a31e949c09e1a
[CHAIN] 4e8a31e949c09e1a -> 87e519732cbc2c98
[CHAIN] 87e519732cbc2c98 -> dd7d35e47de7da3c
[CHAIN] dd7d35e47de7da3c -> 4371fcd32094130f
[CHAIN] 4371fcd32094130f -> 55221ae82f316c7e
[CHAIN] 55221ae82f316c7e -> e55fab12367602fd
[CHAIN] e55fab12367602fd -> 2a2d45349af4b5c1
[CHAIN] 2a2d45349af4b5c1 -> 153060376bbae4ce
[CHAIN] 153060376bbae4ce -> 712d42c0e6242329
[CHAIN] 712d42c0e6242329 -> 0bba04c916430d5b
[CHAIN] 0bba04c916430d5b -> c67becb96c9cacf1
[CHAIN] c67becb96c9cacf1 -> c1048d44de305072
[CHAIN] c1048d44de305072 -> eeefe0d59da9e349
[CHAIN] eeefe0d59da9e349 -> 7038473753c7db15
[CHAIN] 7038473753c7db15 -> 59253874f938e6f0
[CHAIN] 59253874f938e6f0 -> 1bb00b960360ab1a
[CHAIN] 1bb00b960360ab1a -> a2022e6bf2e70b73
[CHAIN] a2022e6bf2e70b73 -> 6e2fe603a3132133
[CHAIN] 6e2fe603a3132133 -> ee4762b277650537
[CHAIN] ee4762b277650537 -> 182dc1b98fe5ee7d
[CHAIN] 182dc1b98fe5ee7d -> 8ea88be64fba4f56
[CHAIN] 8ea88be64fba4f56 -> f14cfd885c59ee5e
[CHAIN] f14cfd885c59ee5e -> c171fefef963e486
[CHAIN] c171fefef963e486 -> 5a8b1b62556ea002
[CHAIN] 5a8b1b62556ea002 -> 8978132e511cd197
[CHAIN] 8978132e511cd197 -> 3f2c17f7c91f054f
[CHAIN] 3f2c17f7c91f054f -> da1e1dd144b46e7f
[CHAIN] da1e1dd144b46e7f -> 6ed7a22465fe23c1
[CHAIN] 6ed7a22465fe23c1 -> ab79396439e2881e
[CHAIN] ab79396439e2881e -> 74d4e7ddc11c5747
[CHAIN] 74d4e7ddc11c5747 -> 555625709f51e506
[CHAIN] 555625709f51e506 -> 90051626104c9541
[CHAIN] 90051626104c9541 -> 1b6a70f1ee1553fa
[CHAIN] 1b6a70f1ee1553fa -> a49b76cbf3daaa48
[CHAIN] a49b76cbf3daaa48 -> b45e1805b0c46945
[CHAIN] b45e1805b0c46945 -> 3e9ea57a8b974f62
[CHAIN] 3e9ea57a8b974f62 -> ee7574c1d546e0f3
[CHAIN] ee7574c1d546e0f3 -> 63c74cd426311d79
[CHAIN] 63c74cd426311d79 -> a9c13bdcbc21525f
[CHAIN] a9c13bdcbc21525f -> 572a0e8725e8ef14
[CHAIN] 572a0e8725e8ef14 -> cae293cd0ce8f59a
[CHAIN] cae293cd0ce8f59a -> 64eb39554d80dc76
[CHAIN] 64eb39554d80dc76 -> 410d075a75d7484d
[CHAIN] 410d075a75d7484d -> b721c01006d6f9c6
[CHAIN] b721c01006d6f9c6 -> 89aa50ae01ad0a57
[CHAIN] 89aa50ae01ad0a57 -> 7825d830a55c7108
[CHAIN] 7825d830a55c7108 -> f9dec411a0553430
[CHAIN] f9dec411a0553430 -> 39fc2e1f0b0c0fcf
[CHAIN] 39fc2e1f0b0c0fcf -> 3df120e1dd0ffe2d
[CHAIN] 3df120e1dd0ffe2d -> ee2d5a56b4cbd614
[CHAIN] ee2d5a56b4cbd614 -> 93c95d69cebdb95f
[CHAIN] 93c95d69cebdb95f -> 2d645a26d617e388
[CHAIN] 2d645a26d617e388 -> c13ab1792af4834c
[CHAIN] c13ab1792af4834c -> 182b94e4acbc8009
[CHAIN] 182b94e4acbc8009 -> e6297d12ed74e657
[CHAIN] e6297d12ed74e657 -> 192f096b292e8ba8
[CHAIN] 192f096b292e8ba8 -> 4ed54508ab8c3b90
[CHAIN] 4ed54508ab8c3b90 -> d05d1ac2a47f3351
[CHAIN] d05d1ac2a47f3351 -> f1c5983754a5ad99
[CHAIN] f1c5983754a5ad99 -> 89de87de293e8f84
[CHAIN] 89de87de293e8f84 -> 3d1c6efb2d8ea4b1
[CHAIN] 3d1c6efb2d8ea4b1 -> dd6f0c58455e3a02
[CHAIN] dd6f0c58455e3a02 -> c2da64af6f8c885a
[CHAIN] c2da64af6f8c885a -> 2e34a0d1dff39811
[CHAIN] 2e34a0d1dff39811 -> 06f422067176a533
[CHAIN] 06f422067176a533 -> 7d5fada4d7364807
[CHAIN] 7d5fada4d7364807 -> eb3ff079dac8cb02
[CHAIN] eb3ff079dac8cb02 -> eef1d287eac51b96
[CHAIN] eef1d287eac51b96 -> bf1dc5a98496d8df
[CHAIN] bf1dc5a98496d8df -> fe16219e3751ab26
[CHAIN] fe16219e3751ab26 -> 36d1c148f30ba74c
[CHAIN] 36d1c148f30ba74c -> d039a32be1e5be2a
[CHAIN] d039a32be1e5be2a -> 19fc02617eab63b9
[CHAIN] 19fc02617eab63b9 -> 2f5842f2444f9193
[CHAIN] 2f5842f2444f9193 -> 6690e5a4f2d25fa9
[CHAIN] 6690e5a4f2d25fa9 -> faf27fc600e83e2b
[CHAIN] faf27fc600e83e2b -> 4d259511c190ee3f
[CHAIN] 4d259511c190ee3f -> 9c6586fa86887684
[CHAIN] 9c6586fa86887684 -> 905874a11e28e8f5
[CHAIN] 905874a11e28e8f5 -> 232d985ff0c94b89
[CHAIN] 232d985ff0c94b89 -> c12fe3da885e34e7
[CHAIN] c12fe3da885e34e7 -> e6a8feba345f2b34
[CHAIN] e6a8feba345f2b34 -> 19dd2f7f5e3c24ac
[CHAIN] 19dd2f7f5e3c24ac -> e1eb08cb37d200ad
[CHAIN] e1eb08cb37d200ad -> b909ad5524feb187
[CHAIN] b909ad5524feb187 -> 831bb1787a5beff7
[CHAIN] 831bb1787a5beff7 -> 4b5d01dd2400ace9
[CHAIN] 4b5d01dd2400ace9 -> a952364a5330e953
[CHAIN] a952364a5330e953 -> 7464db37d43fc6ce
[CHAIN] 7464db37d43fc6ce -> 605d19f0310c15e1
[CHAIN] 605d19f0310c15e1 -> c46c3632503dfa22
[CHAIN] c46c3632503dfa22 -> 4a472a09b8b22fa4
[CHAIN] 4a472a09b8b22fa4 -> 7af0ef60f806afff
[CHAIN] 7af0ef60f806afff -> 0e7781a60043e695
[CHAIN] 0e7781a60043e695 -> 981944725cb04dd3
[CHAIN] 981944725cb04dd3 -> a491861160dd50a5
[CHAIN] a491861160dd50a5 -> 1442cd21b4c8c5e3
[CHAIN] 1442cd21b4c8c5e3 -> e92dd41dbdde5158
[CHAIN] e92dd41dbdde5158 -> e5233907c0e02d72
[CHAIN] e5233907c0e02d72 -> e6a1747c489a815c
[CHAIN] e6a1747c489a815c -> 38946f29943599ee
[CHAIN] 38946f29943599ee -> a54d333fe8adbfae
[CHAIN] a54d333fe8adbfae -> b8c5f84bd3745f17
[CHAIN] b8c5f84bd3745f17 -> 4c951a9ea4389811
[CHAIN] 4c951a9ea4389811 -> dba5711d106fe97e
[CHAIN] dba5711d106fe97e -> 38216a1226f49505
[CHAIN] 38216a1226f49505 -> 49206e6ac9d2fd67
[CHAIN] 49206e6ac9d2fd67 -> 27ee806c9af46677
[CHAIN] 27ee806c9af46677 -> 3eecb5a06a72d40e
[CHAIN] 3eecb5a06a72d40e -> ae26d2a5d0df2105
[CHAIN] ae26d2a5d0df2105 -> bf9ffdad6b210edb
[CHAIN] bf9ffdad6b210edb -> fbd56d66c283915c
[CHAIN] fbd56d66c283915c -> a53ec654a66307b5
[CHAIN] a53ec654a66307b5 -> 4e6a54c741cace83
[CHAIN] 4e6a54c741cace83 -> 9e5cd63915052d8b
[CHAIN] 9e5cd63915052d8b -> 410ddc2fc5986130
[CHAIN] 410ddc2fc5986130 -> 037cf0e292913d81
[CHAIN] 037cf0e292913d81 -> 827eeb7b1db794b6
[CHAIN] 827eeb7b1db794b6 -> 1025ecb34d759de1
[CHAIN] 1025ecb34d759de1 -> e175b075ab350d05
[CHAIN] e175b075ab350d05 -> c6e02666bffb4ef5
[CHAIN] c6e02666bffb4ef5 -> 4903a0b942c5a869
[CHAIN] 4903a0b942c5a869 -> 264bbc17aabe4920
[CHAIN] 264bbc17aabe4920 -> d67cf8bff0057c53
[CHAIN] d67cf8bff0057c53 -> a3fde6bdd8b063b2
[CHAIN] a3fde6bdd8b063b2 -> 5f97ab50429bd8f6
[CHAIN] 5f97ab50429bd8f6 -> 45da324cc6a34b47
[CHAIN] 45da324cc6a34b47 -> 333694ab1368158b
[CHAIN] 333694ab1368158b -> f6b411b1d803a243
[CHAIN] f6b411b1d803a243 -> 2100dc4c5e8720ad
[CHAIN] 2100dc4c5e8720ad -> b5ef6e8094a57e31
[CHAIN] b5ef6e8094a57e31 -> f11558fb61a69004
[CHAIN] f11558fb61a69004 -> f93b876c5e66bf1a
[CHAIN] f93b876c5e66bf1a -> 0334969a668bf526
[CHAIN] 0334969a668bf526 -> 5062f6b20342d2fc
[CHAIN] 5062f6b20342d2fc -> 44d2e6f5c22d320a
[CHAIN] 44d2e6f5c22d320a -> cd5b6282346360c6
[CHAIN] cd5b6282346360c6 -> 7d0fb7de41d867af
[CHAIN] 7d0fb7de41d867af -> de52c49b8023210c
[CHAIN] de52c49b8023210c -> a5b0deec216dbc92
[CHAIN] a5b0deec216dbc92 -> 0bedb1eb0ba2bc94
[CHAIN] 0bedb1eb0ba2bc94 -> 9dc723b4f171a2a8
[CHAIN] 9dc723b4f171a2a8 -> 3dcef2ae6982d35d
[CHAIN] 3dcef2ae6982d35d -> c22fd2a38d63f99e
[CHAIN] c22fd2a38d63f99e -> 441d588fe7b3273e
[CHAIN] 441d588fe7b3273e -> 5ced44c65d6ec4fc
[CHAIN] 5ced44c65d6ec4fc -> 3f5647b56496e9a7
[CHAIN] 3f5647b56496e9a7 -> 012fcbdc2b9793c7
[CHAIN] 012fcbdc2b9793c7 -> fa7394b8fad69885
[CHAIN] fa7394b8fad69885 -> b571e8f336400457
[CHAIN] b571e8f336400457 -> e08b518b0e6201e0
[CHAIN] e08b518b0e6201e0 -> b1db14c6a650150a
[CHAIN] b1db14c6a650150a -> 3da62a806a862da8
[CHAIN] 3da62a806a862da8 -> ed11e3fcd06efa1a
[CHAIN] ed11e3fcd06efa1a -> d8a19b1d11b38665
[CHAIN] d8a19b1d11b38665 -> 633d6bde23c6e459
[CHAIN] 633d6bde23c6e459 -> 81925e3b52477552
[CHAIN] 81925e3b52477552 -> 9d162e842a14855d
[CHAIN] 9d162e842a14855d -> 35f62e0e8819e714
[CHAIN] 35f62e0e8819e714 -> e6e7162ec172f679
[CHAIN] e6e7162ec172f679 -> 97dcab48b598ec0d
[CHAIN] 97dcab48b598ec0d -> 2aba1243c6ae857b
[CHAIN] 2aba1243c6ae857b -> ddf7eb37c63b2a83
[CHAIN] ddf7eb37c63b2a83 -> a404cca65b57f0f7
[CHAIN] a404cca65b57f0f7 -> 56b98ae090c37112
[CHAIN] 56b98ae090c37112 -> d1d167effe43e608
[CHAIN] d1d167effe43e608 -> 08a4de5d37ddd494
[CHAIN] 08a4de5d37ddd494 -> 02d27b27a5f6f53f
[CHAIN] 02d27b27a5f6f53f -> efc85c87d244307f
[CHAIN] efc85c87d244307f -> 4b24daaed114cd71
[CHAIN] 4b24daaed114cd71 -> 77106ad89beffe88
[CHAIN] 77106ad89beffe88 -> c962b2b50b29ea1d
[CHAIN] c962b2b50b29ea1d -> d514376f046a3e7b
[CHAIN] d514376f046a3e7b -> 08c9cf4c35ed4769
[CHAIN] 08c9cf4c35ed4769 -> f44f073806c3008a
[CHAIN] f44f073806c3008a -> 74a47a9318402fc2
[CHAIN] 74a47a9318402fc2 -> 9788b0a9a4633ce4
[CHAIN] 9788b0a9a4633ce4 -> 17d1819c0c27d904
[CHAIN] 17d1819c0c27d904 -> 830204e597c4dedf
[CHAIN] 830204e597c4dedf -> 8f85ee7ee19e1635
[CHAIN] 8f85ee7ee19e1635 -> 5e141a51c6cd0d0f
[CHAIN] 5e141a51c6cd0d0f -> 3338c07c4a72725b
[CHAIN] 3338c07c4a72725b -> cae019ff37109134
[CHAIN] cae019ff37109134 -> be5a1b3965e7b014
[CHAIN] be5a1b3965e7b014 -> 160655107a3d15a2
[CHAIN] 160655107a3d15a2 -> dd2f20966bc0f206
[CHAIN] dd2f20966bc0f206 -> 9e5026ad90139eeb
[CHAIN] 9e5026ad90139eeb -> 3faf0a1cd05497a8
[CHAIN] 3faf0a1cd05497a8 -> 24a2f10d80c9a095
[CHAIN] 24a2f10d80c9a095 -> 99e79fa6d95117fe
[CHAIN] 99e79fa6d95117fe -> 6f2d3241d5f23129
[CHAIN] 6f2d3241d5f23129 -> dddde7b0c1d16194
[CHAIN] dddde7b0c1d16194 -> ea0d1be5750e44ac
[CHAIN] ea0d1be5750e44ac -> b02ff4ba66938155
[CHAIN] b02ff4ba66938155 -> 612628bc7c7e5ca0
[CHAIN] 612628bc7c7e5ca0 -> 08a83f9f0ec63bd9
[CHAIN] 08a83f9f0ec63bd9 -> 04034f589035508d
[CHAIN] 04034f589035508d -> c2536b0b9a1d97a5
[CHAIN] c2536b0b9a1d97a5 -> bc7fbb5ab0cce199
[CHAIN] bc7fbb5ab0cce199 -> ee28c2bacefd47e4
[CHAIN] ee28c2bacefd47e4 -> 541b4b6f1e3a5716
[CHAIN] 541b4b6f1e3a5716 -> 3dd2236d944d00d6
[CHAIN] 3dd2236d944d00d6 -> 688404b0beb49586
[CHAIN] 688404b0beb49586 -> 711b427466d7a008
[CHAIN] 711b427466d7a008 -> 122ce369d82fc63d
[CHAIN] 122ce369d82fc63d -> d251e29e84df09d7
[CHAIN] d251e29e84df09d7 -> f2d6861f95f2acab
[CHAIN] f2d6861f95f2acab -> 524013c8af8ec4d9
[CHAIN] 524013c8af8ec4d9 -> c80fbbcb1d00eef8
[CHAIN] c80fbbcb1d00eef8 -> 8b6945f56147a411
[CHAIN] 8b6945f56147a411 -> afc5776a9802ce38
[CHAIN] afc5776a9802ce38 -> aea4c8343462dd14
[CHAIN] aea4c8343462dd14 -> f1f3858a802fdc66
[CHAIN] f1f3858a802fdc66 -> e56c6f46ec98614a
[CHAIN] e56c6f46ec98614a -> 16092785ed5c26ef
[CHAIN] 16092785ed5c26ef -> 8b617cedd09020b7
[CHAIN] 8b617cedd09020b7 -> 40704f16d917572f
[CHAIN] 40704f16d917572f -> 2b221a4a92cf7995
[CHAIN] 2b221a4a92cf7995 -> e39bbb2cdc68bce7
[CHAIN] e39bbb2cdc68bce7 -> 8e00e80e77f260a7
[CHAIN] 8e00e80e77f260a7 -> d3e5d286ac886f4f
[CHAIN] d3e5d286ac886f4f -> 2ef064984c2e18b3
[CHAIN] 2ef064984c2e18b3 -> e40f1e428eea1e38
[CHAIN] e40f1e428eea1e38 -> 486e58b3efe4dbbf
[CHAIN] 486e58b3efe4dbbf -> 5b3922bb93a5f055
[CHAIN] 5b3922bb93a5f055 -> e4e40a6c4c08ae73
[CHAIN] e4e40a6c4c08ae73 -> 479ccc801d566909
[CHAIN] 479ccc801d566909 -> 47d33f7f9ad6bf39
[CHAIN] 47d33f7f9ad6bf39 -> 0a5f99de94f527aa
[CHAIN] 0a5f99de94f527aa -> 928ca80d83dd0cbc
[CHAIN] 928ca80d83dd0cbc -> cc4c2a51a67dd360
[CHAIN] cc4c2a51a67dd360 -> 7351563339fd3b08
[CHAIN] 7351563339fd3b08 -> 5c6a2ffb53e27052
[CHAIN] 5c6a2ffb53e27052 -> c5cb5ca3966aaf6e
[CHAIN] c5cb5ca3966aaf6e -> b71e44055978eeb1
[CHAIN] b71e44055978eeb1 -> ba79d33d626de16d
[CHAIN] ba79d33d626de16d -> 81b41e47f7c913e6
[CHAIN] 81b41e47f7c913e6 -> 8073d83a96373a64
[CHAIN] 8073d83a96373a64 -> 42d4f5fcd362a4c9
[CHAIN] 42d4f5fcd362a4c9 -> 6e07c9d869f8a092
[CHAIN] 6e07c9d869f8a092 -> 0e2d59340cbe7fd2
[CHAIN] 0e2d59340cbe7fd2 -> b0b89cbc40495fd9
[CHAIN] b0b89cbc40495fd9 -> d5af01beca332b71
[CHAIN] d5af01beca332b71 -> c751f92e4c35e6de
[CHAIN] c751f92e4c35e6de -> 4c07091a55116e5b
[CHAIN] 4c07091a55116e5b -> eab2d802c231bef0
[CHAIN] eab2d802c231bef0 -> 5b82595235c2c6a0
[CHAIN] 5b82595235c2c6a0 -> f7cb66a4b15cf4d6
[CHAIN] f7cb66a4b15cf4d6 -> 269717f3c9bb9c6f
[CHAIN] 269717f3c9bb9c6f -> 8297ae897721e069
[CHAIN] 8297ae897721e069 -> 80b2936bcd422026
[CHAIN] 80b2936bcd422026 -> 9e79ce109c867898
[CHAIN] 9e79ce109c867898 -> 30277ec57780b428
[CHAIN] 30277ec57780b428 -> 0424486667b2c80f
[CHAIN] 0424486667b2c80f -> dc99f279acb8b1d8
[CHAIN] dc99f279acb8b1d8 -> df68a048c0e1c406
[CHAIN] df68a048c0e1c406 -> 26be020ee7523ce3
[CHAIN] 26be020ee7523ce3 -> 48a63bcc997f84a6
[CHAIN] 48a63bcc997f84a6 -> 9fdb224b1702acb7
[CHAIN] 9fdb224b1702acb7 -> ce6d3ad55af642de
[CHAIN] ce6d3ad55af642de -> 6d437dd65f054b28
[CHAIN] 6d437dd65f054b28 -> 895923993f35a6b3
[CHAIN] 895923993f35a6b3 -> a43623abd9021fad
[CHAIN] a43623abd9021fad -> cda28fc1295c1add
[CHAIN] cda28fc1295c1add -> 8be1f3f4d8cd7b03
[CHAIN] 8be1f3f4d8cd7b03 -> eabe66de3d28b88f
[CHAIN] eabe66de3d28b88f -> 8c84f0aa1ebd3717
[CHAIN] 8c84f0aa1ebd3717 -> db4040dc01e2146f
[CHAIN] db4040dc01e2146f -> f631bfca3ff37b68
[CHAIN] f631bfca3ff37b68 -> 2eeae8dacfb30122
[CHAIN] 2eeae8dacfb30122 -> 6abac78e8a199414
[CHAIN] 6abac78e8a199414 -> d338802dde499db7
[CHAIN] d338802dde499db7 -> 1e8e3cca5dbe6b99
[CHAIN] 1e8e3cca5dbe6b99 -> 94d34da6b8a2826e
[CHAIN] 94d34da6b8a2826e -> 051d46bbbd39096d
[CHAIN] 051d46bbbd39096d -> 1926720d3007c56d
[CHAIN] 1926720d3007c56d -> 638a2807bf6d4746
[CHAIN] 638a2807bf6d4746 -> 08fa48087e62ac77
[CHAIN] 08fa48087e62ac77 -> 5834718dcfdbab4c
[CHAIN] 5834718dcfdbab4c -> 35203cee022cdf1b
[CHAIN] 35203cee022cdf1b -> f26bb05472771b14
[CHAIN] f26bb05472771b14 -> e2a8537e65d5d269
[CHAIN] e2a8537e65d5d269 -> 9340494c7533742f
[CHAIN] 9340494c7533742f -> 0542f133c276c6a6
[CHAIN] 0542f133c276c6a6 -> 97a96927c5d778ae
[CHAIN] 97a96927c5d778ae -> ad9bc8ea9be27f44
[CHAIN] ad9bc8ea9be27f44 -> ce3c45bc4367b0a0
[CHAIN] ce3c45bc4367b0a0 -> aca20be25251c1bd
[CHAIN] aca20be25251c1bd -> 7108fbf3dc433774
[CHAIN] 7108fbf3dc433774 -> 7ed6143ba67aadc8
[CHAIN] 7ed6143ba67aadc8 -> e3f9032e7daf8aef
[CHAIN] e3f9032e7daf8aef -> c93b9923054c30c6
[CHAIN] c93b9923054c30c6 -> 4e012c3f36dcd557
[CHAIN] 4e012c3f36dcd557 -> e5cc254f502d9ab9
[CHAIN] e5cc254f502d9ab9 -> 0a4fa89be957267d
[CHAIN] 0a4fa89be957267d -> 8f5c41b41e8271a5
[CHAIN] 8f5c41b41e8271a5 -> e97d2bcd97c37f32
[CHAIN] e97d2bcd97c37f32 -> 0f282058ca897af2
[CHAIN] 0f282058ca897af2 -> bee4c8e081bfe6ba
[CHAIN] bee4c8e081bfe6ba -> 4a9a089a6094a2c3
[CHAIN] 4a9a089a6094a2c3 -> 7353254bbc67f709
[CHAIN] 7353254bbc67f709 -> 1b57b5f9cc09b593
[CHAIN] 1b57b5f9cc09b593 -> af8bc2575eb222e4
[CHAIN] af8bc2575eb222e4 -> e585f3ee662f6161
[CHAIN] e585f3ee662f6161 -> b7de87f57de3e179
[CHAIN] b7de87f57de3e179 -> 33cb61db26b557f6
[CHAIN] 33cb61db26b557f6 -> 6732fe5bb0472d35
[CHAIN] 6732fe5bb0472d35 -> d443016d856a7120
[CHAIN] d443016d856a7120 -> 9735994107366cf1
[CHAIN] 9735994107366cf1 -> fb9a2a6b7ab7d120
[CHAIN] fb9a2a6b7ab7d120 -> 0d0c50f5d936bd1f
[CHAIN] 0d0c50f5d936bd1f -> 93a070b153c29283
[CHAIN] 93a070b153c29283 -> 00edaea05486fcdc
[CHAIN] 00edaea05486fcdc -> f41d1471393fb84a
[CHAIN] f41d1471393fb84a -> 896e1722401c331a
[CHAIN] 896e1722401c331a -> dcbb7945a38394e7
[CHAIN] dcbb7945a38394e7 -> 2527b1155586f5f4
[CHAIN] 2527b1155586f5f4 -> d774fa846dd078b4
[CHAIN] d774fa846dd078b4 -> 2e490f505815c415
[CHAIN] 2e490f505815c415 -> 156e9b123e14fbcf
[CHAIN] 156e9b123e14fbcf -> 1f9d8585855043ff
[CHAIN] 1f9d8585855043ff -> 4a87e5a778c10227
[CHAIN] 4a87e5a778c10227 -> 9fba233a7b12d3ae
[CHAIN] 9fba233a7b12d3ae -> 4578ac87bc37c35e
[CHAIN] 4578ac87bc37c35e -> df346d4ac9e235a7
[CHAIN] df346d4ac9e235a7 -> 36fe02d72911da13
[CHAIN] 36fe02d72911da13 -> 2337bbcafaf000c1
[CHAIN] 2337bbcafaf000c1 -> 3b43e7f03acbc18a
[CHAIN] 3b43e7f03acbc18a -> a12e4597d4411aab
[CHAIN] a12e4597d4411aab -> 2ced6e708d5cf620
[CHAIN] 2ced6e708d5cf620 -> 54bb402033af7216
[CHAIN] 54bb402033af7216 -> 00e6e73df26b02cc
[CHAIN] 00e6e73df26b02cc -> a104557f74a56454
[CHAIN] a104557f74a56454 -> 835959efe096eda7
[CHAIN] 835959efe096eda7 -> 247f0eb63d263cb5
[CHAIN] 247f0eb63d263cb5 -> e15dde0463fa41de
[CHAIN] e15dde0463fa41de -> 6771c0344c31404b
[CHAIN] 6771c0344c31404b -> e3da20603c37f44e
[CHAIN] e3da20603c37f44e -> fb31d0d764c2d326
[CHAIN] fb31d0d764c2d326 -> 266bff2661ab8036
[CHAIN] 266bff2661ab8036 -> a56df28d2e145af7
[CHAIN] a56df28d2e145af7 -> 93096b3672025324
[CHAIN] 93096b3672025324 -> fd1da085089f5f99
[CHAIN] fd1da085089f5f99 -> 72b3992385f6a7dd
[CHAIN] 72b3992385f6a7dd -> 93d89e9ef9b0054f
[CHAIN] 93d89e9ef9b0054f -> 6d35d5e96c2f3ee2
[CHAIN] 6d35d5e96c2f3ee2 -> 7940c874f7a9a53d
[CHAIN] 7940c874f7a9a53d -> ead3da47cf3f25c0
[CHAIN] ead3da47cf3f25c0 -> fa679b1ebc0ab86e
[CHAIN] fa679b1ebc0ab86e -> 01b512d2fa6cb4a5
[CHAIN] 01b512d2fa6cb4a5 -> d4c86bd0e75d3c57
[CHAIN] d4c86bd0e75d3c57 -> 89fe0784aafa33e4
[CHAIN] 89fe0784aafa33e4 -> e97c5434f4af820e
[CHAIN] e97c5434f4af820e -> 01365b9a75832591
[CHAIN] 01365b9a75832591 -> b336f9594612aa74
[CHAIN] b336f9594612aa74 -> 8a38e377bdfec83a
[CHAIN] 8a38e377bdfec83a -> 97e82756c8902272
[CHAIN] 97e82756c8902272 -> 21306f9248dc5970
[CHAIN] 21306f9248dc5970 -> 05c704097f9c5c43
[CHAIN] 05c704097f9c5c43 -> 1888073eb3e1226a
[CHAIN] 1888073eb3e1226a -> 20584484631280ce
[CHAIN] 20584484631280ce -> dd43304c28fe2552
[CHAIN] dd43304c28fe2552 -> 5bba445343aae0e5
[CHAIN] 5bba445343aae0e5 -> d84c0ece119bb7e5
[CHAIN] d84c0ece119bb7e5 -> 1a217f774ec9d369
[CHAIN] 1a217f774ec9d369 -> e3ddca38c7b893f2
[CHAIN] e3ddca38c7b893f2 -> d9146b95e1c2ab3f
[CHAIN] d9146b95e1c2ab3f -> 5d77e082fa35ddd4
[CHAIN] 5d77e082fa35ddd4 -> 54bd90297bec6507
[CHAIN] 54bd90297bec6507 -> 312ed9c84dc840a4
[CHAIN] 312ed9c84dc840a4 -> bef8e2004123f589
[CHAIN] bef8e2004123f589 -> 0a6f8b8f66125a15
[CHAIN] 0a6f8b8f66125a15 -> aa85839f74478546
[CHAIN] aa85839f74478546 -> fa0854cb4cacde97
[CHAIN] fa0854cb4cacde97 -> d47a42ba286802b7
[CHAIN] d47a42ba286802b7 -> 58752632f608336e
[CHAIN] 58752632f608336e -> 09ccd5623eb9d5d0
[CHAIN] 09ccd5623eb9d5d0 -> 5c0a0a6e833ab683
[CHAIN] 5c0a0a6e833ab683 -> 05c71e59afdc439c
[CHAIN] 05c71e59afdc439c -> 8d247230cf789923
[CHAIN] 8d247230cf789923 -> bf24c1d3383f30f0
[CHAIN] bf24c1d3383f30f0 -> 1b0fedc92b87a571
[CHAIN] 1b0fedc92b87a571 -> 4e44a2a0d8a4862a
[CHAIN] 4e44a2a0d8a4862a -> 33a5930effc5302d
[CHAIN] 33a5930effc5302d -> 9398fabc1c747977
[CHAIN] 9398fabc1c747977 -> 08e92339dab934fc
[CHAIN] 08e92339dab934fc -> 28ab5b2c94ed0ba0
[CHAIN] 28ab5b2c94ed0ba0 -> f61f6ca2302e6ffe
[CHAIN] f61f6ca2302e6ffe -> 300a14ce0464d494
[CHAIN] 300a14ce0464d494 -> 71f2dc33d073761d
[CHAIN] 71f2dc33d073761d -> 04211dec1a371e81
[CHAIN] 04211dec1a371e81 -> 3d1bcfe027754257
[CHAIN] 3d1bcfe027754257 -> ddf193e93714326c
[CHAIN] ddf193e93714326c -> bd121175c3eff1d9
[CHAIN] bd121175c3eff1d9 -> 1844a8f0c0404237
[CHAIN] 1844a8f0c0404237 -> 09ddc5f2214e99f4
[CHAIN] 09ddc5f2214e99f4 -> b2f6c9f2ee9ab14f
[CHAIN] b2f6c9f2ee9ab14f -> 20923a8ee0e0f9c8
[CHAIN] 20923a8ee0e0f9c8 -> 1c34c89e86eefab8
[CHAIN] 1c34c89e86eefab8 -> 61d2dfb7baa53dc0
[CHAIN] 61d2dfb7baa53dc0 -> 9821306a1bc87d54
[CHAIN] 9821306a1bc87d54 -> 04288355bde01896
[CHAIN] 04288355bde01896 -> 63773021c1fd573d
[CHAIN] 63773021c1fd573d -> 54ee13c9dc76bf16
[CHAIN] 54ee13c9dc76bf16 -> d8f0a34f54454ae4
[CHAIN] d8f0a34f54454ae4 -> b22e481d6b9e3007
[CHAIN] b22e481d6b9e3007 -> e4e858167c5a5123
[CHAIN] e4e858167c5a5123 -> 35195400a88e2267
[CHAIN] 35195400a88e2267 -> f1885430af25c340
[CHAIN] f1885430af25c340 -> e50770f40115e260
[CHAIN] e50770f40115e260 -> 3af43874fa24f8a3
[CHAIN] 3af43874fa24f8a3 -> b918237fb7f5c46c
[CHAIN] b918237fb7f5c46c -> ec3c3902bbd64032
[CHAIN] ec3c3902bbd64032 -> d2aaa7da8972cc34
[CHAIN] d2aaa7da8972cc34 -> 0e4dba26d3a3e50f
[CHAIN] 0e4dba26d3a3e50f -> 6f4eaa31c7596873
[CHAIN] 6f4eaa31c7596873 -> b7227923ea2773f9
[CHAIN] b7227923ea2773f9 -> 2b7e35446d07e60b
[CHAIN] 2b7e35446d07e60b -> 9211fcc6e60e620d
[CHAIN] 9211fcc6e60e620d -> b102b0a278df4559
[CHAIN] b102b0a278df4559 -> 60894e51eee49b57
[CHAIN] 60894e51eee49b57 -> 597236da851d5255
[CHAIN] 597236da851d5255 -> 21c460f66df48af3
[CHAIN] 21c460f66df48af3 -> 07f2c18c17529672
[CHAIN] 07f2c18c17529672 -> f669b0d099a5ca9e
[CHAIN] f669b0d099a5ca9e -> cf43e91f6bbdab16
[CHAIN] cf43e91f6bbdab16 -> 184c3ace60f40687
[CHAIN] 184c3ace60f40687 -> e15c484fab04be34
[CHAIN] e15c484fab04be34 -> 001bd3c0543da010
[CHAIN] 001bd3c0543da010 -> 43a2df43712ad709
[CHAIN] 43a2df43712ad709 -> 19cc2399309d830e
[CHAIN] 19cc2399309d830e -> 599bcc5087ee63e1
[CHAIN] 599bcc5087ee63e1 -> 65af6be302e74fee
[CHAIN] 65af6be302e74fee -> b42bb696f1d8f11c
[CHAIN] b42bb696f1d8f11c -> ceec6fd6b3f339f1
[CHAIN] ceec6fd6b3f339f1 -> a1fcb70921bdf4b7
[CHAIN] a1fcb70921bdf4b7 -> a5d535ac15545518
[CHAIN] a5d535ac15545518 -> 4cf04e40949c0e0d
[CHAIN] 4cf04e40949c0e0d -> e1ffaad7db47457a
[CHAIN] e1ffaad7db47457a -> edce346ed4f199cf
[CHAIN] edce346ed4f199cf -> e734b8dc0ef0c121
[CHAIN] e734b8dc0ef0c121 -> 82c471c3c69d6e6a
[CHAIN] 82c471c3c69d6e6a -> 7642445781dd9ba7
[CHAIN] 7642445781dd9ba7 -> 70aebff8b3ab9d9f
[CHAIN] 70aebff8b3ab9d9f -> 8a45c02b2910aa10
[CHAIN] 8a45c02b2910aa10 -> d43f4dedb00ef984
[CHAIN] d43f4dedb00ef984 -> 593c30c2704763a1
[CHAIN] 593c30c2704763a1 -> 76a425ba2ab1e0de
[CHAIN] 76a425ba2ab1e0de -> a208f85986fd75f3
[CHAIN] a208f85986fd75f3 -> 06cbf05327ec3397
[CHAIN] 06cbf05327ec3397 -> 1a2e4237b2b1001c
[CHAIN] 1a2e4237b2b1001c -> a078306ac1118a91
[CHAIN] a078306ac1118a91 -> 3bddad419308ee32
[CHAIN] 3bddad419308ee32 -> 7c68fdca2c519382
[CHAIN] 7c68fdca2c519382 -> 9d5a7415e75dde5d
[CHAIN] 9d5a7415e75dde5d -> 7fce42d07bf0dcec
[CHAIN] 7fce42d07bf0dcec -> 9a1c403197bb670b
[CHAIN] 9a1c403197bb670b -> aaabca77169ae3e4
[CHAIN] aaabca77169ae3e4 -> a2e7c8f4d638ddfc
[CHAIN] a2e7c8f4d638ddfc -> 8eb64f0b5e98c84a
[CHAIN] 8eb64f0b5e98c84a -> 1ee815407e65404f
[CHAIN] 1ee815407e65404f -> de28b1fce927b6c1
[CHAIN] de28b1fce927b6c1 -> 3ea1e9b73000706a
[CHAIN] 3ea1e9b73000706a -> 095614d6b718f225
[CHAIN] 095614d6b718f225 -> 4eeb83e6b6e55070
[CHAIN] 4eeb83e6b6e55070 -> 9d4870b9bbdbc80c
[CHAIN] 9d4870b9bbdbc80c -> 3580e43caf451e25
[CHAIN] 3580e43caf451e25 -> 612cb9eca0eda316
[CHAIN] 612cb9eca0eda316 -> 08c3b71937599f28
[CHAIN] 08c3b71937599f28 -> dbf8a7adbe2a42ab
[CHAIN] dbf8a7adbe2a42ab -> 30ae4b3c5926de4e
[CHAIN] 30ae4b3c5926de4e -> 8252dd6348f1907e
[CHAIN] 8252dd6348f1907e -> bacd35373c35b57d
[CHAIN] bacd35373c35b57d -> fd579ea05093c847
[CHAIN] fd579ea05093c847 -> 22bb82f07a34994e
[CHAIN] 22bb82f07a34994e -> e5054d4ffb13d925
[CHAIN] e5054d4ffb13d925 -> 76f1d24519aaec2a
[CHAIN] 76f1d24519aaec2a -> 2d1475c8b358924f
[CHAIN] 2d1475c8b358924f -> f2fb277c78777682
[CHAIN] f2fb277c78777682 -> a8b3446d36e81176
[CHAIN] a8b3446d36e81176 -> 037f91d1c643cb6a
[CHAIN] 037f91d1c643cb6a -> 5d3bd0b99c9f48a0
[CHAIN] 5d3bd0b99c9f48a0 -> 30d7f7e58cbd3f7d
[CHAIN] 30d7f7e58cbd3f7d -> 0c44b764093c7660
[CHAIN] 0c44b764093c7660 -> 2215f6f8c404ca8c
[CHAIN] 2215f6f8c404ca8c -> f16450c6862f161e
[CHAIN] f16450c6862f161e -> 8844d07a913ecc00
[CHAIN] 8844d07a913ecc00 -> 32c51c86a147d9ff
[CHAIN] 32c51c86a147d9ff -> 8bca46f9d62f9be3
[CHAIN] 8bca46f9d62f9be3 -> c062a7e20739ce54
[CHAIN] c062a7e20739ce54 -> ef3738fdd432521c
[CHAIN] ef3738fdd432521c -> 1995ed25653443b6
[CHAIN] 1995ed25653443b6 -> 7fff2cab4f5b94ba
[CHAIN] 7fff2cab4f5b94ba -> d72cbdc15677738f
[CHAIN] d72cbdc15677738f -> 4d4fbfa4aca4a6a6
[CHAIN] 4d4fbfa4aca4a6a6 -> 4aab3984f6e90a23
[CHAIN] 4aab3984f6e90a23 -> 1a9dcc30e308c62b
[CHAIN] 1a9dcc30e308c62b -> 0a23154874ef8b76
[CHAIN] 0a23154874ef8b76 -> 56aef1142df1f0c4
[CHAIN] 56aef1142df1f0c4 -> 06e58e097c4116e8
[CHAIN] 06e58e097c4116e8 -> 5c3386894e374072
[CHAIN] 5c3386894e374072 -> db2dc8bcfcb32445
[CHAIN] db2dc8bcfcb32445 -> a9a71b0ce2d11a0f
[CHAIN] a9a71b0ce2d11a0f -> 6d2421b0cf5a2777
[CHAIN] 6d2421b0cf5a2777 -> f8e2c6d23a22bf66
[CHAIN] f8e2c6d23a22bf66 -> 25af924b22a73f15
[CHAIN] 25af924b22a73f15 -> 4ab1a4ed86a49c2c
[CHAIN] 4ab1a4ed86a49c2c -> aebddfeb45b9b4fd
[CHAIN] aebddfeb45b9b4fd -> 8aa7f3dccf2e99e8
[CHAIN] 8aa7f3dccf2e99e8 -> 18c0efe5e9684265
[CHAIN] 18c0efe5e9684265 -> 159d74686b3c4e3d
[CHAIN] 159d74686b3c4e3d -> a5418773fb358cbf
[CHAIN] a5418773fb358cbf -> 05ad003cfd3872a2
[CHAIN] 05ad003cfd3872a2 -> 49520280e7f81060
[CHAIN] 49520280e7f81060 -> 2d26a02f63c0e72e
[CHAIN] 2d26a02f63c0e72e -> 1de6bdf06a4b3770
[CHAIN] 1de6bdf06a4b3770 -> cfad1aaec41bf134
[CHAIN] cfad1aaec41bf134 -> a2935743d3ec14da
[CHAIN] a2935743d3ec14da -> 2a25caf1275ec096
[CHAIN] 2a25caf1275ec096 -> 30a21dbfa7e2cf04
[CHAIN] 30a21dbfa7e2cf04 -> 1d4551e53f62266a
[CHAIN] 1d4551e53f62266a -> d53b893c824f5fe7
[CHAIN] d53b893c824f5fe7 -> 4067b63bc408d1e7
[CHAIN] 4067b63bc408d1e7 -> 79bbfc75496eb5a6
[CHAIN] 79bbfc75496eb5a6 -> 4ec1f0039f2556d2
[CHAIN] 4ec1f0039f2556d2 -> 977fffc88f1313e1
[CHAIN] 977fffc88f1313e1 -> 6ec1a0d1c0f72571
[CHAIN] 6ec1a0d1c0f72571 -> abe62034b8ce3cbc
[CHAIN] abe62034b8ce3cbc -> 0e2762a9d0e5c9ee
[CHAIN] 0e2762a9d0e5c9ee -> 696aa4c8b3e2fd10
[CHAIN] 696aa4c8b3e2fd10 -> 744f56f9451b5f58
[CHAIN] 744f56f9451b5f58 -> e3fa73e785092548
[CHAIN] e3fa73e785092548 -> 711babe011714522
[CHAIN] 711babe011714522 -> c06a0925f50de5ce
[CHAIN] c06a0925f50de5ce -> d2c100beda33a84d
[CHAIN] d2c100beda33a84d -> 1df87a52581a1d9a
[CHAIN] 1df87a52581a1d9a -> cdd85286162afd3a
[CHAIN] cdd85286162afd3a -> 4d068f317eb85b24
[CHAIN] 4d068f317eb85b24 -> d2d396f249b1c32e
[CHAIN] d2d396f249b1c32e -> b6fa9d70fa8b9950
[CHAIN] b6fa9d70fa8b9950 -> 24f25cd70e2ee6be
[CHAIN] 24f25cd70e2ee6be -> 1b7eecfa17b4365f
[CHAIN] 1b7eecfa17b4365f -> 2c6f2d69d7bc65ef
[CHAIN] 2c6f2d69d7bc65ef -> a61ecfe142f2e829
[CHAIN] a61ecfe142f2e829 -> d118c678fe1763be
[CHAIN] d118c678fe1763be -> b772cf4cdc7c6698
[CHAIN] b772cf4cdc7c6698 -> 81cd21faed2a8129
[CHAIN] 81cd21faed2a8129 -> c59d370c4c3ca4ee
[CHAIN] c59d370c4c3ca4ee -> dfcb957c640cee50
[CHAIN] dfcb957c640cee50 -> 866437666b5b4111
[CHAIN] 866437666b5b4111 -> 2a8129ecae4511dc
[CHAIN] 2a8129ecae4511dc -> 5e0fd58ee43bde31
[CHAIN] 5e0fd58ee43bde31 -> 621ac0cde7fa2f80
[CHAIN] 621ac0cde7fa2f80 -> 4ca023c3c6d5744f
[CHAIN] 4ca023c3c6d5744f -> e999cca8287aa203
[CHAIN] e999cca8287aa203 -> 70b78012394c9dff
[CHAIN] 70b78012394c9dff -> dacc44cc7966ab12
[CHAIN] dacc44cc7966ab12 -> a262d0dfea92e0fc
[CHAIN] a262d0dfea92e0fc -> 87b98d6706e8e47a
[CHAIN] 87b98d6706e8e47a -> c961a9666aec2e23
[CHAIN] c961a9666aec2e23 -> 85c85e3df4bc9cd1
[CHAIN] 85c85e3df4bc9cd1 -> 4acf67f904a13281
[CHAIN] 4acf67f904a13281 -> 95124bdca199c768
[CHAIN] 95124bdca199c768 -> a16320ab19c9c30d
[CHAIN] a16320ab19c9c30d -> 9d0655f7b1da230c
[CHAIN] 9d0655f7b1da230c -> 3c95885d6873bd9c
[CHAIN] 3c95885d6873bd9c -> 520516993caa6c1f
[CHAIN] 520516993caa6c1f -> 1efcbaf606423b50
[CHAIN] 1efcbaf606423b50 -> c1cef321f39f47e9
[CHAIN] c1cef321f39f47e9 -> de590266ccc2d3d7
[CHAIN] de590266ccc2d3d7 -> c5c8b2132ae614c4
[CHAIN] c5c8b2132ae614c4 -> af82c72606c0767e
[CHAIN] af82c72606c0767e -> e9348745ef8bbef3
[CHAIN] e9348745ef8bbef3 -> 0309a4c05501fb15
[CHAIN] 0309a4c05501fb15 -> 92359d2c81cee159
[CHAIN] 92359d2c81cee159 -> 9a46bc9051416610
[CHAIN] 9a46bc9051416610 -> 730b48b96f28f38b
[CHAIN] 730b48b96f28f38b -> 6a401c43610ca0ce
[CHAIN] 6a401c43610ca0ce -> a52fbe62984cf614
[CHAIN] a52fbe62984cf614 -> fc19f5188e471051
[CHAIN] fc19f5188e471051 -> d4cdd27e91111871
[CHAIN] d4cdd27e91111871 -> 5d8b832dab6ef686
[CHAIN] 5d8b832dab6ef686 -> f834db46e469e1e6
[CHAIN] f834db46e469e1e6 -> 288000311c8f2955
[CHAIN] 288000311c8f2955 -> 0e3e0d015c5da8de
[CHAIN] 0e3e0d015c5da8de -> a9a58959044b024c
[CHAIN] a9a58959044b024c -> b5feb6bd4ed03053
[CHAIN] b5feb6bd4ed03053 -> fe4b479a7f685579
[CHAIN] fe4b479a7f685579 -> f9ac2f060ccbcb04
[CHAIN] f9ac2f060ccbcb04 -> 5599696ac0a29a02
[CHAIN] 5599696ac0a29a02 -> 8e82f5329eed0df4
[CHAIN] 8e82f5329eed0df4 -> 0ea70cf44f08571e
[CHAIN] 0ea70cf44f08571e -> 56d4101a4a7f68f8
[CHAIN] 56d4101a4a7f68f8 -> 7fe1a0377dd49ece
[CHAIN] 7fe1a0377dd49ece -> 25a71d43f5294c33
[CHAIN] 25a71d43f5294c33 -> 047e8ca2d65b1a62
[CHAIN] 047e8ca2d65b1a62 -> c6ccef83314575e7
[CHAIN] c6ccef83314575e7 -> a1c9782abd898dd6
[CHAIN] a1c9782abd898dd6 -> 682cf5c702dbccd7
[CHAIN] 682cf5c702dbccd7 -> 4ad96728698cb2d2
[CHAIN] 4ad96728698cb2d2 -> 03ebc001626ca67e
[CHAIN] 03ebc001626ca67e -> 70f3c2b90b2e82ed
[CHAIN] 70f3c2b90b2e82ed -> 0c36181655b87f1f
[CHAIN] 0c36181655b87f1f -> 473ed6cf8d01bca9
[CHAIN] 473ed6cf8d01bca9 -> 33037707400de9f2
[CHAIN] 33037707400de9f2 -> 7312415168cc4fb2
[CHAIN] 7312415168cc4fb2 -> c2c82586bcf7d12e
[CHAIN] c2c82586bcf7d12e -> 31ce79a1edc043e3
[CHAIN] 31ce79a1edc043e3 -> 70af8dbeff4d07b1
[CHAIN] 70af8dbeff4d07b1 -> 19a5409fccc5c9ad
[CHAIN] 19a5409fccc5c9ad -> 55a126e9e9d0c463
[CHAIN] 55a126e9e9d0c463 -> 4c8080ebc260ae16
[CHAIN] 4c8080ebc260ae16 -> 6d0fb5376481cc68
[CHAIN] 6d0fb5376481cc68 -> 01667e8461735edb
[CHAIN] 01667e8461735edb -> edef52e76b9eb252
[CHAIN] edef52e76b9eb252 -> 47126f4b51e76dfa
[CHAIN] 47126f4b51e76dfa -> 2719f69f446bc639
[CHAIN] 2719f69f446bc639 -> 1cb5b0c8de6d70e4
[CHAIN] 1cb5b0c8de6d70e4 -> 9e9f5a441a8bca30
[CHAIN] 9e9f5a441a8bca30 -> da28a88126035efb
[CHAIN] da28a88126035efb -> fd2b518fcb1238d4
[CHAIN] fd2b518fcb1238d4 -> caeca8ba1261fc12
[CHAIN] caeca8ba1261fc12 -> c236d2ffc1b5b5f6
[CHAIN] c236d2ffc1b5b5f6 -> dace55377526d7fd
[CHAIN] dace55377526d7fd -> 4211f04c4fd587dc
[CHAIN] 4211f04c4fd587dc -> 8828e787267c84b6
[CHAIN] 8828e787267c84b6 -> 4b2fa403679d4c5f
[CHAIN] 4b2fa403679d4c5f -> aa9bde02ba82c6e7
[CHAIN] aa9bde02ba82c6e7 -> f35218b0a284d555
[CHAIN] f35218b0a284d555 -> 8b076d5e6aa7d2d8
[CHAIN] 8b076d5e6aa7d2d8 -> 96a8a4c5a4573475
[CHAIN] 96a8a4c5a4573475 -> 782eee057fc3a73d
[CHAIN] 782eee057fc3a73d -> c74d410408315c8d
[CHAIN] c74d410408315c8d -> 7a7dddddc43718fd
[CHAIN] 7a7dddddc43718fd -> a056ed093aacb127
[CHAIN] a056ed093aacb127 -> d23eef2c37149f1a
[CHAIN] d23eef2c37149f1a -> 897ca274f1908ff5
[CHAIN] 897ca274f1908ff5 -> f35fe21c18f9cc0f
[CHAIN] f35fe21c18f9cc0f -> 34350afafe9e500f
[CHAIN] 34350afafe9e500f -> 1fcffbbc9524c521
[CHAIN] 1fcffbbc9524c521 -> c312027bea6ef641
[CHAIN] c312027bea6ef641 -> 424a3021f1e75e00
[CHAIN] 424a3021f1e75e00 -> e6080ebb0b7281fb
[CHAIN] e6080ebb0b7281fb -> 183a8fcc7f7d40f7
[CHAIN] 183a8fcc7f7d40f7 -> 4ec35b2fbc6705c5
[CHAIN] 4ec35b2fbc6705c5 -> 3202682fe9aba128
[CHAIN] 3202682fe9aba128 -> a72bd27251750956
[CHAIN] a72bd27251750956 -> fc7ef5eac2cd9dd0
[CHAIN] fc7ef5eac2cd9dd0 -> 9c8f541f77d24b31
[CHAIN] 9c8f541f77d24b31 -> 45e2d13d0f16b3b1
[CHAIN] 45e2d13d0f16b3b1 -> ffd4057ab06c0839
[CHAIN] ffd4057ab06c0839 -> 3e571f31a3e233fd
[CHAIN] 3e571f31a3e233fd -> 42771024a2228726
[CHAIN] 42771024a2228726 -> 9fd86e62dfa74466
[CHAIN] 9fd86e62dfa74466 -> 38564530134c0cf4
[CHAIN] 38564530134c0cf4 -> e8f9089a07e93a84
[CHAIN] e8f9089a07e93a84 -> f646379bff62db92
[CHAIN] f646379bff62db92 -> 5a314215239f5230
[CHAIN] 5a314215239f5230 -> a661e14b5234fe8b
[CHAIN] a661e14b5234fe8b -> 7e5d64f20159e22b
[CHAIN] 7e5d64f20159e22b -> 6f0117b2f49dca1b
[CHAIN] 6f0117b2f49dca1b -> c0fcf08c7807af76
[CHAIN] c0fcf08c7807af76 -> 8f38c0e8443d912b
[CHAIN] 8f38c0e8443d912b -> 00c8cd61427903b5
[CHAIN] 00c8cd61427903b5 -> 38b2c4d73af4a168
[CHAIN] 38b2c4d73af4a168 -> a723743a8a199857
[CHAIN] a723743a8a199857 -> 5d69dcc1adb3364c
[CHAIN] 5d69dcc1adb3364c -> 79b666241a32134c
[CHAIN] 79b666241a32134c -> 2c543b6851c50c2f
[CHAIN] 2c543b6851c50c2f -> 759c59f42f2ec2dd
[CHAIN] 759c59f42f2ec2dd -> 8bae460376e344ec
[CHAIN] 8bae460376e344ec -> c58a27ae72300e50
[CHAIN] c58a27ae72300e50 -> ac8720eeaa346b6b
[CHAIN] ac8720eeaa346b6b -> 60792377df56a819
[CHAIN] 60792377df56a819 -> c96b91151f36be3c
[CHAIN] c96b91151f36be3c -> 40d1123f32cef934
[CHAIN] 40d1123f32cef934 -> cde49df0ddbeae81
[CHAIN] cde49df0ddbeae81 -> 71ce19b253889556
[CHAIN] 71ce19b253889556 -> 3118761fecf04d62
[CHAIN] 3118761fecf04d62 -> 01cebf733bc71922
[CHAIN] 01cebf733bc71922 -> ed656e0f719bc1c4
[CHAIN] ed656e0f719bc1c4 -> d545da99a968e25c
[CHAIN] d545da99a968e25c -> 9f1114a825a85ae8
[CHAIN] 9f1114a825a85ae8 -> 560c5aa267d47a43
[CHAIN] 560c5aa267d47a43 -> eb700f5902b699d2
[CHAIN] eb700f5902b699d2 -> 02be1c556e1ad726
[CHAIN] 02be1c556e1ad726 -> ef7706e53a38d8b2
[CHAIN] ef7706e53a38d8b2 -> 5dc344935ae5493d
[CHAIN] 5dc344935ae5493d -> 6b61e8fb4fb6962f
[CHAIN] 6b61e8fb4fb6962f -> 824240ea5a7c824b
[CHAIN] 824240ea5a7c824b -> c0f46c104971a37f
[CHAIN] c0f46c104971a37f -> c8e0f7a82677a47f
[CHAIN] c8e0f7a82677a47f -> 76eee715796fd934
[CHAIN] 76eee715796fd934 -> e12cc08000501bb0
[CHAIN] e12cc08000501bb0 -> c174a51bdb171871
[CHAIN] c174a51bdb171871 -> 29fdaac16018e6da
[CHAIN] 29fdaac16018e6da -> be98276f07ccc0ce
[CHAIN] be98276f07ccc0ce -> 35620839783cd5e9
[CHAIN] 35620839783cd5e9 -> 8db2c957c3e6456b
[CHAIN] 8db2c957c3e6456b -> fa9d3b910691f783
[CHAIN] fa9d3b910691f783 -> 05be7a3a8290bdc1
[CHAIN] 05be7a3a8290bdc1 -> 421ede6ab04b28bf
[CHAIN] 421ede6ab04b28bf -> a450e1c6fce66df5
[CHAIN] a450e1c6fce66df5 -> dfc3dd4cdaf9a981
[CHAIN] dfc3dd4cdaf9a981 -> a76c649ff309eff3
[CHAIN] a76c649ff309eff3 -> 2ed97413b7af9dba
[CHAIN] 2ed97413b7af9dba -> 8b0e3356cff45ce7
[CHAIN] 8b0e3356cff45ce7 -> 33c1a66077fbc2cb
[CHAIN] 33c1a66077fbc2cb -> 5373d943d9498aee
[CHAIN] 5373d943d9498aee -> 7519184f821a3603
[CHAIN] 7519184f821a3603 -> b8d25c9b11f7dd00
[CHAIN] b8d25c9b11f7dd00 -> 6838c8a86c434f1a
[CHAIN] 6838c8a86c434f1a -> e2ca2cf7949fa371
[CHAIN] e2ca2cf7949fa371 -> 96eebdfb6599c0ca
[CHAIN] 96eebdfb6599c0ca -> 3347ca3066b4e2f5
[CHAIN] 3347ca3066b4e2f5 -> 2fd12bddd57d8a96
[CHAIN] 2fd12bddd57d8a96 -> 2278ac02ebde63b0
[CHAIN] 2278ac02ebde63b0 -> 20d645e2f6eb957d
[CHAIN] 20d645e2f6eb957d -> b3c1f4029e5c11f7
[CHAIN] b3c1f4029e5c11f7 -> bc770bd7d36ea0b4
[CHAIN] bc770bd7d36ea0b4 -> 6966a96d009309f5
[CHAIN] 6966a96d009309f5 -> d96d422481dcec75
[CHAIN] d96d422481dcec75 -> 260ee53ea22695d2
[CHAIN] 260ee53ea22695d2 -> cbe3b7eeca92028d
[CHAIN] cbe3b7eeca92028d -> ccdb967d652001a2
[CHAIN] ccdb967d652001a2 -> 9b35f3f3fc9789d1
[CHAIN] 9b35f3f3fc9789d1 -> f08ce6d31caa65f8
[CHAIN] f08ce6d31caa65f8 -> fc9e91f412c4f6b3
[CHAIN] fc9e91f412c4f6b3 -> 8eeca52491d9eee6
[CHAIN] 8eeca52491d9eee6 -> a61f6c7a528ac5e4
[CHAIN] a61f6c7a528ac5e4 -> 2e11159d27545fb0
[CHAIN] 2e11159d27545fb0 -> 6940583bde8a7d92
[CHAIN] 6940583bde8a7d92 -> 32da489c7b4a5c23
[CHAIN] 32da489c7b4a5c23 -> c4a4ecb15b04abd6
[CHAIN] c4a4ecb15b04abd6 -> 40536c7befaacf15
[CHAIN] 40536c7befaacf15 -> ebfe904ae8b7057a
[CHAIN] ebfe904ae8b7057a -> 8b335b4d3072c63e
[CHAIN] 8b335b4d3072c63e -> b2228da2f434def9
[CHAIN] b2228da2f434def9 -> 09af79681f901c50
[CHAIN] 09af79681f901c50 -> 4ab6529ed7ffe5cf
[CHAIN] 4ab6529ed7ffe5cf -> e78041d82cd5c406
[CHAIN] e78041d82cd5c406 -> 0079b22c24c128ad
[CHAIN] 0079b22c24c128ad -> e84cb1824baa7070
[CHAIN] e84cb1824baa7070 -> 8554b5705035a2b4
[CHAIN] 8554b5705035a2b4 -> 80edd5545dd063ab
[CHAIN] 80edd5545dd063ab -> b80f9b8d87ad2e05
[CHAIN] b80f9b8d87ad2e05 -> 5bb1849be17698be
[CHAIN] 5bb1849be17698be -> 190b313cc64ed79f
[CHAIN] 190b313cc64ed79f -> 02a1b55aad000917
[CHAIN] 02a1b55aad000917 -> 5fed261767822ebd
[CHAIN] 5fed261767822ebd -> 5db99bd5446591a5
[CHAIN] 5db99bd5446591a5 -> 722d7526fce941b6
[CHAIN] 722d7526fce941b6 -> 3692af25f260935b
[CHAIN] 3692af25f260935b -> 1413033ca4f562ea
[CHAIN] 1413033ca4f562ea -> c2b8e7af6cb73eb9
[CHAIN] c2b8e7af6cb73eb9 -> 6a5b960382f58442
[CHAIN] 6a5b960382f58442 -> 56c0a7e0522ef7b1
[CHAIN] 56c0a7e0522ef7b1 -> 78ad86d95c80b47f
[CHAIN] 78ad86d95c80b47f -> 78c5de765ae105bd
[CHAIN] 78c5de765ae105bd -> 2c2bd32b5db4d3a8
[CHAIN] 2c2bd32b5db4d3a8 -> 8f8d5af4c4cc1af6
[CHAIN] 8f8d5af4c4cc1af6 -> 0b311169833f669f
[CHAIN] 0b311169833f669f -> bb5a7f92bf5938b1
[CHAIN] bb5a7f92bf5938b1 -> 307636059d8f1572
[CHAIN] 307636059d8f1572 -> 74312c3bd08b0c86
[CHAIN] 74312c3bd08b0c86 -> cfe86eb8d7c8daad
[CHAIN] cfe86eb8d7c8daad -> b868406261623268
[CHAIN] b868406261623268 -> 3527b888a1f2a9e2
[CHAIN] 3527b888a1f2a9e2 -> db113f30a64384e0
[CHAIN] db113f30a64384e0 -> 70f3eb1ba55de0b2
[CHAIN] 70f3eb1ba55de0b2 -> 40635c54139127a4
[CHAIN] 40635c54139127a4 -> ae97f884d28d27d3
[CHAIN] ae97f884d28d27d3 -> 93050d911049d572
[CHAIN] 93050d911049d572 -> 322543f4383ea372
[CHAIN] 322543f4383ea372 -> fc84d3bdccd71df1
[CHAIN] fc84d3bdccd71df1 -> 84711c6471571985
[CHAIN] 84711c6471571985 -> 6876f3aa27f1aecd
[CHAIN] 6876f3aa27f1aecd -> 6b1c5784a26b78ce
[CHAIN] 6b1c5784a26b78ce -> 172ec054ca4619ba
[CHAIN] 172ec054ca4619ba -> d16ec33a941c70ec
[CHAIN] d16ec33a941c70ec -> b08253c852ae86ba
[CHAIN] b08253c852ae86ba -> c4fe1a7510a761f5
[CHAIN] c4fe1a7510a761f5 -> d7b4e4d740996f0b
[CHAIN] d7b4e4d740996f0b -> 4847fb0822f4b3d4
[CHAIN] 4847fb0822f4b3d4 -> 441961da8f07c9bb
[CHAIN] 441961da8f07c9bb -> 82507fb4ee4ed4e9
[CHAIN] 82507fb4ee4ed4e9 -> d71f58eb95f65be8
[CHAIN] d71f58eb95f65be8 -> 88113f6a47a70ad8
[CHAIN] 88113f6a47a70ad8 -> 2733f1d1841e5abb
[CHAIN] 2733f1d1841e5abb -> e471f038efa80de2
[CHAIN] e471f038efa80de2 -> 34a887e1ee2c5e2e
[CHAIN] 34a887e1ee2c5e2e -> 2951e33fb36e2139
[CHAIN] 2951e33fb36e2139 -> ba8bcbfbdf2d12ba
[CHAIN] ba8bcbfbdf2d12ba -> b4c5498ebb1443c2
[CHAIN] b4c5498ebb1443c2 -> 7ddaf024f49a6e4c
[CHAIN] 7ddaf024f49a6e4c -> 6f57ed0a0e59973b
[CHAIN] 6f57ed0a0e59973b -> 3f674f3b91b06c0b
[CHAIN] 3f674f3b91b06c0b -> 579e631b4b15fa38
[CHAIN] 579e631b4b15fa38 -> 547557846b978e56
[CHAIN] 547557846b978e56 -> d427a2aeee562fa0
[CHAIN] d427a2aeee562fa0 -> 71b552d513aa41ed
[CHAIN] 71b552d513aa41ed -> c24b9b144752a965
[CHAIN] c24b9b144752a965 -> d33d69f6bc89afe9
[CHAIN] d33d69f6bc89afe9 -> 053521d5c165a42c
[CHAIN] 053521d5c165a42c -> 5e20682d320afeb8
[CHAIN] 5e20682d320afeb8 -> 6f33c321cc07c2c9
[CHAIN] 6f33c321cc07c2c9 -> b35abda1156981e0
[CHAIN] b35abda1156981e0 -> 9942adba3aa36641
[CHAIN] 9942adba3aa36641 -> 2b8d83a3c2fd0ce0
[CHAIN] 2b8d83a3c2fd0ce0 -> 1ba78285769ccba1
[CHAIN] 1ba78285769ccba1 -> 9e0498bdccf31e27
[CHAIN] 9e0498bdccf31e27 -> 2b76042e0ac5d118
[CHAIN] 2b76042e0ac5d118 -> 372eb4eaaf588212
[CHAIN] 372eb4eaaf588212 -> d62b067ae18d2ebe
[CHAIN] d62b067ae18d2ebe -> 61280bf12ec35ceb
[CHAIN] 61280bf12ec35ceb -> 85ab8051b0d38734
[CHAIN] 85ab8051b0d38734 -> 63fc7628e5699959
[CHAIN] 63fc7628e5699959 -> 01e5ec407840f5c2
[CHAIN] 01e5ec407840f5c2 -> 763708bd88c5e329
[CHAIN] 763708bd88c5e329 -> bec6fafa5b85d479
[CHAIN] bec6fafa5b85d479 -> cac4bbab9af7dfdc
[CHAIN] cac4bbab9af7dfdc -> 67a30bdda0f991d9
[CHAIN] 67a30bdda0f991d9 -> 13bddab39d0c8bdc
[CHAIN] 13bddab39d0c8bdc -> 6ee429c15830467b
[CHAIN] 6ee429c15830467b -> 5f59dc973b43a377
[CHAIN] 5f59dc973b43a377 -> cd25d073754f4f96
[CHAIN] cd25d073754f4f96 -> 23515148e528cfdf
[CHAIN] 23515148e528cfdf -> 89c580e7f496137a
[CHAIN] 89c580e7f496137a -> e531bd9bf2f10e28
[CHAIN] e531bd9bf2f10e28 -> b7418260b1fb1c7c
[CHAIN] b7418260b1fb1c7c -> 6677b60aa3ab3a84
[CHAIN] 6677b60aa3ab3a84 -> f36cdcf2c710f267
[CHAIN] f36cdcf2c710f267 -> 92f64bd779311949
[CHAIN] 92f64bd779311949 -> 78fa9fa964424fd5
[CHAIN] 78fa9fa964424fd5 -> 7d72a367031ccf1d
[CHAIN] 7d72a367031ccf1d -> 4abf635c868a4913
[CHAIN] 4abf635c868a4913 -> 625ea75e4b755993
[CHAIN] 625ea75e4b755993 -> eb10a2bb65c455b9
[CHAIN] eb10a2bb65c455b9 -> db3c5ce72aacf035
[CHAIN] db3c5ce72aacf035 -> 218a2bcd0cfc1b13
[CHAIN] 218a2bcd0cfc1b13 -> cd524386a15ff3a6
[CHAIN] cd524386a15ff3a6 -> aaf741b1f9a9ca41
[CHAIN] aaf741b1f9a9ca41 -> 7f7ed5f5fcd81a61
[CHAIN] 7f7ed5f5fcd81a61 -> 61d3b844c23ed1a9
[CHAIN] 61d3b844c23ed1a9 -> 4cbed60e7fe38a2f
[CHAIN] 4cbed60e7fe38a2f -> 20b7885228652c13
[CHAIN] 20b7885228652c13 -> 7e4e8cf25588cb8d
[CHAIN] 7e4e8cf25588cb8d -> eebbc4ef137bca86
[CHAIN] eebbc4ef137bca86 -> 1d0dd8ff7e4aeed5
[CHAIN] 1d0dd8ff7e4aeed5 -> f92713abcde749a1
[CHAIN] f92713abcde749a1 -> edb9ca2bd0fb35cd
[CHAIN] edb9ca2bd0fb35cd -> 5c71295de7617be4
[CHAIN] 5c71295de7617be4 -> 942aedcaec8a8de9
[CHAIN] 942aedcaec8a8de9 -> 353b0cd8d2cae08c
[CHAIN] 353b0cd8d2cae08c -> 2701223e1536c656
[CHAIN] 2701223e1536c656 -> a2daf30c6815b627
[CHAIN] a2daf30c6815b627 -> 6860a282debaab47
[CHAIN] 6860a282debaab47 -> a52429121745f1a3
[CHAIN] a52429121745f1a3 -> 1486ccb7598b8866
[CHAIN] 1486ccb7598b8866 -> 61eb33603c8c079f
[CHAIN] 61eb33603c8c079f -> 0ef80500fd3cafd2
[CHAIN] 0ef80500fd3cafd2 -> 7e9454f41ae031fd
[CHAIN] 7e9454f41ae031fd -> fcc3bb5baae0c646
[CHAIN] fcc3bb5baae0c646 -> af859d160c54e8d6
[CHAIN] af859d160c54e8d6 -> 6ae6b326bf705150
[CHAIN] 6ae6b326bf705150 -> 732fbe7011502def
[CHAIN] 732fbe7011502def -> 264e24c9c63c9592
[CHAIN] 264e24c9c63c9592 -> 725cde3eaf097ec7
[CHAIN] 725cde3eaf097ec7 -> d2dd5547d31880e9
[CHAIN] d2dd5547d31880e9 -> a0a540759d9f0032
[CHAIN] a0a540759d9f0032 -> e3aebd4799d2ae3e
[CHAIN] e3aebd4799d2ae3e -> 8bac32a37bddcb45
[CHAIN] 8bac32a37bddcb45 -> 8ffadbcea6012d6c
[CHAIN] 8ffadbcea6012d6c -> 9458558525bc0bb5
[CHAIN] 9458558525bc0bb5 -> 269fdb39a98cf765
[CHAIN] 269fdb39a98cf765 -> e815342e684ffa13
[CHAIN] e815342e684ffa13 -> d0c55e292987d2d1
[CHAIN] d0c55e292987d2d1 -> 8acd24bdc436911f
[CHAIN] 8acd24bdc436911f -> 6d945fcb66134020
[CHAIN] 6d945fcb66134020 -> 52c05ee344056284
[CHAIN] 52c05ee344056284 -> ffd85feea84676f0
[CHAIN] ffd85feea84676f0 -> 8f9b4463921f7b81
[CHAIN] 8f9b4463921f7b81 -> a0020d4e25f83053
[CHAIN] a0020d4e25f83053 -> cec6284a3ebafdba
[CHAIN] cec6284a3ebafdba -> 2742934e7cf187a3
[CHAIN] 2742934e7cf187a3 -> 7bbbe1a5df0c3c87
[CHAIN] 7bbbe1a5df0c3c87 -> d595ef9d528ff7f0
[CHAIN] d595ef9d528ff7f0 -> d52e3fddd8879295
[CHAIN] d52e3fddd8879295 -> f2cb365bf9eb5aa6
[CHAIN] f2cb365bf9eb5aa6 -> aee67684213b0ba9
[CHAIN] aee67684213b0ba9 -> c5e87410258c1cba
[CHAIN] c5e87410258c1cba -> 75f6e220345981fa
[CHAIN] 75f6e220345981fa -> c20438d951ba3d31
[CHAIN] c20438d951ba3d31 -> 4b180583da1dc5ca
[CHAIN] 4b180583da1dc5ca -> acf5f31f52cdb0f6
[CHAIN] acf5f31f52cdb0f6 -> bf4a235be851e48a
[CHAIN] bf4a235be851e48a -> b218f2fa0cde519c
[CHAIN] b218f2fa0cde519c -> 34fda54b62e0974f
[CHAIN] 34fda54b62e0974f -> 4bb0705855f17bfc
[CHAIN] 4bb0705855f17bfc -> 21ba39322dbb6005
[CHAIN] 21ba39322dbb6005 -> dc24f3030c895846
[CHAIN] dc24f3030c895846 -> 925bf5798398e43c
[CHAIN] 925bf5798398e43c -> 3bca70950c0c0576
[CHAIN] 3bca70950c0c0576 -> 93247872eb35b865
[CHAIN] 93247872eb35b865 -> 19c176309d15649d
[CHAIN] 19c176309d15649d -> 585eb321d2554906
[CHAIN] 585eb321d2554906 -> c8c2490d52fa1371
[CHAIN] c8c2490d52fa1371 -> 08720c20794311da
[CHAIN] 08720c20794311da -> a6aed403dcdb856f
[CHAIN] a6aed403dcdb856f -> f805d636fe110e99
[CHAIN] f805d636fe110e99 -> 5cb158df8982c170
[CHAIN] 5cb158df8982c170 -> 789982125f68e6c6
[CHAIN] 789982125f68e6c6 -> d05f39a7b3f591ee
[CHAIN] d05f39a7b3f591ee -> 890266e8b4340723
[CHAIN] 890266e8b4340723 -> a0529f31b71c923a
[CHAIN] a0529f31b71c923a -> c7885f7bcc14cd65
[CHAIN] c7885f7bcc14cd65 -> 487bda324a0cb520
[CHAIN] 487bda324a0cb520 -> 54c59a809ebdd911
[CHAIN] 54c59a809ebdd911 -> 4c941f8ca57b61dc
[CHAIN] 4c941f8ca57b61dc -> 1c22ac7c2012639b
[CHAIN] 1c22ac7c2012639b -> 7e2736e8645702d6
[CHAIN] 7e2736e8645702d6 -> 5e840f61c3abc656
[CHAIN] 5e840f61c3abc656 -> cd7dd06d7a3898b1
[CHAIN] cd7dd06d7a3898b1 -> b57f7cd4792effc3
[CHAIN] b57f7cd4792effc3 -> 50ba1527acb57e55
[CHAIN] 50ba1527acb57e55 -> 0f87a54860e4f0c4
[CHAIN] 0f87a54860e4f0c4 -> 077e312812169489
[CHAIN] 077e312812169489 -> 960ec7e3330df4b4
[CHAIN] 960ec7e3330df4b4 -> 343d6a86357ae4a0
[CHAIN] 343d6a86357ae4a0 -> 08e07f99fa28d5f6
[CHAIN] 08e07f99fa28d5f6 -> 847085a6cb2fa133
[CHAIN] 847085a6cb2fa133 -> eecce3f077244971
[CHAIN] eecce3f077244971 -> ef6d0d74f175de6d
[CHAIN] ef6d0d74f175de6d -> 2bcf99252b1d1691
[CHAIN] 2bcf99252b1d1691 -> e348162341165ef8
[CHAIN] e348162341165ef8 -> b43fbf5a72a3a965
[CHAIN] b43fbf5a72a3a965 -> 08994c93ad2148e2
[CHAIN] 08994c93ad2148e2 -> 44d734e1bb82e5f0
[CHAIN] 44d734e1bb82e5f0 -> 0c193d40fd94d4a6
[CHAIN] 0c193d40fd94d4a6 -> f2fb7f7cd89fe16f
[CHAIN] f2fb7f7cd89fe16f -> 05a125b33bf8ed47
[CHAIN] 05a125b33bf8ed47 -> b1a1b6be23deea8d
[CHAIN] b1a1b6be23deea8d -> 6b0de422ab455717
[CHAIN] 6b0de422ab455717 -> 31ba05657c10ace4
[CHAIN] 31ba05657c10ace4 -> 7aa12e501a37ba82
[CHAIN] 7aa12e501a37ba82 -> 5b6252c44e19c368
[CHAIN] 5b6252c44e19c368 -> 416a4ac3aa1421ca
[CHAIN] 416a4ac3aa1421ca -> 2ec472e5648411d9
[CHAIN] 2ec472e5648411d9 -> 2454127209451474
[CHAIN] 2454127209451474 -> 42f38a4a9ea6dbee
[CHAIN] 42f38a4a9ea6dbee -> 1bdcd08c9a2d36f3
[CHAIN] 1bdcd08c9a2d36f3 -> ebc9d2f975a4bc5b
[CHAIN] ebc9d2f975a4bc5b -> be2b6e40f0471856
[CHAIN] be2b6e40f0471856 -> d217363df034a510
[CHAIN] d217363df034a510 -> a8462612664e474a
[CHAIN] a8462612664e474a -> 109fe9bb1415c282
[CHAIN] 109fe9bb1415c282 -> 0001a16eb682a062
[CHAIN] 0001a16eb682a062 -> 8f530e16dd851ca4
[CHAIN] 8f530e16dd851ca4 -> b5439c17d1d82d6d
[CHAIN] b5439c17d1d82d6d -> 3d109f85fe45319a
[CHAIN] 3d109f85fe45319a -> 40290f677974f7fe
[CHAIN] 40290f677974f7fe -> 48def49fb90540c4
[CHAIN] 48def49fb90540c4 -> 8a1fe68dbab8f0e6
[CHAIN] 8a1fe68dbab8f0e6 -> 34591fd5b6a3d1cc
[CHAIN] 34591fd5b6a3d1cc -> 0c284b33ec3c3085
[CHAIN] 0c284b33ec3c3085 -> 6641df90fa00e78b
[CHAIN] 6641df90fa00e78b -> 3d7678e7133fd777
[CHAIN] 3d7678e7133fd777 -> e98321592f917f18
[CHAIN] e98321592f917f18 -> c7cbd0ae337cf49a
[CHAIN] c7cbd0ae337cf49a -> fc72fd0d9b3eab8a
[CHAIN] fc72fd0d9b3eab8a -> 965beb95d1c9e8b1
[CHAIN] 965beb95d1c9e8b1 -> 460dfbb1d69b5566
[CHAIN] 460dfbb1d69b5566 -> ab667b689b966633
[CHAIN] ab667b689b966633 -> 0a75c89c4818e985
[CHAIN] 0a75c89c4818e985 -> 6fb591832922f07d
[CHAIN] 6fb591832922f07d -> 6d05af4de64c9557
[CHAIN] 6d05af4de64c9557 -> f641990f6a61306e
[CHAIN] f641990f6a61306e -> 58a0fd6549da0f0c
[CHAIN] 58a0fd6549da0f0c -> b632fe523f12cf9a
[CHAIN] b632fe523f12cf9a -> bf99194480f2648d
[CHAIN] bf99194480f2648d -> 72562ecbe384b62a
[CHAIN] 72562ecbe384b62a -> 7655dbc449c08237
[CHAIN] 7655dbc449c08237 -> 7641fd7fb5bf607b
[CHAIN] 7641fd7fb5bf607b -> 456feb4bf36c16c1
[CHAIN] 456feb4bf36c16c1 -> 48b24d0a9318de43
[CHAIN] 48b24d0a9318de43 -> 38b2f7ff1c13490b
[CHAIN] 38b2f7ff1c13490b -> f60205b132940e6b
[CHAIN] f60205b132940e6b -> 6ca783124e2afbaf
[CHAIN] 6ca783124e2afbaf -> 0311fc649a442711
[CHAIN] 0311fc649a442711 -> 9714bc87403c632a
[CHAIN] 9714bc87403c632a -> 8f091d354e687c74
[CHAIN] 8f091d354e687c74 -> 7aef3284b188fa47
[CHAIN] 7aef3284b188fa47 -> 308ddc3dfc553a4c
[CHAIN] 308ddc3dfc553a4c -> bbb559ed27112c46
[CHAIN] bbb559ed27112c46 -> 4e4d294cba1ce14b
[CHAIN] 4e4d294cba1ce14b -> 6ef7b33947989ef0
[CHAIN] 6ef7b33947989ef0 -> e94864c495393af4
[CHAIN] e94864c495393af4 -> 1c7c2167bd0ebef9
[CHAIN] 1c7c2167bd0ebef9 -> d6b305ec03d3531e
[CHAIN] d6b305ec03d3531e -> efdc40431836c048
[CHAIN] efdc40431836c048 -> 1dd01a7906295568
[CHAIN] 1dd01a7906295568 -> ddb85a9993a921df
[CHAIN] ddb85a9993a921df -> fc77fcb4bfe7245c
[CHAIN] fc77fcb4bfe7245c -> f8a0f8f24708cf45
[CHAIN] f8a0f8f24708cf45 -> fb80138619c42515
[CHAIN] fb80138619c42515 -> b421cb030b068c24
[CHAIN] b421cb030b068c24 -> e1ca9abea4b926e8
[CHAIN] e1ca9abea4b926e8 -> 843103a30240d1f2
[CHAIN] 843103a30240d1f2 -> e5aeca3b151cfb00
[CHAIN] e5aeca3b151cfb00 -> 941feeec3d139395
[CHAIN] 941feeec3d139395 -> 4b234996f11c8235
[CHAIN] 4b234996f11c8235 -> 7c5babf7453a0117
[CHAIN] 7c5babf7453a0117 -> cbbf08602c99f2cd
[CHAIN] cbbf08602c99f2cd -> 3f71a86e5f1d3833
[CHAIN] 3f71a86e5f1d3833 -> cf91031f8dada856
[CHAIN] cf91031f8dada856 -> 159c12de62d5a8c4
[CHAIN] 159c12de62d5a8c4 -> cd74a69b5d98bf4d
[CHAIN] cd74a69b5d98bf4d -> bf4218912748fe57
[CHAIN] bf4218912748fe57 -> 34c72e5d99115fd8
[CHAIN] 34c72e5d99115fd8 -> 6493d49a76993ccc
[CHAIN] 6493d49a76993ccc -> 189720d98df4988e
[CHAIN] 189720d98df4988e -> 0e580ec0ade42d9f
[CHAIN] 0e580ec0ade42d9f -> 5b558ff11f866fcc
[CHAIN] 5b558ff11f866fcc -> b3b6114ad56365c4
[CHAIN] b3b6114ad56365c4 -> c04477d769b819eb
[CHAIN] c04477d769b819eb -> db5b0150407cf3e0
[CHAIN] db5b0150407cf3e0 -> 9bd39fb48645f867
[CHAIN] 9bd39fb48645f867 -> 3df6ae20d94efe85
[CHAIN] 3df6ae20d94efe85 -> 2049ec9955e65641
[CHAIN] 2049ec9955e65641 -> 7e02ccab4779eb88
[CHAIN] 7e02ccab4779eb88 -> e971308bba8ef656
[CHAIN] e971308bba8ef656 -> 98b92f44f63379cd
[CHAIN] 98b92f44f63379cd -> 214a26ab299d1bfd
[CHAIN] 214a26ab299d1bfd -> 28a923f538020559
[CHAIN] 28a923f538020559 -> 2828e4fafc964bea
[CHAIN] 2828e4fafc964bea -> b18283244532c22d
[CHAIN] b18283244532c22d -> 6453d800e86aad15
[CHAIN] 6453d800e86aad15 -> 4641b102ed15eeb1
[CHAIN] 4641b102ed15eeb1 -> bde1b66b0ee0657f
[CHAIN] bde1b66b0ee0657f -> 09da7d62ec831259
[CHAIN] 09da7d62ec831259 -> 0d72314172b23668
[CHAIN] 0d72314172b23668 -> be8ae31b108114e0
[CHAIN] be8ae31b108114e0 -> c2112cca11966455
[CHAIN] c2112cca11966455 -> b830f60b1db8e0c1
[CHAIN] b830f60b1db8e0c1 -> 375d6da08a5eef70
[CHAIN] 375d6da08a5eef70 -> 31eb69a4e9c5b519
[CHAIN] 31eb69a4e9c5b519 -> 24102884cb6bf5af
[CHAIN] 24102884cb6bf5af -> 8b9b4e15b432c9b6
[CHAIN] 8b9b4e15b432c9b6 -> 5130c19f51247a86
[CHAIN] 5130c19f51247a86 -> f01d7723204032b9
[CHAIN] f01d7723204032b9 -> 372a4d182620d9bb
[CHAIN] 372a4d182620d9bb -> 799980701448eddf
[CHAIN] 799980701448eddf -> 1c3c682286270855
[CHAIN] 1c3c682286270855 -> dc932f151be25c5a
[CHAIN] dc932f151be25c5a -> ebfb313d8fc51f7d
[CHAIN] ebfb313d8fc51f7d -> 5039a0b9cf29bab2
[CHAIN] 5039a0b9cf29bab2 -> e1336959834f959e
[CHAIN] e1336959834f959e -> 1ca5837b0b323491
[CHAIN] 1ca5837b0b323491 -> b20f480f98a6a236
[CHAIN] b20f480f98a6a236 -> 5b55b8b695719670
[CHAIN] 5b55b8b695719670 -> 78a266ba64e8d772
[CHAIN] 78a266ba64e8d772 -> f5010eb6cc27745d
[CHAIN] f5010eb6cc27745d -> 188750e1d2d634e6
[CHAIN] 188750e1d2d634e6 -> a5cd8ef33e99143d
[CHAIN] a5cd8ef33e99143d -> 2ac02e6128e8a29f
[CHAIN] 2ac02e6128e8a29f -> 155c715aa619447a
[CHAIN] 155c715aa619447a -> b98c12d1e0f9a6e5
[CHAIN] b98c12d1e0f9a6e5 -> 569149f0e8938a0a
[CHAIN] 569149f0e8938a0a -> 2accf72e2ec6e662
[CHAIN] 2accf72e2ec6e662 -> 37f8182f02948f50
[CHAIN] 37f8182f02948f50 -> 6578b71252c3c53d
[CHAIN] 6578b71252c3c53d -> 01321c08353eda8e
[CHAIN] 01321c08353eda8e -> fd589c746532d149
[CHAIN] fd589c746532d149 -> 98b8994c20867095
[CHAIN] 98b8994c20867095 -> ff7278461f182b5f
[CHAIN] ff7278461f182b5f -> bdb0a223b523303a
[CHAIN] bdb0a223b523303a -> 4f6656403b142904
[CHAIN] 4f6656403b142904 -> ab075fde6cd45732
[CHAIN] ab075fde6cd45732 -> 0b7b4fa299a46bff
[CHAIN] 0b7b4fa299a46bff -> a9251c3a72cb2fc1
[CHAIN] a9251c3a72cb2fc1 -> efe6bbd28b3d8e96
[CHAIN] efe6bbd28b3d8e96 -> 85d541a6cd7bdc51
[CHAIN] 85d541a6cd7bdc51 -> e14259b50ac12969
[CHAIN] e14259b50ac12969 -> 4a235baf92df5f5f
[CHAIN] 4a235baf92df5f5f -> a72989c2e14b44b1
[CHAIN] a72989c2e14b44b1 -> 05335617928b3a48
[CHAIN] 05335617928b3a48 -> 4bccdebe751093e8
[CHAIN] 4bccdebe751093e8 -> d06f04a9bed4a6bf
[CHAIN] d06f04a9bed4a6bf -> 9b1adb2312434610
[CHAIN] 9b1adb2312434610 -> d055d6f5c99ed2f4
[CHAIN] d055d6f5c99ed2f4 -> 89b4ee0f405af4d6
[CHAIN] 89b4ee0f405af4d6 -> 9d0acb4123159704
[CHAIN] 9d0acb4123159704 -> 9226a4629c1d869b
[CHAIN] 9226a4629c1d869b -> 6f7949e98f71e47c
[CHAIN] 6f7949e98f71e47c -> bb89c0b47297ba27
[CHAIN] bb89c0b47297ba27 -> 75d5186d54dd6947
[CHAIN] 75d5186d54dd6947 -> 2d8c9144649c3372
[CHAIN] 2d8c9144649c3372 -> 2974f2fdd3cff69f
[CHAIN] 2974f2fdd3cff69f -> b14c34b10e8da6ce
[CHAIN] b14c34b10e8da6ce -> a18cbe8466b7c2ee
[CHAIN] a18cbe8466b7c2ee -> 63563a691b46db0e
[CHAIN] 63563a691b46db0e -> 21d2107f56d68721
[CHAIN] 21d2107f56d68721 -> ddf2d09cc48d35e0
[CHAIN] ddf2d09cc48d35e0 -> 8d50d00e25a114fd
[CHAIN] 8d50d00e25a114fd -> 8fad1233cdbfea09
[CHAIN] 8fad1233cdbfea09 -> 52b7679ffc44694f
[CHAIN] 52b7679ffc44694f -> cdd5d61d87d9a70a
[CHAIN] cdd5d61d87d9a70a -> c4130854274a478c
[CHAIN] c4130854274a478c -> a597a9e03993b0ce
[CHAIN] a597a9e03993b0ce -> d3034ffb6d38e871
[CHAIN] d3034ffb6d38e871 -> 62e120ba37e8f005
[CHAIN] 62e120ba37e8f005 -> b9bbf0bcd0f3cfeb
[CHAIN] b9bbf0bcd0f3cfeb -> b656c8a140fdc2c8
[CHAIN] b656c8a140fdc2c8 -> a3e614e5fd862acd
[CHAIN] a3e614e5fd862acd -> 6aca72aacd273f25
[CHAIN] 6aca72aacd273f25 -> bfb35246e0ca786f
[CHAIN] bfb35246e0ca786f -> 8ceaccc2c7414a2d
[CHAIN] 8ceaccc2c7414a2d -> 34df799ba62b16d4
[CHAIN] 34df799ba62b16d4 -> c712b5ff5ca2b196
[CHAIN] c712b5ff5ca2b196 -> 4ede9ce88c961b93
[CHAIN] 4ede9ce88c961b93 -> a40e72bf4a53647e
[CHAIN] a40e72bf4a53647e -> c65de0245d14fd4b
[CHAIN] c65de0245d14fd4b -> 795dcb32805fe2f1
[CHAIN] 795dcb32805fe2f1 -> 9de51a0658b5b9ef
[CHAIN] 9de51a0658b5b9ef -> 86d263627fd556ff
[CHAIN] 86d263627fd556ff -> 6823eb2265cc1343
[CHAIN] 6823eb2265cc1343 -> c2c76cb44e63fe61
[CHAIN] c2c76cb44e63fe61 -> 0149d466bae54a4c
[CHAIN] 0149d466bae54a4c -> cc23008a24fe70fe
[CHAIN] cc23008a24fe70fe -> feed5b5fc54db563
[CHAIN] feed5b5fc54db563 -> bc2d374618ee8b06
[CHAIN] bc2d374618ee8b06 -> 25cc13b89770c0fa
[CHAIN] 25cc13b89770c0fa -> 03d2441288fafdb0
[CHAIN] 03d2441288fafdb0 -> b02e23f66c52e007
[CHAIN] b02e23f66c52e007 -> 0cf20b3bec752ab1
[CHAIN] 0cf20b3bec752ab1 -> eb683335eb854a6f
[CHAIN] eb683335eb854a6f -> b6be2a2ea57cf2f9
[CHAIN] b6be2a2ea57cf2f9 -> 29f1f26d69694565
[CHAIN] 29f1f26d69694565 -> 93977555e29dea9b
[CHAIN] 93977555e29dea9b -> e7e3eab7bacf0a57
[CHAIN] e7e3eab7bacf0a57 -> 45ca0575c8d1c071
[CHAIN] 45ca0575c8d1c071 -> 8fbdadb860eba409
[CHAIN] 8fbdadb860eba409 -> b916feb2d52d5ca1
[CHAIN] b916feb2d52d5ca1 -> 0b37ad3192c3d40a
[CHAIN] 0b37ad3192c3d40a -> 8077803743056ce4
[CHAIN] 8077803743056ce4 -> 1e3ecd4604a6f4a0
[CHAIN] 1e3ecd4604a6f4a0 -> 2961a33ae8fa5741
[CHAIN] 2961a33ae8fa5741 -> 60b9a2642201bbc6
[CHAIN] 60b9a2642201bbc6 -> 711d53ac096866db
[CHAIN] 711d53ac096866db -> a3fa9fa3e188a376
[CHAIN] a3fa9fa3e188a376 -> 6cd8daed78facf8b
[CHAIN] 6cd8daed78facf8b -> 15e1987a8f020030
[CHAIN] 15e1987a8f020030 -> d7fdd19906a31adc
[CHAIN] d7fdd19906a31adc -> 10f038aab7de1988
[CHAIN] 10f038aab7de1988 -> 91b3d9fd906ab368
[CHAIN] 91b3d9fd906ab368 -> 10b0245264a16e9e
[CHAIN] 10b0245264a16e9e -> f96ef0ad48dcc803
[CHAIN] f96ef0ad48dcc803 -> 8a87dc9c9d66b20c
[CHAIN] 8a87dc9c9d66b20c -> 57f13dc25ac3b180
[CHAIN] 57f13dc25ac3b180 -> 68e3d3eb3242b5bf
[CHAIN] 68e3d3eb3242b5bf -> a4af503a0e62a7cb
[CHAIN] a4af503a0e62a7cb -> 5364651fe93983e1
[CHAIN] 5364651fe93983e1 -> ff8b35808de726ed
[CHAIN] ff8b35808de726ed -> dd49c6c48dc799bf
[CHAIN] dd49c6c48dc799bf -> 68076d83f07979e8
[CHAIN] 68076d83f07979e8 -> cd71e4287e47ac0c
[CHAIN] cd71e4287e47ac0c -> f48bb884db1eaf85
[CHAIN] f48bb884db1eaf85 -> a11f1dc8ca1045c2
[CHAIN] a11f1dc8ca1045c2 -> 1edc5757bb8ab367
[CHAIN] 1edc5757bb8ab367 -> f82d3443f3296dc2
[CHAIN] f82d3443f3296dc2 -> 4e1bef69f751e15c
[CHAIN] 4e1bef69f751e15c -> 004f0282d9b088c9
[CHAIN] 004f0282d9b088c9 -> f1305ff21bb8e038
[CHAIN] f1305ff21bb8e038 -> 548af55916ee5226
[CHAIN] 548af55916ee5226 -> 6643e43aaa2519c6
[CHAIN] 6643e43aaa2519c6 -> 244b07ebcd65847a
[CHAIN] 244b07ebcd65847a -> 4c8e3e4b4b094af3
[CHAIN] 4c8e3e4b4b094af3 -> 482c54e91fe39998
[CHAIN] 482c54e91fe39998 -> 016613f2bf58586b
[CHAIN] 016613f2bf58586b -> b5d09cbbe86fb933
[CHAIN] b5d09cbbe86fb933 -> 31ccbe2b9878e170
[CHAIN] 31ccbe2b9878e170 -> 2bfc034ea3aff73d
[CHAIN] 2bfc034ea3aff73d -> 9153db3f4c9ab845
[CHAIN] 9153db3f4c9ab845 -> f2e2bd746902a2e0
[CHAIN] f2e2bd746902a2e0 -> c2c036dd2ce36682
[CHAIN] c2c036dd2ce36682 -> 4020cf5f94b0dc8d
[CHAIN] 4020cf5f94b0dc8d -> 17e8ee3011ad3c96
[CHAIN] 17e8ee3011ad3c96 -> 401f96e1faef3973
[CHAIN] 401f96e1faef3973 -> d0ddade096db9896
[CHAIN] d0ddade096db9896 -> 4e1c70d0d1390a17
[CHAIN] 4e1c70d0d1390a17 -> db99a7be579a7aa4
[CHAIN] db99a7be579a7aa4 -> 938a97cdf2009fa5
[CHAIN] 938a97cdf2009fa5 -> 5bf349784e55adc0
[CHAIN] 5bf349784e55adc0 -> 81447da5a68e5f74
[CHAIN] 81447da5a68e5f74 -> c1519c719cfd4234
[CHAIN] c1519c719cfd4234 -> 68c39e876aeddd55
[CHAIN] 68c39e876aeddd55 -> eec32a36a32ba3ca
[CHAIN] eec32a36a32ba3ca -> 7611b8e42300395c
[CHAIN] 7611b8e42300395c -> 6dee4d156a9bfbe5
[CHAIN] 6dee4d156a9bfbe5 -> 935c43432ed55c95
[CHAIN] 935c43432ed55c95 -> f9a292cd63ec5b47
[CHAIN] f9a292cd63ec5b47 -> 4da9ff8926130efe
[CHAIN] 4da9ff8926130efe -> bb0663fa95648081
[CHAIN] bb0663fa95648081 -> 93a7552c63be4648
[CHAIN] 93a7552c63be4648 -> 4f13e28a041c9f8a
[CHAIN] 4f13e28a041c9f8a -> 3daa011766e70f82
[CHAIN] 3daa011766e70f82 -> 95b9ea08514a3bbe
[CHAIN] 95b9ea08514a3bbe -> 0cf58a01be5e7c30
[CHAIN] 0cf58a01be5e7c30 -> b9be75675b227505
[CHAIN] b9be75675b227505 -> 369794163fed00ee
[CHAIN] 369794163fed00ee -> f6f4aafbd4329654
[CHAIN] f6f4aafbd4329654 -> cf6b43a0eb348075
[CHAIN] cf6b43a0eb348075 -> 0bb0a867e1d4a620
[CHAIN] 0bb0a867e1d4a620 -> ab4aacdb336dd1d9
[CHAIN] ab4aacdb336dd1d9 -> c85133b52d3dff31
[CHAIN] c85133b52d3dff31 -> f35667558e067d19
[CHAIN] f35667558e067d19 -> 1a81de91fdabc578
[CHAIN] 1a81de91fdabc578 -> 77a65d3a04050531
[CHAIN] 77a65d3a04050531 -> 6ce559ae01d1fd9c
[CHAIN] 6ce559ae01d1fd9c -> 2de33e6b9380f0a7
[CHAIN] 2de33e6b9380f0a7 -> 47867454bed99ed8
[CHAIN] 47867454bed99ed8 -> c106c592abb84060
[CHAIN] c106c592abb84060 -> 1d920f3a45ea5dab
[CHAIN] 1d920f3a45ea5dab -> 1ce6c3265d790e9c
[CHAIN] 1ce6c3265d790e9c -> 7ddba5b09d8bca9a
[CHAIN] 7ddba5b09d8bca9a -> ab9662f3351d6f1b
[CHAIN] ab9662f3351d6f1b -> d8e2b1eb955cd233
[CHAIN] d8e2b1eb955cd233 -> 1fb8a6751c15541f
[CHAIN] 1fb8a6751c15541f -> 850437f3e723f470
[CHAIN] 850437f3e723f470 -> fa0be3f505c22c21
[CHAIN] fa0be3f505c22c21 -> cd2594bd6d560939
[CHAIN] cd2594bd6d560939 -> 67c3d8c49427cb41
[CHAIN] 67c3d8c49427cb41 -> b6abecd2cd3ab77e
[CHAIN] b6abecd2cd3ab77e -> ab050c1a88b9c68d
[CHAIN] ab050c1a88b9c68d -> 5bb6e1a2c64ae127
[CHAIN] 5bb6e1a2c64ae127 -> ba76f29085365622
[CHAIN] ba76f29085365622 -> 9e1018250ce9db11
[CHAIN] 9e1018250ce9db11 -> a4a9f01b56ad0740
[CHAIN] a4a9f01b56ad0740 -> 21bf4dc196a562a9
[CHAIN] 21bf4dc196a562a9 -> 972759b7b5cd3c18
[CHAIN] 972759b7b5cd3c18 -> 64fdc71d4e83a910
[CHAIN] 64fdc71d4e83a910 -> 5a85fc9b0b1ab681
[CHAIN] 5a85fc9b0b1ab681 -> 40a31ea737875b1b
[CHAIN] 40a31ea737875b1b -> 27176729a19c782e
[CHAIN] 27176729a19c782e -> 5f633eac67929c37
[CHAIN] 5f633eac67929c37 -> 87f989aa5564d232
[CHAIN] 87f989aa5564d232 -> edc96c922b907345
[CHAIN] edc96c922b907345 -> 3db2a915297c7b58
[CHAIN] 3db2a915297c7b58 -> 3b0566da555e4eae
[CHAIN] 3b0566da555e4eae -> 29c00c455bdf1730
[CHAIN] 29c00c455bdf1730 -> b939c4650db3a0e1
[CHAIN] b939c4650db3a0e1 -> 700cc3e0c0212104
[CHAIN] 700cc3e0c0212104 -> 869bdc006ebd99cb
[CHAIN] 869bdc006ebd99cb -> 73a5459d108589a9
[CHAIN] 73a5459d108589a9 -> 110c4b80294c6456
[CHAIN] 110c4b80294c6456 -> 0b8dd82b6dc27d66
[CHAIN] 0b8dd82b6dc27d66 -> 786be51e13334a40
[CHAIN] 786be51e13334a40 -> cd54571ce30838a2
[CHAIN] cd54571ce30838a2 -> fef236873b82e9d5
[CHAIN] fef236873b82e9d5 -> 684ea373bfc6d7c5
[CHAIN] 684ea373bfc6d7c5 -> 72f700cbd6812ab8
[CHAIN] 72f700cbd6812ab8 -> 0d6f37c3c263935f
[CHAIN] 0d6f37c3c263935f -> 100f35649f18a349
[CHAIN] 100f35649f18a349 -> e865582d82be69a9
[CHAIN] e865582d82be69a9 -> 549d956974195067
[CHAIN] 549d956974195067 -> ca35c095e02e930b
[CHAIN] ca35c095e02e930b -> 400a8e6b755cc0a5
[CHAIN] 400a8e6b755cc0a5 -> 9ba0e30543c6da24
[CHAIN] 9ba0e30543c6da24 -> fd326d2ade153e30
[CHAIN] fd326d2ade153e30 -> 424586be047c8270
[CHAIN] 424586be047c8270 -> 8692c1bdd2a6f837
[CHAIN] 8692c1bdd2a6f837 -> a0eec4cec9b1226b
[CHAIN] a0eec4cec9b1226b -> a00419e234b20d10
[CHAIN] a00419e234b20d10 -> 9cd9b9964a7eab6b
[CHAIN] 9cd9b9964a7eab6b -> 67225b2a0e44cdf8
[CHAIN] 67225b2a0e44cdf8 -> 791e583f10b9bc96
[CHAIN] 791e583f10b9bc96 -> ea9ee74208642fd1
[CHAIN] ea9ee74208642fd1 -> 74616aa3a8557e1f
[CHAIN] 74616aa3a8557e1f -> 6c38a56a3b759dff
[CHAIN] 6c38a56a3b759dff -> bd518f57232e11a4
[CHAIN] bd518f57232e11a4 -> 22d8762231fa22b2
[CHAIN] 22d8762231fa22b2 -> b8973a783d33a4fb
[CHAIN] b8973a783d33a4fb -> 214a785810d47a32
[CHAIN] 214a785810d47a32 -> 85cee3eaafeae171
[CHAIN] 85cee3eaafeae171 -> 9baa505ecaf8bc60
[CHAIN] 9baa505ecaf8bc60 -> 69557c61aed9e709
[CHAIN] 69557c61aed9e709 -> 3959beb36845fa29
[CHAIN] 3959beb36845fa29 -> 84d856ab1fea9020
[CHAIN] 84d856ab1fea9020 -> 4bad1a61ffa7dc8c
[CHAIN] 4bad1a61ffa7dc8c -> 779ffd4d0f16baa6
[CHAIN] 779ffd4d0f16baa6 -> 78a2fe405ad4de50
[CHAIN] 78a2fe405ad4de50 -> b0228ae160c7bc13
[CHAIN] b0228ae160c7bc13 -> fb8fefaca2811372
[CHAIN] fb8fefaca2811372 -> 91cf49470b5471f6
[CHAIN] 91cf49470b5471f6 -> b4fc89817892c0da
[CHAIN] b4fc89817892c0da -> b1f85a5f0eaf416b
[CHAIN] b1f85a5f0eaf416b -> 63666e8a7544e6f4
[CHAIN] 63666e8a7544e6f4 -> 3bb888771e0b246b
[CHAIN] 3bb888771e0b246b -> 09445bc3cbc83c81
[CHAIN] 09445bc3cbc83c81 -> 106513e236a205b1
[CHAIN] 106513e236a205b1 -> 2f5199767702bae2
[CHAIN] 2f5199767702bae2 -> 866c1e547d3b0cd1
[CHAIN] 866c1e547d3b0cd1 -> 8d4006a9d65e63de
[CHAIN] 8d4006a9d65e63de -> d3459b1dfceaa2de
[CHAIN] d3459b1dfceaa2de -> 0a09522953baac02
[CHAIN] 0a09522953baac02 -> bbb63dc25a339ec8
[CHAIN] bbb63dc25a339ec8 -> e2fce0f89b62b546
[CHAIN] e2fce0f89b62b546 -> 2c75f264a1c82bcc
[CHAIN] 2c75f264a1c82bcc -> 0e57313dc96a761f
[CHAIN] 0e57313dc96a761f -> a5ce1651efd1dd3e
[CHAIN] a5ce1651efd1dd3e -> 24b420f78c43723f
[CHAIN] 24b420f78c43723f -> 749fd39c3c374de2
[CHAIN] 749fd39c3c374de2 -> 82f8a4dd97af3011
[CHAIN] 82f8a4dd97af3011 -> eebe8ccf14444817
[CHAIN] eebe8ccf14444817 -> cee2b6913c0d8ed0
[CHAIN] cee2b6913c0d8ed0 -> 44fb3e164f4c61c4
[CHAIN] 44fb3e164f4c61c4 -> 2bfbb60cc13de70a
[CHAIN] 2bfbb60cc13de70a -> ca7bbf06a674b0df
[CHAIN] ca7bbf06a674b0df -> 9f2e068615481c2e
[CHAIN] 9f2e068615481c2e -> 97780e686c1be636
[CHAIN] 97780e686c1be636 -> a90d49e23b5fd229
[CHAIN] a90d49e23b5fd229 -> 2f09b474b214ff70
[CHAIN] 2f09b474b214ff70 -> 8c293584d2aaf0b2
[CHAIN] 8c293584d2aaf0b2 -> 40f31d6c996d163c
[CHAIN] 40f31d6c996d163c -> adbbcbc5f10e70c9
[CHAIN] adbbcbc5f10e70c9 -> 0f814fbf60dbb68c
[CHAIN] 0f814fbf60dbb68c -> 8b7a3133850ce5e0
[CHAIN] 8b7a3133850ce5e0 -> e313a767a21f8f4c
[CHAIN] e313a767a21f8f4c -> fa292ba79bff0a17
[CHAIN] fa292ba79bff0a17 -> 040c6d7a693de025
[CHAIN] 040c6d7a693de025 -> f0d569991395a772
[CHAIN] f0d569991395a772 -> 8465765aa0279f4a
[CHAIN] 8465765aa0279f4a -> 3f04a2dcddd75c6f
[CHAIN] 3f04a2dcddd75c6f -> f61aeb9704a887c6
[CHAIN] f61aeb9704a887c6 -> 26fe587e175b612f
[CHAIN] 26fe587e175b612f -> b6d4e672b5be0f4e
[CHAIN] b6d4e672b5be0f4e -> d08747135f58f074
[CHAIN] d08747135f58f074 -> 9b77345bd148c7c8
[CHAIN] 9b77345bd148c7c8 -> a5afc960bce86574
[CHAIN] a5afc960bce86574 -> 243d6569a2cf34b4
[CHAIN] 243d6569a2cf34b4 -> dc051e11c746134b
[CHAIN] dc051e11c746134b -> 6241987070ad6b95
[CHAIN] 6241987070ad6b95 -> 4263d74fd2426960
[CHAIN] 4263d74fd2426960 -> 962d12156c4a9108
[CHAIN] 962d12156c4a9108 -> 060b4e6455fede1f
[CHAIN] 060b4e6455fede1f -> f47156552bbac1bd
[CHAIN] f47156552bbac1bd -> 0d717fbd76d77a89
[CHAIN] 0d717fbd76d77a89 -> 56d44423d9417d46
[CHAIN] 56d44423d9417d46 -> f2bb55fc7aef5c8e
[CHAIN] f2bb55fc7aef5c8e -> a47c76faf18e144d
[CHAIN] a47c76faf18e144d -> 2a3bfceb46cf0686
[CHAIN] 2a3bfceb46cf0686 -> 6d9494d7c13988f3
[CHAIN] 6d9494d7c13988f3 -> 54080a75b270abd0
[CHAIN] 54080a75b270abd0 -> b9febe472e9a4018
[CHAIN] b9febe472e9a4018 -> 2395dce85eed9362
[CHAIN] 2395dce85eed9362 -> 7ba9712cf11f0671
[CHAIN] 7ba9712cf11f0671 -> a02116abcb625c66
[CHAIN] a02116abcb625c66 -> c8af29c7b7d36c61
[CHAIN] c8af29c7b7d36c61 -> e0ebac5c030e23ab
[CHAIN] e0ebac5c030e23ab -> 0ffaab9191605493
[CHAIN] 0ffaab9191605493 -> cd13f81face64fce
[CHAIN] cd13f81face64fce -> b38899f99a6b1af6
[CHAIN] b38899f99a6b1af6 -> bdbd4b1e9abe6ac5
[CHAIN] bdbd4b1e9abe6ac5 -> 3671bf2de76f9b12
[CHAIN] 3671bf2de76f9b12 -> fb34d48c2b6fd528
[CHAIN] fb34d48c2b6fd528 -> 30a51fcf877b7787
[CHAIN] 30a51fcf877b7787 -> 420cbd44185668e2
[CHAIN] 420cbd44185668e2 -> 3b296c9688210575
[CHAIN] 3b296c9688210575 -> eb0325acbac63b62
[CHAIN] eb0325acbac63b62 -> 5dabc2136b6c028e
[CHAIN] 5dabc2136b6c028e -> 05dcecc8af08527a
[CHAIN] 05dcecc8af08527a -> 67fd253e7471f2aa
[CHAIN] 67fd253e7471f2aa -> 017ce8a7f141873b
[CHAIN] 017ce8a7f141873b -> 3f9524d8dde2cb20
[CHAIN] 3f9524d8dde2cb20 -> 149b9d3f8ebba4f0
[CHAIN] 149b9d3f8ebba4f0 -> ee56958e74aa9bfe
[CHAIN] ee56958e74aa9bfe -> 33321de9579e50d6
[CHAIN] 33321de9579e50d6 -> b766b44ca9decd05
[CHAIN] b766b44ca9decd05 -> e67cf165d20440eb
[CHAIN] e67cf165d20440eb -> 8c63740032107a1b
[CHAIN] 8c63740032107a1b -> fc346ca7bcd2dce9
[CHAIN] fc346ca7bcd2dce9 -> bf42bbc9bca82eaa
[CHAIN] bf42bbc9bca82eaa -> db560dac0bb2967a
[CHAIN] db560dac0bb2967a -> c55b595f99e07fc1
[CHAIN] c55b595f99e07fc1 -> 25fbb16fb30af12a
[CHAIN] 25fbb16fb30af12a -> 5e0890623d0de1fd
[CHAIN] 5e0890623d0de1fd -> 3dbeff67f342fd8a
[CHAIN] 3dbeff67f342fd8a -> b2ca153af1815759
[CHAIN] b2ca153af1815759 -> 11e709cccc0a2cdb
[CHAIN] 11e709cccc0a2cdb -> 7f98f9eaf62de8ec
[CHAIN] 7f98f9eaf62de8ec -> 5a2f7243a482654b
[CHAIN] 5a2f7243a482654b -> 8737aa49f7ece5e8
[CHAIN] 8737aa49f7ece5e8 -> 27767738fa368e80
[CHAIN] 27767738fa368e80 -> d317f4e0b1442443
[CHAIN] d317f4e0b1442443 -> 5067a9fa56dc6c30
[CHAIN] 5067a9fa56dc6c30 -> df52141fc1a7ad80
[CHAIN] df52141fc1a7ad80 -> 01dd84829bb394df
[CHAIN] 01dd84829bb394df -> d4ad6254ff140f77
[CHAIN] d4ad6254ff140f77 -> 75f54757ab19d905
[CHAIN] 75f54757ab19d905 -> f3c29ae064db70a2
[CHAIN] f3c29ae064db70a2 -> ff8ada1b108de936
[CHAIN] ff8ada1b108de936 -> 9d9072f04b49c82c
[CHAIN] 9d9072f04b49c82c -> bae8e53ae460b900
[CHAIN] bae8e53ae460b900 -> 83f428958c01506a
[CHAIN] 83f428958c01506a -> e3307896a59bb384
[CHAIN] e3307896a59bb384 -> 7a8dbc2a29049ae4
[CHAIN] 7a8dbc2a29049ae4 -> 8f67ecf981e152bd
[CHAIN] 8f67ecf981e152bd -> 463ceef055fa1d56
[CHAIN] 463ceef055fa1d56 -> 9e764a82d75aec4c
[CHAIN] 9e764a82d75aec4c -> d2ed1c1d70646fa9
[CHAIN] d2ed1c1d70646fa9 -> bb11774d97d0e564
[CHAIN] bb11774d97d0e564 -> 8369f1c86703698a
[CHAIN] 8369f1c86703698a -> 2c76562bb20cb128
[CHAIN] 2c76562bb20cb128 -> d99782bc8a284649
[CHAIN] d99782bc8a284649 -> bda7b2aa1b52f021
[CHAIN] bda7b2aa1b52f021 -> 3c3ec02fd567b8d1
[CHAIN] 3c3ec02fd567b8d1 -> 18cf8927e70618ee
[CHAIN] 18cf8927e70618ee -> 5b9381c8993e91fe
[CHAIN] 5b9381c8993e91fe -> e4c9b2f02fbe98af
[CHAIN] e4c9b2f02fbe98af -> ff3d3c485ae2f999
[CHAIN] ff3d3c485ae2f999 -> bf8234e932d2cf98
[CHAIN] bf8234e932d2cf98 -> 3b5ffd4323bbee50
[CHAIN] 3b5ffd4323bbee50 -> 9eb114bcd222ee4d
[CHAIN] 9eb114bcd222ee4d -> e9b276d3ba486734
[CHAIN] e9b276d3ba486734 -> 746f9d5d54a5f21d
[CHAIN] 746f9d5d54a5f21d -> 7bbfef2fc90fc3b8
[CHAIN] 7bbfef2fc90fc3b8 -> 01ac19922a5e24cb
[CHAIN] 01ac19922a5e24cb -> 8809321ad1e353b0
[CHAIN] 8809321ad1e353b0 -> 1439d8250d5710a1
[CHAIN] 1439d8250d5710a1 -> 8527dfb1016b1d3e
[CHAIN] 8527dfb1016b1d3e -> a3c02e2590aaea9b
[CHAIN] a3c02e2590aaea9b -> bd387ce5fa8494d6
[CHAIN] bd387ce5fa8494d6 -> 73efb71a247f3f0f
[CHAIN] 73efb71a247f3f0f -> 6ac73c698e33b0cf
[CHAIN] 6ac73c698e33b0cf -> 39ab22c8a91fe3e7
[CHAIN] 39ab22c8a91fe3e7 -> 7269e20a14bb0599
[CHAIN] 7269e20a14bb0599 -> f94c1dc75bdd7a32
[CHAIN] f94c1dc75bdd7a32 -> cddd622306cd9717
[CHAIN] cddd622306cd9717 -> 914e08c91ca7936e
[CHAIN] 914e08c91ca7936e -> 583815a67606de2a
[CHAIN] 583815a67606de2a -> d8dd2117f613ef7a
[CHAIN] d8dd2117f613ef7a -> 44a8587c0897ba52
[CHAIN] 44a8587c0897ba52 -> 3fef46aa63e7d816
[CHAIN] 3fef46aa63e7d816 -> 8f4aa68d41b932a7
[CHAIN] 8f4aa68d41b932a7 -> 3e1088cad3d5eaef
[CHAIN] 3e1088cad3d5eaef -> 3afe92d78b5afba3
[CHAIN] 3afe92d78b5afba3 -> db564eed00490150
[CHAIN] db564eed00490150 -> c16873891d0a8cd8
[CHAIN] c16873891d0a8cd8 -> 4dc2687ec87cd5bb
[CHAIN] 4dc2687ec87cd5bb -> 83cb9e761193c69c
[CHAIN] 83cb9e761193c69c -> 5ba89de12e92f180
[CHAIN] 5ba89de12e92f180 -> 62b432a45f1c8d89
[CHAIN] 62b432a45f1c8d89 -> 1fb7187420a135c7
[CHAIN] 1fb7187420a135c7 -> 20d12499a5841f15
[CHAIN] 20d12499a5841f15 -> 63ae63911a8ece45
[CHAIN] 63ae63911a8ece45 -> a4b3f2b5248e0f38
[CHAIN] a4b3f2b5248e0f38 -> ebcd6d172ea00bc4
[CHAIN] ebcd6d172ea00bc4 -> 66f2ebde7700c17a
[CHAIN] 66f2ebde7700c17a -> f08c4e467ef74d19
[CHAIN] f08c4e467ef74d19 -> 0947041d04631153
[CHAIN] 0947041d04631153 -> 1320415031ca41bf
[CHAIN] 1320415031ca41bf -> 64234a3686addc8f
[CHAIN] 64234a3686addc8f -> 1b41e57a028d3d0a
[CHAIN] 1b41e57a028d3d0a -> e99744b68648c3c9
[CHAIN] e99744b68648c3c9 -> fec655d43ca3a820
[CHAIN] fec655d43ca3a820 -> a19fd9d0e1773e62
[CHAIN] a19fd9d0e1773e62 -> 47b1164c790381a9
[CHAIN] 47b1164c790381a9 -> 40daaf136b762133
[CHAIN] 40daaf136b762133 -> 91e3da2ee442e0bd
[CHAIN] 91e3da2ee442e0bd -> f5a0c90330dd13c6
[CHAIN] f5a0c90330dd13c6 -> 021bbda4b7b27cf3
[CHAIN] 021bbda4b7b27cf3 -> e4435a31d2a90019
[CHAIN] e4435a31d2a90019 -> e528a9dbe543909a
[CHAIN] e528a9dbe543909a -> fbc885aa532e9d26
[CHAIN] fbc885aa532e9d26 -> ca44537efc4bb185
[CHAIN] ca44537efc4bb185 -> fbef2ec64f06e9c1
[CHAIN] fbef2ec64f06e9c1 -> 6aa37f5c57688a54
[CHAIN] 6aa37f5c57688a54 -> da3b747b2a4229a9
[CHAIN] da3b747b2a4229a9 -> 461d3c3b0fd037a3
[CHAIN] 461d3c3b0fd037a3 -> d11049f2daa67a0f
[CHAIN] d11049f2daa67a0f -> a064f7dd1e946d0c
[CHAIN] a064f7dd1e946d0c -> 3b6732a9949278e7
[CHAIN] 3b6732a9949278e7 -> d95644c92a435827
[CHAIN] d95644c92a435827 -> 97f468ccfc455834
[CHAIN] 97f468ccfc455834 -> 9539ca41052c1b11
[CHAIN] 9539ca41052c1b11 -> 0a05badcab45a311
[CHAIN] 0a05badcab45a311 -> 6b160c0de0dfd5fe
[CHAIN] 6b160c0de0dfd5fe -> 7363b18248a4896c
[CHAIN] 7363b18248a4896c -> fa3ba373fb6ba53d
[CHAIN] fa3ba373fb6ba53d -> a428a56de829ba03
[CHAIN] a428a56de829ba03 -> 31f9aaec5c3c9ddb
[CHAIN] 31f9aaec5c3c9ddb -> 1d0e8e257691c866
[CHAIN] 1d0e8e257691c866 -> 6bdf1d16e4e13ac7
[CHAIN] 6bdf1d16e4e13ac7 -> 17fc33941767db37
[CHAIN] 17fc33941767db37 -> fa475b9fcfc05c0d
[CHAIN] fa475b9fcfc05c0d -> 60975e80e1743438
[CHAIN] 60975e80e1743438 -> 12b9a77feafbc8b9
[CHAIN] 12b9a77feafbc8b9 -> 3a9559d5149dd9cb
[CHAIN] 3a9559d5149dd9cb -> 944a9041225c86d6
[CHAIN] 944a9041225c86d6 -> 2ae45cbb054622c5
[CHAIN] 2ae45cbb054622c5 -> 3fc03e3cac1cdc32
[CHAIN] 3fc03e3cac1cdc32 -> c5b2d693f1809140
[CHAIN] c5b2d693f1809140 -> f525f598627b2a9c
[CHAIN] f525f598627b2a9c -> beee084eb1ee75c4
[CHAIN] beee084eb1ee75c4 -> 2ddf44325c74ef8e
[CHAIN] 2ddf44325c74ef8e -> 2407f8739821b513
[CHAIN] 2407f8739821b513 -> 6242a603a03c4b27
[CHAIN] 6242a603a03c4b27 -> 957da198e9354502
[CHAIN] 957da198e9354502 -> 0f16f2a188686a7a
[CHAIN] 0f16f2a188686a7a -> ae7db929e56767c6
[CHAIN] ae7db929e56767c6 -> fe6833d9e4d9025b
[CHAIN] fe6833d9e4d9025b -> b188a667e6c066cd
[CHAIN] b188a667e6c066cd -> 31528eec8a2a5b65
[CHAIN] 31528eec8a2a5b65 -> 87f6c6c30811f0d6
[CHAIN] 87f6c6c30811f0d6 -> c39ffa7da7368ee2
[CHAIN] c39ffa7da7368ee2 -> 63255c3e4d62241c
[CHAIN] 63255c3e4d62241c -> a1e7cbac7e3334df
[CHAIN] a1e7cbac7e3334df -> dd947a1499fcffa0
[CHAIN] dd947a1499fcffa0 -> 3c4f0b98484214b9
[CHAIN] 3c4f0b98484214b9 -> 722b689ccee4487c
[CHAIN] 722b689ccee4487c -> 0e7cd977d8b2a3c4
[CHAIN] 0e7cd977d8b2a3c4 -> 89d343f8b8626be2
[CHAIN] 89d343f8b8626be2 -> 08484d3928e89583
[CHAIN] 08484d3928e89583 -> 4fca9cc6fde5745a
[CHAIN] 4fca9cc6fde5745a -> c325d69e5716030a
[CHAIN] c325d69e5716030a -> 3e0cf5f6ee699030
[CHAIN] 3e0cf5f6ee699030 -> 7c7a0c47b60fd8ff
[CHAIN] 7c7a0c47b60fd8ff -> a6d1a73831e711d6
[CHAIN] a6d1a73831e711d6 -> 8e66da6b2788586d
[CHAIN] 8e66da6b2788586d -> d1467dcec308c16e
[CHAIN] d1467dcec308c16e -> 12709568d33d632b
[CHAIN] 12709568d33d632b -> ae4ddf4aa6254f2f
[CHAIN] ae4ddf4aa6254f2f -> 3faf2c3d03825a33
[CHAIN] 3faf2c3d03825a33 -> bf149fd7d9c76951
[CHAIN] bf149fd7d9c76951 -> c157cf9ea8e85d8d
[CHAIN] c157cf9ea8e85d8d -> 7686007f613232e2
[CHAIN] 7686007f613232e2 -> 2e8572f16e6979a2
[CHAIN] 2e8572f16e6979a2 -> 99b807fe11d07d3d
[CHAIN] 99b807fe11d07d3d -> ebb8ef329c5ecc86
[CHAIN] ebb8ef329c5ecc86 -> c7a93f5b8aa2d5e7
[CHAIN] c7a93f5b8aa2d5e7 -> e107c3efb600450a
[CHAIN] e107c3efb600450a -> 3fa5eeb8dce893e8
[CHAIN] 3fa5eeb8dce893e8 -> 1cbbbe39af1458d2
[CHAIN] 1cbbbe39af1458d2 -> 0df34f3666c4e401
[CHAIN] 0df34f3666c4e401 -> df9abc9c38933223
[CHAIN] df9abc9c38933223 -> f432853ad1bc76b6
[CHAIN] f432853ad1bc76b6 -> 2b3c0d922b464645
[CHAIN] 2b3c0d922b464645 -> 6d3006b0a900d0aa
[CHAIN] 6d3006b0a900d0aa -> b7f100b6a67382fe
[CHAIN] b7f100b6a67382fe -> a24a69ba11fb924f
[CHAIN] a24a69ba11fb924f -> 0cee3a6ca8683584
[CHAIN] 0cee3a6ca8683584 -> 7603405eabacd8df
[CHAIN] 7603405eabacd8df -> d97f4cccc2aad6ac
[CHAIN] d97f4cccc2aad6ac -> 8100c63726824b4c
[CHAIN] 8100c63726824b4c -> fabb376dab8815c7
[CHAIN] fabb376dab8815c7 -> 52dc7ecb092f370b
[CHAIN] 52dc7ecb092f370b -> eeaaf0b6d669dee5
[CHAIN] eeaaf0b6d669dee5 -> 33b5ceaa5fa7fd57
[CHAIN] 33b5ceaa5fa7fd57 -> a254d9a9de9ad67a
[CHAIN] a254d9a9de9ad67a -> bd12646b6d7af70b
[CHAIN] bd12646b6d7af70b -> 9a4e485be578770a
[CHAIN] 9a4e485be578770a -> d0b26a2de3c83f74
[CHAIN] d0b26a2de3c83f74 -> 33d162086df3847f
[CHAIN] 33d162086df3847f -> c5161e68b67b304f
[CHAIN] c5161e68b67b304f -> 6306e1dc1e71211a
[CHAIN] 6306e1dc1e71211a -> c18e017c5ff090e6
[CHAIN] c18e017c5ff090e6 -> 183c8dbe684b7c83
[CHAIN] 183c8dbe684b7c83 -> 2bb91d529f2d69c0
[CHAIN] 2bb91d529f2d69c0 -> 3f7b9c17966de947
[CHAIN] 3f7b9c17966de947 -> ce19357e439aa212
[CHAIN] ce19357e439aa212 -> cdc131866d2130a4
[CHAIN] cdc131866d2130a4 -> 97d6288cfe4f7e6e
[CHAIN] 97d6288cfe4f7e6e -> 92da093a6d4746d9
[CHAIN] 92da093a6d4746d9 -> 5d80836d040e1dab
[CHAIN] 5d80836d040e1dab -> 9fb6f6d3e4019e33
[CHAIN] 9fb6f6d3e4019e33 -> 081ebb2ef735d518
[CHAIN] 081ebb2ef735d518 -> 8b6f7fec8396b06c
[CHAIN] 8b6f7fec8396b06c -> f59550de8264b262
[CHAIN] f59550de8264b262 -> 7c035836ae61d642
[CHAIN] 7c035836ae61d642 -> 2a2d6389a3b29138
[CHAIN] 2a2d6389a3b29138 -> 5e0d0897289a2451
[CHAIN] 5e0d0897289a2451 -> bb7bc3b69ca340d3
[CHAIN] bb7bc3b69ca340d3 -> 594f5b7c30ce55b2
[CHAIN] 594f5b7c30ce55b2 -> e4195c3e5ada5e38
[CHAIN] e4195c3e5ada5e38 -> bfb126d11b240145
[CHAIN] bfb126d11b240145 -> 3e4aeb7f54e75300
[CHAIN] 3e4aeb7f54e75300 -> b44d710c3a2b5a1a
[CHAIN] b44d710c3a2b5a1a -> a850f95535688d79
[CHAIN] a850f95535688d79 -> 919a3d9a78a929da
[CHAIN] 919a3d9a78a929da -> a954ec7fa966c1f5
[CHAIN] a954ec7fa966c1f5 -> f796aec5b539335c
[CHAIN] f796aec5b539335c -> 3af18bc93972434c
[CHAIN] 3af18bc93972434c -> abb93da8e6cd7d0d
[CHAIN] abb93da8e6cd7d0d -> fa83392ccfd1c5fe
[CHAIN] fa83392ccfd1c5fe -> 7d6c607495d32e54
[CHAIN] 7d6c607495d32e54 -> c5830783fdb8f58d
[CHAIN] c5830783fdb8f58d -> a5bf25c1c9c73d54
[CHAIN] a5bf25c1c9c73d54 -> 6f5b76ef1056a7ee
[CHAIN] 6f5b76ef1056a7ee -> 30d5b89c9b221a86
[CHAIN] 30d5b89c9b221a86 -> 86630c65a45ddf82
[CHAIN] 86630c65a45ddf82 -> 3d7c774bed9cf46e
[CHAIN] 3d7c774bed9cf46e -> 95257c3fbc8eb61d
[CHAIN] 95257c3fbc8eb61d -> 801ee4ae28faa241
[CHAIN] 801ee4ae28faa241 -> 7543c0ddfd31fb63
[CHAIN] 7543c0ddfd31fb63 -> 25082064682b1840
[CHAIN] 25082064682b1840 -> d04291c497d10234
[CHAIN] d04291c497d10234 -> 743b20eb7a60de4a
[CHAIN] 743b20eb7a60de4a -> b0440220ec55730d
[CHAIN] b0440220ec55730d -> df44730b3d6c0ff2
[CHAIN] df44730b3d6c0ff2 -> 73f828e7d238f326
[CHAIN] 73f828e7d238f326 -> c1463f46ef6849a9
[CHAIN] c1463f46ef6849a9 -> f8c266438662003e
[CHAIN] f8c266438662003e -> 6a4cbc92f5ddaee1
[CHAIN] 6a4cbc92f5ddaee1 -> c094b7263611b5a5
[CHAIN] c094b7263611b5a5 -> 04a31b5954319a00
[CHAIN] 04a31b5954319a00 -> 8b5f2d775771bde3
[CHAIN] 8b5f2d775771bde3 -> 6cf5cac49c36d9d1
[CHAIN] 6cf5cac49c36d9d1 -> dc86c04fdf8aa0e6
[CHAIN] dc86c04fdf8aa0e6 -> 20689c77d335ae42
[CHAIN] 20689c77d335ae42 -> 8b45d6a1762a3152
[CHAIN] 8b45d6a1762a3152 -> 3f33d848551df18a
[CHAIN] 3f33d848551df18a -> bbe41bf5b9c8211d
[CHAIN] bbe41bf5b9c8211d -> adebcb7fe02aba9a
[CHAIN] adebcb7fe02aba9a -> d67331017bf4a759
[CHAIN] d67331017bf4a759 -> fbcf54a2cf13db9a
[CHAIN] fbcf54a2cf13db9a -> 71ed21636e27f207
[CHAIN] 71ed21636e27f207 -> 76554e7572c978af
[CHAIN] 76554e7572c978af -> ae6bbe56773b9eeb
[CHAIN] ae6bbe56773b9eeb -> 16896a86c94e31ea
[CHAIN] 16896a86c94e31ea -> bb019ad43ec3eb7d
[CHAIN] bb019ad43ec3eb7d -> 320716f256a282e8
[CHAIN] 320716f256a282e8 -> 4fc1e76ec85987ac
[CHAIN] 4fc1e76ec85987ac -> e44c6e22e8eb7697
[CHAIN] e44c6e22e8eb7697 -> 407adab83b48e0f1
[CHAIN] 407adab83b48e0f1 -> 8fabcee4d6c7965e
[CHAIN] 8fabcee4d6c7965e -> 0fcc5688bcab3021
[CHAIN] 0fcc5688bcab3021 -> 81e44f22767a75bf
[CHAIN] 81e44f22767a75bf -> 6fdf4abddb7526f3
[CHAIN] 6fdf4abddb7526f3 -> d50c303def3c8a69
[CHAIN] d50c303def3c8a69 -> 480bde13f98226ae
[CHAIN] 480bde13f98226ae -> c709a19eb33e4ede
[CHAIN] c709a19eb33e4ede -> f49d09ed6c828cdb
[CHAIN] f49d09ed6c828cdb -> 009a0c8c296d8fa0
[CHAIN] 009a0c8c296d8fa0 -> f9f4fe3487e114de
[CHAIN] f9f4fe3487e114de -> 29327519cac46c39
[CHAIN] 29327519cac46c39 -> ffa72e1390672aa4
[CHAIN] ffa72e1390672aa4 -> 93fad9cf53d5188d
[CHAIN] 93fad9cf53d5188d -> 9375d31872f3750f
[CHAIN] 9375d31872f3750f -> 52d53459466cb31f
[CHAIN] 52d53459466cb31f -> af01b393ce4f7690
[CHAIN] af01b393ce4f7690 -> 06824b02094085d1
[CHAIN] 06824b02094085d1 -> 0e34ec354b0cf175
[CHAIN] 0e34ec354b0cf175 -> 8b2d7ce11f42c23c
[CHAIN] 8b2d7ce11f42c23c -> a2d313bcfec6a1b8
[CHAIN] a2d313bcfec6a1b8 -> 758c85a4774c9481
[CHAIN] 758c85a4774c9481 -> c8897c38540525ff
[CHAIN] c8897c38540525ff -> b78beaabdcc0e843
[CHAIN] b78beaabdcc0e843 -> c3accf3d797acdd1
[CHAIN] c3accf3d797acdd1 -> ed87692d34011fcf
[CHAIN] ed87692d34011fcf -> be47481bccfecfb1
[CHAIN] be47481bccfecfb1 -> 9670f7f183916096
[CHAIN] 9670f7f183916096 -> 7df35a4191592fa8
[CHAIN] 7df35a4191592fa8 -> 19bc484bf7717034
[CHAIN] 19bc484bf7717034 -> 3a574bc769736843
[CHAIN] 3a574bc769736843 -> e9083e87cbd1d913
[CHAIN] e9083e87cbd1d913 -> f77829d181338cb2
[CHAIN] f77829d181338cb2 -> 132d49be772453c3
[CHAIN] 132d49be772453c3 -> b6d034873f0295cb
[CHAIN] b6d034873f0295cb -> f567685bff45685e
[CHAIN] f567685bff45685e -> 7c5cca413c52f26f
[CHAIN] 7c5cca413c52f26f -> 7d70dc04d8ce585a
[CHAIN] 7d70dc04d8ce585a -> 029fb63ccebc8e8a
[CHAIN] 029fb63ccebc8e8a -> e522d397f6d57f9e
[CHAIN] e522d397f6d57f9e -> 49c1d7d78410eac3
[CHAIN] 49c1d7d78410eac3 -> d8fd550bc080dd25
[CHAIN] d8fd550bc080dd25 -> 46273c1815ce6f4f
[CHAIN] 46273c1815ce6f4f -> ec08a5883bfefb55
[CHAIN] ec08a5883bfefb55 -> 278b6304e5d107de
[CHAIN] 278b6304e5d107de -> 7e27dc0dfe2418f9
[CHAIN] 7e27dc0dfe2418f9 -> c731cdc92ec77fec
[CHAIN] c731cdc92ec77fec -> c8924e133395bdcd
[CHAIN] c8924e133395bdcd -> 421ee7d8f73e92b2
[CHAIN] 421ee7d8f73e92b2 -> 2aa40518742dc1fb
[CHAIN] 2aa40518742dc1fb -> ce4d865de97457c9
[CHAIN] ce4d865de97457c9 -> ffd59d85b371b165
[CHAIN] ffd59d85b371b165 -> 8b49df42e71dd4c6
[CHAIN] 8b49df42e71dd4c6 -> a12c834da1ae7f94
[CHAIN] a12c834da1ae7f94 -> 5434c0795e7ba8a7
[CHAIN] 5434c0795e7ba8a7 -> 89f3ed3077c720c3
[CHAIN] 89f3ed3077c720c3 -> d84514fa48c9f02f
[CHAIN] d84514fa48c9f02f -> c751e8fcd4d2c065
[CHAIN] c751e8fcd4d2c065 -> 7ec64567852ae0e7
[CHAIN] 7ec64567852ae0e7 -> 3817a1d84fe463d7
[CHAIN] 3817a1d84fe463d7 -> 8b4b0b58d07e11ba
[CHAIN] 8b4b0b58d07e11ba -> 0b62634426f021d9
[CHAIN] 0b62634426f021d9 -> 62b966951b7a04be
[CHAIN] 62b966951b7a04be -> 8925533e631b47f3
[CHAIN] 8925533e631b47f3 -> e84e4f693f757c1c
[CHAIN] e84e4f693f757c1c -> cb48b28ad67a8753
[CHAIN] cb48b28ad67a8753 -> 067fd1bfc266d829
[CHAIN] 067fd1bfc266d829 -> c123168a5513168f
[CHAIN] c123168a5513168f -> 2330e7fddbcb3283
[CHAIN] 2330e7fddbcb3283 -> 14ac71359a5a8719
[CHAIN] 14ac71359a5a8719 -> adb7b3917b304c96
[CHAIN] adb7b3917b304c96 -> c84bc141ec7e737d
[CHAIN] c84bc141ec7e737d -> 73d78e778671f42d
[CHAIN] 73d78e778671f42d -> 413925abb766970b
[CHAIN] 413925abb766970b -> 6833bc84fc169b46
[CHAIN] 6833bc84fc169b46 -> cf6c01f73973da5a
[CHAIN] cf6c01f73973da5a -> a872178278169890
[CHAIN] a872178278169890 -> bb7317ed88457cbc
[CHAIN] bb7317ed88457cbc -> 80a9ec0486205a22
[CHAIN] 80a9ec0486205a22 -> 376dd0a1437bf140
[CHAIN] 376dd0a1437bf140 -> 38486bf1dec553da
[CHAIN] 38486bf1dec553da -> d9b131bdc5bb5022
[CHAIN] d9b131bdc5bb5022 -> 39eeec20834caddb
[CHAIN] 39eeec20834caddb -> f086d6f1e9170213
[CHAIN] f086d6f1e9170213 -> 6456d365ca568102
[CHAIN] 6456d365ca568102 -> 211cefce9c5c2c66
[CHAIN] 211cefce9c5c2c66 -> b970fc360e57bec5
[CHAIN] b970fc360e57bec5 -> 3fdec04b79526d29
[CHAIN] 3fdec04b79526d29 -> 1e6e86c25a7f2944
[CHAIN] 1e6e86c25a7f2944 -> 03739475f2b18083
[CHAIN] 03739475f2b18083 -> ad80993c85247dcb
[CHAIN] ad80993c85247dcb -> a3a248a0ae6946be
[CHAIN] a3a248a0ae6946be -> c9940ace647ef58f
[CHAIN] c9940ace647ef58f -> 5aff1208bc81593a
[CHAIN] 5aff1208bc81593a -> 2cf4108256cc9368
[CHAIN] 2cf4108256cc9368 -> 26953c2e834006d0
[CHAIN] 26953c2e834006d0 -> 6deddb652d947aca
[CHAIN] 6deddb652d947aca -> b4a16d7504edcd41
[CHAIN] b4a16d7504edcd41 -> ada035446eacbc80
[CHAIN] ada035446eacbc80 -> 7c7afcb894540fb7
[CHAIN] 7c7afcb894540fb7 -> 11632d3b62b0784b
[CHAIN] 11632d3b62b0784b -> 3396b208ffa65d97
[CHAIN] 3396b208ffa65d97 -> c68a1a1e6ddf05b2
[CHAIN] c68a1a1e6ddf05b2 -> cbf4d414211c45bb
[CHAIN] cbf4d414211c45bb -> 5df267e88fdbc601
[CHAIN] 5df267e88fdbc601 -> 98e9c01a4cd202c9
[CHAIN] 98e9c01a4cd202c9 -> 6824ac3f759b511d
[CHAIN] 6824ac3f759b511d -> 201e95ad467224e7
[CHAIN] 201e95ad467224e7 -> ce3eadcb86eb8d63
[CHAIN] ce3eadcb86eb8d63 -> 389d1c2c8699f74f
[CHAIN] 389d1c2c8699f74f -> ebbfe2451b1c334d
[CHAIN] ebbfe2451b1c334d -> 4392f2f2328b3724
[CHAIN] 4392f2f2328b3724 -> 2d89c6dadc843e6d
[CHAIN] 2d89c6dadc843e6d -> bbf7a6e65e08b7a5
[CHAIN] bbf7a6e65e08b7a5 -> a777385b794a0d1d
[CHAIN] a777385b794a0d1d -> c474a23098e7b6f6
[CHAIN] c474a23098e7b6f6 -> 375e2efc3c251e71
[CHAIN] 375e2efc3c251e71 -> a74e52909d8014de
[CHAIN] a74e52909d8014de -> 669d13e322d89506
[CHAIN] 669d13e322d89506 -> 9b3a965b59c9af69
[CHAIN] 9b3a965b59c9af69 -> 903916bfba7dc53f
[CHAIN] 903916bfba7dc53f -> a36e94be39968476
[CHAIN] a36e94be39968476 -> 8961b957c040d27c
[CHAIN] 8961b957c040d27c -> 8ff87da78bb419fc
[CHAIN] 8ff87da78bb419fc -> 72d00573097eda31
[CHAIN] 72d00573097eda31 -> 3526a86d5082e775
[CHAIN] 3526a86d5082e775 -> 4b7c8ca60a19fea0
[CHAIN] 4b7c8ca60a19fea0 -> f50f6237d23b30de
[CHAIN] f50f6237d23b30de -> 23858e347cb24fa6
[CHAIN] 23858e347cb24fa6 -> cff7ab9193ece303
[CHAIN] cff7ab9193ece303 -> b86e6948202e64e6
[CHAIN] b86e6948202e64e6 -> 3c2db6a2fc7ed310
[CHAIN] 3c2db6a2fc7ed310 -> 16116bd05bb4c284
[CHAIN] 16116bd05bb4c284 -> 9764a5154df5e7d7
[CHAIN] 9764a5154df5e7d7 -> f02079d1414a6aba
[CHAIN] f02079d1414a6aba -> 51bc2bbefa162ac6
[CHAIN] 51bc2bbefa162ac6 -> acc10ec8a53fc350
[CHAIN] acc10ec8a53fc350 -> a6f97af766c4b989
[CHAIN] a6f97af766c4b989 -> f17b0cb99e178829
[CHAIN] f17b0cb99e178829 -> f44dae34f8c5045b
[CHAIN] f44dae34f8c5045b -> e8b2c05aa755c43e
[CHAIN] e8b2c05aa755c43e -> 0521c55a38fa623b
[CHAIN] 0521c55a38fa623b -> 3cf44658f2ef9037
[CHAIN] 3cf44658f2ef9037 -> 1179142b4a94099c
[CHAIN] 1179142b4a94099c -> fabf580011ffee04
[CHAIN] fabf580011ffee04 -> 9ece0b9b7c2bf7d0
[CHAIN] 9ece0b9b7c2bf7d0 -> 5ca92883cb52b57e
[CHAIN] 5ca92883cb52b57e -> e08c913958ef6e6b
[CHAIN] e08c913958ef6e6b -> cdea782325d40615
[CHAIN] cdea782325d40615 -> a533e33eab22bd83
[CHAIN] a533e33eab22bd83 -> fcf8dc0b549ac302
[CHAIN] fcf8dc0b549ac302 -> 08fe057991327e82
[CHAIN] 08fe057991327e82 -> 90a5c5af1a62d018
[CHAIN] 90a5c5af1a62d018 -> ef2592a140c9a660
[CHAIN] ef2592a140c9a660 -> 716219db547b941a
[CHAIN] 716219db547b941a -> 292aceecd9252083
[CHAIN] 292aceecd9252083 -> 93af187b681b9b84
[CHAIN] 93af187b681b9b84 -> b16755b900796b62
[CHAIN] b16755b900796b62 -> 097c753891236d8b
[CHAIN] 097c753891236d8b -> 6595bf01bedaa499
[CHAIN] 6595bf01bedaa499 -> 3ca952e0ece4a0f6
[CHAIN] 3ca952e0ece4a0f6 -> c0ef14fc8b8d41a6
[CHAIN] c0ef14fc8b8d41a6 -> 9e7094a59a60537d
[CHAIN] 9e7094a59a60537d -> 4fdee128450e10dc
[CHAIN] 4fdee128450e10dc -> 3896901833d9d200
[CHAIN] 3896901833d9d200 -> ce0e50a304d1e487
[CHAIN] ce0e50a304d1e487 -> 7d74a2495d82f9cf
[CHAIN] 7d74a2495d82f9cf -> e115476d8f4f7bc1
[CHAIN] e115476d8f4f7bc1 -> 1d77b76657120905
[CHAIN] 1d77b76657120905 -> bbcedcec4903db7d
[CHAIN] bbcedcec4903db7d -> 75a1d3ee2c813a1f
[CHAIN] 75a1d3ee2c813a1f -> 27a7e8a918740649
[CHAIN] 27a7e8a918740649 -> e84ed110e27648cd
[CHAIN] e84ed110e27648cd -> 4c4ff54a60667a86
[CHAIN] 4c4ff54a60667a86 -> 7e169885a9590273
[CHAIN] 7e169885a9590273 -> 324dc62acac61bf3
[CHAIN] 324dc62acac61bf3 -> b699b2eae1bbf2ad
[CHAIN] b699b2eae1bbf2ad -> cd25498f850f3880
[CHAIN] cd25498f850f3880 -> 4d43d9ec944f3282
[CHAIN] 4d43d9ec944f3282 -> b399948662f12764
[CHAIN] b399948662f12764 -> 1e3f7f6cf144e12b
[CHAIN] 1e3f7f6cf144e12b -> 87aec20a86fc3cc8
[CHAIN] 87aec20a86fc3cc8 -> ff0d29ab19566b29
[CHAIN] ff0d29ab19566b29 -> a75d9bf87a6ab2f5
[CHAIN] a75d9bf87a6ab2f5 -> 4159a30eefcb070a
[CHAIN] 4159a30eefcb070a -> 49be641948fb665c
[CHAIN] 49be641948fb665c -> 7c46cbdf88cc2efe
[CHAIN] 7c46cbdf88cc2efe -> 5bfa85284e4a91ae
[CHAIN] 5bfa85284e4a91ae -> 90e86dc566e5ff63
[CHAIN] 90e86dc566e5ff63 -> 858968bd7bd47048
[CHAIN] 858968bd7bd47048 -> 23d710dfbfe77dac
[CHAIN] 23d710dfbfe77dac -> 0f894514628f96f8
[CHAIN] 0f894514628f96f8 -> b6322940288ffe75
[CHAIN] b6322940288ffe75 -> 16b401d28083e900
[CHAIN] 16b401d28083e900 -> 0ab1294325be1f97
[CHAIN] 0ab1294325be1f97 -> fac27c8356d01002
[CHAIN] fac27c8356d01002 -> 0aec523736e97e0f
[CHAIN] 0aec523736e97e0f -> 5dbe2a1810660317
[CHAIN] 5dbe2a1810660317 -> 017564b030db42aa
[CHAIN] 017564b030db42aa -> eac1902e191636e8
[CHAIN] eac1902e191636e8 -> 08feb0bbc0d6f4a0
[CHAIN] 08feb0bbc0d6f4a0 -> 029ca8fcf0f05e75
[CHAIN] 029ca8fcf0f05e75 -> 836abea02a325b01
[CHAIN] 836abea02a325b01 -> aec97132568f472f
[CHAIN] aec97132568f472f -> ed639de14fbd23a6
[CHAIN] ed639de14fbd23a6 -> e592277b1936bd49
[CHAIN] e592277b1936bd49 -> 0d574f77377fc660
[CHAIN] 0d574f77377fc660 -> 3190e6b30a28170d
[CHAIN] 3190e6b30a28170d -> ec9332c53f02f66a
[CHAIN] ec9332c53f02f66a -> 25744057228aa86b
[CHAIN] 25744057228aa86b -> 922f5a5dd0bc159b
[CHAIN] 922f5a5dd0bc159b -> 053cc6e7ad8a48f9
[CHAIN] 053cc6e7ad8a48f9 -> 5104603904081d1a
[CHAIN] 5104603904081d1a -> e56b18795e4c8cd9
[CHAIN] e56b18795e4c8cd9 -> 0b3c79739130a384
[CHAIN] 0b3c79739130a384 -> b8252978e5c9555a
[CHAIN] b8252978e5c9555a -> 42c4aac47df6de31
[CHAIN] 42c4aac47df6de31 -> 9a6164acb7e896c6
[CHAIN] 9a6164acb7e896c6 -> f5ce0df670b0cdc6
[CHAIN] f5ce0df670b0cdc6 -> 8638ed6c4fc6958c
[CHAIN] 8638ed6c4fc6958c -> 54623c50bdfc8aef
[CHAIN] 54623c50bdfc8aef -> a9757fc2d47a81b0
[CHAIN] a9757fc2d47a81b0 -> 442fe34455299888
[CHAIN] 442fe34455299888 -> c9a91f6713a7b649
[CHAIN] c9a91f6713a7b649 -> 1b233d104d472af6
[CHAIN] 1b233d104d472af6 -> 8affc0914f5e5da2
[CHAIN] 8affc0914f5e5da2 -> 6ed7df47203e47d5
[CHAIN] 6ed7df47203e47d5 -> d837bca2fbd6d689
[CHAIN] d837bca2fbd6d689 -> 7b350ffce1faecca
[CHAIN] 7b350ffce1faecca -> 9f6de0e6ab2e09ea
[CHAIN] 9f6de0e6ab2e09ea -> 6ec8acb1c876a406
[CHAIN] 6ec8acb1c876a406 -> b09703bc0a608fa6
[CHAIN] b09703bc0a608fa6 -> eeabaac690489ba4
[CHAIN] eeabaac690489ba4 -> cb7e8684414c508f
[CHAIN] cb7e8684414c508f -> 2d7978358aea0bfe
[CHAIN] 2d7978358aea0bfe -> d3337a3682f1bb5d
[CHAIN] d3337a3682f1bb5d -> a2af5400e44703cd
[CHAIN] a2af5400e44703cd -> 04ed542adca5460e
[CHAIN] 04ed542adca5460e -> 81df2bda0fa22049
[CHAIN] 81df2bda0fa22049 -> aed2111fb4fc81b4
[CHAIN] aed2111fb4fc81b4 -> 8a7e4bcf84f788ea
[CHAIN] 8a7e4bcf84f788ea -> 6af008609bca85d0
[CHAIN] 6af008609bca85d0 -> 6ab5f5254249645a
[CHAIN] 6ab5f5254249645a -> 56d0bf36c0f63dbf
[CHAIN] 56d0bf36c0f63dbf -> 2c654d47c2a65091
[CHAIN] 2c654d47c2a65091 -> 30758698f1d8265f
[CHAIN] 30758698f1d8265f -> 688d3e19d17231a2
[CHAIN] 688d3e19d17231a2 -> 42432fa1084443d5
[CHAIN] 42432fa1084443d5 -> e201715e66014b81
[CHAIN] e201715e66014b81 -> 53de2db146c45c3d
[CHAIN] 53de2db146c45c3d -> d66f3ab8deb3112b
[CHAIN] d66f3ab8deb3112b -> 4122d853f73e0664
[CHAIN] 4122d853f73e0664 -> 84e5280eb6bfe3d8
[CHAIN] 84e5280eb6bfe3d8 -> d82becb9f8343b65
[CHAIN] d82becb9f8343b65 -> 545787ddec1b3788
[CHAIN] 545787ddec1b3788 -> beff94f147b5cc55
[CHAIN] beff94f147b5cc55 -> c0d037c28ad544be
[CHAIN] c0d037c28ad544be -> 7b14301ab944fa8c
[CHAIN] 7b14301ab944fa8c -> a3a4d0789d311f7f
[CHAIN] a3a4d0789d311f7f -> cef18f31822b71df
[CHAIN] cef18f31822b71df -> 7f9172fbb4b9a86a
[CHAIN] 7f9172fbb4b9a86a -> fcd2eb3513901107
[CHAIN] fcd2eb3513901107 -> f285a948801565d1
[CHAIN] f285a948801565d1 -> b6c088c6e2005c7b
[CHAIN] b6c088c6e2005c7b -> 4ffed01d385975a7
[CHAIN] 4ffed01d385975a7 -> 20d4d50b2ac44e8c
[CHAIN] 20d4d50b2ac44e8c -> 3655ba6e15d04391
[CHAIN] 3655ba6e15d04391 -> b75a197ff477bcef
[CHAIN] b75a197ff477bcef -> 85e9eaa1b42cd25c
[CHAIN] 85e9eaa1b42cd25c -> 930db4b63427edac
[CHAIN] 930db4b63427edac -> 3988b986de9951fe
[CHAIN] 3988b986de9951fe -> 7027b60e8fbdd0d6
[CHAIN] 7027b60e8fbdd0d6 -> 99183b7efbb6f745
[CHAIN] 99183b7efbb6f745 -> f0f8cc7d328da488
[CHAIN] f0f8cc7d328da488 -> 49d60334446e8898
[CHAIN] 49d60334446e8898 -> 11b28b8d33201980
[CHAIN] 11b28b8d33201980 -> dfdda40e2bd0ad43
[CHAIN] dfdda40e2bd0ad43 -> bd35adc555cf068b
[CHAIN] bd35adc555cf068b -> 8a57da8f0ac8a0bd
[CHAIN] 8a57da8f0ac8a0bd -> d316fb0576ad5c26
[CHAIN] d316fb0576ad5c26 -> d14d1e47c4efb405
[CHAIN] d14d1e47c4efb405 -> 2dcbf6ea81f07624
[CHAIN] 2dcbf6ea81f07624 -> bf38ad9647393de9
[CHAIN] bf38ad9647393de9 -> 0a8dd0d56d743df7
[CHAIN] 0a8dd0d56d743df7 -> 660fd385c92ead25
[CHAIN] 660fd385c92ead25 -> 88937a0438968811
[CHAIN] 88937a0438968811 -> 079ac78e6be33626
[CHAIN] 079ac78e6be33626 -> 92ae91098961b512
[CHAIN] 92ae91098961b512 -> dab1f14aa4e2341a
[CHAIN] dab1f14aa4e2341a -> 37aea209b31c9b81
[CHAIN] 37aea209b31c9b81 -> b806bad2a74c7345
[CHAIN] b806bad2a74c7345 -> 65becadd4a181f16
[CHAIN] 65becadd4a181f16 -> d7c89c2aa88d5f00
[CHAIN] d7c89c2aa88d5f00 -> d33f0d0ccfd6df6e
[CHAIN] d33f0d0ccfd6df6e -> 31a80567266dbd21
[CHAIN] 31a80567266dbd21 -> c634416689658b69
[CHAIN] c634416689658b69 -> eaca62dd500bcda9
[CHAIN] eaca62dd500bcda9 -> 610487b392259a92
[CHAIN] 610487b392259a92 -> 7e8fa58d4e7e8e59
[CHAIN] 7e8fa58d4e7e8e59 -> 15c40cc45c31a726
[CHAIN] 15c40cc45c31a726 -> b84be93ab136592e
[CHAIN] b84be93ab136592e -> 4b8e8b8932b5d32c
[CHAIN] 4b8e8b8932b5d32c -> 3c4ae2471c9b5b78
[CHAIN] 3c4ae2471c9b5b78 -> 00befc97eadda864
[CHAIN] 00befc97eadda864 -> 7301cc2f79d566ac
[CHAIN] 7301cc2f79d566ac -> 7f8fe8837012c399
[CHAIN] 7f8fe8837012c399 -> 6ce54b9a24b216c0
[CHAIN] 6ce54b9a24b216c0 -> 4ddca3cd60c6b96f
[CHAIN] 4ddca3cd60c6b96f -> e561a026ee8b0155
[CHAIN] e561a026ee8b0155 -> 200ec01f509a79f4
[CHAIN] 200ec01f509a79f4 -> ce9916f9603338e7
[CHAIN] ce9916f9603338e7 -> b4231a8d0a8464a8
[CHAIN] b4231a8d0a8464a8 -> 825b819652821f6d
[CHAIN] 825b819652821f6d -> 50c7f917cc6a84f2
[CHAIN] 50c7f917cc6a84f2 -> 972aebbcdfe6f0ab
[CHAIN] 972aebbcdfe6f0ab -> 32b21adeb646f633
[CHAIN] 32b21adeb646f633 -> b6b7d931881c75d4
[CHAIN] b6b7d931881c75d4 -> cdb5ccb4abeb09c7
[CHAIN] cdb5ccb4abeb09c7 -> cc0ff676352085a9
[CHAIN] cc0ff676352085a9 -> e821e7b3bd314474
[CHAIN] e821e7b3bd314474 -> 207a46309a6e2abd
[CHAIN] 207a46309a6e2abd -> 4a28948e2a3b28c1
[CHAIN] 4a28948e2a3b28c1 -> 7854aa0aa3eb06df
[CHAIN] 7854aa0aa3eb06df -> 5216974942f78c93
[CHAIN] 5216974942f78c93 -> f774721fa90f0f04
[CHAIN] f774721fa90f0f04 -> 18bb9aeee17e25ab
[CHAIN] 18bb9aeee17e25ab -> 6422bf857206eff0
[CHAIN] 6422bf857206eff0 -> 3d7f36507be3e6bb
[CHAIN] 3d7f36507be3e6bb -> e53f6deccccc0a54
[CHAIN] e53f6deccccc0a54 -> d7069292b5d753b2
[CHAIN] d7069292b5d753b2 -> 3f579ea4938de85d
[CHAIN] 3f579ea4938de85d -> c72450fc37342220
[CHAIN] c72450fc37342220 -> 776b41b1731dccaf
[CHAIN] 776b41b1731dccaf -> 68efa238cca1f678
[CHAIN] 68efa238cca1f678 -> 3254c0c159aaf908
[CHAIN] 3254c0c159aaf908 -> ef64528cacad0902
[CHAIN] ef64528cacad0902 -> 715ed2961a45e124
[CHAIN] 715ed2961a45e124 -> 1d724e19ae5b2969
[CHAIN] 1d724e19ae5b2969 -> 5d12e03ca8ecd7fb
[CHAIN] 5d12e03ca8ecd7fb -> 12be62c5dccb172e
[CHAIN] 12be62c5dccb172e -> bfa8965d43fcf55b
[CHAIN] bfa8965d43fcf55b -> 744e307100b4b2e5
[CHAIN] 744e307100b4b2e5 -> 27889caa34907f1f
[CHAIN] 27889caa34907f1f -> 428752316f8a1b44
[CHAIN] 428752316f8a1b44 -> 30c49a7d4a574260
[CHAIN] 30c49a7d4a574260 -> 531f8c999b912fe7
[CHAIN] 531f8c999b912fe7 -> 786fe1544fd379c4
[CHAIN] 786fe1544fd379c4 -> 9606e770802405bd
[CHAIN] 9606e770802405bd -> b4db91234449714e
[CHAIN] b4db91234449714e -> 9190891fbe933c54
[CHAIN] 9190891fbe933c54 -> 9bd8ddde5d52acb3
[CHAIN] 9bd8ddde5d52acb3 -> d33145d581e0116e
[CHAIN] d33145d581e0116e -> ef68759b707eb1bf
[CHAIN] ef68759b707eb1bf -> dc3b3b2fdcd88278
[CHAIN] dc3b3b2fdcd88278 -> 22078d31dbdf77b0
[CHAIN] 22078d31dbdf77b0 -> 2ce686fe538fbcb4
[CHAIN] 2ce686fe538fbcb4 -> 0df7b0bdabebdc9a
[CHAIN] 0df7b0bdabebdc9a -> 54fdb8a7dafe0946
[CHAIN] 54fdb8a7dafe0946 -> 7bda2bcf0ada3c70
[CHAIN] 7bda2bcf0ada3c70 -> 7070475b52565697
[CHAIN] 7070475b52565697 -> e4827f44fa1caec3
[CHAIN] e4827f44fa1caec3 -> 6a0617fadc3075ae
[CHAIN] 6a0617fadc3075ae -> d69b5d5a77b62ecd
[CHAIN] d69b5d5a77b62ecd -> 3f95b43abe5f755d
[CHAIN] 3f95b43abe5f755d -> 19c403a74b670369
[CHAIN] 19c403a74b670369 -> f9b0fd402e86afea
[CHAIN] f9b0fd402e86afea -> 012feacfe59afc3f
[CHAIN] 012feacfe59afc3f -> 0b11c0ccee783b1d
[CHAIN] 0b11c0ccee783b1d -> cc91f7bf0112b50a
[CHAIN] cc91f7bf0112b50a -> aa7bde5c8bcb9983
[CHAIN] aa7bde5c8bcb9983 -> 1b959a90b5043dbe
[CHAIN] 1b959a90b5043dbe -> 6228aaf945181559
[CHAIN] 6228aaf945181559 -> 645e3d792179130a
[CHAIN] 645e3d792179130a -> cc2869e2647b7a5f
[CHAIN] cc2869e2647b7a5f -> 724c1843ae0a4723
[CHAIN] 724c1843ae0a4723 -> 6addd03a673370d7
[CHAIN] 6addd03a673370d7 -> a52cd53c4d30ebfd
[CHAIN] a52cd53c4d30ebfd -> 105ba8473031abcd
[CHAIN] 105ba8473031abcd -> 7e04ccea0e155ea7
[CHAIN] 7e04ccea0e155ea7 -> 69015d99b2d1b371
[CHAIN] 69015d99b2d1b371 -> 4d8657b292c925cc
[CHAIN] 4d8657b292c925cc -> b42555d4c2b8c670
[CHAIN] b42555d4c2b8c670 -> b3390cc0ea1d763b
[CHAIN] b3390cc0ea1d763b -> b43cdd46ee04340b
[CHAIN] b43cdd46ee04340b -> 47da78a98a2a4d48
[CHAIN] 47da78a98a2a4d48 -> 0d7b424adaf02b61
[CHAIN] 0d7b424adaf02b61 -> 927b914b2f1d5c65
[CHAIN] 927b914b2f1d5c65 -> 5d8d71c1e78dbc3e
[CHAIN] 5d8d71c1e78dbc3e -> 9465237722b2ddb5
[CHAIN] 9465237722b2ddb5 -> 50d7d284473d4814
[CHAIN] 50d7d284473d4814 -> 0980e45a4e9c2fc2
[CHAIN] 0980e45a4e9c2fc2 -> ca21a8e6a6c23981
[CHAIN] ca21a8e6a6c23981 -> 06434f84c4373ba8
[CHAIN] 06434f84c4373ba8 -> 3fcdb6fa0a140ece
[CHAIN] 3fcdb6fa0a140ece -> fb095e551f419423
[CHAIN] fb095e551f419423 -> ad0b9fdd0faccbc2
[CHAIN] ad0b9fdd0faccbc2 -> 9f56c3694713be7e
[CHAIN] 9f56c3694713be7e -> e044eff04731c545
[CHAIN] e044eff04731c545 -> 3dfe26d7c74b94e1
[CHAIN] 3dfe26d7c74b94e1 -> 256fce77479be62b
[CHAIN] 256fce77479be62b -> d844df4dd0bca5c1
[CHAIN] d844df4dd0bca5c1 -> e46533c27ba75660
[CHAIN] e46533c27ba75660 -> 85b0b9da588af4dd
[CHAIN] 85b0b9da588af4dd -> 0369e740d99d7518
[CHAIN] 0369e740d99d7518 -> 13199431e7d19303
[CHAIN] 13199431e7d19303 -> 3adac0c3acba8b4e
[CHAIN] 3adac0c3acba8b4e -> f69889bf0c0f4908
[CHAIN] f69889bf0c0f4908 -> f4208bc20ccae8ff
[CHAIN] f4208bc20ccae8ff -> dee0bc791fa8f068
[CHAIN] dee0bc791fa8f068 -> d12dd29ab0a28052
[CHAIN] d12dd29ab0a28052 -> a2093e643bb8f444
[CHAIN] a2093e643bb8f444 -> 38b269eda8f1e32b
[CHAIN] 38b269eda8f1e32b -> 86d5adf9d61118a9
[CHAIN] 86d5adf9d61118a9 -> 3e7f7198f50d428a
[CHAIN] 3e7f7198f50d428a -> 65f33727ea29e768
[CHAIN] 65f33727ea29e768 -> 1fdbcdbc7c2e8636
[CHAIN] 1fdbcdbc7c2e8636 -> 20a0f3bf5aae6357
[CHAIN] 20a0f3bf5aae6357 -> e1799a2ad91100c4
[CHAIN] e1799a2ad91100c4 -> 0f0962159c0763e8
[CHAIN] 0f0962159c0763e8 -> 30d2aadbe4f89306
[CHAIN] 30d2aadbe4f89306 -> 0e31f8cbb06d80ba
[CHAIN] 0e31f8cbb06d80ba -> 026a911abaae24bb
[CHAIN] 026a911abaae24bb -> 535c875aba3fb646
[CHAIN] 535c875aba3fb646 -> 1f90a3b2d39a243b
[CHAIN] 1f90a3b2d39a243b -> 1744c68ca6d9f20b
[CHAIN] 1744c68ca6d9f20b -> b194eb7e2f1ca193
[CHAIN] b194eb7e2f1ca193 -> bd258a7ae19576b6
[CHAIN] bd258a7ae19576b6 -> cd9e087ec6d19ac2
[CHAIN] cd9e087ec6d19ac2 -> c72d34fcfb20bb9a
[CHAIN] c72d34fcfb20bb9a -> ec8443f1eabf2550
[CHAIN] ec8443f1eabf2550 -> 8cd1a52ff8bc1a19
[CHAIN] 8cd1a52ff8bc1a19 -> d58e29d63f85a7a4
[CHAIN] d58e29d63f85a7a4 -> f79b4c44b27c57cc
[CHAIN] f79b4c44b27c57cc -> 7db6a7d0a4074853
[CHAIN] 7db6a7d0a4074853 -> c5d8ca1b611226ae
[CHAIN] c5d8ca1b611226ae -> d39eca149b3fc370
[CHAIN] d39eca149b3fc370 -> 50ff74497f6b5e0e
[CHAIN] 50ff74497f6b5e0e -> 0489d6f1e3b1fc46
[CHAIN] 0489d6f1e3b1fc46 -> 724a0f4b1577ec4f
[CHAIN] 724a0f4b1577ec4f -> b43bc5480b16f497
[CHAIN] b43bc5480b16f497 -> d481ea640eb01fd4
[CHAIN] d481ea640eb01fd4 -> c2d1e18b61d84699
[CHAIN] c2d1e18b61d84699 -> 16193d127af2468d
[CHAIN] 16193d127af2468d -> eef312baed7dccd3
[CHAIN] eef312baed7dccd3 -> 852a7b48d29fe338
[CHAIN] 852a7b48d29fe338 -> ec4f55ee0ef5f5b2
[CHAIN] ec4f55ee0ef5f5b2 -> 7673d553595f28b7
[CHAIN] 7673d553595f28b7 -> 9d89670aa868ecd5
[CHAIN] 9d89670aa868ecd5 -> c76cc951ac782526
[CHAIN] c76cc951ac782526 -> 3abe3156e4e44661
[CHAIN] 3abe3156e4e44661 -> e6d585f33d9f6e93
[CHAIN] e6d585f33d9f6e93 -> 025d80db36f07cd1
[CHAIN] 025d80db36f07cd1 -> f420f8ebb4b590f0
[CHAIN] f420f8ebb4b590f0 -> 6437029311895858
[CHAIN] 6437029311895858 -> 6c782a3586de753b
[CHAIN] 6c782a3586de753b -> 5417fe831852dd5b
[CHAIN] 5417fe831852dd5b -> 8d182d2aa38f1bbd
[CHAIN] 8d182d2aa38f1bbd -> 52a827a94bcfc313
[CHAIN] 52a827a94bcfc313 -> 1cf44dc4972d16c3
[CHAIN] 1cf44dc4972d16c3 -> 5007a164724c9233
[CHAIN] 5007a164724c9233 -> d77db714400ae332
[CHAIN] d77db714400ae332 -> 851975c8d66acbe2
[CHAIN] 851975c8d66acbe2 -> 52670112ce18246b
[CHAIN] 52670112ce18246b -> 046a3009b9dcaab5
[CHAIN] 046a3009b9dcaab5 -> b24212f6bf062239
[CHAIN] b24212f6bf062239 -> a4e6f7f3794d6744
[CHAIN] a4e6f7f3794d6744 -> d18bf3f288ff06f6
[CHAIN] d18bf3f288ff06f6 -> c0b95b43e8ab42b6
[CHAIN] c0b95b43e8ab42b6 -> 16447f4dc14cdac9
[CHAIN] 16447f4dc14cdac9 -> 7ba15af9035946cc
[CHAIN] 7ba15af9035946cc -> 09c5eeea66b1c1be
[CHAIN] 09c5eeea66b1c1be -> 12004955cd75049d
[CHAIN] 12004955cd75049d -> f7491d524fa28622
[CHAIN] f7491d524fa28622 -> 002dc07206067787
[CHAIN] 002dc07206067787 -> 066b933fbbdce093
[CHAIN] 066b933fbbdce093 -> 1779b3a9b4cadedd
[CHAIN] 1779b3a9b4cadedd -> 03c4cf3467fdfb4a
[CHAIN] 03c4cf3467fdfb4a -> 8da126aba1636609
[CHAIN] 8da126aba1636609 -> adbd8749483cf5ba
[CHAIN] adbd8749483cf5ba -> 6f8c1a7c8199a063
[CHAIN] 6f8c1a7c8199a063 -> 8124cb00331aeb12
[CHAIN] 8124cb00331aeb12 -> 44ff593b640a8f91
[CHAIN] 44ff593b640a8f91 -> 62bb55285fcb145a
[CHAIN] 62bb55285fcb145a -> 68873f32072273aa
[CHAIN] 68873f32072273aa -> 2a626de4b3f4f5ed
[CHAIN] 2a626de4b3f4f5ed -> 56432aba7222ecb9
[CHAIN] 56432aba7222ecb9 -> 1b2daa6bea072ee6
[CHAIN] 1b2daa6bea072ee6 -> fc468bcd7d0e9cd1
[CHAIN] fc468bcd7d0e9cd1 -> cd13859294526d7c
[CHAIN] cd13859294526d7c -> 869a881863adbf37
[CHAIN] 869a881863adbf37 -> e33b5958f64218ab
[CHAIN] e33b5958f64218ab -> 2a9b53d1f867b2b2
[CHAIN] 2a9b53d1f867b2b2 -> 8bdacc4d42d3c4d4
[CHAIN] 8bdacc4d42d3c4d4 -> b40ca922722d53ee
[CHAIN] b40ca922722d53ee -> 862b27e95d040452
[CHAIN] 862b27e95d040452 -> 0966e8cef17c9c56
[CHAIN] 0966e8cef17c9c56 -> 29a13dbcff2ebdf2
[CHAIN] 29a13dbcff2ebdf2 -> fe1891300fffd88d
[CHAIN] fe1891300fffd88d -> 06a42b648c27ad70
[CHAIN] 06a42b648c27ad70 -> d622e9a4c892e068
[CHAIN] d622e9a4c892e068 -> 8a96e5c0807b8f1b
[CHAIN] 8a96e5c0807b8f1b -> 0ee01446300862b9
[CHAIN] 0ee01446300862b9 -> 419cd62888cd4dfb
[CHAIN] 419cd62888cd4dfb -> f9012d41c6879c8d
[CHAIN] f9012d41c6879c8d -> e17e6a8475035386
[CHAIN] e17e6a8475035386 -> e783eadb50d111f1
[CHAIN] e783eadb50d111f1 -> 4019311cfa676b87
[CHAIN] 4019311cfa676b87 -> 7b861e0a1653507d
[CHAIN] 7b861e0a1653507d -> ebcf618a2f3196e2
[CHAIN] ebcf618a2f3196e2 -> c4fa9f784f474aeb
[CHAIN] c4fa9f784f474aeb -> adae3557d86a3eeb
[CHAIN] adae3557d86a3eeb -> 12128e9c336e6f3b
[CHAIN] 12128e9c336e6f3b -> e6a2c9df4377e3ef
[CHAIN] e6a2c9df4377e3ef -> d8a149c19bfdd7da
[CHAIN] d8a149c19bfdd7da -> 73ba51fa0c1f6945
[CHAIN] 73ba51fa0c1f6945 -> 77ab073524fb9477
[CHAIN] 77ab073524fb9477 -> 6d16ac2c4a29e058
[CHAIN] 6d16ac2c4a29e058 -> 2e01f47de9031d41
[CHAIN] 2e01f47de9031d41 -> dc5aba75fb2e65ad
[CHAIN] dc5aba75fb2e65ad -> f0317af52d066545
[CHAIN] f0317af52d066545 -> c4840cd2eb44225a
[CHAIN] c4840cd2eb44225a -> 08d1038ee0e06bfa
[CHAIN] 08d1038ee0e06bfa -> b34467afbd7d7901
[CHAIN] b34467afbd7d7901 -> e7c2b285b5db1f2e
[CHAIN] e7c2b285b5db1f2e -> 90fe13d95bf9ac52
[CHAIN] 90fe13d95bf9ac52 -> 1997f14b9f6dc46c
[CHAIN] 1997f14b9f6dc46c -> df52a6235fdba738
[CHAIN] df52a6235fdba738 -> 099a8238d661f2d6
[CHAIN] 099a8238d661f2d6 -> 63076e5b3e045cdc
[CHAIN] 63076e5b3e045cdc -> bf05ab6c902185ff
[CHAIN] bf05ab6c902185ff -> 2e7d557e61dc86ef
[CHAIN] 2e7d557e61dc86ef -> 5fecda197ceb6353
[CHAIN] 5fecda197ceb6353 -> 74a664fa52d05f44
[CHAIN] 74a664fa52d05f44 -> 0606683c3778bfcd
[CHAIN] 0606683c3778bfcd -> 94debfb864d418bb
[CHAIN] 94debfb864d418bb -> 53e8b718016f166c
[CHAIN] 53e8b718016f166c -> f7bf33e67173d3d2
[CHAIN] f7bf33e67173d3d2 -> 02513ed2ef2d3c67
[CHAIN] 02513ed2ef2d3c67 -> cc00f2610b53aed5
[CHAIN] cc00f2610b53aed5 -> 2722edc812ec8921
[CHAIN] 2722edc812ec8921 -> 14d6e020add4216f
[CHAIN] 14d6e020add4216f -> b6f3d92c01d5ad01
[CHAIN] b6f3d92c01d5ad01 -> ee4fc25b2d0d8ccc
[CHAIN] ee4fc25b2d0d8ccc -> 4f73f2b980d41808
[CHAIN] 4f73f2b980d41808 -> a6971436916b8d2e
[CHAIN] a6971436916b8d2e -> 3c5af6a950efc324
[CHAIN] 3c5af6a950efc324 -> ec5b637c117cd77d
[CHAIN] ec5b637c117cd77d -> 0f5a6782b2cb6a5d
[CHAIN] 0f5a6782b2cb6a5d -> eb83d57176605593
[CHAIN] eb83d57176605593 -> 8d5b7ba82d429938
[CHAIN] 8d5b7ba82d429938 -> a75ca68c98cdaa15
[CHAIN] a75ca68c98cdaa15 -> ff1f45a33fce997e
[CHAIN] ff1f45a33fce997e -> 3a4106e48d72e7da
[CHAIN] 3a4106e48d72e7da -> 144fa13c20b70d1b
[CHAIN] 144fa13c20b70d1b -> b09a04542ec628c8
[CHAIN] b09a04542ec628c8 -> 6d13591a36208b2e
[CHAIN] 6d13591a36208b2e -> 8d500cbea88f9677
[CHAIN] 8d500cbea88f9677 -> 816ff320ac7d79e7
[CHAIN] 816ff320ac7d79e7 -> af8157a985c2c97a
[CHAIN] af8157a985c2c97a -> ef057e9be204931c
[CHAIN] ef057e9be204931c -> bcfc7aa132ee37f1
[CHAIN] bcfc7aa132ee37f1 -> 04360139eda80488
[CHAIN] 04360139eda80488 -> 51faa32a23d2968f
[CHAIN] 51faa32a23d2968f -> 4904858c4cbf8a03
[CHAIN] 4904858c4cbf8a03 -> f7a4b28a31b9719f
[CHAIN] f7a4b28a31b9719f -> 6dc9ac6170d05f23
[CHAIN] 6dc9ac6170d05f23 -> 93751d9c72fc24b6
[CHAIN] 93751d9c72fc24b6 -> 6851a433244968e9
[CHAIN] 6851a433244968e9 -> 54762a9bf55d174e
[CHAIN] 54762a9bf55d174e -> e6e9d59350519443
[CHAIN] e6e9d59350519443 -> c07d82310bb9bced
[CHAIN] c07d82310bb9bced -> cd22e2637cca099b
[CHAIN] cd22e2637cca099b -> 56b38e85ea6f9037
[CHAIN] 56b38e85ea6f9037 -> 0722b712b1a1f711
[CHAIN] 0722b712b1a1f711 -> 416d9397e4fb016e
[CHAIN] 416d9397e4fb016e -> b8f826c065ad1f40
[CHAIN] b8f826c065ad1f40 -> 5ef23303017db372
[CHAIN] 5ef23303017db372 -> 58a399b422c0c767
[CHAIN] 58a399b422c0c767 -> d291519d126e3888
[CHAIN] d291519d126e3888 -> 011bf48ab4a37641
[CHAIN] 011bf48ab4a37641 -> 6379063a672db8bc
[CHAIN] 6379063a672db8bc -> 399d18ff99606b1b
[CHAIN] 399d18ff99606b1b -> bf53b5d09224bac9
[CHAIN] bf53b5d09224bac9 -> 2529e96ce018e709
[CHAIN] 2529e96ce018e709 -> d1aa9d12c539523a
[CHAIN] d1aa9d12c539523a -> c8a5ea7f6f79f59a
[CHAIN] c8a5ea7f6f79f59a -> 14fb0260bdfa4621
[CHAIN] 14fb0260bdfa4621 -> d2250ac2597b377f
[CHAIN] d2250ac2597b377f -> 40c8f259b3176761
[CHAIN] 40c8f259b3176761 -> 8495b185f071f35f
[CHAIN] 8495b185f071f35f -> f9caeabd37bb542d
[CHAIN] f9caeabd37bb542d -> 5a899e71421629ee
[CHAIN] 5a899e71421629ee -> 88c0402da6f1d059
[CHAIN] 88c0402da6f1d059 -> e1f5c1f7e2cfbb77
[CHAIN] e1f5c1f7e2cfbb77 -> 96719dc6b907572f
[CHAIN] 96719dc6b907572f -> 9fe5df264b8a232e
[CHAIN] 9fe5df264b8a232e -> a5c2bb20c75511ff
[CHAIN] a5c2bb20c75511ff -> 31a140d229716ed3
[CHAIN] 31a140d229716ed3 -> 16784aff773232f9
[CHAIN] 16784aff773232f9 -> 6536277627677474
[CHAIN] 6536277627677474 -> cbfb55a7a954b09e
[CHAIN] cbfb55a7a954b09e -> cc4dc601e2da130a
[CHAIN] cc4dc601e2da130a -> 030597c184e9e7cd
[CHAIN] 030597c184e9e7cd -> a55fe8a44097d8a1
[CHAIN] a55fe8a44097d8a1 -> 002ea3730dfcc8ca
[CHAIN] 002ea3730dfcc8ca -> 73b6d1725aa70341
[CHAIN] 73b6d1725aa70341 -> 9dc0c8b4df6c9807
[CHAIN] 9dc0c8b4df6c9807 -> 2e0492de3e27a764
[CHAIN] 2e0492de3e27a764 -> c06c40f89bd3b364
[CHAIN] c06c40f89bd3b364 -> a1156c52349401d6
[CHAIN] a1156c52349401d6 -> 9c528d5279da7461
[CHAIN] 9c528d5279da7461 -> 39f06de84ce53932
[CHAIN] 39f06de84ce53932 -> ab241cb80ac06929
[CHAIN] ab241cb80ac06929 -> abc122b12da0a1e4
[CHAIN] abc122b12da0a1e4 -> a1c20758586d193d
[CHAIN] a1c20758586d193d -> 9c2bc19cfa859389
[CHAIN] 9c2bc19cfa859389 -> dc5641a38bfa96f7
[CHAIN] dc5641a38bfa96f7 -> 960295d83d793b0d
[CHAIN] 960295d83d793b0d -> 85d4687cc9675727
[CHAIN] 85d4687cc9675727 -> 6094796d29313e2c
[CHAIN] 6094796d29313e2c -> 52d9ce8f3ecebed3
[CHAIN] 52d9ce8f3ecebed3 -> d864bedadedef31b
[CHAIN] d864bedadedef31b -> c1f58f53595f60ea
[CHAIN] c1f58f53595f60ea -> 64b57e6af7eceffe
[CHAIN] 64b57e6af7eceffe -> 2768487243e93f71
[CHAIN] 2768487243e93f71 -> 8d92ddfc8897d5e6
[CHAIN] 8d92ddfc8897d5e6 -> 456c83a34111be30
[CHAIN] 456c83a34111be30 -> 745237ef7ddcc55b
[CHAIN] 745237ef7ddcc55b -> a56292504aa8caf0
[CHAIN] a56292504aa8caf0 -> 4f5bf2adfeb874c8
[CHAIN] 4f5bf2adfeb874c8 -> 6015b501d129eb15
[CHAIN] 6015b501d129eb15 -> 84cbcf1ac67788ea
[CHAIN] 84cbcf1ac67788ea -> 691fa196598f9956
[CHAIN] 691fa196598f9956 -> ddde6c30c167344b
[CHAIN] ddde6c30c167344b -> 6efb68b141560f71
[CHAIN] 6efb68b141560f71 -> 601f512c3fa8e2fc
[CHAIN] 601f512c3fa8e2fc -> 98c36a0a4d64d058
[CHAIN] 98c36a0a4d64d058 -> 747084ab1891e0af
[CHAIN] 747084ab1891e0af -> be58803e78f9c3f3
[CHAIN] be58803e78f9c3f3 -> 67e76576d038401f
[CHAIN] 67e76576d038401f -> 67f4956380318d26
[CHAIN] 67f4956380318d26 -> d8b26588b3dc4ec0
[CHAIN] d8b26588b3dc4ec0 -> 598becba2d2097bc
[CHAIN] 598becba2d2097bc -> 38be03ffa9b792e8
[CHAIN] 38be03ffa9b792e8 -> 733ce28f1041a1b0
[CHAIN] 733ce28f1041a1b0 -> 9648009290007af5
[CHAIN] 9648009290007af5 -> dd1cd1f217f2c5da
[CHAIN] dd1cd1f217f2c5da -> 1ca844b00d0d79cc
[CHAIN] 1ca844b00d0d79cc -> 932a45df95b57e35
[CHAIN] 932a45df95b57e35 -> 88adb89b92e59e33
[CHAIN] 88adb89b92e59e33 -> d6d06cc6926136fb
[CHAIN] d6d06cc6926136fb -> a7e28d52b1875a50
[CHAIN] a7e28d52b1875a50 -> 754eebd9d9067625
[CHAIN] 754eebd9d9067625 -> 14ef30843066e671
[CHAIN] 14ef30843066e671 -> 22d691160e1db8bb
[CHAIN] 22d691160e1db8bb -> dcbbc891a1a6abca
[CHAIN] dcbbc891a1a6abca -> dec47cedd17c0c69
[CHAIN] dec47cedd17c0c69 -> 443b8e4074122292
[CHAIN] 443b8e4074122292 -> 167d1cf041dc9206
[CHAIN] 167d1cf041dc9206 -> 89913b726164126a
[CHAIN] 89913b726164126a -> b6a238b08aa51c9b
[CHAIN] b6a238b08aa51c9b -> 09f1de85d53ef785
[CHAIN] 09f1de85d53ef785 -> 401b9ae4a60d188e
[CHAIN] 401b9ae4a60d188e -> 432416dcc92702c6
[CHAIN] 432416dcc92702c6 -> 69cd41c0a83f9804
[CHAIN] 69cd41c0a83f9804 -> a78fcda45ad50984
[CHAIN] a78fcda45ad50984 -> 100afbe2defe7fc2
[CHAIN] 100afbe2defe7fc2 -> d69fcb3d25474597
[CHAIN] d69fcb3d25474597 -> fe4c69d4be5528db
[CHAIN] fe4c69d4be5528db -> c2705be13ca825ea
[CHAIN] c2705be13ca825ea -> 581e3d80fc68b5f2
[CHAIN] 581e3d80fc68b5f2 -> d64eae7d4f290db7
[CHAIN] d64eae7d4f290db7 -> 477cde6606111a2c
[CHAIN] 477cde6606111a2c -> 39502e8cb02ebe00
[CHAIN] 39502e8cb02ebe00 -> a1acadf95f24f757
[CHAIN] a1acadf95f24f757 -> 69f09eb80e4b91c5
[CHAIN] 69f09eb80e4b91c5 -> 8f6ffb386ae27ec2
[CHAIN] 8f6ffb386ae27ec2 -> 6966407a61c5bd17
[CHAIN] 6966407a61c5bd17 -> c11a6de7facc4d22
[CHAIN] c11a6de7facc4d22 -> db4fe10513a3b83c
[CHAIN] db4fe10513a3b83c -> 17d73480c45fc00a
[CHAIN] 17d73480c45fc00a -> 30f486daadfe3bd2
[CHAIN] 30f486daadfe3bd2 -> 069d79c5d426a9c9
[CHAIN] 069d79c5d426a9c9 -> 7743fdae70d25ef0
[CHAIN] 7743fdae70d25ef0 -> fbc6aca8fbb43c24
[CHAIN] fbc6aca8fbb43c24 -> 0b220a0c74733062
[CHAIN] 0b220a0c74733062 -> bbb7f18d96c55254
[CHAIN] bbb7f18d96c55254 -> f0996fc380753e74
[CHAIN] f0996fc380753e74 -> 5f826928c13cc9bd
[CHAIN] 5f826928c13cc9bd -> acd6c4b516e0e9d0
[CHAIN] acd6c4b516e0e9d0 -> 2da234d19fa82661
[CHAIN] 2da234d19fa82661 -> d7f91c4a436ddd6a
[CHAIN] d7f91c4a436ddd6a -> b75e9c5668d987fc
[CHAIN] b75e9c5668d987fc -> d495b39ee1d6283c
[CHAIN] d495b39ee1d6283c -> b0bc7795d422c110
[CHAIN] b0bc7795d422c110 -> 439fe91174bc07d7
[CHAIN] 439fe91174bc07d7 -> 3b11f3f2f2c3427f
[CHAIN] 3b11f3f2f2c3427f -> cebfe1e60fee31a8
[CHAIN] cebfe1e60fee31a8 -> 6c39201dbf6ffef7
[CHAIN] 6c39201dbf6ffef7 -> 47dfca78d358bd5f
[CHAIN] 47dfca78d358bd5f -> 506fcb1d236fb90b
[CHAIN] 506fcb1d236fb90b -> 5cb6e3ec8fd9da3d
[CHAIN] 5cb6e3ec8fd9da3d -> d445ce38aec03c9d
[CHAIN] d445ce38aec03c9d -> 8f5e591272b6c865
[CHAIN] 8f5e591272b6c865 -> 9c37809a3c960510
[CHAIN] 9c37809a3c960510 -> 770f379889ffe1f4
[CHAIN] 770f379889ffe1f4 -> 4c9679e05b66e3eb
[CHAIN] 4c9679e05b66e3eb -> 4c01389efe503f8b
[CHAIN] 4c01389efe503f8b -> 3c46ae5ea4baf8d7
[CHAIN] 3c46ae5ea4baf8d7 -> 7ef00c834146888f
[CHAIN] 7ef00c834146888f -> 541ad961f8c202d0
[CHAIN] 541ad961f8c202d0 -> 170e6b337190cf81
[CHAIN] 170e6b337190cf81 -> d4b509b78a3f28c9
[CHAIN] d4b509b78a3f28c9 -> d5b4301bc09718f5
[CHAIN] d5b4301bc09718f5 -> 69293fc7a03893a1
[CHAIN] 69293fc7a03893a1 -> e0b626539d0b6806
[CHAIN] e0b626539d0b6806 -> d183bdf649521893
[CHAIN] d183bdf649521893 -> 09ebb0ca3095ecd9
[CHAIN] 09ebb0ca3095ecd9 -> 7a784322428d1680
[CHAIN] 7a784322428d1680 -> e3089099045e1b67
[CHAIN] e3089099045e1b67 -> 911bd74fbb7caf67
[CHAIN] 911bd74fbb7caf67 -> 6af38aa06090635d
[CHAIN] 6af38aa06090635d -> 0e320a6e701c888c
[CHAIN] 0e320a6e701c888c -> e2d4d57cf6744e32
[CHAIN] e2d4d57cf6744e32 -> 8664faf2c712f029
[CHAIN] 8664faf2c712f029 -> 9ba1215a43e4f057
[CHAIN] 9ba1215a43e4f057 -> 3cb5128c63a1051a
[CHAIN] 3cb5128c63a1051a -> e6fce86a02fd1e7a
[CHAIN] e6fce86a02fd1e7a -> ac45b41ac2b95a70
[CHAIN] ac45b41ac2b95a70 -> 36e2a55a95edae8c
[CHAIN] 36e2a55a95edae8c -> 51d95224d2690a4f
[CHAIN] 51d95224d2690a4f -> 68097e35072c7eac
[CHAIN] 68097e35072c7eac -> 1f520d55724b5b32
[CHAIN] 1f520d55724b5b32 -> 0f30151e61a6877d
[CHAIN] 0f30151e61a6877d -> deeeb68cbcf5d4c3
[CHAIN] deeeb68cbcf5d4c3 -> 1f5d44376a75fb3f
[CHAIN] 1f5d44376a75fb3f -> 23c264715672021c
[CHAIN] 23c264715672021c -> b949eb40b35d87e6
[CHAIN] b949eb40b35d87e6 -> ec914045233b4326
[CHAIN] ec914045233b4326 -> d458d03f6ee37d52
[CHAIN] d458d03f6ee37d52 -> fb30ef851362003e
[CHAIN] fb30ef851362003e -> 5234a5e98653eca1
[CHAIN] 5234a5e98653eca1 -> 676e77da7b27e0dc
[CHAIN] 676e77da7b27e0dc -> 1ae8d62d7e0539dd
[CHAIN] 1ae8d62d7e0539dd -> 07360b1a2d0c5543
[CHAIN] 07360b1a2d0c5543 -> 42fc98aa7c789800
[CHAIN] 42fc98aa7c789800 -> a32e5e63559bceba
[CHAIN] a32e5e63559bceba -> 45859b0c930b3bf6
[CHAIN] 45859b0c930b3bf6 -> 99694a8878e7fc5e
[CHAIN] 99694a8878e7fc5e -> 8114ca805eb02cc8
[CHAIN] 8114ca805eb02cc8 -> 13149b0bb6520475
[CHAIN] 13149b0bb6520475 -> 5bd7945fc8297496
[CHAIN] 5bd7945fc8297496 -> 394c366ae562ba4c
[CHAIN] 394c366ae562ba4c -> da7d902d70d57f51
[CHAIN] da7d902d70d57f51 -> a444ecf623d31b79
[CHAIN] a444ecf623d31b79 -> 6ff958d869160502
[CHAIN] 6ff958d869160502 -> ca5e7cc1d1e1ba30
[CHAIN] ca5e7cc1d1e1ba30 -> 40a5d47c7d854dcc
[CHAIN] 40a5d47c7d854dcc -> 353ff46dc82ce97f
[CHAIN] 353ff46dc82ce97f -> 2e2f446864e7feed
[CHAIN] 2e2f446864e7feed -> 51c4fb1b40a16675
[CHAIN] 51c4fb1b40a16675 -> a18aafa239a0e750
[CHAIN] a18aafa239a0e750 -> 2f540560d99eb9ff
[CHAIN] 2f540560d99eb9ff -> dcd60bda0c3a1040
[CHAIN] dcd60bda0c3a1040 -> 7ca6e2698df79eb6
[CHAIN] 7ca6e2698df79eb6 -> 5c64c434ab5c426c
[CHAIN] 5c64c434ab5c426c -> 1d75425056129434
[CHAIN] 1d75425056129434 -> 80273f32a15f60eb
[CHAIN] 80273f32a15f60eb -> 9f3daa1e1e1c9804
[CHAIN] 9f3daa1e1e1c9804 -> e503fccf9561c040
[CHAIN] e503fccf9561c040 -> 28d4a3d1d93bb8a4
[CHAIN] 28d4a3d1d93bb8a4 -> e595a606522e93f9
[CHAIN] e595a606522e93f9 -> 2077ef2d08580845
[CHAIN] 2077ef2d08580845 -> fcd114914109e20d
[CHAIN] fcd114914109e20d -> b2c6b2d455b3ee95
[CHAIN] b2c6b2d455b3ee95 -> ae01011568838c91
[CHAIN] ae01011568838c91 -> de48b127ca6c0b45
[CHAIN] de48b127ca6c0b45 -> 5e715504ce24d39f
[CHAIN] 5e715504ce24d39f -> ab454621568bdfd3
[CHAIN] ab454621568bdfd3 -> a6ee5f1e6519540c
[CHAIN] a6ee5f1e6519540c -> 2d37ab0fb4735bcd
[CHAIN] 2d37ab0fb4735bcd -> 09713d2ddeb2954c
[CHAIN] 09713d2ddeb2954c -> 3fcc04042ec54dde
[CHAIN] 3fcc04042ec54dde -> 2d11cbbe129dbc06
[CHAIN] 2d11cbbe129dbc06 -> 5cd3bbcd578657bc
[CHAIN] 5cd3bbcd578657bc -> a8b890669e68d4b0
[CHAIN] a8b890669e68d4b0 -> f54621d50e5af23f
[CHAIN] f54621d50e5af23f -> 0990fdb605f34d88
[CHAIN] 0990fdb605f34d88 -> fed914fe6699a029
[CHAIN] fed914fe6699a029 -> 41acd6c494ab68c5
[CHAIN] 41acd6c494ab68c5 -> daac15c07e98fa75
[CHAIN] daac15c07e98fa75 -> 827899f14f8747c0
[CHAIN] 827899f14f8747c0 -> 2c9bc2b3bc9a738a
[CHAIN] 2c9bc2b3bc9a738a -> 182f4c292a56b188
[CHAIN] 182f4c292a56b188 -> 31725dfd3502c754
[CHAIN] 31725dfd3502c754 -> 3d1a1dbd46c93ab2
[CHAIN] 3d1a1dbd46c93ab2 -> eddde0df59ee53a8
[CHAIN] eddde0df59ee53a8 -> f4810bb87ab66a8c
[CHAIN] f4810bb87ab66a8c -> 64f9dbd3d1368a68
[CHAIN] 64f9dbd3d1368a68 -> 4ddbc2de1af2a874
[CHAIN] 4ddbc2de1af2a874 -> 499fd14351f8e3fd
[CHAIN] 499fd14351f8e3fd -> 06474fb69fafafa6
[CHAIN] 06474fb69fafafa6 -> c82fd83355c87cf5
[CHAIN] c82fd83355c87cf5 -> 9ae0a698a708ea7b
[CHAIN] 9ae0a698a708ea7b -> 04b60ebc011f563a
[CHAIN] 04b60ebc011f563a -> 3a1840695b04f574
[CHAIN] 3a1840695b04f574 -> 7a2d07be3d6eb793
[CHAIN] 7a2d07be3d6eb793 -> 7e9c031d5378f147
[CHAIN] 7e9c031d5378f147 -> 5e34f496349e330a
[CHAIN] 5e34f496349e330a -> 54d55cbf92338e83
[CHAIN] 54d55cbf92338e83 -> 18d130364b21d15d
[CHAIN] 18d130364b21d15d -> 121989c8fed127ce
[CHAIN] 121989c8fed127ce -> 318bb83679ebb2d3
[CHAIN] 318bb83679ebb2d3 -> f22675baf35e6db7
[CHAIN] f22675baf35e6db7 -> 9df7afea77f2bca2
[CHAIN] 9df7afea77f2bca2 -> ec7048ad92390809
[CHAIN] ec7048ad92390809 -> 57ad3d968534cc0f
[CHAIN] 57ad3d968534cc0f -> 89fa4735b29e2fb3
[CHAIN] 89fa4735b29e2fb3 -> f7c8220a94acee24
[CHAIN] f7c8220a94acee24 -> 3d5e6312aa1b485a
[CHAIN] 3d5e6312aa1b485a -> 2c0910aec61163e0
[CHAIN] 2c0910aec61163e0 -> 87d0128626e6b833
[CHAIN] 87d0128626e6b833 -> 7ca9493efcba6c02
[CHAIN] 7ca9493efcba6c02 -> 8f6d710d2050d17f
[CHAIN] 8f6d710d2050d17f -> 6934caca2fa3477e
[CHAIN] 6934caca2fa3477e -> d0ad479fd0d43fa7
[CHAIN] d0ad479fd0d43fa7 -> b3800dd39c0b5ff5
[CHAIN] b3800dd39c0b5ff5 -> a06e0e21dd9a9915
[CHAIN] a06e0e21dd9a9915 -> e6ce1369acf99a05
[CHAIN] e6ce1369acf99a05 -> d755cb91801b16aa
[CHAIN] d755cb91801b16aa -> 90bd7badf9373cd8
[CHAIN] 90bd7badf9373cd8 -> e3f0126d9062fd29
[CHAIN] e3f0126d9062fd29 -> c33fb6e68f7e1e3f
[CHAIN] c33fb6e68f7e1e3f -> 7ec8ffda4ac1d949
[CHAIN] 7ec8ffda4ac1d949 -> 79e88b651aef1c6e
[CHAIN] 79e88b651aef1c6e -> 54eacf7826c72c63
[CHAIN] 54eacf7826c72c63 -> e7c8cbb28216bec1
[CHAIN] e7c8cbb28216bec1 -> 4582ffe62baf5a7d
[CHAIN] 4582ffe62baf5a7d -> 855a262988f4d94e
[CHAIN] 855a262988f4d94e -> 871afefb3c352c5a
[CHAIN] 871afefb3c352c5a -> 2bc5a165fe3752c7
[CHAIN] 2bc5a165fe3752c7 -> 1cbf1600fffb90a0
[CHAIN] 1cbf1600fffb90a0 -> 039df8c02273757b
[CHAIN] 039df8c02273757b -> c80c1cb46b870911
[CHAIN] c80c1cb46b870911 -> 9e81e0ec9c8158ca
[CHAIN] 9e81e0ec9c8158ca -> fc0ca863106df1c2
[CHAIN] fc0ca863106df1c2 -> 1094f0385e36578e
[CHAIN] 1094f0385e36578e -> 68a12a1f31bc2d7f
[CHAIN] 68a12a1f31bc2d7f -> 195446e3417d8784
[CHAIN] 195446e3417d8784 -> 2ff33655073cbd73
[CHAIN] 2ff33655073cbd73 -> e61407524ef45eb3
[CHAIN] e61407524ef45eb3 -> 9245c84e088cda88
[CHAIN] 9245c84e088cda88 -> 1edc066f37e2b1fe
[CHAIN] 1edc066f37e2b1fe -> 18e8f4c48492270d
[CHAIN] 18e8f4c48492270d -> 083a2a1654d41555
[CHAIN] 083a2a1654d41555 -> 62c746f0cd5ee286
[CHAIN] 62c746f0cd5ee286 -> 90b6dbf627fe02a7
[CHAIN] 90b6dbf627fe02a7 -> 0e04de12097da48a
[CHAIN] 0e04de12097da48a -> e05719df7ce32bb5
[CHAIN] e05719df7ce32bb5 -> ed55364ec7a07663
[CHAIN] ed55364ec7a07663 -> 90f1e9f4f614b2fc
[CHAIN] 90f1e9f4f614b2fc -> 6950ffb84ef4b3ec
[CHAIN] 6950ffb84ef4b3ec -> 4a958c9fa2f74c62
[CHAIN] 4a958c9fa2f74c62 -> d0d81e09570fe590
[CHAIN] d0d81e09570fe590 -> 3a4f599eae41a6ab
[CHAIN] 3a4f599eae41a6ab -> 2efdef02909d9310
[CHAIN] 2efdef02909d9310 -> dfb43b91db1fc851
[CHAIN] dfb43b91db1fc851 -> 243e85df523be335
[CHAIN] 243e85df523be335 -> c65f6bed0d12ae1f
[CHAIN] c65f6bed0d12ae1f -> 1fdea347ddb6d790
[CHAIN] 1fdea347ddb6d790 -> 3f3f074a5b3e91bf
[CHAIN] 3f3f074a5b3e91bf -> c662607121f7cb5d
[CHAIN] c662607121f7cb5d -> 339a4a4e933c388e
[CHAIN] 339a4a4e933c388e -> efc7996c22a6a26f
[CHAIN] efc7996c22a6a26f -> 314735257d206f92
[CHAIN] 314735257d206f92 -> 3d116d058286ccbe
[CHAIN] 3d116d058286ccbe -> 0d877e6e240a21e0
[CHAIN] 0d877e6e240a21e0 -> 7b023e67f4a3b476
[CHAIN] 7b023e67f4a3b476 -> b30b7ccc9eb68783
[CHAIN] b30b7ccc9eb68783 -> 973a1262718d13d8
[CHAIN] 973a1262718d13d8 -> f2dd0be84764dd2a
[CHAIN] f2dd0be84764dd2a -> 1a1ab617acf7fb68
[CHAIN] 1a1ab617acf7fb68 -> bb9cbe50f59e2a67
[CHAIN] bb9cbe50f59e2a67 -> 982606d72553cd01
[CHAIN] 982606d72553cd01 -> ffa2575f80217f34
[CHAIN] ffa2575f80217f34 -> c4853085afe89e06
[CHAIN] c4853085afe89e06 -> bafca0ac82caae37
[CHAIN] bafca0ac82caae37 -> 625f5d284dd4119b
[CHAIN] 625f5d284dd4119b -> ce3682f4eba74eb8
[CHAIN] ce3682f4eba74eb8 -> 8668864ff9d8342f
[CHAIN] 8668864ff9d8342f -> 940156d18ede27f3
[CHAIN] 940156d18ede27f3 -> 609ab94775a7c009
[CHAIN] 609ab94775a7c009 -> e9b6e6146a94ea88
[CHAIN] e9b6e6146a94ea88 -> ee317d8a28a82eb4
[CHAIN] ee317d8a28a82eb4 -> 811685502300f733
[CHAIN] 811685502300f733 -> 96cc1fb0f3b7f061
[CHAIN] 96cc1fb0f3b7f061 -> d7480ee836e7e6aa
[CHAIN] d7480ee836e7e6aa -> 262ac0871eea4d33
[CHAIN] 262ac0871eea4d33 -> fc1b4b8990c52c22
[CHAIN] fc1b4b8990c52c22 -> e7f781f7c8680c16
[CHAIN] e7f781f7c8680c16 -> 61a3dd72d13d3443
[CHAIN] 61a3dd72d13d3443 -> ee92a92e73df1da9
[CHAIN] ee92a92e73df1da9 -> 72b95eeb10a9faed
[CHAIN] 72b95eeb10a9faed -> 63188e73bb04674f
[CHAIN] 63188e73bb04674f -> 3ae4c92840b8e204
[CHAIN] 3ae4c92840b8e204 -> 846161ce5ac66643
[CHAIN] 846161ce5ac66643 -> f255346a4e4e4dae
[CHAIN] f255346a4e4e4dae -> 83416f8884183bd6
[CHAIN] 83416f8884183bd6 -> 49f1cda30c4b4114
[CHAIN] 49f1cda30c4b4114 -> e49ae0cbcfff3ccb
[CHAIN] e49ae0cbcfff3ccb -> 3352781318c55871
[CHAIN] 3352781318c55871 -> 6b504bcafac8550c
[CHAIN] 6b504bcafac8550c -> 6b6e7fb52bc52538
[CHAIN] 6b6e7fb52bc52538 -> da0eec56c15838c7
[CHAIN] da0eec56c15838c7 -> bc6697fed835ca67
[CHAIN] bc6697fed835ca67 -> 0ef1fa7cc7a86a72
[CHAIN] 0ef1fa7cc7a86a72 -> 33fb36131c5bbd18
[CHAIN] 33fb36131c5bbd18 -> 6318cc86bc4a0c7e
[CHAIN] 6318cc86bc4a0c7e -> 539848aec69e3645
[CHAIN] 539848aec69e3645 -> ac0d6a4c0ecb26ea
[CHAIN] ac0d6a4c0ecb26ea -> ad70233f51039975
[CHAIN] ad70233f51039975 -> ad62514ccdcbb4f7
[CHAIN] ad62514ccdcbb4f7 -> 798cba4d79f5403e
[CHAIN] 798cba4d79f5403e -> 4be5b2a04cceb935
[CHAIN] 4be5b2a04cceb935 -> c7860bb594126c63
[CHAIN] c7860bb594126c63 -> 4090146a807e80ce
[CHAIN] 4090146a807e80ce -> 12f5daf9a64957a1
[CHAIN] 12f5daf9a64957a1 -> 866279f0e66ce904
[CHAIN] 866279f0e66ce904 -> 1b619cc65cd9dc95
[CHAIN] 1b619cc65cd9dc95 -> 9978d36c48ad6118
[CHAIN] 9978d36c48ad6118 -> d1fb89f3d8c5be62
[CHAIN] d1fb89f3d8c5be62 -> 7627f646d79c03ef
[CHAIN] 7627f646d79c03ef -> 098c37131c3b5bcf
[CHAIN] 098c37131c3b5bcf -> 959099dae41885d2
[CHAIN] 959099dae41885d2 -> df4919eb26ddc431
[CHAIN] df4919eb26ddc431 -> e5702a84be8f73f6
[CHAIN] e5702a84be8f73f6 -> c492249e4cebb47f
[CHAIN] c492249e4cebb47f -> a2e5afb17eb04f1e
[CHAIN] a2e5afb17eb04f1e -> 98cf933d3f903af3
[CHAIN] 98cf933d3f903af3 -> 2fb41ef0cffd58d7
[CHAIN] 2fb41ef0cffd58d7 -> cde8e7207b056358
[CHAIN] cde8e7207b056358 -> ad746cac8fb5f27a
[CHAIN] ad746cac8fb5f27a -> e15ffa6d14529aa8
[CHAIN] e15ffa6d14529aa8 -> 0929b3cf15952067
[CHAIN] 0929b3cf15952067 -> 83981bf723e2309a
[CHAIN] 83981bf723e2309a -> 96b399c8f8094e66
[CHAIN] 96b399c8f8094e66 -> 5e843573a985ed97
[CHAIN] 5e843573a985ed97 -> 8e738fc3a54d61a4
[CHAIN] 8e738fc3a54d61a4 -> 35623c5a21e47bcf
[CHAIN] 35623c5a21e47bcf -> 307d88eb4cd4c405
[CHAIN] 307d88eb4cd4c405 -> 0b65ef523a5ad5d2
[CHAIN] 0b65ef523a5ad5d2 -> e06c7a078cd005a9
[CHAIN] e06c7a078cd005a9 -> c35adbf9a14e38a0
[CHAIN] c35adbf9a14e38a0 -> 10593c1aac778719
[CHAIN] 10593c1aac778719 -> 332b188bff1f3f3d
[CHAIN] 332b188bff1f3f3d -> 8aa82a2b9ff3cd7b
[CHAIN] 8aa82a2b9ff3cd7b -> b75e1c291fc5ee70
[CHAIN] b75e1c291fc5ee70 -> 0ecf394810e5b26d
[CHAIN] 0ecf394810e5b26d -> d1e0b67e8e85f4cd
[CHAIN] d1e0b67e8e85f4cd -> 305aa2fcfbd3158d
[CHAIN] 305aa2fcfbd3158d -> d03029166a359112
[CHAIN] d03029166a359112 -> bfdd2a4d9793684c
[CHAIN] bfdd2a4d9793684c -> b86ba5d6f9c7acef
[CHAIN] b86ba5d6f9c7acef -> 150f874d22e621c9
[CHAIN] 150f874d22e621c9 -> 1fb85f67665d1750
[CHAIN] 1fb85f67665d1750 -> a9a370a9ab8645d2
[CHAIN] a9a370a9ab8645d2 -> 958a35f085178e9a
[CHAIN] 958a35f085178e9a -> 6bfd84715ac0553a
[CHAIN] 6bfd84715ac0553a -> 67f158bc52a6283b
[CHAIN] 67f158bc52a6283b -> aafb03b28d310bd5
[CHAIN] aafb03b28d310bd5 -> 1bb78dba92248952
[CHAIN] 1bb78dba92248952 -> 2c98a8192d5e4e61
[CHAIN] 2c98a8192d5e4e61 -> 47afcde7efca01f8
[CHAIN] 47afcde7efca01f8 -> fb22a56af3dfeed9
[CHAIN] fb22a56af3dfeed9 -> ec92a94295481816
[CHAIN] ec92a94295481816 -> 868c9e07a756f94e
[CHAIN] 868c9e07a756f94e -> 950579d91213f4e2
[CHAIN] 950579d91213f4e2 -> 5483ebf939b0a0ae
[CHAIN] 5483ebf939b0a0ae -> b139045d0aea903d
[CHAIN] b139045d0aea903d -> d27ee29b07ee60ac
[CHAIN] d27ee29b07ee60ac -> 0af43c364b7cc477
[CHAIN] 0af43c364b7cc477 -> 2f3cdb6328e3c13c
[CHAIN] 2f3cdb6328e3c13c -> 7eb59c4f89d1665a
[CHAIN] 7eb59c4f89d1665a -> 0b60e64e6f32dfa2
[CHAIN] 0b60e64e6f32dfa2 -> dd1cf4dba7406428
[CHAIN] dd1cf4dba7406428 -> bd4f7894a9471764
[CHAIN] bd4f7894a9471764 -> 7380617e7e70468c
[CHAIN] 7380617e7e70468c -> 194b57807839b737
[CHAIN] 194b57807839b737 -> 9c3462976d1f98e7
[CHAIN] 9c3462976d1f98e7 -> 2fcadf131ed45e2f
[CHAIN] 2fcadf131ed45e2f -> e5a8dd624cf14285
[CHAIN] e5a8dd624cf14285 -> 49dac7bb278795de
[CHAIN] 49dac7bb278795de -> 53eed457ee205712
[CHAIN] 53eed457ee205712 -> 1858b55ba1ec829e
[CHAIN] 1858b55ba1ec829e -> de9e78e133f67c4f
[CHAIN] de9e78e133f67c4f -> 635163077362d504
[CHAIN] 635163077362d504 -> 0001675fcb5782e3
[CHAIN] 0001675fcb5782e3 -> 66ff96601cd94fb7
[CHAIN] 66ff96601cd94fb7 -> 53774857779732d3
[CHAIN] 53774857779732d3 -> dfd142aac7d6b21a
[CHAIN] dfd142aac7d6b21a -> 2474558353e54b27
[CHAIN] 2474558353e54b27 -> c3cd13da0b214663
[CHAIN] c3cd13da0b214663 -> 12d96f707ad73c0d
[CHAIN] 12d96f707ad73c0d -> a14a8eed4f8a76b9
[CHAIN] a14a8eed4f8a76b9 -> 86906fc834f7f7cd
[CHAIN] 86906fc834f7f7cd -> 0f6dcc2776366e32
[CHAIN] 0f6dcc2776366e32 -> 8ce63ed91bb390f6
[CHAIN] 8ce63ed91bb390f6 -> 5a8431a0f33a8fb9
[CHAIN] 5a8431a0f33a8fb9 -> 2b5072d7d0ebeb0b
[CHAIN] 2b5072d7d0ebeb0b -> 648863cd7c66771c
[CHAIN] 648863cd7c66771c -> 0212912d598dfee8
[CHAIN] 0212912d598dfee8 -> d69a2bc7c57b17f6
[CHAIN] d69a2bc7c57b17f6 -> af592d6c3bf80212
[CHAIN] af592d6c3bf80212 -> b7009bb3b22a0546
[CHAIN] b7009bb3b22a0546 -> 264660dfb47ba100
[CHAIN] 264660dfb47ba100 -> 706f79701ef1f50b
[CHAIN] 706f79701ef1f50b -> c5b560aab0deefb8
[CHAIN] c5b560aab0deefb8 -> e8326fb32434a02b
[CHAIN] e8326fb32434a02b -> 7c96292e2010d5b8
[CHAIN] 7c96292e2010d5b8 -> a6dfb20fa44cab23
[CHAIN] a6dfb20fa44cab23 -> 869ad162dd1bd88c
[CHAIN] 869ad162dd1bd88c -> 2a6be32bd2d138e1
[CHAIN] 2a6be32bd2d138e1 -> 48a045aba609f409
[CHAIN] 48a045aba609f409 -> 1aed6bc9e2cbcfb0
[CHAIN] 1aed6bc9e2cbcfb0 -> b218a2f2533437dc
[CHAIN] b218a2f2533437dc -> 811f90842922ae98
[CHAIN] 811f90842922ae98 -> ed5d4e23ae08c472
[CHAIN] ed5d4e23ae08c472 -> b3ea018d6ddd5910
[CHAIN] b3ea018d6ddd5910 -> 7c8170985d4c3dd8
[CHAIN] 7c8170985d4c3dd8 -> 9cf022409857f438
[CHAIN] 9cf022409857f438 -> 96a20668afa9a6da
[CHAIN] 96a20668afa9a6da -> f43b54ca5fcb4827
[CHAIN] f43b54ca5fcb4827 -> 1cd105689895920a
[CHAIN] 1cd105689895920a -> 69b468db292c3877
[CHAIN] 69b468db292c3877 -> 59da3938cbddd7b6
[CHAIN] 59da3938cbddd7b6 -> e9ecce2103a6190a
[CHAIN] e9ecce2103a6190a -> 90e8059518801e58
[CHAIN] 90e8059518801e58 -> 4711af37b2269149
[CHAIN] 4711af37b2269149 -> 2e350a2b7043bb10
[CHAIN] 2e350a2b7043bb10 -> 03af59d074804971
[CHAIN] 03af59d074804971 -> 1b37807561325548
[CHAIN] 1b37807561325548 -> 00538b734b673901
[CHAIN] 00538b734b673901 -> dbfd3b50f2ec5a8c
[CHAIN] dbfd3b50f2ec5a8c -> 380dfa1dcb38e239
[CHAIN] 380dfa1dcb38e239 -> e7a968b8f82cf599
[CHAIN] e7a968b8f82cf599 -> 2d69b8327afe43f8
[CHAIN] 2d69b8327afe43f8 -> 0926aa73bd54f373
[CHAIN] 0926aa73bd54f373 -> 52aca21f75a6d69d
[CHAIN] 52aca21f75a6d69d -> 641023b28ecb9f0e
[CHAIN] 641023b28ecb9f0e -> c723935a7dc26fe1
[CHAIN] c723935a7dc26fe1 -> 90a97bd002b16f04
[CHAIN] 90a97bd002b16f04 -> 3cc4f057cf1bb708
[CHAIN] 3cc4f057cf1bb708 -> 5d48da6af9e2a7b8
[CHAIN] 5d48da6af9e2a7b8 -> ac7718a8bf68b744
[CHAIN] ac7718a8bf68b744 -> b421b5300b42691d
[CHAIN] b421b5300b42691d -> 6cdff6458d4c0526
[CHAIN] 6cdff6458d4c0526 -> 674710d4f19de1b7
[CHAIN] 674710d4f19de1b7 -> e7730ea3e539518e
[CHAIN] e7730ea3e539518e -> c27de869d807060a
[CHAIN] c27de869d807060a -> 46e36306dc0436a7
[CHAIN] 46e36306dc0436a7 -> 48a46861126fb436
[CHAIN] 48a46861126fb436 -> b5e98116399b7f9a
[CHAIN] b5e98116399b7f9a -> ef8a9f22e8d37f2a
[CHAIN] ef8a9f22e8d37f2a -> 6ac341987fc3cef3
[CHAIN] 6ac341987fc3cef3 -> ecd0fa030fcea888
[CHAIN] ecd0fa030fcea888 -> 20266e66d5748f5a
[CHAIN] 20266e66d5748f5a -> f3442b7c853157f8
[CHAIN] f3442b7c853157f8 -> fe250a1f9417db5f
[CHAIN] fe250a1f9417db5f -> 280c95c3752454b0
[CHAIN] 280c95c3752454b0 -> 8b4d1d5a8be57b83
[CHAIN] 8b4d1d5a8be57b83 -> 039637a6408e48db
[CHAIN] 039637a6408e48db -> 42fb499390a63818
[CHAIN] 42fb499390a63818 -> e721c432c1f7320c
[CHAIN] e721c432c1f7320c -> 5e5d6c9b5d3495f4
[CHAIN] 5e5d6c9b5d3495f4 -> b72fa9a97c7da9bc
[CHAIN] b72fa9a97c7da9bc -> f9dbc0632b69500a
[CHAIN] f9dbc0632b69500a -> 06473a33fbd1f330
[CHAIN] 06473a33fbd1f330 -> 948d7b2f8a044d48
[CHAIN] 948d7b2f8a044d48 -> 975e587683072c65
[CHAIN] 975e587683072c65 -> 8d902a800ca036a8
[CHAIN] 8d902a800ca036a8 -> 5e9234d87cdc2a6c
[CHAIN] 5e9234d87cdc2a6c -> ff66255b34ca84f9
[CHAIN] ff66255b34ca84f9 -> 3fefa43f1f528564
[CHAIN] 3fefa43f1f528564 -> 0cc78b2494182336
[CHAIN] 0cc78b2494182336 -> 284dfac8393afbd9
[CHAIN] 284dfac8393afbd9 -> 34ef04e2b6443ebb
[CHAIN] 34ef04e2b6443ebb -> a539534d769ae5f7
[CHAIN] a539534d769ae5f7 -> 9f6b6b59765e1f54
[CHAIN] 9f6b6b59765e1f54 -> 311ce8b38aedd5b5
[CHAIN] 311ce8b38aedd5b5 -> e68bb61c00abe49f
[CHAIN] e68bb61c00abe49f -> 0f482e133f9acbe5
[CHAIN] 0f482e133f9acbe5 -> 0c96f6e1b7c43826
[CHAIN] 0c96f6e1b7c43826 -> 5754a1c971e2ac0d
[CHAIN] 5754a1c971e2ac0d -> c8dc7f6ea29b9b5d
[CHAIN] c8dc7f6ea29b9b5d -> 886ec247af3e7bf7
[CHAIN] 886ec247af3e7bf7 -> 6fbf57bd8393bf1f
[CHAIN] 6fbf57bd8393bf1f -> 3e2f320dcf1060da
[CHAIN] 3e2f320dcf1060da -> 42e3e8c459719020
[CHAIN] 42e3e8c459719020 -> 76c707611189cdd5
[CHAIN] 76c707611189cdd5 -> 865ec0b1e27ea1ee
[CHAIN] 865ec0b1e27ea1ee -> a69d269b61dd72fd
[CHAIN] a69d269b61dd72fd -> 9629172478012755
[CHAIN] 9629172478012755 -> bd2127b6fd2a26c9
[CHAIN] bd2127b6fd2a26c9 -> 289075d1b2cd20b7
[CHAIN] 289075d1b2cd20b7 -> eb27bcb2d35e2b72
[CHAIN] eb27bcb2d35e2b72 -> 607d6657ac6cfc4f
[CHAIN] 607d6657ac6cfc4f -> 3cfa913514530f5e
[CHAIN] 3cfa913514530f5e -> df9eaf2702a25724
[CHAIN] df9eaf2702a25724 -> 97d3b8832bb299b1
[CHAIN] 97d3b8832bb299b1 -> 10d3130bd74ce4c7
[CHAIN] 10d3130bd74ce4c7 -> cbacb3717e0a335e
[CHAIN] cbacb3717e0a335e -> 4ebd443a77357e45
[CHAIN] 4ebd443a77357e45 -> e93c77ee3669c7c1
[CHAIN] e93c77ee3669c7c1 -> 1e50c56889452765
[CHAIN] 1e50c56889452765 -> 4771c1f8480a9c00
[CHAIN] 4771c1f8480a9c00 -> e444fcc836e359b5
[CHAIN] e444fcc836e359b5 -> 6cc3d98ebbcf0bc3
[CHAIN] 6cc3d98ebbcf0bc3 -> 666e7f2231c369b3
[CHAIN] 666e7f2231c369b3 -> eb13ddde7ea0560e
[CHAIN] eb13ddde7ea0560e -> 7e42e971b8c048e0
[CHAIN] 7e42e971b8c048e0 -> 3267d01b6de0c77d
[CHAIN] 3267d01b6de0c77d -> 8291c4103aca17c8
[CHAIN] 8291c4103aca17c8 -> e08a009329ac7008
[CHAIN] e08a009329ac7008 -> bfb86662cffe1e6b
[CHAIN] bfb86662cffe1e6b -> 1433814de3082416
[CHAIN] 1433814de3082416 -> 6e45a4719f99b4cc
[CHAIN] 6e45a4719f99b4cc -> f57f2cde65deafc8
[CHAIN] f57f2cde65deafc8 -> 8df2c0104632c7fc
[CHAIN] 8df2c0104632c7fc -> f20810823235c97b
[CHAIN] f20810823235c97b -> 4eba291640f07458
[CHAIN] 4eba291640f07458 -> aa2520ceb270449a
[CHAIN] aa2520ceb270449a -> 4a6d4c54e4176b95
[CHAIN] 4a6d4c54e4176b95 -> 5b180508c41a302b
[CHAIN] 5b180508c41a302b -> f4c883c1cc26b541
[CHAIN] f4c883c1cc26b541 -> c465ee89e398a7ec
[CHAIN] c465ee89e398a7ec -> 2d117ab701250cd5
[CHAIN] 2d117ab701250cd5 -> 2b8e2c2c1c7e2dbd
[CHAIN] 2b8e2c2c1c7e2dbd -> e574eab5036b0e2a
[CHAIN] e574eab5036b0e2a -> 94ccc31cba2222fc
[CHAIN] 94ccc31cba2222fc -> e9354913d64cb346
[CHAIN] e9354913d64cb346 -> c0ce204af0cac9f0
[CHAIN] c0ce204af0cac9f0 -> 031f8366dc2c9b3d
[CHAIN] 031f8366dc2c9b3d -> 25bf0f02143c71c5
[CHAIN] 25bf0f02143c71c5 -> 7f76c89673078dc9
[CHAIN] 7f76c89673078dc9 -> ca45489823c71683
[CHAIN] ca45489823c71683 -> e5e2949053801dae
[CHAIN] e5e2949053801dae -> 2c65c6c623bbc874
[CHAIN] 2c65c6c623bbc874 -> b615cf08a7a0d87e
[CHAIN] b615cf08a7a0d87e -> 994f47b316da5f7a
[CHAIN] 994f47b316da5f7a -> 447b522184a6deef
[CHAIN] 447b522184a6deef -> b795fc725162ee0b
[CHAIN] b795fc725162ee0b -> 525863f22115bad1
[CHAIN] 525863f22115bad1 -> 290241c5be874a17
[CHAIN] 290241c5be874a17 -> 06fcbd45cfac93ba
[CHAIN] 06fcbd45cfac93ba -> 3aa6529b5ced66ae
[CHAIN] 3aa6529b5ced66ae -> a979db156d5659f8
[CHAIN] a979db156d5659f8 -> 16e2b89adf16dcae
[CHAIN] 16e2b89adf16dcae -> cd762e96797bf560
[CHAIN] cd762e96797bf560 -> 282833365d701045
[CHAIN] 282833365d701045 -> 02f86729befee241
[CHAIN] 02f86729befee241 -> b0d985c631c55401
[CHAIN] b0d985c631c55401 -> c02fb6c903bfbd44
[CHAIN] c02fb6c903bfbd44 -> bceb12a6a75c96e2
[CHAIN] bceb12a6a75c96e2 -> b5856118f0aea23b
[CHAIN] b5856118f0aea23b -> 63e38d4e948fb4ed
[CHAIN] 63e38d4e948fb4ed -> 156acb7b941fb60f
[CHAIN] 156acb7b941fb60f -> e8025da4b2943304
[CHAIN] e8025da4b2943304 -> 08b42ee67176f42e
[CHAIN] 08b42ee67176f42e -> 06811716bcd4e091
[CHAIN] 06811716bcd4e091 -> 965e41a7c254bbe4
[CHAIN] 965e41a7c254bbe4 -> 905391ec4c23de11
[CHAIN] 905391ec4c23de11 -> 811f63f242d6f0db
[CHAIN] 811f63f242d6f0db -> 7e64f08e03440d14
[CHAIN] 7e64f08e03440d14 -> 153bb065dc76ab51
[CHAIN] 153bb065dc76ab51 -> a47cd31179645852
[CHAIN] a47cd31179645852 -> a1ca70c3bf754c0c
[CHAIN] a1ca70c3bf754c0c -> 43d0a1080609d824
[CHAIN] 43d0a1080609d824 -> 99dfd00b8821b5d3
[CHAIN] 99dfd00b8821b5d3 -> def515ce65c9bc3c
[CHAIN] def515ce65c9bc3c -> 3c8eb05e2aa8bd00
[CHAIN] 3c8eb05e2aa8bd00 -> cbf007b97fac302c
[CHAIN] cbf007b97fac302c -> 25adb3128b73435e
[CHAIN] 25adb3128b73435e -> d47cf41e7160958a
[CHAIN] d47cf41e7160958a -> e201cafc4c547a15
[CHAIN] e201cafc4c547a15 -> d8d9b909dd2acecf
[CHAIN] d8d9b909dd2acecf -> cabbada76e4dee4b
[CHAIN] cabbada76e4dee4b -> 7c7f916b23b47e89
[CHAIN] 7c7f916b23b47e89 -> 67eec1952490b781
[CHAIN] 67eec1952490b781 -> 4ea02ad4cfc228fc
[CHAIN] 4ea02ad4cfc228fc -> 80b4cf585471f91c
[CHAIN] 80b4cf585471f91c -> 2f843ce69425db49
[CHAIN] 2f843ce69425db49 -> fb566498574effa9
[CHAIN] fb566498574effa9 -> cc1156f41a2fc1be
[CHAIN] cc1156f41a2fc1be -> 729136c5d9fa2712
[CHAIN] 729136c5d9fa2712 -> 7276ba92c7ab84c4
[CHAIN] 7276ba92c7ab84c4 -> 5649a8bb1db2b5b8
[CHAIN] 5649a8bb1db2b5b8 -> 248110a60b045768
[CHAIN] 248110a60b045768 -> 21193a35e3f11b2d
[CHAIN] 21193a35e3f11b2d -> 0b265f5f8974a5bc
[CHAIN] 0b265f5f8974a5bc -> 74c704089e3c15fd
[CHAIN] 74c704089e3c15fd -> 33f7451be06879fb
[CHAIN] 33f7451be06879fb -> 4b3e097d8e7376bd
[CHAIN] 4b3e097d8e7376bd -> 2537ec7fffb4b4b7
[CHAIN] 2537ec7fffb4b4b7 -> f8a6501ad82ca91e
[CHAIN] f8a6501ad82ca91e -> bb6265be0bbd2e29
[CHAIN] bb6265be0bbd2e29 -> 68ac1b8d2980e433
[CHAIN] 68ac1b8d2980e433 -> 1660e1fb1738d237
[CHAIN] 1660e1fb1738d237 -> 3a6875ead2decf8f
[CHAIN] 3a6875ead2decf8f -> 682e6004f37c1a9b
[CHAIN] 682e6004f37c1a9b -> 25c0a60f1103caba
[CHAIN] 25c0a60f1103caba -> 69aa9aafa2757f5d
[CHAIN] 69aa9aafa2757f5d -> 2c50cf2822c2c49d
[CHAIN] 2c50cf2822c2c49d -> 8576220876acef29
[CHAIN] 8576220876acef29 -> 5a1ea080e148bc16
[CHAIN] 5a1ea080e148bc16 -> 167f6c3fed07678e
[CHAIN] 167f6c3fed07678e -> 40055889646dead4
[CHAIN] 40055889646dead4 -> 17757c915d7d6294
[CHAIN] 17757c915d7d6294 -> 392b659b0b43f719
[CHAIN] 392b659b0b43f719 -> 64c74454b6612d24
[CHAIN] 64c74454b6612d24 -> 5c13131458d16a7a
[CHAIN] 5c13131458d16a7a -> cd4cee6d1bc2b80b
[CHAIN] cd4cee6d1bc2b80b -> d33dae14e537e711
[CHAIN] d33dae14e537e711 -> 0b359b57cc5319e0
[CHAIN] 0b359b57cc5319e0 -> 38180a3403e9433c
[CHAIN] 38180a3403e9433c -> fe1f1cbb4fcdf73e
[CHAIN] fe1f1cbb4fcdf73e -> 9ab7a63f2dbd5d64
[CHAIN] 9ab7a63f2dbd5d64 -> 70d80965320ca34b
[CHAIN] 70d80965320ca34b -> bb41ab4735065804
[CHAIN] bb41ab4735065804 -> 18bd603edda1d5c2
[CHAIN] 18bd603edda1d5c2 -> 21efc197de8d7cb8
[CHAIN] 21efc197de8d7cb8 -> f176e39e273b93c9
[CHAIN] f176e39e273b93c9 -> fc15d35da6ccb506
[CHAIN] fc15d35da6ccb506 -> 85df7a87e97488b9
[CHAIN] 85df7a87e97488b9 -> 76fb1386b28f2016
[CHAIN] 76fb1386b28f2016 -> fd8e940106b45319
[CHAIN] fd8e940106b45319 -> e8b63be2f2e51568
[CHAIN] e8b63be2f2e51568 -> 2e57e437118f9edb
[CHAIN] 2e57e437118f9edb -> 4473eddf0af796d6
[CHAIN] 4473eddf0af796d6 -> a30ab16bf7571c11
[CHAIN] a30ab16bf7571c11 -> c27c4fb3f90da8ab
[CHAIN] c27c4fb3f90da8ab -> 06befefcf673a505
[CHAIN] 06befefcf673a505 -> a37338db11907013
[CHAIN] a37338db11907013 -> ab226d4ad6ed5ce3
[CHAIN] ab226d4ad6ed5ce3 -> 0feda7a6b7fc58f5
[CHAIN] 0feda7a6b7fc58f5 -> db64790bcde562de
[CHAIN] db64790bcde562de -> acd48510f6140691
[CHAIN] acd48510f6140691 -> 9af121fcf97213e2
[CHAIN] 9af121fcf97213e2 -> 0917bec9667a37fd
[CHAIN] 0917bec9667a37fd -> 4c1b479833c1ee5c
[CHAIN] 4c1b479833c1ee5c -> 2746272db75cca51
[CHAIN] 2746272db75cca51 -> 520cf242e9430e4c
[CHAIN] 520cf242e9430e4c -> a5591343d9c4cde4
[CHAIN] a5591343d9c4cde4 -> ecdfb8d4cf05ed0c
[CHAIN] ecdfb8d4cf05ed0c -> d9e0444d34ef55a9
[CHAIN] d9e0444d34ef55a9 -> 46481e693cbef55d
[CHAIN] 46481e693cbef55d -> 3944d0336c05b7e4
[CHAIN] 3944d0336c05b7e4 -> 7c0b6bababed4640
[CHAIN] 7c0b6bababed4640 -> e635895fc7c4eba2
[CHAIN] e635895fc7c4eba2 -> deb9686053cc8cf7
[CHAIN] deb9686053cc8cf7 -> eb370859b5a9f9a3
[CHAIN] eb370859b5a9f9a3 -> 0748382899f638cd
[CHAIN] 0748382899f638cd -> 88b92acf571b3c37
[CHAIN] 88b92acf571b3c37 -> cb280470d1210b11
[CHAIN] cb280470d1210b11 -> 27fa9f3c59f4582d
[CHAIN] 27fa9f3c59f4582d -> 250bf35517a47c61
[CHAIN] 250bf35517a47c61 -> 20b5041f81fb7e31
[CHAIN] 20b5041f81fb7e31 -> 4beb22c557c6a919
[CHAIN] 4beb22c557c6a919 -> 27c46403ccc93152
[CHAIN] 27c46403ccc93152 -> 74374a739eeb5d6c
[CHAIN] 74374a739eeb5d6c -> c0ab062af5ea302e
[CHAIN] c0ab062af5ea302e -> 1e937c02e15a45db
[CHAIN] 1e937c02e15a45db -> 6bc5e21de95dc05f
[CHAIN] 6bc5e21de95dc05f -> 8b0cb69814f7add1
[CHAIN] 8b0cb69814f7add1 -> a229b7649db4fde2
[CHAIN] a229b7649db4fde2 -> c56f8d584aabaa38
[CHAIN] c56f8d584aabaa38 -> 5180cdbb1f27d28d
[CHAIN] 5180cdbb1f27d28d -> 9ca8152791b864ee
[CHAIN] 9ca8152791b864ee -> 8ea9e9817030c7a9
[CHAIN] 8ea9e9817030c7a9 -> 4bba2b9cb138e2be
[CHAIN] 4bba2b9cb138e2be -> fb9d08ba97caaf82
[CHAIN] fb9d08ba97caaf82 -> 7f8aadef90dd6865
[CHAIN] 7f8aadef90dd6865 -> ee1896c1bc699c29
[CHAIN] ee1896c1bc699c29 -> d400e71203265788
[CHAIN] d400e71203265788 -> f3986e4b80ecfd53
[CHAIN] f3986e4b80ecfd53 -> d0326df7bfdc9f16
[CHAIN] d0326df7bfdc9f16 -> a979346f79c6e69e
[CHAIN] a979346f79c6e69e -> 73005844fec3e72f
[CHAIN] 73005844fec3e72f -> 14ea2eb0d8a07f08
[CHAIN] 14ea2eb0d8a07f08 -> df67f7c2b6bba5a5
[CHAIN] df67f7c2b6bba5a5 -> 5d5182e3d671bac4
[CHAIN] 5d5182e3d671bac4 -> 56cef5592494d652
[CHAIN] 56cef5592494d652 -> c985e56bb0553973
[CHAIN] c985e56bb0553973 -> 6af75c98ee99dc4c
[CHAIN] 6af75c98ee99dc4c -> 67ca386aca2d664f
[CHAIN] 67ca386aca2d664f -> d083327cc002a337
[CHAIN] d083327cc002a337 -> d4a7dff949247e87
[CHAIN] d4a7dff949247e87 -> 2acf3fb126a32e20
[CHAIN] 2acf3fb126a32e20 -> 46575faccc86fd1a
[CHAIN] 46575faccc86fd1a -> 2365538bf6d1e063
[CHAIN] 2365538bf6d1e063 -> aafeeb639abd8c11
[CHAIN] aafeeb639abd8c11 -> 52e75bc3520eb3f0
[CHAIN] 52e75bc3520eb3f0 -> ccfc96ec48d0d95e
[CHAIN] ccfc96ec48d0d95e -> a15b29d0fe690fa1
[CHAIN] a15b29d0fe690fa1 -> 00e0d750b8213095
[CHAIN] 00e0d750b8213095 -> eadf619e9eff239e
[CHAIN] eadf619e9eff239e -> 99fde888cbef122d
[CHAIN] 99fde888cbef122d -> 12a0b1abde4644b0
[CHAIN] 12a0b1abde4644b0 -> 783892059e2ab152
[CHAIN] 783892059e2ab152 -> 1a9215e5cf055def
[CHAIN] 1a9215e5cf055def -> 4bb215dea027df3b
[CHAIN] 4bb215dea027df3b -> c6fc5bb53e78a665
[CHAIN] c6fc5bb53e78a665 -> 7ba6cd42203a221e
[CHAIN] 7ba6cd42203a221e -> 0b9091891fefd32a
[CHAIN] 0b9091891fefd32a -> f21184f65d455d12
[CHAIN] f21184f65d455d12 -> abb8ef89dd9aa30b
[CHAIN] abb8ef89dd9aa30b -> 1b87e3f58d6c5d23
[CHAIN] 1b87e3f58d6c5d23 -> 86026af4afaa3cb8
[CHAIN] 86026af4afaa3cb8 -> 425f6f29df62ee67
[CHAIN] 425f6f29df62ee67 -> ac8241ba70c8d40f
[CHAIN] ac8241ba70c8d40f -> 50204d4d40cd2be7
[CHAIN] 50204d4d40cd2be7 -> b53be9d8f7c34041
[CHAIN] b53be9d8f7c34041 -> ee7b2bbf7916fd95
[CHAIN] ee7b2bbf7916fd95 -> 1510a6c0b03e2595
[CHAIN] 1510a6c0b03e2595 -> 0e2ec27d8640cba1
[CHAIN] 0e2ec27d8640cba1 -> e7dff7271b17f766
[CHAIN] e7dff7271b17f766 -> dd8734ad370de631
[CHAIN] dd8734ad370de631 -> d6a5968b8c34ad44
[CHAIN] d6a5968b8c34ad44 -> d7544cb1590798f5
[CHAIN] d7544cb1590798f5 -> 3b7eab2169e46d0a
[CHAIN] 3b7eab2169e46d0a -> 741109c63657215d
[CHAIN] 741109c63657215d -> d1097622e0b259c2
[CHAIN] d1097622e0b259c2 -> 7c8007b7147ddb97
[CHAIN] 7c8007b7147ddb97 -> 2bff942afe055315
[CHAIN] 2bff942afe055315 -> b5d289735dd2ce8e
[CHAIN] b5d289735dd2ce8e -> 0315e00492511443
[CHAIN] 0315e00492511443 -> e4f1225717c9e482
[CHAIN] e4f1225717c9e482 -> 3110d14855ffe454
[CHAIN] 3110d14855ffe454 -> ad8819edf754214a
[CHAIN] ad8819edf754214a -> a56f9b42829cae32
[CHAIN] a56f9b42829cae32 -> c3a0d4f3be727f84
[CHAIN] c3a0d4f3be727f84 -> 94c02cd2cab64125
[CHAIN] 94c02cd2cab64125 -> bd2843e4c7857d16
[CHAIN] bd2843e4c7857d16 -> 5e2448975e7b6029
[CHAIN] 5e2448975e7b6029 -> d28a92e6cb667bb1
[CHAIN] d28a92e6cb667bb1 -> e34f70be63fa2237
[CHAIN] e34f70be63fa2237 -> 3a6e876d1114d02c
[CHAIN] 3a6e876d1114d02c -> e1af4f1633de23a3
[CHAIN] e1af4f1633de23a3 -> a9e55db5f115c237
[CHAIN] a9e55db5f115c237 -> 42067fe8905ba626
[CHAIN] 42067fe8905ba626 -> 88409b457eea3e26
[CHAIN] 88409b457eea3e26 -> f765579110f5c3b3
[CHAIN] f765579110f5c3b3 -> b733a2d2df1b25ac
[CHAIN] b733a2d2df1b25ac -> a503347c15563d0a
[CHAIN] a503347c15563d0a -> f5e921edd6c4e3d1
[CHAIN] f5e921edd6c4e3d1 -> 42f6cb98a217226d
[CHAIN] 42f6cb98a217226d -> 1c77255703be442c
[CHAIN] 1c77255703be442c -> c8633ff8fedf6ee0
[CHAIN] c8633ff8fedf6ee0 -> 1dc3a4dd97a8df3b
[CHAIN] 1dc3a4dd97a8df3b -> c74d05c2a29b2d10
[CHAIN] c74d05c2a29b2d10 -> 2758dc8aebb26db4
[CHAIN] 2758dc8aebb26db4 -> 5f183a935d8d809c
[CHAIN] 5f183a935d8d809c -> de8ddbcd5dc582d4
[CHAIN] de8ddbcd5dc582d4 -> c68b0ef7e0800a81
[CHAIN] c68b0ef7e0800a81 -> 530b25ae6dc7a80d
[CHAIN] 530b25ae6dc7a80d -> fca5715cb2cc5fb1
[CHAIN] fca5715cb2cc5fb1 -> d7ceccccc4d574a4
[CHAIN] d7ceccccc4d574a4 -> 81fff11bbf83738b
[CHAIN] 81fff11bbf83738b -> 54218187259f4bb4
[CHAIN] 54218187259f4bb4 -> 2238b7179946779e
[CHAIN] 2238b7179946779e -> 4f6ea7b3f0b11777
[CHAIN] 4f6ea7b3f0b11777 -> 68b23c77bb0d6377
[CHAIN] 68b23c77bb0d6377 -> 8d8a029ddf1c0ee6
[CHAIN] 8d8a029ddf1c0ee6 -> 36da3370412618fb
[CHAIN] 36da3370412618fb -> 69c64663ada957e2
[CHAIN] 69c64663ada957e2 -> eed71d6348c0ad5e
[CHAIN] eed71d6348c0ad5e -> 504ae6cc27cbce4c
[CHAIN] 504ae6cc27cbce4c -> ad7bb9dcb5c03dcd
[CHAIN] ad7bb9dcb5c03dcd -> 98f6b1508c620392
[CHAIN] 98f6b1508c620392 -> fc67643ee642a00a
[CHAIN] fc67643ee642a00a -> 607f19410e9525cc
[CHAIN] 607f19410e9525cc -> 673041f589731583
[CHAIN] 673041f589731583 -> 8ac02228bbbaa674
[CHAIN] 8ac02228bbbaa674 -> 3139dcf456771830
[CHAIN] 3139dcf456771830 -> 1e33bfbc156b3594
[CHAIN] 1e33bfbc156b3594 -> d5fc5b8b4a8a7611
[CHAIN] d5fc5b8b4a8a7611 -> 8cf0d752c691cde3
[CHAIN] 8cf0d752c691cde3 -> 8dd85ecee8c48dbb
[CHAIN] 8dd85ecee8c48dbb -> 02c35d3ad18457f0
[CHAIN] 02c35d3ad18457f0 -> 630872735c459ec5
[CHAIN] 630872735c459ec5 -> d6f08de764966f60
[CHAIN] d6f08de764966f60 -> 3af8421987e5e3d1
[CHAIN] 3af8421987e5e3d1 -> 5af91c001c12a46b
[CHAIN] 5af91c001c12a46b -> f9009ea511e82e98
[CHAIN] f9009ea511e82e98 -> 9016f9d9ffbdd472
[CHAIN] 9016f9d9ffbdd472 -> de8345b5d5b24135
[CHAIN] de8345b5d5b24135 -> 4c2b8955dd2da5a8
[CHAIN] 4c2b8955dd2da5a8 -> cec1110d760be19f
[CHAIN] cec1110d760be19f -> f9ec12eb86d6356e
[CHAIN] f9ec12eb86d6356e -> 18974c6af123ea68
[CHAIN] 18974c6af123ea68 -> d9846ca73716a9c3
[CHAIN] d9846ca73716a9c3 -> f4dfbbeb60b7d711
[CHAIN] f4dfbbeb60b7d711 -> be74e473e50cf8a6
[CHAIN] be74e473e50cf8a6 -> 8c98b79b7c55be82
[CHAIN] 8c98b79b7c55be82 -> 455c6924cf18686d
[CHAIN] 455c6924cf18686d -> 2eaebba23b52f1d1
[CHAIN] 2eaebba23b52f1d1 -> 40c67b167fb6e950
[CHAIN] 40c67b167fb6e950 -> 6308f2172137d7c4
[CHAIN] 6308f2172137d7c4 -> 782b0e0d5a1d5a13
[CHAIN] 782b0e0d5a1d5a13 -> ce7adc4d2dec1b98
[CHAIN] ce7adc4d2dec1b98 -> 0eb8fcaf0ca091bf
[CHAIN] 0eb8fcaf0ca091bf -> 5246351c7fc0c61d
[CHAIN] 5246351c7fc0c61d -> e1c7a054ef61dbb6
[CHAIN] e1c7a054ef61dbb6 -> bf0082af3a309250
[CHAIN] bf0082af3a309250 -> 8ed3d878b14fa6e3
[CHAIN] 8ed3d878b14fa6e3 -> e09d26730b84c52e
[CHAIN] e09d26730b84c52e -> de761c84fc1de94c
[CHAIN] de761c84fc1de94c -> f738163ffa4a0141
[CHAIN] f738163ffa4a0141 -> 0cd367d5c454de70
[CHAIN] 0cd367d5c454de70 -> 4b58740aab2d2a9b
[CHAIN] 4b58740aab2d2a9b -> c6d889865ad18fa0
[CHAIN] c6d889865ad18fa0 -> 6300679a01925f1b
[CHAIN] 6300679a01925f1b -> f33033fcf97effc4
[CHAIN] f33033fcf97effc4 -> 2367508f71f2102e
[CHAIN] 2367508f71f2102e -> e39d46f26a5137b0
[CHAIN] e39d46f26a5137b0 -> dabeb079f075fdd2
[CHAIN] dabeb079f075fdd2 -> 2f61f97dae770a57
[CHAIN] 2f61f97dae770a57 -> b3b780d30d0fab53
[CHAIN] b3b780d30d0fab53 -> 90e3052db5d22326
[CHAIN] 90e3052db5d22326 -> ebb277c9addf37c7
[CHAIN] ebb277c9addf37c7 -> a04d010479ec7c49
[CHAIN] a04d010479ec7c49 -> 79751f746d2461c0
[CHAIN] 79751f746d2461c0 -> e1dc6bc33e70d2c4
[CHAIN] e1dc6bc33e70d2c4 -> 617c3c53d7c42f3d
[CHAIN] 617c3c53d7c42f3d -> e55afac41358b880
[CHAIN] e55afac41358b880 -> 3fd4f941d3b2926b
[CHAIN] 3fd4f941d3b2926b -> 00c95681704be1bb
[CHAIN] 00c95681704be1bb -> 96e2340e7f82a6b7
[CHAIN] 96e2340e7f82a6b7 -> bd13fe5503291e97
[CHAIN] bd13fe5503291e97 -> a570271edd7f1a8b
[CHAIN] a570271edd7f1a8b -> 6cf8624dcd73d91a
[CHAIN] 6cf8624dcd73d91a -> d37554ff5b72fa40
[CHAIN] d37554ff5b72fa40 -> f3061bb47505aa84
[CHAIN] f3061bb47505aa84 -> 81a423ff246946ee
[CHAIN] 81a423ff246946ee -> 9930ef125699f49a
[CHAIN] 9930ef125699f49a -> 940964c9323f3718
[CHAIN] 940964c9323f3718 -> 44f505692d759d03
[CHAIN] 44f505692d759d03 -> 75af90228f8580e5
[CHAIN] 75af90228f8580e5 -> f0f32549c16c76a5
[CHAIN] f0f32549c16c76a5 -> 28d1873a0e3ac695
[CHAIN] 28d1873a0e3ac695 -> ec13c703bddcdeb7
[CHAIN] ec13c703bddcdeb7 -> 3e931cd665bbea4c
[CHAIN] 3e931cd665bbea4c -> 72e229ae05750c60
[CHAIN] 72e229ae05750c60 -> 9280d051c83368a3
[CHAIN] 9280d051c83368a3 -> 6020329a141da818
[CHAIN] 6020329a141da818 -> 395d259a1b8f1e9e
[CHAIN] 395d259a1b8f1e9e -> f137d20dda2fa5cf
[CHAIN] f137d20dda2fa5cf -> b632075ef0793713
[CHAIN] b632075ef0793713 -> 4c149479160739a4
[CHAIN] 4c149479160739a4 -> dab13ca773184f97
[CHAIN] dab13ca773184f97 -> e9a910443caaf968
[CHAIN] e9a910443caaf968 -> 1e181444e2279914
[CHAIN] 1e181444e2279914 -> f325cd2df84072ef
[CHAIN] f325cd2df84072ef -> 5840cb27a6670352
[CHAIN] 5840cb27a6670352 -> 894e46611d129c4e
[CHAIN] 894e46611d129c4e -> b6a94f7fa4285cac
[CHAIN] b6a94f7fa4285cac -> f0f2bbdea8743910
[CHAIN] f0f2bbdea8743910 -> e19849acb568c5a8
[CHAIN] e19849acb568c5a8 -> d450972dc0690be4
[CHAIN] d450972dc0690be4 -> 0f0f7e847269da1c
[CHAIN] 0f0f7e847269da1c -> 5b1daddaedc3b2bc
[CHAIN] 5b1daddaedc3b2bc -> 31848f1553f82026
[CHAIN] 31848f1553f82026 -> d96f08359674b590
[CHAIN] d96f08359674b590 -> e7b1b600fad5f562
[CHAIN] e7b1b600fad5f562 -> f8a956c5bbf2f965
[CHAIN] f8a956c5bbf2f965 -> a2f103cc480993a1
[CHAIN] a2f103cc480993a1 -> 854d004f3d3621de
[CHAIN] 854d004f3d3621de -> 38f5f44f745af74c
[CHAIN] 38f5f44f745af74c -> 44c1fed370c30a51
[CHAIN] 44c1fed370c30a51 -> e76ca40695e5431c
[CHAIN] e76ca40695e5431c -> c613f4743e532496
[CHAIN] c613f4743e532496 -> 8a789d1ec663144c
[CHAIN] 8a789d1ec663144c -> e66f3055b5497c46
[CHAIN] e66f3055b5497c46 -> d10f8c2eec92547a
[CHAIN] d10f8c2eec92547a -> f4cb043680823f58
[CHAIN] f4cb043680823f58 -> 212e6ba454bb8418
[CHAIN] 212e6ba454bb8418 -> 04b254203034db01
[CHAIN] 04b254203034db01 -> e45e2f4615c515ba
[CHAIN] e45e2f4615c515ba -> 80b0e79836bb6d96
[CHAIN] 80b0e79836bb6d96 -> b64f30f66f2d24ff
[CHAIN] b64f30f66f2d24ff -> 9ba62327759b243d
[CHAIN] 9ba62327759b243d -> 80dbc88a4cf8cfc9
[CHAIN] 80dbc88a4cf8cfc9 -> e18ebb98eb3a5635
[CHAIN] e18ebb98eb3a5635 -> 085edd454f9b4f17
[CHAIN] 085edd454f9b4f17 -> e02f2c16243b6737
[CHAIN] e02f2c16243b6737 -> cdd2460818cfa7df
[CHAIN] cdd2460818cfa7df -> e4902e634815397c
[CHAIN] e4902e634815397c -> fc4f81f511b5c63b
[CHAIN] fc4f81f511b5c63b -> ba8beced869f98c6
[CHAIN] ba8beced869f98c6 -> 49804448480fcf9e
[CHAIN] 49804448480fcf9e -> e52935e6ae22718a
[CHAIN] e52935e6ae22718a -> 2603122e06cd978f
[CHAIN] 2603122e06cd978f -> 9051ccaaa3a21181
[CHAIN] 9051ccaaa3a21181 -> 6994788cd01d5153
[CHAIN] 6994788cd01d5153 -> d764e4dcaeeea2db
[CHAIN] d764e4dcaeeea2db -> 3643a747ef5e20e4
[CHAIN] 3643a747ef5e20e4 -> b6122c51c210eb79
[CHAIN] b6122c51c210eb79 -> d24296fd35153b11
[CHAIN] d24296fd35153b11 -> af771b06c7573012
[CHAIN] af771b06c7573012 -> 8d02c21fbfb0e906
[CHAIN] 8d02c21fbfb0e906 -> 2720406e0e8f2c87
[CHAIN] 2720406e0e8f2c87 -> ae9ff3789c89b13c
[CHAIN] ae9ff3789c89b13c -> 0bf78d2cb34dda11
[CHAIN] 0bf78d2cb34dda11 -> 73cb9e9d0d9d53ff
[CHAIN] 73cb9e9d0d9d53ff -> e9dd3e7a8ea85ab4
[CHAIN] e9dd3e7a8ea85ab4 -> f0ba814e3a043398
[CHAIN] f0ba814e3a043398 -> 38ebd063bc273ca8
[CHAIN] 38ebd063bc273ca8 -> 9b3338fcbbea0f94
[CHAIN] 9b3338fcbbea0f94 -> 47c35a411042857e
[CHAIN] 47c35a411042857e -> 1dc711f06a1a6c57
[CHAIN] 1dc711f06a1a6c57 -> 502b570545a13778
[CHAIN] 502b570545a13778 -> 90e96b80612664f2
[CHAIN] 90e96b80612664f2 -> 2406252f548f564f
[CHAIN] 2406252f548f564f -> a443fdc064300392
[CHAIN] a443fdc064300392 -> 68a92279b0063da3
[CHAIN] 68a92279b0063da3 -> 54087b637658396c
[CHAIN] 54087b637658396c -> bbe947628e32dc3c
[CHAIN] bbe947628e32dc3c -> 8bd0e185f59744bf
[CHAIN] 8bd0e185f59744bf -> 9322b846b9571d76
[CHAIN] 9322b846b9571d76 -> 393b220f8109550e
[CHAIN] 393b220f8109550e -> 75669e4d39e87a07
[CHAIN] 75669e4d39e87a07 -> 05e03dd87674f520
[CHAIN] 05e03dd87674f520 -> bc21672ca790554f
[CHAIN] bc21672ca790554f -> 2c4776a12604937d
[CHAIN] 2c4776a12604937d -> 611ba700f78fb4f1
[CHAIN] 611ba700f78fb4f1 -> 6ec1327180a0df75
[CHAIN] 6ec1327180a0df75 -> 13001e9b532e73c5
[CHAIN] 13001e9b532e73c5 -> 45b3b7a86b49c2d2
[CHAIN] 45b3b7a86b49c2d2 -> 026beec22090d48b
[CHAIN] 026beec22090d48b -> 6cd52ff473c698d7
[CHAIN] 6cd52ff473c698d7 -> d80a45ddfd493a6a
[CHAIN] d80a45ddfd493a6a -> f308f84b0f7f320f
[CHAIN] f308f84b0f7f320f -> 54ce78eeb3387b27
[CHAIN] 54ce78eeb3387b27 -> 89a7b55dd577742a
[CHAIN] 89a7b55dd577742a -> b22e363b88940542
[CHAIN] b22e363b88940542 -> 3a4c8170ce932993
[CHAIN] 3a4c8170ce932993 -> 9f3f39efa8001fed
[CHAIN] 9f3f39efa8001fed -> 183692c655d3613f
[CHAIN] 183692c655d3613f -> 4f86bbfa86da2cdf
[CHAIN] 4f86bbfa86da2cdf -> 98dc12766a222f80
[CHAIN] 98dc12766a222f80 -> e17cf273b4a6fcc8
[CHAIN] e17cf273b4a6fcc8 -> f42579c264e033b6
[CHAIN] f42579c264e033b6 -> 7db52ea6aa875556
[CHAIN] 7db52ea6aa875556 -> 954a12b3c8ea3a78
[CHAIN] 954a12b3c8ea3a78 -> 13ecda5c2523145b
[CHAIN] 13ecda5c2523145b -> 5f1fe379dd0d6789
[CHAIN] 5f1fe379dd0d6789 -> 27aa561991bbf2b5
[CHAIN] 27aa561991bbf2b5 -> c0f8f7de0670ff0f
[CHAIN] c0f8f7de0670ff0f -> 6db0433aa4f0b587
[CHAIN] 6db0433aa4f0b587 -> 9438bd5006fd872e
[CHAIN] 9438bd5006fd872e -> e66d04e76d40abb5
[CHAIN] e66d04e76d40abb5 -> 56c57b033164a12e
[CHAIN] 56c57b033164a12e -> 2b66ba1b72519ce1
[CHAIN] 2b66ba1b72519ce1 -> f86e148aa1656d57
[CHAIN] f86e148aa1656d57 -> a0f2176254eb7c20
[CHAIN] a0f2176254eb7c20 -> 93a39085ea29571a
[CHAIN] 93a39085ea29571a -> 552d8a39b23343af
[CHAIN] 552d8a39b23343af -> f24264501abcb529
[CHAIN] f24264501abcb529 -> 726ab0e85a1c1520
[CHAIN] 726ab0e85a1c1520 -> 316a33868a4914a9
[CHAIN] 316a33868a4914a9 -> ae9ba8a6be49cbfb
[CHAIN] ae9ba8a6be49cbfb -> 897967cd300e1cb6
[CHAIN] 897967cd300e1cb6 -> 42491d49822ef436
[CHAIN] 42491d49822ef436 -> eab0cc912aa456dd
[CHAIN] eab0cc912aa456dd -> db162a6a87dc5a56
[CHAIN] db162a6a87dc5a56 -> da22b7be9c174b5b
[CHAIN] da22b7be9c174b5b -> 355c30f29bb929b6
[CHAIN] 355c30f29bb929b6 -> 74d65db930eb86fa
[CHAIN] 74d65db930eb86fa -> 989ec0170be86596
[CHAIN] 989ec0170be86596 -> 0e709792e38fd9b0
[CHAIN] 0e709792e38fd9b0 -> b656746cf18b4b5c
[CHAIN] b656746cf18b4b5c -> 5e1dc43fb71f667a
[CHAIN] 5e1dc43fb71f667a -> fd1aad787010fa8e
[CHAIN] fd1aad787010fa8e -> 82a13ce0adf5a21f
[CHAIN] 82a13ce0adf5a21f -> c862698feb135798
[CHAIN] c862698feb135798 -> ec5d8652ae179983
[CHAIN] ec5d8652ae179983 -> 2e474927f7fe23b4
[CHAIN] 2e474927f7fe23b4 -> 8dde622acc6c1f47
[CHAIN] 8dde622acc6c1f47 -> 1ca58ebdcec66ea0
[CHAIN] 1ca58ebdcec66ea0 -> c7dae0ab63da41e4
[CHAIN] c7dae0ab63da41e4 -> 16dec7e3929e760c
[CHAIN] 16dec7e3929e760c -> 613cc50c9114e106
[CHAIN] 613cc50c9114e106 -> c909ef68791c1dcb
[CHAIN] c909ef68791c1dcb -> 96fd424fcd7a2ad0
[CHAIN] 96fd424fcd7a2ad0 -> 57145a7a31857d65
[CHAIN] 57145a7a31857d65 -> 914a198b41015227
[CHAIN] 914a198b41015227 -> 63e5d6e976d1d482
[CHAIN] 63e5d6e976d1d482 -> e220479ba07ba398
[CHAIN] e220479ba07ba398 -> 031cad268b6847f9
[CHAIN] 031cad268b6847f9 -> d19a43561e26e4cb
[CHAIN] d19a43561e26e4cb -> b0afb01ebb3b6f12
[CHAIN] b0afb01ebb3b6f12 -> 6e1adf421d887aed
[CHAIN] 6e1adf421d887aed -> 6c1479cffd736994
[CHAIN] 6c1479cffd736994 -> 0c61b2aba91b545c
[CHAIN] 0c61b2aba91b545c -> c1868a01148696bf
[CHAIN] c1868a01148696bf -> 031c247549645f40
[CHAIN] 031c247549645f40 -> f00099eb0ec8cae2
[CHAIN] f00099eb0ec8cae2 -> 7470bb943a821f7e
[CHAIN] 7470bb943a821f7e -> adc240b4d2bede5a
[CHAIN] adc240b4d2bede5a -> af61e17725d81016
[CHAIN] af61e17725d81016 -> 1256f5837fa26e15
[CHAIN] 1256f5837fa26e15 -> a770b4dfed2d79b7
[CHAIN] a770b4dfed2d79b7 -> be1aa5560fe52c1e
[CHAIN] be1aa5560fe52c1e -> 1b32651125b539b7
[CHAIN] 1b32651125b539b7 -> 2ff8efc4df433813
[CHAIN] 2ff8efc4df433813 -> b3680995317ddbfe
[CHAIN] b3680995317ddbfe -> 279cb1e613603b75
[CHAIN] 279cb1e613603b75 -> 3641d963be388e44
[CHAIN] 3641d963be388e44 -> a42cef7c47741cbb
[CHAIN] a42cef7c47741cbb -> 40fcc35978445533
[CHAIN] 40fcc35978445533 -> c28158c5da3da9e0
[CHAIN] c28158c5da3da9e0 -> bbcd092e2a37c71e
[CHAIN] bbcd092e2a37c71e -> fec626105af58e28
[CHAIN] fec626105af58e28 -> 440975b156ae5b58
[CHAIN] 440975b156ae5b58 -> 507a50192f78df5d
[CHAIN] 507a50192f78df5d -> 292c2b742449e2b1
[CHAIN] 292c2b742449e2b1 -> bc71d35474fecc08
[CHAIN] bc71d35474fecc08 -> 00ce3696bde647e9
[CHAIN] 00ce3696bde647e9 -> e971548d92317a29
[CHAIN] e971548d92317a29 -> 13ac31c40495e696
[CHAIN] 13ac31c40495e696 -> 1b63916ae1813369
[CHAIN] 1b63916ae1813369 -> 3117c8f94604649a
[CHAIN] 3117c8f94604649a -> c7b326247c9e9d48
[CHAIN] c7b326247c9e9d48 -> b554a932ca73bf63
[CHAIN] b554a932ca73bf63 -> c7ec6e898dccb81b
[CHAIN] c7ec6e898dccb81b -> cb3ec5b7b8751c10
[CHAIN] cb3ec5b7b8751c10 -> 540e1dca80040a73
[CHAIN] 540e1dca80040a73 -> 276022bf6309244f
[CHAIN] 276022bf6309244f -> a609f70160f9a69c
[CHAIN] a609f70160f9a69c -> 98ffc11785cf82f8
[CHAIN] 98ffc11785cf82f8 -> 318f9bca401a60b2
[CHAIN] 318f9bca401a60b2 -> bf454a9bd3aa948c
[CHAIN] bf454a9bd3aa948c -> f669d077ef8a8125
[CHAIN] f669d077ef8a8125 -> ec62b178d8e33c3a
[CHAIN] ec62b178d8e33c3a -> e72690f9b97ab578
[CHAIN] e72690f9b97ab578 -> c10933188bb1a807
[CHAIN] c10933188bb1a807 -> 8b84b8b197292929
[CHAIN] 8b84b8b197292929 -> 64f96e44f3d4cfce
[CHAIN] 64f96e44f3d4cfce -> fe7cf07102f5e0bd
[CHAIN] fe7cf07102f5e0bd -> 0ffbb3d1588a781c
[CHAIN] 0ffbb3d1588a781c -> 79bc3727baaa626d
[CHAIN] 79bc3727baaa626d -> ea8cab59b15da771
[CHAIN] ea8cab59b15da771 -> 8f88c671fef92ad8
[CHAIN] 8f88c671fef92ad8 -> a8d704c02375cef0
[CHAIN] a8d704c02375cef0 -> a0b7a1adac4f9246
[CHAIN] a0b7a1adac4f9246 -> e5bc6ae42859ab00
[CHAIN] e5bc6ae42859ab00 -> e8f854ec745e2bbd
[CHAIN] e8f854ec745e2bbd -> b650121082e34fd7
[CHAIN] b650121082e34fd7 -> 01a9d168358373f0
[CHAIN] 01a9d168358373f0 -> 9017387c19d203e2
[CHAIN] 9017387c19d203e2 -> 55b293a906a0ef77
[CHAIN] 55b293a906a0ef77 -> ad8fb4ca77e41e22
[CHAIN] ad8fb4ca77e41e22 -> 71a864f8cb513bfe
[CHAIN] 71a864f8cb513bfe -> 2d53124e7005850c
[CHAIN] 2d53124e7005850c -> 1145eb7e911b749b
[CHAIN] 1145eb7e911b749b -> e95bfe3b7cbf63a9
[CHAIN] e95bfe3b7cbf63a9 -> c79d4dafd57dfb20
[CHAIN] c79d4dafd57dfb20 -> f836585f0037f1ef
[CHAIN] f836585f0037f1ef -> 239320ae59494ebf
[CHAIN] 239320ae59494ebf -> 8e432f303d0f5abc
[CHAIN] 8e432f303d0f5abc -> 31bbbac13d50116a
[CHAIN] 31bbbac13d50116a -> a7fb734034f62f86
[CHAIN] a7fb734034f62f86 -> ec4a79e187f99ccd
[CHAIN] ec4a79e187f99ccd -> d98f205d73bcea2e
[CHAIN] d98f205d73bcea2e -> 6059303c18204514
[CHAIN] 6059303c18204514 -> a05ebb1464a13d43
[CHAIN] a05ebb1464a13d43 -> c7d43f78e7237239
[CHAIN] c7d43f78e7237239 -> 53064468262c98e7
[CHAIN] 53064468262c98e7 -> 31640ee32a54e855
[CHAIN] 31640ee32a54e855 -> 673ca70d2f8838df
[CHAIN] 673ca70d2f8838df -> 8b593ec4f4542f9d
[CHAIN] 8b593ec4f4542f9d -> 1ece7e350f835ce7
[CHAIN] 1ece7e350f835ce7 -> 8a3f572f901a441e
[CHAIN] 8a3f572f901a441e -> 5bcd9628a3782c17
[CHAIN] 5bcd9628a3782c17 -> e63bcd8ff05ea68b
[CHAIN] e63bcd8ff05ea68b -> 026bfb3007a758ea
[CHAIN] 026bfb3007a758ea -> 4f69a3635efe24cb
[CHAIN] 4f69a3635efe24cb -> e52d78a947beebd6
[CHAIN] e52d78a947beebd6 -> 86399ddbdb30d9e9
[CHAIN] 86399ddbdb30d9e9 -> a02eedc8a619f778
[CHAIN] a02eedc8a619f778 -> e63204a4600d690c
[CHAIN] e63204a4600d690c -> 2964b956e4ad35bf
[CHAIN] 2964b956e4ad35bf -> 6f3b239f18a3b549
[CHAIN] 6f3b239f18a3b549 -> 87f7a262c0757d5f
[CHAIN] 87f7a262c0757d5f -> 5bad09ac5d18dd0f
[CHAIN] 5bad09ac5d18dd0f -> 1a42fa7e4e55ca68
[CHAIN] 1a42fa7e4e55ca68 -> 77af7c09aa9676fc
[CHAIN] 77af7c09aa9676fc -> 104055528e534979
[CHAIN] 104055528e534979 -> 284d41d3586dce96
[CHAIN] 284d41d3586dce96 -> afa3e251ffbf7c20
[CHAIN] afa3e251ffbf7c20 -> b1bfb80e2849a04a
[CHAIN] b1bfb80e2849a04a -> 6848eea2569c2166
[CHAIN] 6848eea2569c2166 -> 4594d92f1106e83f
[CHAIN] 4594d92f1106e83f -> a055cb40f89f9730
[CHAIN] a055cb40f89f9730 -> 2483b1b6b7cf8dc9
[CHAIN] 2483b1b6b7cf8dc9 -> 7b0edc5fdc0d4b4d
[CHAIN] 7b0edc5fdc0d4b4d -> 35b0dd8a99752e5e
[CHAIN] 35b0dd8a99752e5e -> a15f670f5c7cf94d
[CHAIN] a15f670f5c7cf94d -> 9f5f5d2b4c50b7e2
[CHAIN] 9f5f5d2b4c50b7e2 -> 622c352d0bff7218
[CHAIN] 622c352d0bff7218 -> f91824c1d04fed21
[CHAIN] f91824c1d04fed21 -> ea56064fc1d3a451
[CHAIN] ea56064fc1d3a451 -> a340bcf69b932b94
[CHAIN] a340bcf69b932b94 -> 8e08e24ebb297583
[CHAIN] 8e08e24ebb297583 -> dffd224667ad594a
[CHAIN] dffd224667ad594a -> 821c4ec6993eda71
[CHAIN] 821c4ec6993eda71 -> ad66e23d50d457ac
[CHAIN] ad66e23d50d457ac -> b216098d2cdb3451
[CHAIN] b216098d2cdb3451 -> ebdd1930bba30924
[CHAIN] ebdd1930bba30924 -> c45214789b57a81e
[CHAIN] c45214789b57a81e -> d1ff0f3d7a804283
[CHAIN] d1ff0f3d7a804283 -> d14cb4ed3bdd3fe4
[CHAIN] d14cb4ed3bdd3fe4 -> 1532a97fad78d00b
[CHAIN] 1532a97fad78d00b -> 4efca3296ff871b7
[CHAIN] 4efca3296ff871b7 -> 2c592483c9b67cc3
[CHAIN] 2c592483c9b67cc3 -> 3b113bda8366ebad
[CHAIN] 3b113bda8366ebad -> 07d74939c1292857
[CHAIN] 07d74939c1292857 -> c24703801531fbc8
[CHAIN] c24703801531fbc8 -> 8297ce2fe35da2aa
[CHAIN] 8297ce2fe35da2aa -> fdda79e5478ef513
[CHAIN] fdda79e5478ef513 -> a889362fb41654d8
[CHAIN] a889362fb41654d8 -> 6fdc347dfdfb8c8c
[CHAIN] 6fdc347dfdfb8c8c -> 18b03f9222d67803
[CHAIN] 18b03f9222d67803 -> 87178921fc66fcb0
[CHAIN] 87178921fc66fcb0 -> bbdf3f5d7d595c36
[CHAIN] bbdf3f5d7d595c36 -> 13b1381f4f45df8a
[CHAIN] 13b1381f4f45df8a -> cb5899460bfffbfc
[CHAIN] cb5899460bfffbfc -> 452e9bee58404953
[CHAIN] 452e9bee58404953 -> 37223dc1c5a7ef17
[CHAIN] 37223dc1c5a7ef17 -> 2b53e17642f0fc54
[CHAIN] 2b53e17642f0fc54 -> d19dac5771aa6b69
[CHAIN] d19dac5771aa6b69 -> bae681edbca3bc17
[CHAIN] bae681edbca3bc17 -> b5c0f10346a9d6b1
[CHAIN] b5c0f10346a9d6b1 -> 2a82744483d9d9da
[CHAIN] 2a82744483d9d9da -> 1092cfabcb0f26c0
[CHAIN] 1092cfabcb0f26c0 -> 18ebe29da0c90006
[CHAIN] 18ebe29da0c90006 -> 12f4a5a1e9cb3ddf
[CHAIN] 12f4a5a1e9cb3ddf -> 1021f9464e0d4fe3
[CHAIN] 1021f9464e0d4fe3 -> c98b49f0b9ef125e
[CHAIN] c98b49f0b9ef125e -> 6b8aa89ad3ba110c
[CHAIN] 6b8aa89ad3ba110c -> 113407a9ccc1576f
[CHAIN] 113407a9ccc1576f -> 9889e9017fac7665
[CHAIN] 9889e9017fac7665 -> a378782621143683
[CHAIN] a378782621143683 -> d05cab047ddf87d6
[CHAIN] d05cab047ddf87d6 -> 00332bf58221e96a
[CHAIN] 00332bf58221e96a -> 820e78f6b5f14630
[CHAIN] 820e78f6b5f14630 -> af2419da97c989cb
[CHAIN] af2419da97c989cb -> fabcb7086245134d
[CHAIN] fabcb7086245134d -> 2efb3c4ab6f877c5
[CHAIN] 2efb3c4ab6f877c5 -> e40ec74b9bae32e7
[CHAIN] e40ec74b9bae32e7 -> a19c68fe4d33946a
[CHAIN] a19c68fe4d33946a -> a24ed2676f8813f8
[CHAIN] a24ed2676f8813f8 -> 07e0bbfe84e58c36
[CHAIN] 07e0bbfe84e58c36 -> d160a1cbb66312d7
[CHAIN] d160a1cbb66312d7 -> fd5ff33f2f7691a8
[CHAIN] fd5ff33f2f7691a8 -> 4e3aed17b73b8f06
[CHAIN] 4e3aed17b73b8f06 -> 16564ba4c012db56
[CHAIN] 16564ba4c012db56 -> 0a4a4970672c2f4f
[CHAIN] 0a4a4970672c2f4f -> 1116a460432d9ddc
[CHAIN] 1116a460432d9ddc -> b571cdd60fb2accc
[CHAIN] b571cdd60fb2accc -> 044358c15f5b3e28
[CHAIN] 044358c15f5b3e28 -> b6c31b31c8b43037
[CHAIN] b6c31b31c8b43037 -> a9e221ddffb068bd
[CHAIN] a9e221ddffb068bd -> ad89e60537694591
[CHAIN] ad89e60537694591 -> 6e9477d32c2566b7
[CHAIN] 6e9477d32c2566b7 -> a5e3dd9818e98cd5
[CHAIN] a5e3dd9818e98cd5 -> bbbdcacc05ecb9a4
[CHAIN] bbbdcacc05ecb9a4 -> 3fd3839cd12a646d
[CHAIN] 3fd3839cd12a646d -> ea7dd549141b0d93
[CHAIN] ea7dd549141b0d93 -> 00ac2c49e386e11d
[CHAIN] 00ac2c49e386e11d -> 0de2121bb7940670
[CHAIN] 0de2121bb7940670 -> 72796f5929527ec5
[CHAIN] 72796f5929527ec5 -> 5b72b9dbd08389f3
[CHAIN] 5b72b9dbd08389f3 -> 03d1edd871315a4f
[CHAIN] 03d1edd871315a4f -> 3f968e49880e06ef
[CHAIN] 3f968e49880e06ef -> 8a04b5e7f51eb407
[CHAIN] 8a04b5e7f51eb407 -> a069ee67e60d83b3
[CHAIN] a069ee67e60d83b3 -> ede2f77053726a86
[CHAIN] ede2f77053726a86 -> 48583f65d2749047
[CHAIN] 48583f65d2749047 -> 53a1e4b4b825bea1
[CHAIN] 53a1e4b4b825bea1 -> bb4e6d07e1b423d0
[CHAIN] bb4e6d07e1b423d0 -> db495ba936406bb4
[CHAIN] db495ba936406bb4 -> 3b8a8b28065dc820
[CHAIN] 3b8a8b28065dc820 -> 3483d225397ddc5d
[CHAIN] 3483d225397ddc5d -> 95875c539343929c
[CHAIN] 95875c539343929c -> 562cd759c79bbf50
[CHAIN] 562cd759c79bbf50 -> d2c59fcff7347dad
[CHAIN] d2c59fcff7347dad -> 54a7715aeb3459ce
[CHAIN] 54a7715aeb3459ce -> 5a221e22de6795d7
[CHAIN] 5a221e22de6795d7 -> 6791bf5ee967e308
[CHAIN] 6791bf5ee967e308 -> 040d926c15bf54cd
[CHAIN] 040d926c15bf54cd -> 7fc6dd6e6899731a
[CHAIN] 7fc6dd6e6899731a -> 646e8b31cfd7d57c
[CHAIN] 646e8b31cfd7d57c -> e778617d4547d744
[CHAIN] e778617d4547d744 -> d15af83ae7bc81d7
[CHAIN] d15af83ae7bc81d7 -> caf128474da989e1
[CHAIN] caf128474da989e1 -> 293a35a33eb7a356
[CHAIN] 293a35a33eb7a356 -> 4465c9b43ea79642
[CHAIN] 4465c9b43ea79642 -> 751a7253cba0a9a0
[CHAIN] 751a7253cba0a9a0 -> 2243b78f7869b4bb
[CHAIN] 2243b78f7869b4bb -> 2fbe39f79024eb40
[CHAIN] 2fbe39f79024eb40 -> 435061c5752b54aa
[CHAIN] 435061c5752b54aa -> 177e1ec77e54a607
[CHAIN] 177e1ec77e54a607 -> 37e1934d82e83a10
[CHAIN] 37e1934d82e83a10 -> 360ec719961a4dd8
[CHAIN] 360ec719961a4dd8 -> 26ba5a8220ad3029
[CHAIN] 26ba5a8220ad3029 -> 6c0c8329915eadc6
[CHAIN] 6c0c8329915eadc6 -> e0f53f0418ba86c5
[CHAIN] e0f53f0418ba86c5 -> ad1a8397b311e2fb
[CHAIN] ad1a8397b311e2fb -> 3f463d6e7b11c361
[CHAIN] 3f463d6e7b11c361 -> ac64dbf3321c8941
[CHAIN] ac64dbf3321c8941 -> 9578fadfcb9c0207
[CHAIN] 9578fadfcb9c0207 -> 4e9800f836e8a781
[CHAIN] 4e9800f836e8a781 -> 239296756f904122
[CHAIN] 239296756f904122 -> 28bd4b735d378e74
[CHAIN] 28bd4b735d378e74 -> cfebab1d7d1de0fe
[CHAIN] cfebab1d7d1de0fe -> f54be374518bf5bc
[CHAIN] f54be374518bf5bc -> 72f84e54f6be610f
[CHAIN] 72f84e54f6be610f -> 04eeb45a6c477830
[CHAIN] 04eeb45a6c477830 -> 1e7e6e7af3999c23
[CHAIN] 1e7e6e7af3999c23 -> 61fddd8212847a01
[CHAIN] 61fddd8212847a01 -> 0d0bcc8439c20588
[CHAIN] 0d0bcc8439c20588 -> 54a134cf0345a4fb
[CHAIN] 54a134cf0345a4fb -> 2026d57f02d45be1
[CHAIN] 2026d57f02d45be1 -> 8c4868bdf35fec07
[CHAIN] 8c4868bdf35fec07 -> a5889b74613c8577
[CHAIN] a5889b74613c8577 -> 811f5f1192860e43
[CHAIN] 811f5f1192860e43 -> 1e00b60332f40fac
[CHAIN] 1e00b60332f40fac -> 43413f7ec06933fe
[CHAIN] 43413f7ec06933fe -> d3f77eff1702b887
[CHAIN] d3f77eff1702b887 -> 28c4037e6cf1a244
[CHAIN] 28c4037e6cf1a244 -> 0f6569eb0d84e879
[CHAIN] 0f6569eb0d84e879 -> 08b69dc226b6332c
[CHAIN] 08b69dc226b6332c -> 2b15aa7ed60a79ba
[CHAIN] 2b15aa7ed60a79ba -> 03ab66c0334dec91
[CHAIN] 03ab66c0334dec91 -> edf268e74b5aa62c
[CHAIN] edf268e74b5aa62c -> 1f26ce3708648fb8
[CHAIN] 1f26ce3708648fb8 -> a61c9a005ff7dbe4
[CHAIN] a61c9a005ff7dbe4 -> 08eb1f9b64f45397
[CHAIN] 08eb1f9b64f45397 -> 0c7b55c773025a76
[CHAIN] 0c7b55c773025a76 -> c3fe0580f3e4bc65
[CHAIN] c3fe0580f3e4bc65 -> f58fadbc2d8fe8dc
[CHAIN] f58fadbc2d8fe8dc -> 13d0b16aa8e20786
[CHAIN] 13d0b16aa8e20786 -> f42d52b98e9d8004
[CHAIN] f42d52b98e9d8004 -> fe66b54867fdb3c1
[CHAIN] fe66b54867fdb3c1 -> 594100ee0ac09d01
[CHAIN] 594100ee0ac09d01 -> 226c4376fe41befb
[CHAIN] 226c4376fe41befb -> 80d35196dcdc2f20
[CHAIN] 80d35196dcdc2f20 -> 367951303237cc3e
[CHAIN] 367951303237cc3e -> 34077d3caeae8ef6
[CHAIN] 34077d3caeae8ef6 -> 4f8bf2af8d0dc4eb
[CHAIN] 4f8bf2af8d0dc4eb -> e7d088e61f343478
[CHAIN] e7d088e61f343478 -> 2fd26f313ebd6a2f
[CHAIN] 2fd26f313ebd6a2f -> 0594a412dfe25140
[CHAIN] 0594a412dfe25140 -> 4df217cc68e63533
[CHAIN] 4df217cc68e63533 -> 1fcceadda71765d5
[CHAIN] 1fcceadda71765d5 -> 923a554e1d806223
[CHAIN] 923a554e1d806223 -> ffca28e193562884
[CHAIN] ffca28e193562884 -> 277cbe86b2c54ec3
[CHAIN] 277cbe86b2c54ec3 -> d5b36f76be7587c5
[CHAIN] d5b36f76be7587c5 -> d6733caca570b8b7
[CHAIN] d6733caca570b8b7 -> 62b8042fe9b5027e
[CHAIN] 62b8042fe9b5027e -> d9333c3d1b286d11
[CHAIN] d9333c3d1b286d11 -> 1fc1c4077d1cd671
[CHAIN] 1fc1c4077d1cd671 -> ee975e7f897c7326
[CHAIN] ee975e7f897c7326 -> 194c2e4c563d1ae9
[CHAIN] 194c2e4c563d1ae9 -> a818f524d294c918
[CHAIN] a818f524d294c918 -> ab79c2c2360cdc90
[CHAIN] ab79c2c2360cdc90 -> 3420e646d5fcbfa6
[CHAIN] 3420e646d5fcbfa6 -> 4724040c994d5086
[CHAIN] 4724040c994d5086 -> ea97aeecc7a83b53
[CHAIN] ea97aeecc7a83b53 -> 7e4073dc50a414a4
[CHAIN] 7e4073dc50a414a4 -> fbfdb3d5f0e9ce8c
[CHAIN] fbfdb3d5f0e9ce8c -> 10e47871b7bc0ea3
[CHAIN] 10e47871b7bc0ea3 -> 88cd308fb387798b
[CHAIN] 88cd308fb387798b -> a88ec940170f8f6c
[CHAIN] a88ec940170f8f6c -> eea46be8bfcbe482
[CHAIN] eea46be8bfcbe482 -> 2cad650e95f35f14
[CHAIN] 2cad650e95f35f14 -> 22ca41497cf420f7
[CHAIN] 22ca41497cf420f7 -> 843e39efe5dbc92c
[CHAIN] 843e39efe5dbc92c -> 45416ecfcc850502
[CHAIN] 45416ecfcc850502 -> 91e88e7a150d16bb
[CHAIN] 91e88e7a150d16bb -> c49ddd6076b80628
[CHAIN] c49ddd6076b80628 -> 224e4366745b9134
[CHAIN] 224e4366745b9134 -> 644376452527c9cf
[CHAIN] 644376452527c9cf -> d3646e004b15e434
[CHAIN] d3646e004b15e434 -> f70955c5c7ece196
[CHAIN] f70955c5c7ece196 -> cf5a50694a4b5632
[CHAIN] cf5a50694a4b5632 -> fc67268fcd15e34a
[CHAIN] fc67268fcd15e34a -> 89fb5b908a623f63
[CHAIN] 89fb5b908a623f63 -> 121dd52111a939e3
[CHAIN] 121dd52111a939e3 -> 99108d0c09b80442
[CHAIN] 99108d0c09b80442 -> a4c62892951ad20d
[CHAIN] a4c62892951ad20d -> a2e0a406408808d2
[CHAIN] a2e0a406408808d2 -> e9530e4493b09f4b
[CHAIN] e9530e4493b09f4b -> 71251205e9a24a7c
[CHAIN] 71251205e9a24a7c -> cd4c6dd1b516c7a7
[CHAIN] cd4c6dd1b516c7a7 -> 1a9db75c5da80c91
[CHAIN] 1a9db75c5da80c91 -> ec944625f1095452
[CHAIN] ec944625f1095452 -> d2ee89525cafb860
[CHAIN] d2ee89525cafb860 -> 67340dc7e7fded56
[CHAIN] 67340dc7e7fded56 -> 84ab63a897c44553
[CHAIN] 84ab63a897c44553 -> 27bc5da65ed9aa7c
[CHAIN] 27bc5da65ed9aa7c -> 8cff10311903ca47
[CHAIN] 8cff10311903ca47 -> 0e1d4eb9e7e7823d
[CHAIN] 0e1d4eb9e7e7823d -> 712505d8836c54e8
[CHAIN] 712505d8836c54e8 -> 8e78cedcac1fd8b1
[CHAIN] 8e78cedcac1fd8b1 -> 58b6f29fdb349d2c
[CHAIN] 58b6f29fdb349d2c -> a521e5a14cfbd82c
[CHAIN] a521e5a14cfbd82c -> f32879111cea2537
[CHAIN] f32879111cea2537 -> 208fdc94a50fdfa4
[CHAIN] 208fdc94a50fdfa4 -> 1da6d3f3d1ddbdba
[CHAIN] 1da6d3f3d1ddbdba -> 407ac66dd0c31bf1
[CHAIN] 407ac66dd0c31bf1 -> 6c087eb417ea4c42
[CHAIN] 6c087eb417ea4c42 -> c786cf84da3a2487
[CHAIN] c786cf84da3a2487 -> 938b4c95b635b3b9
[CHAIN] 938b4c95b635b3b9 -> e7ea918a445f344d
[CHAIN] e7ea918a445f344d -> 14ca72919210a3bf
[CHAIN] 14ca72919210a3bf -> 73e4a4a918be00b6
[CHAIN] 73e4a4a918be00b6 -> 3e811f428556c805
[CHAIN] 3e811f428556c805 -> fa69efdf9370c30f
[CHAIN] fa69efdf9370c30f -> 040ebf1367ea8539
[CHAIN] 040ebf1367ea8539 -> b26128dc8c0f2ee5
[CHAIN] b26128dc8c0f2ee5 -> daa0a8b70f250eb5
[CHAIN] daa0a8b70f250eb5 -> 12a881a47f92d3fa
[CHAIN] 12a881a47f92d3fa -> 6288064a47dbae25
[CHAIN] 6288064a47dbae25 -> e81b7e3b1a3ba506
[CHAIN] e81b7e3b1a3ba506 -> e4a59ebd5586fc1c
[CHAIN] e4a59ebd5586fc1c -> 54d00326d70b26b4
[CHAIN] 54d00326d70b26b4 -> 887ce4bbe2511dc7
[CHAIN] 887ce4bbe2511dc7 -> 8ef6fed893057254
[CHAIN] 8ef6fed893057254 -> 1e919cecce9be3e2
[CHAIN] 1e919cecce9be3e2 -> 40be70255b7d23fb
[CHAIN] 40be70255b7d23fb -> ed56464181142e6a
[CHAIN] ed56464181142e6a -> 77a9d91b03c9c065
[CHAIN] 77a9d91b03c9c065 -> bcb11c21e397aa09
[CHAIN] bcb11c21e397aa09 -> 2b8d9501830e43fa
[CHAIN] 2b8d9501830e43fa -> 0534ecc4aab05aff
[CHAIN] 0534ecc4aab05aff -> e03911d39f6a0e39
[CHAIN] e03911d39f6a0e39 -> d5a304479f790a7b
[CHAIN] d5a304479f790a7b -> 706324ae269fa180
[CHAIN] 706324ae269fa180 -> d92f64b1eda0d950
[CHAIN] d92f64b1eda0d950 -> 87d0472054e6db5e
[CHAIN] 87d0472054e6db5e -> 31b802b8a184965e
[CHAIN] 31b802b8a184965e -> e2bdc69cf32de19a
[CHAIN] e2bdc69cf32de19a -> dd42a3e645c31114
[CHAIN] dd42a3e645c31114 -> fd8dc3f199bdadf8
[CHAIN] fd8dc3f199bdadf8 -> 675f36f67cd74893
[CHAIN] 675f36f67cd74893 -> b60ca06556a6cd4b
[CHAIN] b60ca06556a6cd4b -> e0dede1d99e02d40
[CHAIN] e0dede1d99e02d40 -> 600968f9fea92c45
[CHAIN] 600968f9fea92c45 -> ba74a874f64293b9
[CHAIN] ba74a874f64293b9 -> 2c43e748b6673b3c
[CHAIN] 2c43e748b6673b3c -> 1b1c77cf5f07ba7b
[CHAIN] 1b1c77cf5f07ba7b -> f4f62e7744d32a51
[CHAIN] f4f62e7744d32a51 -> 9d70dbf23f089db9
[CHAIN] 9d70dbf23f089db9 -> e0ef45e733b4d50c
[CHAIN] e0ef45e733b4d50c -> 15aaff42c304ea81
[CHAIN] 15aaff42c304ea81 -> 0c193ec0cefb6e45
[CHAIN] 0c193ec0cefb6e45 -> 83943c606d6a921c
[CHAIN] 83943c606d6a921c -> a29b838fd193560a
[CHAIN] a29b838fd193560a -> 914b5e566af2e865
[CHAIN] 914b5e566af2e865 -> 2a98119ef8866351
[CHAIN] 2a98119ef8866351 -> 2ad0f95087195b77
[CHAIN] 2ad0f95087195b77 -> 16049a91aef209fe
[CHAIN] 16049a91aef209fe -> f45e4515007db788
[CHAIN] f45e4515007db788 -> 19ec8496061a1571
[CHAIN] 19ec8496061a1571 -> deddce23b56ef2d1
[CHAIN] deddce23b56ef2d1 -> d64c8fdc2b9a75b1
[CHAIN] d64c8fdc2b9a75b1 -> b82bb31f6672ab8f
[CHAIN] b82bb31f6672ab8f -> b6789903d1e2716d
[CHAIN] b6789903d1e2716d -> 1c178a1ca9ca52c9
[CHAIN] 1c178a1ca9ca52c9 -> 6bd509045932a6fd
[CHAIN] 6bd509045932a6fd -> dcedb1efff123c80
[CHAIN] dcedb1efff123c80 -> c8bf3ac038d1ab9f
[CHAIN] c8bf3ac038d1ab9f -> 51e7f63b7a858572
[CHAIN] 51e7f63b7a858572 -> 6929cbb247a18c3d
[CHAIN] 6929cbb247a18c3d -> 2d0293ef90d7b207
[CHAIN] 2d0293ef90d7b207 -> 81072e0a40587ec1
[CHAIN] 81072e0a40587ec1 -> 00c883a9bcebc23a
[CHAIN] 00c883a9bcebc23a -> 32a02f0028946ff1
[CHAIN] 32a02f0028946ff1 -> 93acd39f0536b158
[CHAIN] 93acd39f0536b158 -> fc93de22846bab6a
[CHAIN] fc93de22846bab6a -> ef8ca602dd53a7ef
[CHAIN] ef8ca602dd53a7ef -> d498a53769205fca
[CHAIN] d498a53769205fca -> e307231e67523eb8
[CHAIN] e307231e67523eb8 -> 3587e5f713829a7e
[CHAIN] 3587e5f713829a7e -> 6e4dc75be642aa36
[CHAIN] 6e4dc75be642aa36 -> 6730b7a6ffe06844
[CHAIN] 6730b7a6ffe06844 -> 8b88fa2c0654fe04
[CHAIN] 8b88fa2c0654fe04 -> c555de9e229be4bd
[CHAIN] c555de9e229be4bd -> 8f76267202382f83
[CHAIN] 8f76267202382f83 -> 17400845f146cb2b
[CHAIN] 17400845f146cb2b -> fe14cb34e52e3631
[CHAIN] fe14cb34e52e3631 -> 73d03846b75bca26
[CHAIN] 73d03846b75bca26 -> fd9db54d2baed125
[CHAIN] fd9db54d2baed125 -> 75fa6cfc01eb29f1
[CHAIN] 75fa6cfc01eb29f1 -> b4bc9838131679eb
[CHAIN] b4bc9838131679eb -> 5d046b80159b7313
[CHAIN] 5d046b80159b7313 -> 4cdd23dd0a0b7061
[CHAIN] 4cdd23dd0a0b7061 -> f3856376c221274e
[CHAIN] f3856376c221274e -> a875bf277795653b
[CHAIN] a875bf277795653b -> 9f2cfdbb15c451e3
[CHAIN] 9f2cfdbb15c451e3 -> 50b764cfdf6b1dbf
[CHAIN] 50b764cfdf6b1dbf -> 9a35dead12b63e4e
[CHAIN] 9a35dead12b63e4e -> 35ee5627e21b3039
[CHAIN] 35ee5627e21b3039 -> 0223a6f44639355b
[CHAIN] 0223a6f44639355b -> 12418aecf1490868
[CHAIN] 12418aecf1490868 -> fd26d95ba9f16621
[CHAIN] fd26d95ba9f16621 -> 3ca36a583b401f87
[CHAIN] 3ca36a583b401f87 -> bd29feb568281a48
[CHAIN] bd29feb568281a48 -> 651a3d46d17c037f
[CHAIN] 651a3d46d17c037f -> ce71f37998bc0105
[CHAIN] ce71f37998bc0105 -> c82267be1b00dbfa
[CHAIN] c82267be1b00dbfa -> 885a0225a2958437
[CHAIN] 885a0225a2958437 -> e46a5fd11338364f
[CHAIN] e46a5fd11338364f -> f6b408d1f6e8fed9
[CHAIN] f6b408d1f6e8fed9 -> 0553d44efeb74d23
[CHAIN] 0553d44efeb74d23 -> d9481071a2563f6e
[CHAIN] d9481071a2563f6e -> 9f516c277bc6d00c
[CHAIN] 9f516c277bc6d00c -> 57ca406520ecab6b
[CHAIN] 57ca406520ecab6b -> f0a22a2af5abb02f
[CHAIN] f0a22a2af5abb02f -> 522a6ed296c328b2
[CHAIN] 522a6ed296c328b2 -> 134df31ba65c8fe1
[CHAIN] 134df31ba65c8fe1 -> 18a6fb5a10e38f5f
[CHAIN] 18a6fb5a10e38f5f -> 6ba282ccdda7704a
[CHAIN] 6ba282ccdda7704a -> 9434caa928a4e636
[CHAIN] 9434caa928a4e636 -> 0b54738dbeb0835b
[CHAIN] 0b54738dbeb0835b -> c1a9bb63e9294904
[CHAIN] c1a9bb63e9294904 -> c434a2f61a610e94
[CHAIN] c434a2f61a610e94 -> f50b0da2d9bccff4
[CHAIN] f50b0da2d9bccff4 -> a752351d9f4629fa
[CHAIN] a752351d9f4629fa -> 276b941a8c12f84a
[CHAIN] 276b941a8c12f84a -> 40b3dc1fa4fe478c
[CHAIN] 40b3dc1fa4fe478c -> d48e0adb1985635f
[CHAIN] d48e0adb1985635f -> 0b9edd2e3f697fdd
[CHAIN] 0b9edd2e3f697fdd -> ba069872d1be782e
[CHAIN] ba069872d1be782e -> 351642a6b7dc9d9d
[CHAIN] 351642a6b7dc9d9d -> c023b22cda7a36dc
[CHAIN] c023b22cda7a36dc -> 615253c7c868526e
[CHAIN] 615253c7c868526e -> 7ba51561bbcce64f
[CHAIN] 7ba51561bbcce64f -> a7185410d29bc621
[CHAIN] a7185410d29bc621 -> 2ba4c7c53d84707e
[CHAIN] 2ba4c7c53d84707e -> 940831c6e23aa828
[CHAIN] 940831c6e23aa828 -> d3be6a11c38fefdc
[CHAIN] d3be6a11c38fefdc -> 9df0f90a9d74e10f
[CHAIN] 9df0f90a9d74e10f -> 11cbd353a568c6ff
[CHAIN] 11cbd353a568c6ff -> 72e3e5d18ffc7aee
[CHAIN] 72e3e5d18ffc7aee -> 83882ed4b8079a7c
[CHAIN] 83882ed4b8079a7c -> 02af452a120d31cf
[CHAIN] 02af452a120d31cf -> aed6e39172cdf460
[CHAIN] aed6e39172cdf460 -> 81684c105ee32862
[CHAIN] 81684c105ee32862 -> d201a5d2dd664857
[CHAIN] d201a5d2dd664857 -> bb1fc34a8df4e377
[CHAIN] bb1fc34a8df4e377 -> f5425dad4e28dfb0
[CHAIN] f5425dad4e28dfb0 -> 4d156870ba561e98
[CHAIN] 4d156870ba561e98 -> 3d827555211e4253
[CHAIN] 3d827555211e4253 -> c4ca7fa17b3874ea
[CHAIN] c4ca7fa17b3874ea -> 6e3e49b0ca4ef875
[CHAIN] 6e3e49b0ca4ef875 -> 8c05fdf282703af6
[CHAIN] 8c05fdf282703af6 -> 9ecbcbfb688d0574
[CHAIN] 9ecbcbfb688d0574 -> 71a90f8bedc8e917
[CHAIN] 71a90f8bedc8e917 -> 3edb984936b98669
[CHAIN] 3edb984936b98669 -> 01b00898911248fc
[CHAIN] 01b00898911248fc -> 9ea43d615ebdc9c1
[CHAIN] 9ea43d615ebdc9c1 -> d747ea686bd94062
[CHAIN] d747ea686bd94062 -> 9765ce48ee1e2147
[CHAIN] 9765ce48ee1e2147 -> 4110987414a5d407
[CHAIN] 4110987414a5d407 -> 31fef80c1eeba443
[CHAIN] 31fef80c1eeba443 -> d8c5709b750d89a4
[CHAIN] d8c5709b750d89a4 -> 0c8962b9df5287d7
[CHAIN] 0c8962b9df5287d7 -> 10ddd629da757880
[CHAIN] 10ddd629da757880 -> 21a3f53a9a7176bc
[CHAIN] 21a3f53a9a7176bc -> 20753f64a11e21f3
[CHAIN] 20753f64a11e21f3 -> 5cead9429680f370
[CHAIN] 5cead9429680f370 -> 9f08586e5abc8d52
[CHAIN] 9f08586e5abc8d52 -> e79fa472267f4739
[CHAIN] e79fa472267f4739 -> e001dc846d475391
[CHAIN] e001dc846d475391 -> 3bfdde25a0603ef2
[CHAIN] 3bfdde25a0603ef2 -> cad5d57b0edc3d77
[CHAIN] cad5d57b0edc3d77 -> 8e13c33b7c69b791
[CHAIN] 8e13c33b7c69b791 -> 804ba542fa524040
[CHAIN] 804ba542fa524040 -> 55906375697801cb
[CHAIN] 55906375697801cb -> 3d6a80c800b737c5
[CHAIN] 3d6a80c800b737c5 -> a579941f2d64d815
[CHAIN] a579941f2d64d815 -> 3dcadf3f485251c4
[CHAIN] 3dcadf3f485251c4 -> c24e2ddc14bbf2cc
[CHAIN] c24e2ddc14bbf2cc -> 2d287cf17b425e47
[CHAIN] 2d287cf17b425e47 -> e267b68c93c2be58
[CHAIN] e267b68c93c2be58 -> 9b4e424de17d2ed2
[CHAIN] 9b4e424de17d2ed2 -> 8d34e660a564abd3
[CHAIN] 8d34e660a564abd3 -> d08fef98e9b5097a
[CHAIN] d08fef98e9b5097a -> 07bb9276d974b35f
[CHAIN] 07bb9276d974b35f -> 9ee11274516d6325
[CHAIN] 9ee11274516d6325 -> 4942d951e6d32e1a
[CHAIN] 4942d951e6d32e1a -> 5b5b78e5d8fa44dd
[CHAIN] 5b5b78e5d8fa44dd -> 01d52bdb0bdabfe5
[CHAIN] 01d52bdb0bdabfe5 -> 3f1e794d73f307bf
[CHAIN] 3f1e794d73f307bf -> e867496015834e19
[CHAIN] e867496015834e19 -> a000a6ea0e771346
[CHAIN] a000a6ea0e771346 -> 804cf916655cab76
[CHAIN] 804cf916655cab76 -> 72eeaecae19c11d8
[CHAIN] 72eeaecae19c11d8 -> 67776cbb4db983f5
[CHAIN] 67776cbb4db983f5 -> c5bf2bce93349205
[CHAIN] c5bf2bce93349205 -> dd339ebce18ae783
[CHAIN] dd339ebce18ae783 -> ae8e3748d5f69375
[CHAIN] ae8e3748d5f69375 -> c631a7f2a626b6c5
[CHAIN] c631a7f2a626b6c5 -> 4c8e6e19e5b99c82
[CHAIN] 4c8e6e19e5b99c82 -> 5ef4bf9eba430177
[CHAIN] 5ef4bf9eba430177 -> 6ba6c5958e8f4592
[CHAIN] 6ba6c5958e8f4592 -> c0f3b894282163c7
[CHAIN] c0f3b894282163c7 -> 2bb2895bffdaaf88
[CHAIN] 2bb2895bffdaaf88 -> b5c42c90bcceb1e4
[CHAIN] b5c42c90bcceb1e4 -> 3208e669a59663f1
[CHAIN] 3208e669a59663f1 -> aece473412e64400
[CHAIN] aece473412e64400 -> 0360ea79ee27a0ff
[CHAIN] 0360ea79ee27a0ff -> 800a2a3d16e1556d
[CHAIN] 800a2a3d16e1556d -> 50d17f2df3ec6d8f
[CHAIN] 50d17f2df3ec6d8f -> 5ef2a6a2e72267dd
[CHAIN] 5ef2a6a2e72267dd -> cb59be54c6355321
[CHAIN] cb59be54c6355321 -> 6a2c059e789b51c2
[CHAIN] 6a2c059e789b51c2 -> ac1e03fd9be41393
[CHAIN] ac1e03fd9be41393 -> 9f3a8aa6d661e58d
[CHAIN] 9f3a8aa6d661e58d -> a3a16701c0a671a9
[CHAIN] a3a16701c0a671a9 -> c03514b601c5e13a
[CHAIN] c03514b601c5e13a -> 52894afb7fd10f54
[CHAIN] 52894afb7fd10f54 -> 5045e67f68316bc0
[CHAIN] 5045e67f68316bc0 -> a7e9658bfe62beb9
[CHAIN] a7e9658bfe62beb9 -> 41dfbcd8c9b30df4
[CHAIN] 41dfbcd8c9b30df4 -> b78d5612f98b235a
[CHAIN] b78d5612f98b235a -> 7e9b67df25b62d8a
[CHAIN] 7e9b67df25b62d8a -> 3cb1768ca861b988
[CHAIN] 3cb1768ca861b988 -> 547978ec2821f2c7
[CHAIN] 547978ec2821f2c7 -> 0f1bc388dcee1840
[CHAIN] 0f1bc388dcee1840 -> 1e9f617c3ca65f8f
[CHAIN] 1e9f617c3ca65f8f -> 31a17316dde97c6e
[CHAIN] 31a17316dde97c6e -> e2a820ef7589f08e
[CHAIN] e2a820ef7589f08e -> b5b54910dbca1b47
[CHAIN] b5b54910dbca1b47 -> abbde8ab099f133a
[CHAIN] abbde8ab099f133a -> 6c23a890faaa86ed
[CHAIN] 6c23a890faaa86ed -> 6aa96a7e2bad55fd
[CHAIN] 6aa96a7e2bad55fd -> 98e342526bbe5467
[CHAIN] 98e342526bbe5467 -> c04fa171afe1059e
[CHAIN] c04fa171afe1059e -> c5761b8ac67a001a
[CHAIN] c5761b8ac67a001a -> 5edc6f7c7ed5eee2
[CHAIN] 5edc6f7c7ed5eee2 -> 333c16637bd625d4
[CHAIN] 333c16637bd625d4 -> bf0af02a8e13dd61
[CHAIN] bf0af02a8e13dd61 -> 2790f9f2eafed583
[CHAIN] 2790f9f2eafed583 -> 9a2cd4e975c915a5
[CHAIN] 9a2cd4e975c915a5 -> 4a982c5c21dc51fd
[CHAIN] 4a982c5c21dc51fd -> 2c935f1674496579
[CHAIN] 2c935f1674496579 -> 5581fdd1b6d57fb6
[CHAIN] 5581fdd1b6d57fb6 -> 2252805909a2d814
[CHAIN] 2252805909a2d814 -> 8df9d875b8506209
[CHAIN] 8df9d875b8506209 -> dd3b421158b6670b
[CHAIN] dd3b421158b6670b -> 89cb0d1575462076
[CHAIN] 89cb0d1575462076 -> 257159e06166219c
[CHAIN] 257159e06166219c -> deb124b1c1f9370f
[CHAIN] deb124b1c1f9370f -> d0e63607576f70f2
[CHAIN] d0e63607576f70f2 -> 63f13aec99262c53
[CHAIN] 63f13aec99262c53 -> cff625b8b4fee93d
[CHAIN] cff625b8b4fee93d -> a7fc7bd451130483
[CHAIN] a7fc7bd451130483 -> 3ffb10ff156988b8
[CHAIN] 3ffb10ff156988b8 -> 3bd878f2d69fd8a0
[CHAIN] 3bd878f2d69fd8a0 -> e2074c314452eb42
[CHAIN] e2074c314452eb42 -> fca9edc47d77710a
[CHAIN] fca9edc47d77710a -> da891f3fcc8c600f
[CHAIN] da891f3fcc8c600f -> 9e86afe5910bcddc
[CHAIN] 9e86afe5910bcddc -> 0143826661aa6c8d
[CHAIN] 0143826661aa6c8d -> 10c57d55b12ba05a
[CHAIN] 10c57d55b12ba05a -> 241f824aa5671246
[CHAIN] 241f824aa5671246 -> e3a8921913d8b621
[CHAIN] e3a8921913d8b621 -> 74b30da4ed42486f
[CHAIN] 74b30da4ed42486f -> 02a03033cb4e6dd0
[CHAIN] 02a03033cb4e6dd0 -> 4016e931d0aef5b2
[CHAIN] 4016e931d0aef5b2 -> d22d26354d0d5c75
[CHAIN] d22d26354d0d5c75 -> e4c36e1782db09c6
[CHAIN] e4c36e1782db09c6 -> 205f32bdd28d4755
[CHAIN] 205f32bdd28d4755 -> 6651ae33a15a336a
[CHAIN] 6651ae33a15a336a -> 1b4a4205b0e75ef4
[CHAIN] 1b4a4205b0e75ef4 -> 65d51f02f4ca370c
[CHAIN] 65d51f02f4ca370c -> 5b69bb4015ad39f7
[CHAIN] 5b69bb4015ad39f7 -> c00025e124bb40ea
[CHAIN] c00025e124bb40ea -> 567888db949d69b8
[CHAIN] 567888db949d69b8 -> a24de145f2efc256
[CHAIN] a24de145f2efc256 -> 1b429a9127f17621
[CHAIN] 1b429a9127f17621 -> f7103c7ce2c1af3e
[CHAIN] f7103c7ce2c1af3e -> 5fcdeea2979af176
[CHAIN] 5fcdeea2979af176 -> f2b36ac0aff19dba
[CHAIN] f2b36ac0aff19dba -> 6338e7c7c7a1b602
[CHAIN] 6338e7c7c7a1b602 -> 1ea923ac84e9a2ef
[CHAIN] 1ea923ac84e9a2ef -> 150ee734395a6c5c
[CHAIN] 150ee734395a6c5c -> 3950ffc61b539f64
[CHAIN] 3950ffc61b539f64 -> 66b6a7a52a37ad1d
[CHAIN] 66b6a7a52a37ad1d -> f22d6f810f625fbe
[CHAIN] f22d6f810f625fbe -> 206d440d000b3410
[CHAIN] 206d440d000b3410 -> 96afdcce517950c9
[CHAIN] 96afdcce517950c9 -> 7e7429c2842f5ada
[CHAIN] 7e7429c2842f5ada -> c2cb53ed68ed7788
[CHAIN] c2cb53ed68ed7788 -> 35a03af14f2ad620
[CHAIN] 35a03af14f2ad620 -> 6107c10dd30e5f56
[CHAIN] 6107c10dd30e5f56 -> 97ea1ed105b8ff0f
[CHAIN] 97ea1ed105b8ff0f -> e22f7980c42ed1e9
[CHAIN] e22f7980c42ed1e9 -> 722f5e472ed4005d
[CHAIN] 722f5e472ed4005d -> c94af897248d7605
[CHAIN] c94af897248d7605 -> 12f1ed3507399dff
[CHAIN] 12f1ed3507399dff -> d34a8b15682d85dc
[CHAIN] d34a8b15682d85dc -> f1b3b9fc98e5c6f6
[CHAIN] f1b3b9fc98e5c6f6 -> 3f2dfd077e4aa761
[CHAIN] 3f2dfd077e4aa761 -> cf7f9b6cd1230305
[CHAIN] cf7f9b6cd1230305 -> 7e2980830f010bdc
[CHAIN] 7e2980830f010bdc -> 7315558b5edb0dc6
[CHAIN] 7315558b5edb0dc6 -> 2748dee628dcaf51
[CHAIN] 2748dee628dcaf51 -> ec225591e9892b91
[CHAIN] ec225591e9892b91 -> 4191fce06b3818df
[CHAIN] 4191fce06b3818df -> d8943f5eeb11e0ff
[CHAIN] d8943f5eeb11e0ff -> c86ccd06a991fe89
[CHAIN] c86ccd06a991fe89 -> fcc1455a440eedb9
[CHAIN] fcc1455a440eedb9 -> 5ebbecbb798a686f
[CHAIN] 5ebbecbb798a686f -> ca026bb218f511ce
[CHAIN] ca026bb218f511ce -> aa9faf23eca906a4
[CHAIN] aa9faf23eca906a4 -> 7986b1d91425d659
[CHAIN] 7986b1d91425d659 -> 8ad36c76bb4734c2
[CHAIN] 8ad36c76bb4734c2 -> 933593b2cabf1354
[CHAIN] 933593b2cabf1354 -> 25e5499dd8b8108f
[CHAIN] 25e5499dd8b8108f -> 04a90a8184dcbeb8
[CHAIN] 04a90a8184dcbeb8 -> 6e411897f1c78ae5
[CHAIN] 6e411897f1c78ae5 -> cf78af6fe05bde52
[CHAIN] cf78af6fe05bde52 -> 0244d983f53895eb
[CHAIN] 0244d983f53895eb -> b1f69385d52dfb8f
[CHAIN] b1f69385d52dfb8f -> 24a8da34ead63439
[CHAIN] 24a8da34ead63439 -> 2079fe9cfafc8c33
[CHAIN] 2079fe9cfafc8c33 -> b9b877a9b08f5c45
[CHAIN] b9b877a9b08f5c45 -> 3e83d5ef17488a4e
[CHAIN] 3e83d5ef17488a4e -> 670d354ec9720e49
[CHAIN] 670d354ec9720e49 -> ab2d4c22840ec4fe
[CHAIN] ab2d4c22840ec4fe -> 3782dc8c45cbdaf5
[CHAIN] 3782dc8c45cbdaf5 -> 598eb4ac1a7877e4
[CHAIN] 598eb4ac1a7877e4 -> 057af7a00a8a4adb
[CHAIN] 057af7a00a8a4adb -> 54de0084479237b5
[CHAIN] 54de0084479237b5 -> 924486256ff7c0b3
[CHAIN] 924486256ff7c0b3 -> dbb27ebfef4cc3de
[CHAIN] dbb27ebfef4cc3de -> 2402704d417a2233
[CHAIN] 2402704d417a2233 -> c876e2bbab8c7a79
[CHAIN] c876e2bbab8c7a79 -> 0767567275ce8270
[CHAIN] 0767567275ce8270 -> 515ba3458c5e06e0
[CHAIN] 515ba3458c5e06e0 -> bf3a92e8d2a52586
[CHAIN] bf3a92e8d2a52586 -> a99601b7b33a6615
[CHAIN] a99601b7b33a6615 -> 02911d2b00cbc056
[CHAIN] 02911d2b00cbc056 -> 731d5d18672c15f8
[CHAIN] 731d5d18672c15f8 -> ca198b5fa2faf66f
[CHAIN] ca198b5fa2faf66f -> 228c20661deee175
[CHAIN] 228c20661deee175 -> 807752243d8419c2
[CHAIN] 807752243d8419c2 -> 6fa8553b9710c110
[CHAIN] 6fa8553b9710c110 -> 3f83f0ec4ddd909f
[CHAIN] 3f83f0ec4ddd909f -> f4fd740597c2dc89
[CHAIN] f4fd740597c2dc89 -> ed3788f1d7e05937
[CHAIN] ed3788f1d7e05937 -> 097bfe91bbb86d30
[CHAIN] 097bfe91bbb86d30 -> b7eefb4586dcf9cf
[CHAIN] b7eefb4586dcf9cf -> fedb753455a36da3
[CHAIN] fedb753455a36da3 -> 4349ff300c4b6f0d
[CHAIN] 4349ff300c4b6f0d -> 27ceb6be77344aef
[CHAIN] 27ceb6be77344aef -> a025e8ed2fed0229
[CHAIN] a025e8ed2fed0229 -> 733792f255c898dc
[CHAIN] 733792f255c898dc -> 3b6c54fd1237e2a7
[CHAIN] 3b6c54fd1237e2a7 -> e3b486981189cefb
[CHAIN] e3b486981189cefb -> 556386695bf7cfc6
[CHAIN] 556386695bf7cfc6 -> c66028083c07f7d5
[CHAIN] c66028083c07f7d5 -> 15a52856219aa73b
[CHAIN] 15a52856219aa73b -> a4cb88544851a8a6
[CHAIN] a4cb88544851a8a6 -> 66eeb1c4c51eaca8
[CHAIN] 66eeb1c4c51eaca8 -> 63ca29861e9f4f1e
[CHAIN] 63ca29861e9f4f1e -> f47955ed370f0704
[CHAIN] f47955ed370f0704 -> dcde37b44d785366
[CHAIN] dcde37b44d785366 -> d3e2007f69ebbdfc
[CHAIN] d3e2007f69ebbdfc -> 7e82ac2b4955a361
[CHAIN] 7e82ac2b4955a361 -> 0cf64e5a4df65591
[CHAIN] 0cf64e5a4df65591 -> 6b341726f68e9da8
[CHAIN] 6b341726f68e9da8 -> 723e47261d7f2e85
[CHAIN] 723e47261d7f2e85 -> a0a8b4f2177bc8d3
[CHAIN] a0a8b4f2177bc8d3 -> 1f9b6f79bdab8b1d
[CHAIN] 1f9b6f79bdab8b1d -> b4757447e95683a8
[CHAIN] b4757447e95683a8 -> 1ebf70eec4844fd9
[CHAIN] 1ebf70eec4844fd9 -> 377d5b1851fc6589
[CHAIN] 377d5b1851fc6589 -> b21e1ad34cc42295
[CHAIN] b21e1ad34cc42295 -> 9ca9facb7f48b6e6
[CHAIN] 9ca9facb7f48b6e6 -> 8b51328bf3e07ded
[CHAIN] 8b51328bf3e07ded -> 23e62685c697176f
[CHAIN] 23e62685c697176f -> f2fb18f493844aac
[CHAIN] f2fb18f493844aac -> 0ad4308a28fccaba
[CHAIN] 0ad4308a28fccaba -> c1bc77ff96f5b9d7
[CHAIN] c1bc77ff96f5b9d7 -> fecce4ad58873634
[CHAIN] fecce4ad58873634 -> cc68ca0ba7fccb58
[CHAIN] cc68ca0ba7fccb58 -> 5bf1ce93b90305da
[CHAIN] 5bf1ce93b90305da -> 8e5de81dcf1de9bc
[CHAIN] 8e5de81dcf1de9bc -> 978f912b3948a7f1
[CHAIN] 978f912b3948a7f1 -> ef047e62452885d7
[CHAIN] ef047e62452885d7 -> 3dec4037528b4b6e
[CHAIN] 3dec4037528b4b6e -> 87fbed5ef8facae0
[CHAIN] 87fbed5ef8facae0 -> a75204a76a4695ec
[CHAIN] a75204a76a4695ec -> 35d8f386451e56c3
[CHAIN] 35d8f386451e56c3 -> c8b799a61b565c50
[CHAIN] c8b799a61b565c50 -> 4e27f0c9376fb189
[CHAIN] 4e27f0c9376fb189 -> 11af51ccf4bbfd6d
[CHAIN] 11af51ccf4bbfd6d -> 85fc943eeddd0b43
[CHAIN] 85fc943eeddd0b43 -> b7f162d27eaa1d76
[CHAIN] b7f162d27eaa1d76 -> ee7695b8b1552776
[CHAIN] ee7695b8b1552776 -> 176c0291e058a068
[CHAIN] 176c0291e058a068 -> 7347704249193d27
[CHAIN] 7347704249193d27 -> dcdd976536a77ed4
[CHAIN] dcdd976536a77ed4 -> 57e17e815a88dcec
[CHAIN] 57e17e815a88dcec -> 479a9fe051196628
[CHAIN] 479a9fe051196628 -> f7d9f7d7df7e3504
[CHAIN] f7d9f7d7df7e3504 -> ae0717995ff0ca94
[CHAIN] ae0717995ff0ca94 -> 2fb20d0ab3f1df90
[CHAIN] 2fb20d0ab3f1df90 -> 3c44a07c9adadca0
[CHAIN] 3c44a07c9adadca0 -> 7bfd43735dac3f78
[CHAIN] 7bfd43735dac3f78 -> 42377aac0a033baa
[CHAIN] 42377aac0a033baa -> 11e5a9039d7a73b0
[CHAIN] 11e5a9039d7a73b0 -> 2e28cd1b035dda55
[CHAIN] 2e28cd1b035dda55 -> 06975cbe9de9cc6c
[CHAIN] 06975cbe9de9cc6c -> 3b9ed5a0a242f2fa
[CHAIN] 3b9ed5a0a242f2fa -> cc639302fe9b7cad
[CHAIN] cc639302fe9b7cad -> 880298a6a6184d4d
[CHAIN] 880298a6a6184d4d -> 0ef2ad7ecf41a63b
[CHAIN] 0ef2ad7ecf41a63b -> e6c4c655552a3d65
[CHAIN] e6c4c655552a3d65 -> d21b9b186da1d9a6
[CHAIN] d21b9b186da1d9a6 -> ec7ffad23153eca2
[CHAIN] ec7ffad23153eca2 -> 2f6943e9858b85b8
[CHAIN] 2f6943e9858b85b8 -> c873ede35373c35c
[CHAIN] c873ede35373c35c -> 6376574035f20861
[CHAIN] 6376574035f20861 -> 0eea137fcb624602
[CHAIN] 0eea137fcb624602 -> 8f6a9b152b5ec50e
[CHAIN] 8f6a9b152b5ec50e -> eabcd06aff47e453
[CHAIN] eabcd06aff47e453 -> b92d05dbb6442ed5
[CHAIN] b92d05dbb6442ed5 -> 3915a27d4dafaac7
[CHAIN] 3915a27d4dafaac7 -> 1ef9c79016bf3071
[CHAIN] 1ef9c79016bf3071 -> b5af683f03559bed
[CHAIN] b5af683f03559bed -> 6daf5f46fb6b231f
[CHAIN] 6daf5f46fb6b231f -> 9abab41214b0bcd2
[CHAIN] 9abab41214b0bcd2 -> d1a40af66f613e2c
[CHAIN] d1a40af66f613e2c -> 2abe47125b5eac8f
[CHAIN] 2abe47125b5eac8f -> 7fbb5bc1414bd18c
[CHAIN] 7fbb5bc1414bd18c -> 363065d2c3c8ea35
[CHAIN] 363065d2c3c8ea35 -> 060cb2c96270fddb
[CHAIN] 060cb2c96270fddb -> f9a195e23acd5bb8
[CHAIN] f9a195e23acd5bb8 -> c4f79e8d5e43760a
[CHAIN] c4f79e8d5e43760a -> 06dc72ee19ed5107
[CHAIN] 06dc72ee19ed5107 -> cfc858291528dabe
[CHAIN] cfc858291528dabe -> 7893e7f441ed7ba5
[CHAIN] 7893e7f441ed7ba5 -> 6f1b2668db1f8c8a
[CHAIN] 6f1b2668db1f8c8a -> 2aca654b0a4ababf
[CHAIN] 2aca654b0a4ababf -> 86b9e1e837640f2d
[CHAIN] 86b9e1e837640f2d -> 227c3f92cdd13b8f
[CHAIN] 227c3f92cdd13b8f -> 2b46a8b70fbe66a9
[CHAIN] 2b46a8b70fbe66a9 -> 2166907bd8833c13
[CHAIN] 2166907bd8833c13 -> b367652dce4c6d85
[CHAIN] b367652dce4c6d85 -> ac53a3632e22b9da
[CHAIN] ac53a3632e22b9da -> 4b2c795ca4eee716
[CHAIN] 4b2c795ca4eee716 -> f761e2abbd27e07c
[CHAIN] f761e2abbd27e07c -> 51bf7cb072428112
[CHAIN] 51bf7cb072428112 -> 4c03d1e6cf32867c
[CHAIN] 4c03d1e6cf32867c -> 8b3c7a380c21ad64
[CHAIN] 8b3c7a380c21ad64 -> 10e0aea09db46cd6
[CHAIN] 10e0aea09db46cd6 -> fa1cf515769e9cc3
[CHAIN] fa1cf515769e9cc3 -> 150ba756dd5d31fb
[CHAIN] 150ba756dd5d31fb -> 898379e3ccc5ed70
[CHAIN] 898379e3ccc5ed70 -> b165332cafa89c2f
[CHAIN] b165332cafa89c2f -> c3e7a45f930f4793
[CHAIN] c3e7a45f930f4793 -> e0a762feb97c3ee1
[CHAIN] e0a762feb97c3ee1 -> 5963c046a67d1787
[CHAIN] 5963c046a67d1787 -> 8f67e72ed8e67199
[CHAIN] 8f67e72ed8e67199 -> c013beae021f0207
[CHAIN] c013beae021f0207 -> 6334c14945897b6d
[CHAIN] 6334c14945897b6d -> 4cda4ad950b8ca31
[CHAIN] 4cda4ad950b8ca31 -> 93bdb82aa733f87e
[CHAIN] 93bdb82aa733f87e -> d08f8ce36bbec673
[CHAIN] d08f8ce36bbec673 -> 7de02034a6326d55
[CHAIN] 7de02034a6326d55 -> 01d38b86f386bbba
[CHAIN] 01d38b86f386bbba -> 3685bcd4685b17e7
[CHAIN] 3685bcd4685b17e7 -> dc34801ea934ea54
[CHAIN] dc34801ea934ea54 -> 11e6fd644393ed6c
[CHAIN] 11e6fd644393ed6c -> 98efc524e98e9854
[CHAIN] 98efc524e98e9854 -> f3758fd8dc0490ec
[CHAIN] f3758fd8dc0490ec -> 2736648b13315161
[CHAIN] 2736648b13315161 -> 43c8b6aab8df3870
[CHAIN] 43c8b6aab8df3870 -> ca581c269ca80d36
[CHAIN] ca581c269ca80d36 -> bc8fb37573dba84f
[CHAIN] bc8fb37573dba84f -> e787b2d43155915a
[CHAIN] e787b2d43155915a -> 336cf9b70a676760
[CHAIN] 336cf9b70a676760 -> f869d47a2e8dbe70
[CHAIN] f869d47a2e8dbe70 -> dca6aab24675012d
[CHAIN] dca6aab24675012d -> c2c24a7b7fc37162
[CHAIN] c2c24a7b7fc37162 -> 789c97bc1065429d
[CHAIN] 789c97bc1065429d -> 913fd6040fe67987
[CHAIN] 913fd6040fe67987 -> 809973dece0f6fd1
[CHAIN] 809973dece0f6fd1 -> fd8e90c60a25f376
[CHAIN] fd8e90c60a25f376 -> 1ad3e3ddfbf46d2b
[CHAIN] 1ad3e3ddfbf46d2b -> 6ccbe56fcc9b96ad
[CHAIN] 6ccbe56fcc9b96ad -> 203ce43409995610
[CHAIN] 203ce43409995610 -> c27a7292cabde47f
[CHAIN] c27a7292cabde47f -> 99d9f874b1ad4400
[CHAIN] 99d9f874b1ad4400 -> 8d92cb2b1d55084e
[CHAIN] 8d92cb2b1d55084e -> b826e4f00c7fa0e0
[CHAIN] b826e4f00c7fa0e0 -> d2797a18b722311d
[CHAIN] d2797a18b722311d -> f05e3164b45cfde1
[CHAIN] f05e3164b45cfde1 -> 9b4a562efe30e6bf
[CHAIN] 9b4a562efe30e6bf -> 473cf2a2309e48fc
[CHAIN] 473cf2a2309e48fc -> e0e4fcdd2b0e465e
[CHAIN] e0e4fcdd2b0e465e -> 098af2a1c02cf13c
[CHAIN] 098af2a1c02cf13c -> a684a4cd963bf112
[CHAIN] a684a4cd963bf112 -> 01dacb3c065a8a5e
[CHAIN] 01dacb3c065a8a5e -> 3c3046ee15512dbe
[CHAIN] 3c3046ee15512dbe -> 7e2320915a5b4f24
[CHAIN] 7e2320915a5b4f24 -> 7364773a751ac074
[CHAIN] 7364773a751ac074 -> ba7f4e16228ac58e
[CHAIN] ba7f4e16228ac58e -> 285b97d687b70f68
[CHAIN] 285b97d687b70f68 -> ded89ae5a875afdc
[CHAIN] ded89ae5a875afdc -> df140ab2fc81c18d
[CHAIN] df140ab2fc81c18d -> a6c8e7f8e89c7218
[CHAIN] a6c8e7f8e89c7218 -> 58b5a7753da3a8fb
[CHAIN] 58b5a7753da3a8fb -> 520b7fb5ab021de4
[CHAIN] 520b7fb5ab021de4 -> f8879447bedf3beb
[CHAIN] f8879447bedf3beb -> eb51a9119f9f58d5
[CHAIN] eb51a9119f9f58d5 -> affec4b4dfc0526d
[CHAIN] affec4b4dfc0526d -> ba5f423c7912e254
[CHAIN] ba5f423c7912e254 -> c7b469d2a1ff3e7e
[CHAIN] c7b469d2a1ff3e7e -> f6d4436d1aa4d906
[CHAIN] f6d4436d1aa4d906 -> 3eeb3b52513408f3
[CHAIN] 3eeb3b52513408f3 -> 5ea68c29051e93ad
[CHAIN] 5ea68c29051e93ad -> 408407b56f138040
[CHAIN] 408407b56f138040 -> 8d2aecef3e5c1540
[CHAIN] 8d2aecef3e5c1540 -> 5d2319bccecfdf6b
[CHAIN] 5d2319bccecfdf6b -> 272c026700f44895
[CHAIN] 272c026700f44895 -> 4ba7873476d7c03b
[CHAIN] 4ba7873476d7c03b -> 35dd6d485280f72c
[CHAIN] 35dd6d485280f72c -> 0cab659ed8e1dacb
[CHAIN] 0cab659ed8e1dacb -> 9c26062db10d77f9
[CHAIN] 9c26062db10d77f9 -> 9b26d79240c0895d
[CHAIN] 9b26d79240c0895d -> c403400961d08e73
[CHAIN] c403400961d08e73 -> 9cca034c9e3c03cb
[CHAIN] 9cca034c9e3c03cb -> bf581879d6911ee7
[CHAIN] bf581879d6911ee7 -> 96d373a59f624c17
[CHAIN] 96d373a59f624c17 -> a78eca90a4a2dc9f
[CHAIN] a78eca90a4a2dc9f -> adab73ca28acd608
[CHAIN] adab73ca28acd608 -> 229ed2a345b9a909
[CHAIN] 229ed2a345b9a909 -> 39468b4cdf54d9d8
[CHAIN] 39468b4cdf54d9d8 -> a5cff3d3b4bd1941
[CHAIN] a5cff3d3b4bd1941 -> d2627ae29523921a
[CHAIN] d2627ae29523921a -> 2e75a41bc9f0f04b
[CHAIN] 2e75a41bc9f0f04b -> f4b99ed6a9373982
[CHAIN] f4b99ed6a9373982 -> f5a0d6bf9480aa99
[CHAIN] f5a0d6bf9480aa99 -> 0b86775affa790ed
[CHAIN] 0b86775affa790ed -> 1c107ac0e1ab36ec
[CHAIN] 1c107ac0e1ab36ec -> 86fac7d490618dbb
[CHAIN] 86fac7d490618dbb -> a88c1062bbd8cd17
[CHAIN] a88c1062bbd8cd17 -> baed85130ca32ee9
[CHAIN] baed85130ca32ee9 -> 8ff57b74eddfbfcb
[CHAIN] 8ff57b74eddfbfcb -> 2a310083ce907a59
[CHAIN] 2a310083ce907a59 -> 1b7d870766842f62
[CHAIN] 1b7d870766842f62 -> 4e4b754297879d8f
[CHAIN] 4e4b754297879d8f -> 98df47b86102f99a
[CHAIN] 98df47b86102f99a -> 89d98ff59d0d420d
[CHAIN] 89d98ff59d0d420d -> 00ca968777311ff9
[CHAIN] 00ca968777311ff9 -> 98a0c1738f5dde68
[CHAIN] 98a0c1738f5dde68 -> ad96ff150c665983
[CHAIN] ad96ff150c665983 -> b63ae79dbc12b87e
[CHAIN] b63ae79dbc12b87e -> c61afa51b7fa581d
[CHAIN] c61afa51b7fa581d -> 7351d0c755281eb8
[CHAIN] 7351d0c755281eb8 -> 73b3945f87806f1f
[CHAIN] 73b3945f87806f1f -> 2d9ccd6bc5bcb8ab
[CHAIN] 2d9ccd6bc5bcb8ab -> 45707db0823e49d2
[CHAIN] 45707db0823e49d2 -> a8dc38a79850c6c4
[CHAIN] a8dc38a79850c6c4 -> bf2d7bc7567b44ee
[CHAIN] bf2d7bc7567b44ee -> 7a023c2ae1fe317b
[CHAIN] 7a023c2ae1fe317b -> 6cccb65b3d131df1
[CHAIN] 6cccb65b3d131df1 -> 31521cadf005bd1b
[CHAIN] 31521cadf005bd1b -> f6f5f012261658d8
[CHAIN] f6f5f012261658d8 -> 0da75fbbdaee20a6
[CHAIN] 0da75fbbdaee20a6 -> f6b19bd7cab7c85f
[CHAIN] f6b19bd7cab7c85f -> 52c362d09f6649c0
[CHAIN] 52c362d09f6649c0 -> 0faa350cc840a25e
[CHAIN] 0faa350cc840a25e -> 9ad7fe914af52a79
[CHAIN] 9ad7fe914af52a79 -> db878a73d2bc3082
[CHAIN] db878a73d2bc3082 -> 6aa5416ace05707e
[CHAIN] 6aa5416ace05707e -> 4f6b196cec69a771
[CHAIN] 4f6b196cec69a771 -> 2d4dada27f5ed50d
[CHAIN] 2d4dada27f5ed50d -> 02e701d4c85bfdde
[CHAIN] 02e701d4c85bfdde -> dd72840687597845
[CHAIN] dd72840687597845 -> 6a645734ac0d22d4
[CHAIN] 6a645734ac0d22d4 -> 389e74f06e8a71d5
[CHAIN] 389e74f06e8a71d5 -> 3c2bf342ac34b000
[CHAIN] 3c2bf342ac34b000 -> 1b406e2e667a75c8
[CHAIN] 1b406e2e667a75c8 -> 94b5563253892e97
[CHAIN] 94b5563253892e97 -> 97e42642dc33e9be
[CHAIN] 97e42642dc33e9be -> 27fe3fed26cd9b6e
[CHAIN] 27fe3fed26cd9b6e -> a3dbda1e25c5ed35
[CHAIN] a3dbda1e25c5ed35 -> 2203baba5f8b05a7
[CHAIN] 2203baba5f8b05a7 -> 1998337f9eea68e9
[CHAIN] 1998337f9eea68e9 -> 579e8b41162496e8
[CHAIN] 579e8b41162496e8 -> 3231f29eebb97273
[CHAIN] 3231f29eebb97273 -> a1432fb8056142e7
[CHAIN] a1432fb8056142e7 -> a803fcfd1a2ef234
[CHAIN] a803fcfd1a2ef234 -> 2540d7c80b61b9cb
[CHAIN] 2540d7c80b61b9cb -> bbc5b3ed850c1471
[CHAIN] bbc5b3ed850c1471 -> ea3a118f541845e3
[CHAIN] ea3a118f541845e3 -> 940fe6f56c44330f
[CHAIN] 940fe6f56c44330f -> 0b3d9065401760ae
[CHAIN] 0b3d9065401760ae -> d7a6c95d97fb432d
[CHAIN] d7a6c95d97fb432d -> cea1f6863a86a292
[CHAIN] cea1f6863a86a292 -> 454ebe031b6aaa5a
[CHAIN] 454ebe031b6aaa5a -> e3aa8a2fa07d3ca7
[CHAIN] e3aa8a2fa07d3ca7 -> e4584d31323d4876
[CHAIN] e4584d31323d4876 -> 28de6ec6080cae86
[CHAIN] 28de6ec6080cae86 -> 218baa96f61cc51f
[CHAIN] 218baa96f61cc51f -> bed58b56093008dd
[CHAIN] bed58b56093008dd -> 8e59a17ef7a6f3c9
[CHAIN] 8e59a17ef7a6f3c9 -> 1408d533bcb37ed6
[CHAIN] 1408d533bcb37ed6 -> d235c1911ded1a42
[CHAIN] d235c1911ded1a42 -> f1e2dbf57c5cc546
[CHAIN] f1e2dbf57c5cc546 -> 2222b3bd51f9ad13
[CHAIN] 2222b3bd51f9ad13 -> 3a1e4ec94cba7c64
[CHAIN] 3a1e4ec94cba7c64 -> 71787a08bdd8628e
[CHAIN] 71787a08bdd8628e -> fd5a433389973ff8
[CHAIN] fd5a433389973ff8 -> 3f8a10255fcc734e
[CHAIN] 3f8a10255fcc734e -> 13d0b9f9ab1c7bac
[CHAIN] 13d0b9f9ab1c7bac -> 7c785b2ba9542e99
[CHAIN] 7c785b2ba9542e99 -> 7726850e71c477d0
[CHAIN] 7726850e71c477d0 -> c08892b3dff8e37d
[CHAIN] c08892b3dff8e37d -> e7af53126485f7fb
[CHAIN] e7af53126485f7fb -> 9e905690ca7dee50
[CHAIN] 9e905690ca7dee50 -> 8c6895904735f281
[CHAIN] 8c6895904735f281 -> 5b84b15f13948f51
[CHAIN] 5b84b15f13948f51 -> ca575f426fea02b6
[CHAIN] ca575f426fea02b6 -> 8f7a1fcb78359673
[CHAIN] 8f7a1fcb78359673 -> 0c3a403540441fc8
[CHAIN] 0c3a403540441fc8 -> b214f5229d423f2b
[CHAIN] b214f5229d423f2b -> 52fa7c9cd63e5970
[CHAIN] 52fa7c9cd63e5970 -> 8a085b80b9b8d5f2
[CHAIN] 8a085b80b9b8d5f2 -> 8850b70690505009
[CHAIN] 8850b70690505009 -> b155ad25dfb658d4
[CHAIN] b155ad25dfb658d4 -> d2195571a1a71114
[CHAIN] d2195571a1a71114 -> 317900c76ca569a4
[CHAIN] 317900c76ca569a4 -> 377fbc1c54c7f436
[CHAIN] 377fbc1c54c7f436 -> 42cea2ca58774b68
[CHAIN] 42cea2ca58774b68 -> e9b340ebdf935906
[CHAIN] e9b340ebdf935906 -> 7d4e62c61623a7b9
[CHAIN] 7d4e62c61623a7b9 -> c228a88a9a5b0473
[CHAIN] c228a88a9a5b0473 -> 5eb3e7b1ab62b4ce
[CHAIN] 5eb3e7b1ab62b4ce -> 064b26e41e4c60fb
[CHAIN] 064b26e41e4c60fb -> c63be20e8587e107
[CHAIN] c63be20e8587e107 -> e940ec27bb5859a5
[CHAIN] e940ec27bb5859a5 -> 2d86b565b0bde9ec
[CHAIN] 2d86b565b0bde9ec -> 04b37b01bfcf7a05
[CHAIN] 04b37b01bfcf7a05 -> d4880e93bb59eed2
[CHAIN] d4880e93bb59eed2 -> 37e2e279fc183e4f
[CHAIN] 37e2e279fc183e4f -> df672f288f85c594
[CHAIN] df672f288f85c594 -> 1fafc611b29b0a93
[CHAIN] 1fafc611b29b0a93 -> 06f16ab2e679997b
[CHAIN] 06f16ab2e679997b -> 954042d11d5b496e
[CHAIN] 954042d11d5b496e -> 53e0cbb9177f100d
[CHAIN] 53e0cbb9177f100d -> 8f16a7855dd061ae
[CHAIN] 8f16a7855dd061ae -> df44122a3c259371
[CHAIN] df44122a3c259371 -> d61d3605145bf8f7
[CHAIN] d61d3605145bf8f7 -> 37b6e6af366798d5
[CHAIN] 37b6e6af366798d5 -> db3ed3b598135dcd
[CHAIN] db3ed3b598135dcd -> 175a85ab6e1a913c
[CHAIN] 175a85ab6e1a913c -> d806d2606d52c09d
[CHAIN] d806d2606d52c09d -> b2b0a6a4999b2d82
[CHAIN] b2b0a6a4999b2d82 -> 72dbab80145617dc
[CHAIN] 72dbab80145617dc -> f202c5453f2b7d4a
[CHAIN] f202c5453f2b7d4a -> 93371577267243f5
[CHAIN] 93371577267243f5 -> 0650e8eda97468c1
[CHAIN] 0650e8eda97468c1 -> 365e084f3f4e84b0
[CHAIN] 365e084f3f4e84b0 -> ca13be2332324e8a
[CHAIN] ca13be2332324e8a -> 514f64e7d41ac52d
[CHAIN] 514f64e7d41ac52d -> 686069a8a462eab1
[CHAIN] 686069a8a462eab1 -> 62a0ef4ac7c45bb1
[CHAIN] 62a0ef4ac7c45bb1 -> 77836e95d529e4c9
[CHAIN] 77836e95d529e4c9 -> b7607275b18e0eee
[CHAIN] b7607275b18e0eee -> ea7d8468d09b5da8
[CHAIN] ea7d8468d09b5da8 -> 9a4f302a8ad5ed50
[CHAIN] 9a4f302a8ad5ed50 -> 3bf6be5b663bdbb9
[CHAIN] 3bf6be5b663bdbb9 -> 89fd6b49c27ecc06
[CHAIN] 89fd6b49c27ecc06 -> ad4b045b3a6b14cf
[CHAIN] ad4b045b3a6b14cf -> 57b97fef73c6a03b
[CHAIN] 57b97fef73c6a03b -> abaa55b9a52cfd24
[CHAIN] abaa55b9a52cfd24 -> 9122a68d41be3079
[CHAIN] 9122a68d41be3079 -> 3d741d47447939d5
[CHAIN] 3d741d47447939d5 -> 8e69899e017adfe7
[CHAIN] 8e69899e017adfe7 -> b5c8b7dbed61f432
[CHAIN] b5c8b7dbed61f432 -> 73b8454df7a8a4a8
[CHAIN] 73b8454df7a8a4a8 -> 2078ea0efcac4f0c
[CHAIN] 2078ea0efcac4f0c -> 454b819e088c0449
[CHAIN] 454b819e088c0449 -> d83c5921d49b98fe
[CHAIN] d83c5921d49b98fe -> b0581c618daf940c
[CHAIN] b0581c618daf940c -> 89efbae3888fcee6
[CHAIN] 89efbae3888fcee6 -> d74d09a20a983f57
[CHAIN] d74d09a20a983f57 -> 70deaf5f55900493
[CHAIN] 70deaf5f55900493 -> 91baf1b20768111c
[CHAIN] 91baf1b20768111c -> 1ee6f3b0abdcc3c2
[CHAIN] 1ee6f3b0abdcc3c2 -> 741fd52729975c78
[CHAIN] 741fd52729975c78 -> 0f1b1c542b977f4c
[CHAIN] 0f1b1c542b977f4c -> 735f04582cc7a778
[CHAIN] 735f04582cc7a778 -> 6c9036120e36544f
[CHAIN] 6c9036120e36544f -> 4713024fae08c406
[CHAIN] 4713024fae08c406 -> c9ccb8f55e71988b
[CHAIN] c9ccb8f55e71988b -> 9f5f866080697814
[CHAIN] 9f5f866080697814 -> 824eaba7467dc6f7
[CHAIN] 824eaba7467dc6f7 -> 939ae3eab67af7d1
[CHAIN] 939ae3eab67af7d1 -> b7936dba733c2aa7
[CHAIN] b7936dba733c2aa7 -> f86174603dfa453f
[CHAIN] f86174603dfa453f -> c173c71d336eb5ef
[CHAIN] c173c71d336eb5ef -> 224dfd2496d9495d
[CHAIN] 224dfd2496d9495d -> 96b8b9e70e81a65f
[CHAIN] 96b8b9e70e81a65f -> d5ba6ccaf2081424
[CHAIN] d5ba6ccaf2081424 -> 568b3db179db0573
[CHAIN] 568b3db179db0573 -> c432e753219c644f
[CHAIN] c432e753219c644f -> e24558cf6f18e0de
[CHAIN] e24558cf6f18e0de -> 8905db40a4ade9ce
[CHAIN] 8905db40a4ade9ce -> 247e0c87d55ff1ec
[CHAIN] 247e0c87d55ff1ec -> 32605d73e4cd4472
[CHAIN] 32605d73e4cd4472 -> 2b6fae34b8247c65
[CHAIN] 2b6fae34b8247c65 -> ed833e4c5d237d98
[CHAIN] ed833e4c5d237d98 -> 849e15787b2caf90
[CHAIN] 849e15787b2caf90 -> 9f388a3488ed64c5
[CHAIN] 9f388a3488ed64c5 -> 35f1ce5c57f3b139
[CHAIN] 35f1ce5c57f3b139 -> 10e852f87cf65656
[CHAIN] 10e852f87cf65656 -> 723ff5aaaad43628
[CHAIN] 723ff5aaaad43628 -> 14c4a7a109a1aa2d
[CHAIN] 14c4a7a109a1aa2d -> c03a6b909f1950d5
[CHAIN] c03a6b909f1950d5 -> 066891fbade0834b
[CHAIN] 066891fbade0834b -> 6b3e2533a5a578eb
[CHAIN] 6b3e2533a5a578eb -> fb832eabb2d98605
[CHAIN] fb832eabb2d98605 -> 532139b21e6bf123
[CHAIN] 532139b21e6bf123 -> 94c3f274d4dc81f1
[CHAIN] 94c3f274d4dc81f1 -> 99f21a0632249dc0
[CHAIN] 99f21a0632249dc0 -> 23ac8e607d85a64a
[CHAIN] 23ac8e607d85a64a -> 07e54c0204149e87
[CHAIN] 07e54c0204149e87 -> ac9de0d131f8fc7c
[CHAIN] ac9de0d131f8fc7c -> af64ce4558b60617
[CHAIN] af64ce4558b60617 -> f18a6a3472d33e4a
[CHAIN] f18a6a3472d33e4a -> 9d2563c18812f5f4
[CHAIN] 9d2563c18812f5f4 -> 1e2c9794354369ac
[CHAIN] 1e2c9794354369ac -> bab0d22ae368b680
[CHAIN] bab0d22ae368b680 -> d76dd9bd5f573257
[CHAIN] d76dd9bd5f573257 -> b42d275e7199c1ad
[CHAIN] b42d275e7199c1ad -> 5d32dd1b7a118cf5
[CHAIN] 5d32dd1b7a118cf5 -> cf9d2546170e17c5
[CHAIN] cf9d2546170e17c5 -> 066ac787aaeea89a
[CHAIN] 066ac787aaeea89a -> 68d13ede42adc61d
[CHAIN] 68d13ede42adc61d -> e116c63ab187c882
[CHAIN] e116c63ab187c882 -> b8eb077f229773ec
[CHAIN] b8eb077f229773ec -> 5d272d513430825e
[CHAIN] 5d272d513430825e -> f788268dd3bf521a
[CHAIN] f788268dd3bf521a -> 243daf0d178a9cc9
[CHAIN] 243daf0d178a9cc9 -> a5fbb951e2df0ba8
[CHAIN] a5fbb951e2df0ba8 -> 5bd9264c81d5be63
[CHAIN] 5bd9264c81d5be63 -> be8c5ead413960cf
[CHAIN] be8c5ead413960cf -> fe5315995492ec59
[CHAIN] fe5315995492ec59 -> 5643f8b25d66958c
[CHAIN] 5643f8b25d66958c -> ba53d57c2b1c0604
[CHAIN] ba53d57c2b1c0604 -> f0b687c419d2e7a5
[CHAIN] f0b687c419d2e7a5 -> 780c22e99f8b8d6c
[CHAIN] 780c22e99f8b8d6c -> dc605aca5997051b
[CHAIN] dc605aca5997051b -> 11b520442950b4da
[CHAIN] 11b520442950b4da -> 5acc7d9425bcfb68
[CHAIN] 5acc7d9425bcfb68 -> 745babb16d63b57f
[CHAIN] 745babb16d63b57f -> 1d7b72fc15ed6bb5
[CHAIN] 1d7b72fc15ed6bb5 -> 45c41dd02e976d95
[CHAIN] 45c41dd02e976d95 -> a50e3919dc515cc3
[CHAIN] a50e3919dc515cc3 -> 310ad64d028387d7
[CHAIN] 310ad64d028387d7 -> ffd761ae5bbcc50e
[CHAIN] ffd761ae5bbcc50e -> e74457322588df72
[CHAIN] e74457322588df72 -> 358b9133c6af890b
[CHAIN] 358b9133c6af890b -> bcc08a96e303fd18
[CHAIN] bcc08a96e303fd18 -> 26f6ce208aac43a4
[CHAIN] 26f6ce208aac43a4 -> a0946fc9262d9f19
[CHAIN] a0946fc9262d9f19 -> 322cc40f55bfa198
[CHAIN] 322cc40f55bfa198 -> 547f3a528541d489
[CHAIN] 547f3a528541d489 -> 27fae56e6cb0f6fb
[CHAIN] 27fae56e6cb0f6fb -> d22892d0a4a285b7
[CHAIN] d22892d0a4a285b7 -> 858740f2538bec50
[CHAIN] 858740f2538bec50 -> 58cd1e2781dd0f2d
[CHAIN] 58cd1e2781dd0f2d -> d5a395f5cf6c9e95
[CHAIN] d5a395f5cf6c9e95 -> 7e39f0a23f5aff00
[CHAIN] 7e39f0a23f5aff00 -> ae023b04306c4f43
[CHAIN] ae023b04306c4f43 -> c6a82260ea28788b
[CHAIN] c6a82260ea28788b -> 3cd3ca5a26d60925
[CHAIN] 3cd3ca5a26d60925 -> 4f928f19152b7daf
[CHAIN] 4f928f19152b7daf -> 7a61bf7dfa9b3a48
[CHAIN] 7a61bf7dfa9b3a48 -> 11246e5dfaf5628e
[CHAIN] 11246e5dfaf5628e -> 39b5fe55f0e2dce5
[CHAIN] 39b5fe55f0e2dce5 -> 51e2ce313c2afcb8
[CHAIN] 51e2ce313c2afcb8 -> daf339b66418dfe3
[CHAIN] daf339b66418dfe3 -> b1ace85320ef395d
[CHAIN] b1ace85320ef395d -> 0c8304684c02b485
[CHAIN] 0c8304684c02b485 -> 9d0e77d7b26e90c4
[CHAIN] 9d0e77d7b26e90c4 -> 62e259dac3bb89e2
[CHAIN] 62e259dac3bb89e2 -> 3ef585b7a9c7d577
[CHAIN] 3ef585b7a9c7d577 -> ed3020ed658580cc
[CHAIN] ed3020ed658580cc -> 5e64000b69d376e1
[CHAIN] 5e64000b69d376e1 -> 65e83dc2df23be9b
[CHAIN] 65e83dc2df23be9b -> 91aa8534b16ebd5d
[CHAIN] 91aa8534b16ebd5d -> be59629d71c923b1
[CHAIN] be59629d71c923b1 -> 89e78045fa8a360f
[CHAIN] 89e78045fa8a360f -> 045ecac857d55f01
[CHAIN] 045ecac857d55f01 -> f754f8a4e3d7ffa4
[CHAIN] f754f8a4e3d7ffa4 -> 198b6de1d497bc93
[CHAIN] 198b6de1d497bc93 -> 8d7e446605515e34
[CHAIN] 8d7e446605515e34 -> d0228b805e6b74ce
[CHAIN] d0228b805e6b74ce -> 1866adefbd73d9e4
[CHAIN] 1866adefbd73d9e4 -> 01f7a10965f81a3f
[CHAIN] 01f7a10965f81a3f -> 3eb73e3b774de1be
[CHAIN] 3eb73e3b774de1be -> 7a677bbad12eb7a5
[CHAIN] 7a677bbad12eb7a5 -> 71e302f8a8a4bef0
[CHAIN] 71e302f8a8a4bef0 -> 85f3d5845e313ce5
[CHAIN] 85f3d5845e313ce5 -> 5d2cc7c8cd886736
[CHAIN] 5d2cc7c8cd886736 -> 9103fef6074281dc
[CHAIN] 9103fef6074281dc -> b5732dcd940284d9
[CHAIN] b5732dcd940284d9 -> 98634ded6babee38
[CHAIN] 98634ded6babee38 -> b30834f74c127ce2
[CHAIN] b30834f74c127ce2 -> 7edb335f1be0ef2c
[CHAIN] 7edb335f1be0ef2c -> 073bbdade07997e9
[CHAIN] 073bbdade07997e9 -> cd40801b7986e086
[CHAIN] cd40801b7986e086 -> aa03dfc682b9ae16
[CHAIN] aa03dfc682b9ae16 -> 45428ba9e27f605e
[CHAIN] 45428ba9e27f605e -> 6527efe8c180796b
[CHAIN] 6527efe8c180796b -> 5b688d249019cf26
[CHAIN] 5b688d249019cf26 -> 53e16b1fdfd753aa
[CHAIN] 53e16b1fdfd753aa -> 2b9a6e371939633a
[CHAIN] 2b9a6e371939633a -> 86c7b10313fb13d6
[CHAIN] 86c7b10313fb13d6 -> 3fbefab66575632c
[CHAIN] 3fbefab66575632c -> b2bfd590ccd55d2f
[CHAIN] b2bfd590ccd55d2f -> 475097b430f2da1f
[CHAIN] 475097b430f2da1f -> 7ae931ad6569a81e
[CHAIN] 7ae931ad6569a81e -> 392a398e2c91bc66
[CHAIN] 392a398e2c91bc66 -> d2b43845a87dbe00
[CHAIN] d2b43845a87dbe00 -> 5851ce87cea0fc21
[CHAIN] 5851ce87cea0fc21 -> fb20d9613861aa44
[CHAIN] fb20d9613861aa44 -> 6c54cb5d84acb9e0
[CHAIN] 6c54cb5d84acb9e0 -> 6bda2e7e7bb2e44c
[CHAIN] 6bda2e7e7bb2e44c -> 4115931dc1ae6282
[CHAIN] 4115931dc1ae6282 -> d78af3ca69e336fb
[CHAIN] d78af3ca69e336fb -> 9251776b0f772740
[CHAIN] 9251776b0f772740 -> 81aba861bded17c7
[CHAIN] 81aba861bded17c7 -> 9db8b6b53e794a62
[CHAIN] 9db8b6b53e794a62 -> e96dd53f45ff73bc
[CHAIN] e96dd53f45ff73bc -> 82170147a052c57c
[CHAIN] 82170147a052c57c -> 45f6ef48327818fc
[CHAIN] 45f6ef48327818fc -> 06a2f46623010316
[CHAIN] 06a2f46623010316 -> 04342a1e85f82831
[CHAIN] 04342a1e85f82831 -> 56c8721ec3e45265
[CHAIN] 56c8721ec3e45265 -> e642875958c8a8f4
[CHAIN] e642875958c8a8f4 -> 2d41f2b12ee18c3d
[CHAIN] 2d41f2b12ee18c3d -> f8c08cf14b93c566
[CHAIN] f8c08cf14b93c566 -> 34b415e055eca5ee
[CHAIN] 34b415e055eca5ee -> 118894add852d634
[CHAIN] 118894add852d634 -> 2317e9d15657e9ad
[CHAIN] 2317e9d15657e9ad -> e2b21ba45b9b129e
[CHAIN] e2b21ba45b9b129e -> 7bcf001dfac61bfe
[CHAIN] 7bcf001dfac61bfe -> 1e9c08e985aff19c
[CHAIN] 1e9c08e985aff19c -> 0f0b99e34eb85214
[CHAIN] 0f0b99e34eb85214 -> c74e8eb2b76e3601
[CHAIN] c74e8eb2b76e3601 -> f5065d937799d9fa
[CHAIN] f5065d937799d9fa -> 1827cfa1000a02f0
[CHAIN] 1827cfa1000a02f0 -> ec257d303594ef3a
[CHAIN] ec257d303594ef3a -> 990f9e0c775e291b
[CHAIN] 990f9e0c775e291b -> e63b6cdf1f0087e0
[CHAIN] e63b6cdf1f0087e0 -> 4d7651cd764cf3f6
[CHAIN] 4d7651cd764cf3f6 -> 27973d535f130774
[CHAIN] 27973d535f130774 -> 26482e052ef993a1
[CHAIN] 26482e052ef993a1 -> f7449be45c3c7e8c
[CHAIN] f7449be45c3c7e8c -> d53b2205bf403d8b
[CHAIN] d53b2205bf403d8b -> d5a04dd06aeb44e0
[CHAIN] d5a04dd06aeb44e0 -> 72a1de57d158408d
[CHAIN] 72a1de57d158408d -> b244dacede170857
[CHAIN] b244dacede170857 -> 450c843539ab24ee
[CHAIN] 450c843539ab24ee -> f1e8b926f17734ae
[CHAIN] f1e8b926f17734ae -> 06d0f828b6de9373
[CHAIN] 06d0f828b6de9373 -> 58a32e8114378058
[CHAIN] 58a32e8114378058 -> 33046a66cd0ff40a
[CHAIN] 33046a66cd0ff40a -> e7c669be45e989c3
[CHAIN] e7c669be45e989c3 -> 23a843ca327a660a
[CHAIN] 23a843ca327a660a -> 35999254931ac0c3
[CHAIN] 35999254931ac0c3 -> e8ae2d58b6c43a42
[CHAIN] e8ae2d58b6c43a42 -> 7a46ab5935b97585
[CHAIN] 7a46ab5935b97585 -> a519c5e42fcc5744
[CHAIN] a519c5e42fcc5744 -> 5a13df4edc600020
[CHAIN] 5a13df4edc600020 -> 55c539b42d8bbb1d
[CHAIN] 55c539b42d8bbb1d -> 046c0e865b84f2dd
[CHAIN] 046c0e865b84f2dd -> 1eb45bfda72c27c2
[CHAIN] 1eb45bfda72c27c2 -> ae94a456f0e9742d
[CHAIN] ae94a456f0e9742d -> ae3ba6faf8aaf6d7
[CHAIN] ae3ba6faf8aaf6d7 -> cc0794745a012902
[CHAIN] cc0794745a012902 -> 88a3686b56b47849
[CHAIN] 88a3686b56b47849 -> 0d9b72eabdd82ecb
[CHAIN] 0d9b72eabdd82ecb -> d4f93551b4b682f3
[CHAIN] d4f93551b4b682f3 -> daacdc18fdbdacde
[CHAIN] daacdc18fdbdacde -> 28ee6a2170b6c881
[CHAIN] 28ee6a2170b6c881 -> bebcf8b58d0b1263
[CHAIN] bebcf8b58d0b1263 -> 3e6aa0bcff3fb0bf
[CHAIN] 3e6aa0bcff3fb0bf -> 65b75861093b333b
[CHAIN] 65b75861093b333b -> feafc68e8d5402e1
[CHAIN] feafc68e8d5402e1 -> a9a20e118a283946
[CHAIN] a9a20e118a283946 -> 37e0d21f8def3d3d
[CHAIN] 37e0d21f8def3d3d -> c89d67ed2cd22549
[CHAIN] c89d67ed2cd22549 -> 114029fe0932e885
[CHAIN] 114029fe0932e885 -> ac4f16d315d4142f
[CHAIN] ac4f16d315d4142f -> caaf23c03a6194fe
[CHAIN] caaf23c03a6194fe -> 7f143e07e89fee39
[CHAIN] 7f143e07e89fee39 -> 90ed1c1528df4bdc
[CHAIN] 90ed1c1528df4bdc -> 05d9865bec919780
[CHAIN] 05d9865bec919780 -> 4c0b53f0dc4dff0b
[CHAIN] 4c0b53f0dc4dff0b -> 29fc9d59d16a0778
[CHAIN] 29fc9d59d16a0778 -> 470b78d7893a7864
[CHAIN] 470b78d7893a7864 -> 439b75ace1c55431
[CHAIN] 439b75ace1c55431 -> 0a176085773ed97f
[CHAIN] 0a176085773ed97f -> 491c6fb3e4397ef3
[CHAIN] 491c6fb3e4397ef3 -> b59c6b5083171108
[CHAIN] b59c6b5083171108 -> 8037aa2fdac1f74e
[CHAIN] 8037aa2fdac1f74e -> e910315be65043d1
[CHAIN] e910315be65043d1 -> cb3f1fef8ba62caf
[CHAIN] cb3f1fef8ba62caf -> 3f73d7488f31ddcb
[CHAIN] 3f73d7488f31ddcb -> f554416e0caad805
[CHAIN] f554416e0caad805 -> af259413561ee3b4
[CHAIN] af259413561ee3b4 -> e703cf9ef9c92386
[CHAIN] e703cf9ef9c92386 -> a64aa03b83fc6d65
[CHAIN] a64aa03b83fc6d65 -> 47f3d86f0843b7ff
[CHAIN] 47f3d86f0843b7ff -> f1087f9bf0e93451
[CHAIN] f1087f9bf0e93451 -> 5e3a3e2aa982e7ab
[CHAIN] 5e3a3e2aa982e7ab -> c900700fb568fd9a
[CHAIN] c900700fb568fd9a -> 7748e0d662dbab6b
[CHAIN] 7748e0d662dbab6b -> f67396e3c700f9ae
[CHAIN] f67396e3c700f9ae -> 73aa22de1d88acc1
[CHAIN] 73aa22de1d88acc1 -> 6ae6ce17d936f750
[CHAIN] 6ae6ce17d936f750 -> 1cbaca8bd124e365
[CHAIN] 1cbaca8bd124e365 -> 5abf9bce0ebba83c
[CHAIN] 5abf9bce0ebba83c -> aeb58a1efbbeeef4
[CHAIN] aeb58a1efbbeeef4 -> 5bc38919e4aa3da8
[CHAIN] 5bc38919e4aa3da8 -> 0d679b81e90e5d57
[CHAIN] 0d679b81e90e5d57 -> 013beca97188bf38
[CHAIN] 013beca97188bf38 -> 3138fcecd9fd3b6d
[CHAIN] 3138fcecd9fd3b6d -> 13a570d5957b61aa
[CHAIN] 13a570d5957b61aa -> d8b20e936a125079
[CHAIN] d8b20e936a125079 -> 6e478031f4bf3304
[CHAIN] 6e478031f4bf3304 -> ac8818aea88c14e5
[CHAIN] ac8818aea88c14e5 -> 665be7daa5812893
[CHAIN] 665be7daa5812893 -> 692fc144154492aa
[CHAIN] 692fc144154492aa -> 6888856da0d24bfa
[CHAIN] 6888856da0d24bfa -> d2f0c9bee15b7f57
[CHAIN] d2f0c9bee15b7f57 -> 05c6b72bb89ba290
[CHAIN] 05c6b72bb89ba290 -> c2efedc6e6d1c372
[CHAIN] c2efedc6e6d1c372 -> 23b0b2aff3ac6db1
[CHAIN] 23b0b2aff3ac6db1 -> 0c3212a27fb6d3ea
[CHAIN] 0c3212a27fb6d3ea -> b7888d0494192d0a
[CHAIN] b7888d0494192d0a -> ce38aa10380521df
[CHAIN] ce38aa10380521df -> aaa48761aeeea0cf
[CHAIN] aaa48761aeeea0cf -> bac657cf170dbd62
[CHAIN] bac657cf170dbd62 -> 9de096a128f60777
[CHAIN] 9de096a128f60777 -> f899bd9aebbd16f0
[CHAIN] f899bd9aebbd16f0 -> 22a752d11f8d56c6
[CHAIN] 22a752d11f8d56c6 -> 3fe4fae1bc24d9dd
[CHAIN] 3fe4fae1bc24d9dd -> e2437657b43b8c11
[CHAIN] e2437657b43b8c11 -> 96545852390e778f
[CHAIN] 96545852390e778f -> c70a8a7429365150
[CHAIN] c70a8a7429365150 -> 222d96b3d1bdee6d
[CHAIN] 222d96b3d1bdee6d -> 300394153e67e271
[CHAIN] 300394153e67e271 -> 8739444217b3e21c
[CHAIN] 8739444217b3e21c -> 99dfc98dd0cfb97c
[CHAIN] 99dfc98dd0cfb97c -> 8f3a4046444d183e
[CHAIN] 8f3a4046444d183e -> ff8618294ef6e124
[CHAIN] ff8618294ef6e124 -> 9ae3185ace6a7b3d
[CHAIN] 9ae3185ace6a7b3d -> 253e7d684c36c2bd
[CHAIN] 253e7d684c36c2bd -> ce37569df0db81a0
[CHAIN] ce37569df0db81a0 -> 308fb59e66204854
[CHAIN] 308fb59e66204854 -> ea424000de335d57
[CHAIN] ea424000de335d57 -> c43f0384a26d8ebd
[CHAIN] c43f0384a26d8ebd -> e5df09077c7f4ece
[CHAIN] e5df09077c7f4ece -> c76732759a8fae36
[CHAIN] c76732759a8fae36 -> 7193c38ff273d281
[CHAIN] 7193c38ff273d281 -> ba0d7428c6bfdcf7
[CHAIN] ba0d7428c6bfdcf7 -> 10e703463a0c0981
[CHAIN] 10e703463a0c0981 -> f2c7db30a0817634
[CHAIN] f2c7db30a0817634 -> d45f50f670ce0d47
[CHAIN] d45f50f670ce0d47 -> ec66d957b2b22bf1
[CHAIN] ec66d957b2b22bf1 -> 4fad81e24e48aaa2
[CHAIN] 4fad81e24e48aaa2 -> 63a806caf32ee685
[CHAIN] 63a806caf32ee685 -> 14d02cb58384da42
[CHAIN] 14d02cb58384da42 -> ec447cb9bda1749b
[CHAIN] ec447cb9bda1749b -> 8a4c2250a4ab64e0
[CHAIN] 8a4c2250a4ab64e0 -> 93a737938f381657
[CHAIN] 93a737938f381657 -> c359d2e2fbeb0a23
[CHAIN] c359d2e2fbeb0a23 -> 4c389711a6b81a1c
[CHAIN] 4c389711a6b81a1c -> b575e7020d538a8e
[CHAIN] b575e7020d538a8e -> e451ea441ccf4e1b
[CHAIN] e451ea441ccf4e1b -> 4b6b571feb479055
[CHAIN] 4b6b571feb479055 -> f881615cf245e573
[CHAIN] f881615cf245e573 -> 7bccb1dc8df6ec02
[CHAIN] 7bccb1dc8df6ec02 -> 60dec68366dcc438
[CHAIN] 60dec68366dcc438 -> e53baf87e206e05c
[CHAIN] e53baf87e206e05c -> a898316cdbae23e0
[CHAIN] a898316cdbae23e0 -> 96852ce25d5c98c9
[CHAIN] 96852ce25d5c98c9 -> eddcc40b0a41d9dc
[CHAIN] eddcc40b0a41d9dc -> 7c4644a15ed207d4
[CHAIN] 7c4644a15ed207d4 -> caf563670de034de
[CHAIN] caf563670de034de -> 73c5e8d0914a53fc
[CHAIN] 73c5e8d0914a53fc -> ebc9718065a037c5
[CHAIN] ebc9718065a037c5 -> 2292a06008df9fd0
[CHAIN] 2292a06008df9fd0 -> f2a8242ed9b32804
[CHAIN] f2a8242ed9b32804 -> 6bc90a4667b23d29
[CHAIN] 6bc90a4667b23d29 -> da6d73af3ee6d15d
[CHAIN] da6d73af3ee6d15d -> d5fb74cc42b2fd77
[CHAIN] d5fb74cc42b2fd77 -> df1e550b907ba4aa
[CHAIN] df1e550b907ba4aa -> 5cab30a441c1e9d3
[CHAIN] 5cab30a441c1e9d3 -> 5d337e824425872f
[CHAIN] 5d337e824425872f -> 8b1c0fc11cae9af3
[CHAIN] 8b1c0fc11cae9af3 -> aaa8adab909cd58e
[CHAIN] aaa8adab909cd58e -> 211eadba3d92b1e2
[CHAIN] 211eadba3d92b1e2 -> a229b56af65e74bd
[CHAIN] a229b56af65e74bd -> efe2a78cc3743e08
[CHAIN] efe2a78cc3743e08 -> 36ffb9b93996f267
[CHAIN] 36ffb9b93996f267 -> ea9499251b1bd28d
[CHAIN] ea9499251b1bd28d -> 220c8fd3f2196869
[CHAIN] 220c8fd3f2196869 -> a77ce712d6f603b4
[CHAIN] a77ce712d6f603b4 -> b16363d07da39fc1
[CHAIN] b16363d07da39fc1 -> 0814ac8e9108e136
[CHAIN] 0814ac8e9108e136 -> 3dbd1fca25525d87
[CHAIN] 3dbd1fca25525d87 -> a9711a8dddf28f35
[CHAIN] a9711a8dddf28f35 -> dddecb1844fdb745
[CHAIN] dddecb1844fdb745 -> 7003833bd9427162
[CHAIN] 7003833bd9427162 -> a953d585e7ec72ea
[CHAIN] a953d585e7ec72ea -> c878922fabdd518c
[CHAIN] c878922fabdd518c -> 9fdb791618436109
[CHAIN] 9fdb791618436109 -> 3387742683a2f915
[CHAIN] 3387742683a2f915 -> f78a31578b2c5261
[CHAIN] f78a31578b2c5261 -> 5cfb9b6e60ce756a
[CHAIN] 5cfb9b6e60ce756a -> ef2e987252950802
[CHAIN] ef2e987252950802 -> edd489468231e09d
[CHAIN] edd489468231e09d -> d929fb428207c7eb
[CHAIN] d929fb428207c7eb -> a3ff6964a45cb2cb
[CHAIN] a3ff6964a45cb2cb -> b6c35866015be516
[CHAIN] b6c35866015be516 -> 76e0c60e2886a0e4
[CHAIN] 76e0c60e2886a0e4 -> bba5eda62f7ab84c
[CHAIN] bba5eda62f7ab84c -> e5395a5ba1becc93
[CHAIN] e5395a5ba1becc93 -> 8df173ffdc9db842
[CHAIN] 8df173ffdc9db842 -> eb46c9d46df61159
[CHAIN] eb46c9d46df61159 -> c829f2912873ef15
[CHAIN] c829f2912873ef15 -> 3e0933c4173a990c
[CHAIN] 3e0933c4173a990c -> 21ae8f750b1037f9
[CHAIN] 21ae8f750b1037f9 -> 319f55b40343898e
[CHAIN] 319f55b40343898e -> d84521c4627b81f7
[CHAIN] d84521c4627b81f7 -> 8ab3a18364b14c0b
[CHAIN] 8ab3a18364b14c0b -> 1ae086dac1f0884d
[CHAIN] 1ae086dac1f0884d -> 81b15cfa4dc19e24
[CHAIN] 81b15cfa4dc19e24 -> eb531d4d0090ed28
[CHAIN] eb531d4d0090ed28 -> ee136f5e7bb3d18e
[CHAIN] ee136f5e7bb3d18e -> 0561e22534a23d99
[CHAIN] 0561e22534a23d99 -> e239d6a83243af2b
[CHAIN] e239d6a83243af2b -> 05439c436d6928b2
[CHAIN] 05439c436d6928b2 -> 92b230c67a4abff7
[CHAIN] 92b230c67a4abff7 -> fdcbd1227561efba
[CHAIN] fdcbd1227561efba -> a20bac572236486c
[CHAIN] a20bac572236486c -> 3908760223699374
[CHAIN] 3908760223699374 -> 881cad405cd7dd45
[CHAIN] 881cad405cd7dd45 -> 8db5eb23daf4e08e
[CHAIN] 8db5eb23daf4e08e -> f4c8c5367628ab27
[CHAIN] f4c8c5367628ab27 -> 6ab4bed8d8a48be7
[CHAIN] 6ab4bed8d8a48be7 -> 1df33d896a5e8dc7
[CHAIN] 1df33d896a5e8dc7 -> d075febeee96e0c2
[CHAIN] d075febeee96e0c2 -> 679dfda13f5b7d51
[CHAIN] 679dfda13f5b7d51 -> 656a70abd4cc1b11
[CHAIN] 656a70abd4cc1b11 -> dd2a3a625e6e7124
[CHAIN] dd2a3a625e6e7124 -> 8142a215ea0bb133
[CHAIN] 8142a215ea0bb133 -> b50218dd7376b543
[CHAIN] b50218dd7376b543 -> 57383bb96f53eef4
[CHAIN] 57383bb96f53eef4 -> 69c4fd363176ed63
[CHAIN] 69c4fd363176ed63 -> dc685e5338a0b2c1
[CHAIN] dc685e5338a0b2c1 -> 48b774f217661b6e
[CHAIN] 48b774f217661b6e -> 3133c2ab30a91486
[CHAIN] 3133c2ab30a91486 -> 29b5bc9f82e2d75b
[CHAIN] 29b5bc9f82e2d75b -> 2ec0c456595a439c
[CHAIN] 2ec0c456595a439c -> d3801e396685bc85
[CHAIN] d3801e396685bc85 -> 1bfbaeed42bf7460
[CHAIN] 1bfbaeed42bf7460 -> b3c3e784d7de0c51
[CHAIN] b3c3e784d7de0c51 -> 095ab312cd55993f
[CHAIN] 095ab312cd55993f -> 1451e63a5037da6a
[CHAIN] 1451e63a5037da6a -> 3bff6801a1b46e5e
[CHAIN] 3bff6801a1b46e5e -> 36e37a55c40add7d
[CHAIN] 36e37a55c40add7d -> 9434bb6718fa8ad4
[CHAIN] 9434bb6718fa8ad4 -> 2f2b5b904b8daae3
[CHAIN] 2f2b5b904b8daae3 -> 7aec477006b45409
[CHAIN] 7aec477006b45409 -> 835448e8fd9fb003
[CHAIN] 835448e8fd9fb003 -> 63160eafb2e1db63
[CHAIN] 63160eafb2e1db63 -> 78563f6651932e38
[CHAIN] 78563f6651932e38 -> 55313fedf9c2a904
[CHAIN] 55313fedf9c2a904 -> 1504ccfc71873265
[CHAIN] 1504ccfc71873265 -> 52e1800cfc89e1bc
[CHAIN] 52e1800cfc89e1bc -> a3f5df4c671b58bb
[CHAIN] a3f5df4c671b58bb -> d6a1a2e02b9a7283
[CHAIN] d6a1a2e02b9a7283 -> 37ce4653b66e49af
[CHAIN] 37ce4653b66e49af -> 36e39c772a80aad9
[CHAIN] 36e39c772a80aad9 -> 3d93446386d8e49b
[CHAIN] 3d93446386d8e49b -> 2014f6e19cbbaff4
[CHAIN] 2014f6e19cbbaff4 -> 43d7e47bfbf5517a
[CHAIN] 43d7e47bfbf5517a -> d4e9b9300fa87fd8
[CHAIN] d4e9b9300fa87fd8 -> a53a48d94531b229
[CHAIN] a53a48d94531b229 -> cd2da7ec837ae9a3
[CHAIN] cd2da7ec837ae9a3 -> 9f5e3292d886c212
[CHAIN] 9f5e3292d886c212 -> 3b216e89bd7435ac
[CHAIN] 3b216e89bd7435ac -> 69542ca2472a4e1b
[CHAIN] 69542ca2472a4e1b -> d852ab43ad543a87
[CHAIN] d852ab43ad543a87 -> 06d96fd9b7145879
[CHAIN] 06d96fd9b7145879 -> a90a1ba6a1037fb5
[CHAIN] a90a1ba6a1037fb5 -> 5886daecd3d67926
[CHAIN] 5886daecd3d67926 -> 7da8535c3a5db4f3
[CHAIN] 7da8535c3a5db4f3 -> 86afcb4e6c518d20
[CHAIN] 86afcb4e6c518d20 -> 85b7964a0a187c88
[CHAIN] 85b7964a0a187c88 -> ab78d77ca2dc1dbb
[CHAIN] ab78d77ca2dc1dbb -> 02aeca5dd34c5c3f
[CHAIN] 02aeca5dd34c5c3f -> 27d91ae6d57ac936
[CHAIN] 27d91ae6d57ac936 -> 8f21cc248d9721d6
[CHAIN] 8f21cc248d9721d6 -> 9e8f55ce2d21cb74
[CHAIN] 9e8f55ce2d21cb74 -> ed13bc503031cb01
[CHAIN] ed13bc503031cb01 -> 3a2ca1d3750ca895
[CHAIN] 3a2ca1d3750ca895 -> 2a178ad192a02ab4
[CHAIN] 2a178ad192a02ab4 -> be92d401e0762573
[CHAIN] be92d401e0762573 -> 61110d0dbf59fa1d
[CHAIN] 61110d0dbf59fa1d -> 729e4e40758ab34b
[CHAIN] 729e4e40758ab34b -> 7fb9f04821762475
[CHAIN] 7fb9f04821762475 -> de01837e62f09ef4
[CHAIN] de01837e62f09ef4 -> cdce20024d043874
[CHAIN] cdce20024d043874 -> e65a90a67c5571e3
[CHAIN] e65a90a67c5571e3 -> e68caebd1aad9d14
[CHAIN] e68caebd1aad9d14 -> 7a159e1b32d3e67f
[CHAIN] 7a159e1b32d3e67f -> 3d2bb44c771e20a9
[CHAIN] 3d2bb44c771e20a9 -> 7663a07e426e8ba2
[CHAIN] 7663a07e426e8ba2 -> ce29d3a395cdeeb6
[CHAIN] ce29d3a395cdeeb6 -> 96d94c525a06fa3e
[CHAIN] 96d94c525a06fa3e -> af61f1e05c0f8b11
[CHAIN] af61f1e05c0f8b11 -> 2133d2162993dda4
[CHAIN] 2133d2162993dda4 -> 8d198ed01f4294c1
[CHAIN] 8d198ed01f4294c1 -> cb312ef4aa8b495c
[CHAIN] cb312ef4aa8b495c -> 5132b4f29430fbc0
[CHAIN] 5132b4f29430fbc0 -> 67bb2135419606a1
[CHAIN] 67bb2135419606a1 -> 75f88e5a30c86c2c
[CHAIN] 75f88e5a30c86c2c -> b26f62ef9b42360f
[CHAIN] b26f62ef9b42360f -> 6ee6c51d638c1195
[CHAIN] 6ee6c51d638c1195 -> 306984254f18163d
[CHAIN] 306984254f18163d -> 6e6279de29022845
[CHAIN] 6e6279de29022845 -> 0259e2af21f0911f
[CHAIN] 0259e2af21f0911f -> afe59a655c65aa11
[CHAIN] afe59a655c65aa11 -> 6a885acddf02948b
[CHAIN] 6a885acddf02948b -> 7ccaf63b376f4dc9
[CHAIN] 7ccaf63b376f4dc9 -> a45e5f15d2768fd8
[CHAIN] a45e5f15d2768fd8 -> 465ad50e37b961a4
[CHAIN] 465ad50e37b961a4 -> 9066a083faf70b75
[CHAIN] 9066a083faf70b75 -> 09e5611fdc4191ab
[CHAIN] 09e5611fdc4191ab -> 18a707f471a6b340
[CHAIN] 18a707f471a6b340 -> 0fab03b6686fb73f
[CHAIN] 0fab03b6686fb73f -> a62cdf5166aea4a9
[CHAIN] a62cdf5166aea4a9 -> 5c8936d0cd3da59c
[CHAIN] 5c8936d0cd3da59c -> 29eb8eecca3fb0ff
[CHAIN] 29eb8eecca3fb0ff -> 85a96ef05c7b02af
[CHAIN] 85a96ef05c7b02af -> 42a25f2c0426f2b2
[CHAIN] 42a25f2c0426f2b2 -> ff9ccca3032bb7f7
[CHAIN] ff9ccca3032bb7f7 -> d6bf999ff2240ea8
[CHAIN] d6bf999ff2240ea8 -> e5751c57e4f9bdc7
[CHAIN] e5751c57e4f9bdc7 -> 0ff04c65d4cdcc63
[CHAIN] 0ff04c65d4cdcc63 -> 21bb2feaa61b59fd
[CHAIN] 21bb2feaa61b59fd -> 216681c25e2897d8
[CHAIN] 216681c25e2897d8 -> e10190120d5f4d9c
[CHAIN] e10190120d5f4d9c -> ee75d1ab95cc4ce0
[CHAIN] ee75d1ab95cc4ce0 -> c90dea5e81d59585
[CHAIN] c90dea5e81d59585 -> 7de7ec386609280a
[CHAIN] 7de7ec386609280a -> e10e0e03e70faab0
[CHAIN] e10e0e03e70faab0 -> 6313f8c03fe56031
[CHAIN] 6313f8c03fe56031 -> 045c77c03eed06b5
[CHAIN] 045c77c03eed06b5 -> caa5fa5735d6d6b6
[CHAIN] caa5fa5735d6d6b6 -> 5464c5f6e76efb5d
[CHAIN] 5464c5f6e76efb5d -> ca8ba2cce50d1e7a
[CHAIN] ca8ba2cce50d1e7a -> 9d78eaa5049fc150
[CHAIN] 9d78eaa5049fc150 -> 6fcb478dd56b2c17
[CHAIN] 6fcb478dd56b2c17 -> 41fbb5cc27f7253f
[CHAIN] 41fbb5cc27f7253f -> 43db2d1d4bc5bb60
[CHAIN] 43db2d1d4bc5bb60 -> 212a4c50fe9dd367
[CHAIN] 212a4c50fe9dd367 -> ad9beb5987441e73
[CHAIN] ad9beb5987441e73 -> 4a5bc820ebd73a98
[CHAIN] 4a5bc820ebd73a98 -> fc8336f13c738d6f
[CHAIN] fc8336f13c738d6f -> 38bb9e394e3b0149
[CHAIN] 38bb9e394e3b0149 -> c7b04ebb373f41f2
[CHAIN] c7b04ebb373f41f2 -> 3decf01d9b67bc79
[CHAIN] 3decf01d9b67bc79 -> 566db7e4983fe49c
[CHAIN] 566db7e4983fe49c -> f786c13843ea03a4
[CHAIN] f786c13843ea03a4 -> e51fdb5694f72d5e
[CHAIN] e51fdb5694f72d5e -> 8703a4bc41ed3c24
[CHAIN] 8703a4bc41ed3c24 -> 872c45cf95d03728
[CHAIN] 872c45cf95d03728 -> 7318204e92ea3e07
[CHAIN] 7318204e92ea3e07 -> 0e9a373d91a2a373
[CHAIN] 0e9a373d91a2a373 -> ef0a648a12b16a45
[CHAIN] ef0a648a12b16a45 -> 572be29c9a222106
[CHAIN] 572be29c9a222106 -> 11244c27bce641a9
[CHAIN] 11244c27bce641a9 -> cf9e5e7ab4a3e3f4
[CHAIN] cf9e5e7ab4a3e3f4 -> e09ff116d080d931
[CHAIN] e09ff116d080d931 -> b87f2617a41ca766
[CHAIN] b87f2617a41ca766 -> 33a750800682331b
[CHAIN] 33a750800682331b -> 3896d3dba9bbd312
[CHAIN] 3896d3dba9bbd312 -> 61d7bdfd6103a99c
[CHAIN] 61d7bdfd6103a99c -> e1d4797b505e5286
[CHAIN] e1d4797b505e5286 -> eae0878727b239ca
[CHAIN] eae0878727b239ca -> a80ec443e05629a4
[CHAIN] a80ec443e05629a4 -> 6a59aa2fe13f07a9
[CHAIN] 6a59aa2fe13f07a9 -> 400354ca3d211a88
[CHAIN] 400354ca3d211a88 -> 2d3ac7f110c8729e
[CHAIN] 2d3ac7f110c8729e -> b5f7e3be62c3fd30
[CHAIN] b5f7e3be62c3fd30 -> 2f73d7bc8764f78d
[CHAIN] 2f73d7bc8764f78d -> 24d4d657fa85cf49
[CHAIN] 24d4d657fa85cf49 -> de154e495fcde1da
[CHAIN] de154e495fcde1da -> 2696b26b463b5d50
[CHAIN] 2696b26b463b5d50 -> cbd3b8ee83812852
[CHAIN] cbd3b8ee83812852 -> af27cdc65d56b512
[CHAIN] af27cdc65d56b512 -> ba9433ed65139e2d
[CHAIN] ba9433ed65139e2d -> 2efef4e082f490f6
[CHAIN] 2efef4e082f490f6 -> ff54d5d70953c3f4
[CHAIN] ff54d5d70953c3f4 -> b66d90a43c12fb48
[CHAIN] b66d90a43c12fb48 -> 4fff1c30485e5317
[CHAIN] 4fff1c30485e5317 -> 40dda3b28f26e35d
[CHAIN] 40dda3b28f26e35d -> cf333d0400156786
[CHAIN] cf333d0400156786 -> fb4c749dfa97f9b2
[CHAIN] fb4c749dfa97f9b2 -> 3ca5feb3dcf1d0c4
[CHAIN] 3ca5feb3dcf1d0c4 -> 253956862614fd16
[CHAIN] 253956862614fd16 -> b1c2e1f352264348
[CHAIN] b1c2e1f352264348 -> 2848f76d5705f7cf
[CHAIN] 2848f76d5705f7cf -> c42f37c4c6eda2d5
[CHAIN] c42f37c4c6eda2d5 -> b97245af0099d822
[CHAIN] b97245af0099d822 -> caf04f634735b01e
[CHAIN] caf04f634735b01e -> 4cdc109ab68e35d7
[CHAIN] 4cdc109ab68e35d7 -> b030e44984421472
[CHAIN] b030e44984421472 -> ec76628367d682a6
[CHAIN] ec76628367d682a6 -> e3d8379d38f6ca69
[CHAIN] e3d8379d38f6ca69 -> 8fc99f1bd9f65e8b
[CHAIN] 8fc99f1bd9f65e8b -> 8232e75e8b933fe6
[CHAIN] 8232e75e8b933fe6 -> 2a990f56da7ed626
[CHAIN] 2a990f56da7ed626 -> 75d7905c1a49e2bd
[CHAIN] 75d7905c1a49e2bd -> 69779cdd3e343415
[CHAIN] 69779cdd3e343415 -> ab1083cb7f60c833
[CHAIN] ab1083cb7f60c833 -> 9570dbe9f4ee2620
[CHAIN] 9570dbe9f4ee2620 -> 5ef21496c0c611bd
[CHAIN] 5ef21496c0c611bd -> 937adb1ac5bfee44
[CHAIN] 937adb1ac5bfee44 -> 2322b6d1b42b13be
[CHAIN] 2322b6d1b42b13be -> 48d10ca94c5f5545
[CHAIN] 48d10ca94c5f5545 -> 481c47ad718ed146
[CHAIN] 481c47ad718ed146 -> 49231c9824918a34
[CHAIN] 49231c9824918a34 -> 40e66ed705fc332a
[CHAIN] 40e66ed705fc332a -> 270cadb035da0c45
[CHAIN] 270cadb035da0c45 -> 7243497622d184ff
[CHAIN] 7243497622d184ff -> 0ee2076ae344a9a0
[CHAIN] 0ee2076ae344a9a0 -> 60292504f4606927
[CHAIN] 60292504f4606927 -> fea9654d9e53fc2a
[CHAIN] fea9654d9e53fc2a -> 02af069376308782
[CHAIN] 02af069376308782 -> ea399c47c8922e84
[CHAIN] ea399c47c8922e84 -> ddcabcc95c2b5341
[CHAIN] ddcabcc95c2b5341 -> da3303255dc895e5
[CHAIN] da3303255dc895e5 -> bfa2a0b32435d0b7
[CHAIN] bfa2a0b32435d0b7 -> c7286a9089a2e99f
[CHAIN] c7286a9089a2e99f -> a4b0ec0948ecd71c
[CHAIN] a4b0ec0948ecd71c -> 2880528fecea2ba5
[CHAIN] 2880528fecea2ba5 -> 5e6be43f399ed128
[CHAIN] 5e6be43f399ed128 -> 50153bfce50ee7a5
[CHAIN] 50153bfce50ee7a5 -> ec44cb436f4d454d
[CHAIN] ec44cb436f4d454d -> 209005439bb48026
[CHAIN] 209005439bb48026 -> 524f557c8e56d90e
[CHAIN] 524f557c8e56d90e -> 274c73c77c0b8fd2
[CHAIN] 274c73c77c0b8fd2 -> 7ba1f5e73dc908c2
[CHAIN] 7ba1f5e73dc908c2 -> 538c7aa2d094e7a0
[CHAIN] 538c7aa2d094e7a0 -> 3a9b559435b07da9
[CHAIN] 3a9b559435b07da9 -> 1b36d44d0ff9218b
[CHAIN] 1b36d44d0ff9218b -> 4d5f5d837cdb45ab
[CHAIN] 4d5f5d837cdb45ab -> b48c2e54f82bcf16
[CHAIN] b48c2e54f82bcf16 -> 557fb40608667bab
[CHAIN] 557fb40608667bab -> fe37a0d0452ec053
[CHAIN] fe37a0d0452ec053 -> 0f02b49edfdfd516
[CHAIN] 0f02b49edfdfd516 -> 079544c5b9b44ba5
[CHAIN] 079544c5b9b44ba5 -> ecfc47b334e4edb1
[CHAIN] ecfc47b334e4edb1 -> 0fa338018aeda73f
[CHAIN] 0fa338018aeda73f -> 6972afe7660173ac
[CHAIN] 6972afe7660173ac -> e7e7689f5f69f478
[CHAIN] e7e7689f5f69f478 -> a8dbe06a9764abaa
[CHAIN] a8dbe06a9764abaa -> 5ca88988f2c27ded
[CHAIN] 5ca88988f2c27ded -> 4adac4e2bcb21ca5
[CHAIN] 4adac4e2bcb21ca5 -> bac9fac7b3ecbbb7
[CHAIN] bac9fac7b3ecbbb7 -> 6b842df9ff6a81f2
[CHAIN] 6b842df9ff6a81f2 -> 9164867fc144c8cd
[CHAIN] 9164867fc144c8cd -> 34dcca528d2150fb
[CHAIN] 34dcca528d2150fb -> 02502ab475737f29
[CHAIN] 02502ab475737f29 -> 4c84c59eb23c5db3
[CHAIN] 4c84c59eb23c5db3 -> 6dd42ce43b0b033d
[CHAIN] 6dd42ce43b0b033d -> b3176048877e5e21
[CHAIN] b3176048877e5e21 -> 1b8f7b34fa5a8b28
[CHAIN] 1b8f7b34fa5a8b28 -> d0ebe4e221a5a479
[CHAIN] d0ebe4e221a5a479 -> a46c656604747c62
[CHAIN] a46c656604747c62 -> ff394be406ea713e
[CHAIN] ff394be406ea713e -> 290d2b104a4bc66e
[CHAIN] 290d2b104a4bc66e -> 77034f17fd2239c0
[CHAIN] 77034f17fd2239c0 -> 18ba309a55c71387
[CHAIN] 18ba309a55c71387 -> 2a271f34425b9eef
[CHAIN] 2a271f34425b9eef -> b302c4a9964a1c14
[CHAIN] b302c4a9964a1c14 -> cb27b37618cc4196
[CHAIN] cb27b37618cc4196 -> f27d4edb1641d137
[CHAIN] f27d4edb1641d137 -> 6c0ed5b2b1bf8546
[CHAIN] 6c0ed5b2b1bf8546 -> 373ba1096f301f19
[CHAIN] 373ba1096f301f19 -> 8d7121c3404d82ed
[CHAIN] 8d7121c3404d82ed -> 223d33552a8db96d
[CHAIN] 223d33552a8db96d -> 9df9edf011aaa1be
[CHAIN] 9df9edf011aaa1be -> 56d95651ea4b5409
[CHAIN] 56d95651ea4b5409 -> 4fcb9f71b083a269
[CHAIN] 4fcb9f71b083a269 -> 707e374b65ed1af6
[CHAIN] 707e374b65ed1af6 -> 2726f26fd8653063
[CHAIN] 2726f26fd8653063 -> 9fa9f00e8901edba
[CHAIN] 9fa9f00e8901edba -> d688763b4bdfc313
[CHAIN] d688763b4bdfc313 -> d4f9a595f76763b1
[CHAIN] d4f9a595f76763b1 -> 368faf646a32e292
[CHAIN] 368faf646a32e292 -> 8151133bba7edd70
[CHAIN] 8151133bba7edd70 -> 28e33532e40fb1aa
[CHAIN] 28e33532e40fb1aa -> 55620cb16f4eb7f3
[CHAIN] 55620cb16f4eb7f3 -> 61241ec0ad580d7b
[CHAIN] 61241ec0ad580d7b -> 0cacadfaaf1f03c5
[CHAIN] 0cacadfaaf1f03c5 -> 6a1c5e52bbd1393d
[CHAIN] 6a1c5e52bbd1393d -> ebce1d540b8bc227
[CHAIN] ebce1d540b8bc227 -> b51c6943cb9a6969
[CHAIN] b51c6943cb9a6969 -> b1df69bd68c74d7f
[CHAIN] b1df69bd68c74d7f -> c9bc4fc3823a4fd8
[CHAIN] c9bc4fc3823a4fd8 -> 6e46f5c76a3ad567
[CHAIN] 6e46f5c76a3ad567 -> 2e4bb44748c03560
[CHAIN] 2e4bb44748c03560 -> 418428b4f59e2977
[CHAIN] 418428b4f59e2977 -> bb274699c3d970c2
[CHAIN] bb274699c3d970c2 -> 803fde4566ec6efc
[CHAIN] 803fde4566ec6efc -> 7592953c1a3c8f1a
[CHAIN] 7592953c1a3c8f1a -> 19d0fd64ec1d3b25
[CHAIN] 19d0fd64ec1d3b25 -> a972dee36ddecd52
[CHAIN] a972dee36ddecd52 -> 4268d83ecf917f32
[CHAIN] 4268d83ecf917f32 -> 4a35ef0e6ae40267
[CHAIN] 4a35ef0e6ae40267 -> 94ff7d7514c3408e
[CHAIN] 94ff7d7514c3408e -> 5249e4df1ed10e07
[CHAIN] 5249e4df1ed10e07 -> 5f0850a85aed0827
[CHAIN] 5f0850a85aed0827 -> dce52fd6e5dc1d90
[CHAIN] dce52fd6e5dc1d90 -> 1036e59202eaa999
[CHAIN] 1036e59202eaa999 -> ec2855cf2c4f743a
[CHAIN] ec2855cf2c4f743a -> 0922a911807b8446
[CHAIN] 0922a911807b8446 -> cc2af31486392e20
[CHAIN] cc2af31486392e20 -> 39964213159f59ef
[CHAIN] 39964213159f59ef -> 372dbaf023edafe9
[CHAIN] 372dbaf023edafe9 -> fad5415f331a12e9
[CHAIN] fad5415f331a12e9 -> c2077e144cfbaf10
[CHAIN] c2077e144cfbaf10 -> 09e4c8310cbb06f2
[CHAIN] 09e4c8310cbb06f2 -> a0268faaeef29b23
[CHAIN] a0268faaeef29b23 -> d5e8a6402cbb93a8
[CHAIN] d5e8a6402cbb93a8 -> 7d31c85bea6706e7
[CHAIN] 7d31c85bea6706e7 -> 5bea28b8fcd55234
[CHAIN] 5bea28b8fcd55234 -> ab6fc93ad2f277fd
[CHAIN] ab6fc93ad2f277fd -> 685a507a8d7c508a
[CHAIN] 685a507a8d7c508a -> 701cea4bd769c3a3
[CHAIN] 701cea4bd769c3a3 -> 55452e14a9005de4
[CHAIN] 55452e14a9005de4 -> af2dcb70313cf5c3
[CHAIN] af2dcb70313cf5c3 -> cedd7b9d15f6350b
[CHAIN] cedd7b9d15f6350b -> d3b2811ffc200f9d
[CHAIN] d3b2811ffc200f9d -> a5e93c19808512cb
[CHAIN] a5e93c19808512cb -> 21a59ea15e4e1de9
[CHAIN] 21a59ea15e4e1de9 -> 2ee8313a470da59d
[CHAIN] 2ee8313a470da59d -> 036b31e5789b7f75
[CHAIN] 036b31e5789b7f75 -> 96833aefe3197423
[CHAIN] 96833aefe3197423 -> 1184de84c7f2748f
[CHAIN] 1184de84c7f2748f -> 638053a7d9b5e35f
[CHAIN] 638053a7d9b5e35f -> e6ff0495d9db870a
[CHAIN] e6ff0495d9db870a -> c1b8a805fff3a978
[CHAIN] c1b8a805fff3a978 -> a3f6c0eb18480a47
[CHAIN] a3f6c0eb18480a47 -> 03223c225692ff10
[CHAIN] 03223c225692ff10 -> f0a89685ed0e1400
[CHAIN] f0a89685ed0e1400 -> 7df1a6c63282c7df
[CHAIN] 7df1a6c63282c7df -> 2e185fe3f83c35e7
[CHAIN] 2e185fe3f83c35e7 -> 1895986bed881a17
[CHAIN] 1895986bed881a17 -> e7bd632e6bbb5ca1
[CHAIN] e7bd632e6bbb5ca1 -> b0151834486f5811
[CHAIN] b0151834486f5811 -> f251b69c68a35821
[CHAIN] f251b69c68a35821 -> 4731855683c7d3d6
[CHAIN] 4731855683c7d3d6 -> db348ea5d2b0aeab
[CHAIN] db348ea5d2b0aeab -> 47931d86710fb54a
[CHAIN] 47931d86710fb54a -> 7e91829f08ece36c
[CHAIN] 7e91829f08ece36c -> c877c791badac078
[CHAIN] c877c791badac078 -> 4ba9aad65571ab61
[CHAIN] 4ba9aad65571ab61 -> dac5f97a45840f29
[CHAIN] dac5f97a45840f29 -> f8db140cae36471f
[CHAIN] f8db140cae36471f -> 6735f7ca70e6d812
[CHAIN] 6735f7ca70e6d812 -> c92dc03371723879
[CHAIN] c92dc03371723879 -> 76f3ec765d212465
[CHAIN] 76f3ec765d212465 -> c5ba3ddbd13f9b39
[CHAIN] c5ba3ddbd13f9b39 -> f3ce57fda1170a66
[CHAIN] f3ce57fda1170a66 -> 9ce40561cc15b91d
[CHAIN] 9ce40561cc15b91d -> 4bf3771788652bf1
[CHAIN] 4bf3771788652bf1 -> 7b72413c257d35b6
[CHAIN] 7b72413c257d35b6 -> 615d654c6f3e2a37
[CHAIN] 615d654c6f3e2a37 -> 2f9fd1964d871242
[CHAIN] 2f9fd1964d871242 -> 45a6fccf848e209b
[CHAIN] 45a6fccf848e209b -> 9e7c3b0e085cd271
[CHAIN] 9e7c3b0e085cd271 -> 0d033c6a1efb7c30
[CHAIN] 0d033c6a1efb7c30 -> 80465e4dae5913b7
[CHAIN] 80465e4dae5913b7 -> cc4132b3b8d6e8c0
[CHAIN] cc4132b3b8d6e8c0 -> 559c15f3cb1c591f
[CHAIN] 559c15f3cb1c591f -> 10d3d8b9645ca5cc
[CHAIN] 10d3d8b9645ca5cc -> 9b7ee0dfa536e6dd
[CHAIN] 9b7ee0dfa536e6dd -> ff30695ce3a6c193
[CHAIN] ff30695ce3a6c193 -> a9eb5b375a08c134
[CHAIN] a9eb5b375a08c134 -> 5d4551f41a84921d
[CHAIN] 5d4551f41a84921d -> ff0b6cb5cad28094
[CHAIN] ff0b6cb5cad28094 -> 641f475237936352
[CHAIN] 641f475237936352 -> eeaf916b1fd76533
[CHAIN] eeaf916b1fd76533 -> 98a2d8f8b9b6284d
[CHAIN] 98a2d8f8b9b6284d -> 4dbaa4cdab44cfdc
[CHAIN] 4dbaa4cdab44cfdc -> 29f731ec09d9c5cc
[CHAIN] 29f731ec09d9c5cc -> 238cc86eb2065d4d
[CHAIN] 238cc86eb2065d4d -> 97c069c237d0c808
[CHAIN] 97c069c237d0c808 -> 318d0fb33bd454fa
[CHAIN] 318d0fb33bd454fa -> 924031c2970c2705
[CHAIN] 924031c2970c2705 -> 52aa66b6e23c9832
[CHAIN] 52aa66b6e23c9832 -> 657239eaebe7f4d2
[CHAIN] 657239eaebe7f4d2 -> b57e8460d7c4c876
[CHAIN] b57e8460d7c4c876 -> e036e6f5a607b374
[CHAIN] e036e6f5a607b374 -> f2647fc9da4e74bb
[CHAIN] f2647fc9da4e74bb -> df14c8083ffebf48
[CHAIN] df14c8083ffebf48 -> c5fe09bd3a59ee59
[CHAIN] c5fe09bd3a59ee59 -> 8bb4724f6b17c270
[CHAIN] 8bb4724f6b17c270 -> d41ccbeb5bc5d4e3
[CHAIN] d41ccbeb5bc5d4e3 -> 9fc68d8608f67359
[CHAIN] 9fc68d8608f67359 -> d5d1f945fbe2e006
[CHAIN] d5d1f945fbe2e006 -> a6e0a75414935693
[CHAIN] a6e0a75414935693 -> 8780157256409a48
[CHAIN] 8780157256409a48 -> 3c589a5245c49358
[CHAIN] 3c589a5245c49358 -> 0f6b87e75a3db61a
[CHAIN] 0f6b87e75a3db61a -> f969e37c375aeba1
[CHAIN] f969e37c375aeba1 -> 6228cb3693e4b308
[CHAIN] 6228cb3693e4b308 -> 31c5c9f691e9625d
[CHAIN] 31c5c9f691e9625d -> 16046b6285c02a63
[CHAIN] 16046b6285c02a63 -> be69b05afe329ddd
[CHAIN] be69b05afe329ddd -> 891ce8d57616f11c
[CHAIN] 891ce8d57616f11c -> 4d66148b07275858
[CHAIN] 4d66148b07275858 -> 7a4d8d94ccf7e00f
[CHAIN] 7a4d8d94ccf7e00f -> 14ab6ed8d592f6d3
[CHAIN] 14ab6ed8d592f6d3 -> aaf1a532e91290b6
[CHAIN] aaf1a532e91290b6 -> ba5db1315eb050ad
[CHAIN] ba5db1315eb050ad -> 0543e7e19844b770
[CHAIN] 0543e7e19844b770 -> 4dd8f3225874c4ec
[CHAIN] 4dd8f3225874c4ec -> e058ed3eab3a0270
[CHAIN] e058ed3eab3a0270 -> 9728716a87e89d8c
[CHAIN] 9728716a87e89d8c -> e5e650090d58e11b
[CHAIN] e5e650090d58e11b -> a0d85814009d92c0
[CHAIN] a0d85814009d92c0 -> 1b6f91e7a9377a60
[CHAIN] 1b6f91e7a9377a60 -> d1ca89f73bc8207a
[CHAIN] d1ca89f73bc8207a -> a5a8451fd1b41b4c
[CHAIN] a5a8451fd1b41b4c -> 9cdf0b71f1d7e3c9
[CHAIN] 9cdf0b71f1d7e3c9 -> 234cc155851d841f
[CHAIN] 234cc155851d841f -> fec1defe96959683
[CHAIN] fec1defe96959683 -> 953a71323108789e
[CHAIN] 953a71323108789e -> e95a98d49add4df5
[CHAIN] e95a98d49add4df5 -> 542e61639f16a491
[CHAIN] 542e61639f16a491 -> 3e31b15ff0f408d7
[CHAIN] 3e31b15ff0f408d7 -> 04de611e3453437d
[CHAIN] 04de611e3453437d -> 72b3897fcb2a7ac5
[CHAIN] 72b3897fcb2a7ac5 -> 5340f7878407821b
[CHAIN] 5340f7878407821b -> 607190c71acba445
[CHAIN] 607190c71acba445 -> 328ece43a63c4520
[CHAIN] 328ece43a63c4520 -> c4d4ca5b1a1bfc38
[CHAIN] c4d4ca5b1a1bfc38 -> 666000d395dfad71
[CHAIN] 666000d395dfad71 -> 174ab0321fcc2bf7
[CHAIN] 174ab0321fcc2bf7 -> 9a233032d9afc580
[CHAIN] 9a233032d9afc580 -> 9ae3c9b58372a8ca
[CHAIN] 9ae3c9b58372a8ca -> 38aa51a8e7e8622d
[CHAIN] 38aa51a8e7e8622d -> 92fe66f2a59135f6
[CHAIN] 92fe66f2a59135f6 -> 43626828e38fa946
[CHAIN] 43626828e38fa946 -> 042c17fc5b2f2bbd
[CHAIN] 042c17fc5b2f2bbd -> e0ed98931108df8a
[CHAIN] e0ed98931108df8a -> acd4fb2ceab8d782
[CHAIN] acd4fb2ceab8d782 -> 31eb914131223a04
[CHAIN] 31eb914131223a04 -> 2be7d3f3f2c126c1
[CHAIN] 2be7d3f3f2c126c1 -> 7698fcfda317e842
[CHAIN] 7698fcfda317e842 -> 52c28c1f9a734cb1
[CHAIN] 52c28c1f9a734cb1 -> fe5106289f2add81
[CHAIN] fe5106289f2add81 -> 9bd0efe07ee4f38c
[CHAIN] 9bd0efe07ee4f38c -> 025a3a91aab9dff3
[CHAIN] 025a3a91aab9dff3 -> 94b2bfe89eb8cb99
[CHAIN] 94b2bfe89eb8cb99 -> af22ab41ab91d5af
[CHAIN] af22ab41ab91d5af -> 5af98492e756d38e
[CHAIN] 5af98492e756d38e -> 3c69a07393f95805
[CHAIN] 3c69a07393f95805 -> 7c7adedb729ab7f0
[CHAIN] 7c7adedb729ab7f0 -> 6c10ee1d36f158ff
[CHAIN] 6c10ee1d36f158ff -> 19e25d767284b640
[CHAIN] 19e25d767284b640 -> 5ce4929187aee22c
[CHAIN] 5ce4929187aee22c -> 0e4a9c5cc0653160
[CHAIN] 0e4a9c5cc0653160 -> 1ba1213010ad87c5
[CHAIN] 1ba1213010ad87c5 -> 19fb10c9ea56e0a8
[CHAIN] 19fb10c9ea56e0a8 -> 7626fb2aa1eb1a54
[CHAIN] 7626fb2aa1eb1a54 -> 9de849c9c56e5093
[CHAIN] 9de849c9c56e5093 -> dcea7a59acef2853
[CHAIN] dcea7a59acef2853 -> eb9f7ce016f10170
[CHAIN] eb9f7ce016f10170 -> 0c334567819128c9
[CHAIN] 0c334567819128c9 -> d3af4f4c85265374
[CHAIN] d3af4f4c85265374 -> ea95632cb08bf07b
[CHAIN] ea95632cb08bf07b -> 6efc616030ccb7d6
[CHAIN] 6efc616030ccb7d6 -> f2277790e96deab4
[CHAIN] f2277790e96deab4 -> 5717443197684854
[CHAIN] 5717443197684854 -> c9b29d009e6bab17
[CHAIN] c9b29d009e6bab17 -> 53bb550f522f5fd5
[CHAIN] 53bb550f522f5fd5 -> 9c639cb45859611b
[CHAIN] 9c639cb45859611b -> b3befd5e59f04ea1
[CHAIN] b3befd5e59f04ea1 -> 12ff32bf69a17f74
[CHAIN] 12ff32bf69a17f74 -> d429c081b6c88be9
[CHAIN] d429c081b6c88be9 -> 018af5d41741392e
[CHAIN] 018af5d41741392e -> 6e73b01f1f1480b5
[CHAIN] 6e73b01f1f1480b5 -> b211a6d3c7200968
[CHAIN] b211a6d3c7200968 -> cee7677684c4850a
[CHAIN] cee7677684c4850a -> 866df01607e66fba
[CHAIN] 866df01607e66fba -> 9569722fc812d612
[CHAIN] 9569722fc812d612 -> 3d7e77d393649d06
[CHAIN] 3d7e77d393649d06 -> 4b27e11d5971d385
[CHAIN] 4b27e11d5971d385 -> fe82ed7c7395519c
[CHAIN] fe82ed7c7395519c -> e2f434fad31f0f88
[CHAIN] e2f434fad31f0f88 -> fbc06f8ecd45a664
[CHAIN] fbc06f8ecd45a664 -> 8d6477241b3b8066
[CHAIN] 8d6477241b3b8066 -> 10130da8ef78d434
[CHAIN] 10130da8ef78d434 -> 643e524f7cd149fe
[CHAIN] 643e524f7cd149fe -> 8266d8403e9143b6
[CHAIN] 8266d8403e9143b6 -> 4ba1c4a015e57a8d
[CHAIN] 4ba1c4a015e57a8d -> ee2973fc2262f6d1
[CHAIN] ee2973fc2262f6d1 -> fe322ad3916734ff
[CHAIN] fe322ad3916734ff -> c685049317b2d6ef
[CHAIN] c685049317b2d6ef -> b85ac6dba9c6f169
[CHAIN] b85ac6dba9c6f169 -> 2fbe65f81f3bf2a7
[CHAIN] 2fbe65f81f3bf2a7 -> 2e4f1daf13955c79
[CHAIN] 2e4f1daf13955c79 -> b53f63c625b95087
[CHAIN] b53f63c625b95087 -> 2331fcf50b2934b9
[CHAIN] 2331fcf50b2934b9 -> de45fd515a1ce9e4
[CHAIN] de45fd515a1ce9e4 -> 2f4460d049d51328
[CHAIN] 2f4460d049d51328 -> 709a433521971935
[CHAIN] 709a433521971935 -> 54084bf269527bcd
[CHAIN] 54084bf269527bcd -> 332e5e0c310a38f0
[CHAIN] 332e5e0c310a38f0 -> 53363a94a2544cc4
[CHAIN] 53363a94a2544cc4 -> f22e68ac08cf5cf1
[CHAIN] f22e68ac08cf5cf1 -> 0fd97cfc87d36f52
[CHAIN] 0fd97cfc87d36f52 -> 91a6e680f910f221
[CHAIN] 91a6e680f910f221 -> 681833f140623537
[CHAIN] 681833f140623537 -> 08524fe5751b8d6e
[CHAIN] 08524fe5751b8d6e -> ec3727fe3d1db286
[CHAIN] ec3727fe3d1db286 -> 0a3196bcb0f67571
[CHAIN] 0a3196bcb0f67571 -> 2bfd62827cb8ed7a
[CHAIN] 2bfd62827cb8ed7a -> 137683ade37cf9a5
[CHAIN] 137683ade37cf9a5 -> fe861e1b6142e8cc
[CHAIN] fe861e1b6142e8cc -> dea41824dffab3c2
[CHAIN] dea41824dffab3c2 -> edb572bbddb68379
[CHAIN] edb572bbddb68379 -> 08381e080e4da413
[CHAIN] 08381e080e4da413 -> 100b976b8baae48e
[CHAIN] 100b976b8baae48e -> bd8272d3cda8328d
[CHAIN] bd8272d3cda8328d -> 64ea788d2d94467e
[CHAIN] 64ea788d2d94467e -> 32c0ad52098a5e82
[CHAIN] 32c0ad52098a5e82 -> 6a4ece6918d6f80a
[CHAIN] 6a4ece6918d6f80a -> d83fa3023346502c
[CHAIN] d83fa3023346502c -> 019cf201d2a4e5ab
[CHAIN] 019cf201d2a4e5ab -> b9bd8998134278c7
[CHAIN] b9bd8998134278c7 -> fd93fa7fcb4ddcd8
[CHAIN] fd93fa7fcb4ddcd8 -> 125fd9fd2d304d04
[CHAIN] 125fd9fd2d304d04 -> 2f6d40ac6334a1ff
[CHAIN] 2f6d40ac6334a1ff -> bf867fa7dcf3b9bb
[CHAIN] bf867fa7dcf3b9bb -> 1bf232469d02476d
[CHAIN] 1bf232469d02476d -> 65bbb21750b360bd
[CHAIN] 65bbb21750b360bd -> caddfdc64655a3c2
[CHAIN] caddfdc64655a3c2 -> 12d82e40ade10470
[CHAIN] 12d82e40ade10470 -> 2b9c6e32314733da
[CHAIN] 2b9c6e32314733da -> 507dd0a4c6780c81
[CHAIN] 507dd0a4c6780c81 -> 14a93042c305c10b
[CHAIN] 14a93042c305c10b -> 3f68a0e6cb4276c7
[CHAIN] 3f68a0e6cb4276c7 -> 9c17cad961bbf77f
[CHAIN] 9c17cad961bbf77f -> 5310614dd6759b3b
[CHAIN] 5310614dd6759b3b -> c894b0091390c650
[CHAIN] c894b0091390c650 -> 07da7e83f63555f6
[CHAIN] 07da7e83f63555f6 -> a133dd05c32d0b09
[CHAIN] a133dd05c32d0b09 -> e7ffca3298d1fd2e
[CHAIN] e7ffca3298d1fd2e -> 88dbd98aaa1318e9
[CHAIN] 88dbd98aaa1318e9 -> b41764cdda82ab6d
[CHAIN] b41764cdda82ab6d -> d0b00597c13f2f2b
[CHAIN] d0b00597c13f2f2b -> 1ffd245a029a754c
[CHAIN] 1ffd245a029a754c -> 84660b87e5b58d74
[CHAIN] 84660b87e5b58d74 -> b2a7ab81a8136fd6
[CHAIN] b2a7ab81a8136fd6 -> de055779f61c8827
[CHAIN] de055779f61c8827 -> ffa2efa0b472a98b
[CHAIN] ffa2efa0b472a98b -> 90573b7d454ebe76
[CHAIN] 90573b7d454ebe76 -> fdf2862dc8cc8141
[CHAIN] fdf2862dc8cc8141 -> 29359c463a338115
[CHAIN] 29359c463a338115 -> 6c8dafecb76da81f
[CHAIN] 6c8dafecb76da81f -> 66fcb47c43da62a8
[CHAIN] 66fcb47c43da62a8 -> bc9f51b0a8586d34
[CHAIN] bc9f51b0a8586d34 -> 4a968539c3deae71
[CHAIN] 4a968539c3deae71 -> 96c6fa49cdb44752
[CHAIN] 96c6fa49cdb44752 -> c90f79c5551b76ad
[CHAIN] c90f79c5551b76ad -> de8c3685675bce04
[CHAIN] de8c3685675bce04 -> c804565a8c2af32b
[CHAIN] c804565a8c2af32b -> 6fb3ce53e795fa21
[CHAIN] 6fb3ce53e795fa21 -> 916353153947a377
[CHAIN] 916353153947a377 -> 0058e137a0a66951
[CHAIN] 0058e137a0a66951 -> 6017267662217332
[CHAIN] 6017267662217332 -> ac6a60a4e549fbe4
[CHAIN] ac6a60a4e549fbe4 -> b98ba69a15ab3568
[CHAIN] b98ba69a15ab3568 -> 7723972264f9dd76
[CHAIN] 7723972264f9dd76 -> a0148292455fe6ab
[CHAIN] a0148292455fe6ab -> 2adeb909e4553106
[CHAIN] 2adeb909e4553106 -> ff88aa73b7513831
[CHAIN] ff88aa73b7513831 -> 364fb4bb6304938b
[CHAIN] 364fb4bb6304938b -> 9d6e5ae8611a4957
[CHAIN] 9d6e5ae8611a4957 -> 11eb76c967de0861
[CHAIN] 11eb76c967de0861 -> a75e859b737ba26c
[CHAIN] a75e859b737ba26c -> b878ff9f9f8f5891
[CHAIN] b878ff9f9f8f5891 -> 4591513782b624f3
[CHAIN] 4591513782b624f3 -> ad63230ee5f7a21b
[CHAIN] ad63230ee5f7a21b -> 1fed134a6ff1a3b3
[CHAIN] 1fed134a6ff1a3b3 -> a16e7b6a159c4311
[CHAIN] a16e7b6a159c4311 -> 0d3719618249e43e
[CHAIN] 0d3719618249e43e -> 524a582ef2d337d5
[CHAIN] 524a582ef2d337d5 -> e72e92564b51d774
[CHAIN] e72e92564b51d774 -> 65b758232c0ad9ca
[CHAIN] 65b758232c0ad9ca -> 7e9bf547d7f8ab29
[CHAIN] 7e9bf547d7f8ab29 -> c6fa639ada265881
[CHAIN] c6fa639ada265881 -> b84b2cc8073b8eb2
[CHAIN] b84b2cc8073b8eb2 -> 5f5f48ff2e49e1f3
[CHAIN] 5f5f48ff2e49e1f3 -> 736d504208b09967
[CHAIN] 736d504208b09967 -> df266d21d483ce3f
[CHAIN] df266d21d483ce3f -> 6aab17e4827a583f
[CHAIN] 6aab17e4827a583f -> 82416fd7c4037ab8
[CHAIN] 82416fd7c4037ab8 -> 39686919522f949d
[CHAIN] 39686919522f949d -> 3eb348112ac6d390
[CHAIN] 3eb348112ac6d390 -> 672f63ed41e467ea
[CHAIN] 672f63ed41e467ea -> 65acaceb578ebfcd
[CHAIN] 65acaceb578ebfcd -> 2a6bc1a897cb3f51
[CHAIN] 2a6bc1a897cb3f51 -> 10ab296558e55ef1
[CHAIN] 10ab296558e55ef1 -> 6d03df6300b31654
[CHAIN] 6d03df6300b31654 -> 41b868af7f512b49
[CHAIN] 41b868af7f512b49 -> 061cc6f1d05df091
[CHAIN] 061cc6f1d05df091 -> b651f336b1e91f25
[CHAIN] b651f336b1e91f25 -> 6f3fa2b3b59fc86f
[CHAIN] 6f3fa2b3b59fc86f -> 3162b7919f9c7905
[CHAIN] 3162b7919f9c7905 -> d04aa5bc56b6600d
[CHAIN] d04aa5bc56b6600d -> 62513194ffa5b0de
[CHAIN] 62513194ffa5b0de -> 114eaabaf2265550
[CHAIN] 114eaabaf2265550 -> 36e67d1d0b8c5829
[CHAIN] 36e67d1d0b8c5829 -> eecf9523e070421c
[CHAIN] eecf9523e070421c -> 914c4c414bbd101b
[CHAIN] 914c4c414bbd101b -> 13e404f151102c93
[CHAIN] 13e404f151102c93 -> e85c72c0152449c5
[CHAIN] e85c72c0152449c5 -> 60cc3acc4b987d5d
[CHAIN] 60cc3acc4b987d5d -> 7821ba4859ed94ae
[CHAIN] 7821ba4859ed94ae -> 2aa9bb2ee53b13be
[CHAIN] 2aa9bb2ee53b13be -> c29f2484262d8573
[CHAIN] c29f2484262d8573 -> 26d8ab213a5e0995
[CHAIN] 26d8ab213a5e0995 -> b1ae916268bca23f
[CHAIN] b1ae916268bca23f -> dd146bd4c7d0f525
[CHAIN] dd146bd4c7d0f525 -> a6db8cf4105651bd
[CHAIN] a6db8cf4105651bd -> 28c77ab6f6e0b5b3
[CHAIN] 28c77ab6f6e0b5b3 -> 8db2d2e30564b882
[CHAIN] 8db2d2e30564b882 -> 4b39d80b452ebd85
[CHAIN] 4b39d80b452ebd85 -> bb8386c253e8fde5
[CHAIN] bb8386c253e8fde5 -> 9f0b04bfd235467a
[CHAIN] 9f0b04bfd235467a -> a586c56a3bf7e28f
[CHAIN] a586c56a3bf7e28f -> b3aaedca0c747e2d
[CHAIN] b3aaedca0c747e2d -> ffdc76a6b1db0f71
[CHAIN] ffdc76a6b1db0f71 -> b3b6d03ac2dbee06
[CHAIN] b3b6d03ac2dbee06 -> 9016d2f87bad8baa
[CHAIN] 9016d2f87bad8baa -> 52b515cddf3231fa
[CHAIN] 52b515cddf3231fa -> bb3a9ded39b94be5
[CHAIN] bb3a9ded39b94be5 -> a658095fa1a7ae06
[CHAIN] a658095fa1a7ae06 -> bd201ccb28381919
[CHAIN] bd201ccb28381919 -> 2379df5bee54421e
[CHAIN] 2379df5bee54421e -> 5a610ff7c6d2823f
[CHAIN] 5a610ff7c6d2823f -> 5cf63dc58d7ef8f7
[CHAIN] 5cf63dc58d7ef8f7 -> dc1497b0a9c78aaa
[CHAIN] dc1497b0a9c78aaa -> 55e97adcdb969499
[CHAIN] 55e97adcdb969499 -> 17b1f69eaa095a26
[CHAIN] 17b1f69eaa095a26 -> 0c9908b2c80b2e00
[CHAIN] 0c9908b2c80b2e00 -> a6be6b89fc5bfd15
[CHAIN] a6be6b89fc5bfd15 -> 4f4daee18e98d373
[CHAIN] 4f4daee18e98d373 -> 2327f0a9337b1eb3
[CHAIN] 2327f0a9337b1eb3 -> 6bd714738533a3ad
[CHAIN] 6bd714738533a3ad -> f2b708c3d29df51c
[CHAIN] f2b708c3d29df51c -> 4c2fc3426869dff9
[CHAIN] 4c2fc3426869dff9 -> 74a565be7d674c94
[CHAIN] 74a565be7d674c94 -> 52a51398ed4ed012
[CHAIN] 52a51398ed4ed012 -> a18e2f9fdbab24ef
[CHAIN] a18e2f9fdbab24ef -> 6ea812b55805312b
[CHAIN] 6ea812b55805312b -> 9ad8ab77ebeb3a65
[CHAIN] 9ad8ab77ebeb3a65 -> fb768c92471b4590
[CHAIN] fb768c92471b4590 -> b199f2aa74b8d3c6
[CHAIN] b199f2aa74b8d3c6 -> 8f2e1ae37dafc4d0
[CHAIN] 8f2e1ae37dafc4d0 -> f007f6e72483b2f9
[CHAIN] f007f6e72483b2f9 -> d71a675f34b0c034
[CHAIN] d71a675f34b0c034 -> c4971af14fd0df45
[CHAIN] c4971af14fd0df45 -> d677f98d2e2ada7f
[CHAIN] d677f98d2e2ada7f -> 486893f229ac6c3a
[CHAIN] 486893f229ac6c3a -> 3ea2da869b2231f8
[CHAIN] 3ea2da869b2231f8 -> 0304fa069642802e
[CHAIN] 0304fa069642802e -> af82d915e307490c
[CHAIN] af82d915e307490c -> 5c9bcc24d824154c
[CHAIN] 5c9bcc24d824154c -> f77f21c82fa9ffe3
[CHAIN] f77f21c82fa9ffe3 -> 226e0fc90ef9fac7
[CHAIN] 226e0fc90ef9fac7 -> e13b5c21caa570ec
[CHAIN] e13b5c21caa570ec -> e0e28dd3085dcc51
[CHAIN] e0e28dd3085dcc51 -> 4c8931a65b9810b4
[CHAIN] 4c8931a65b9810b4 -> efa32b4589d4c0e4
[CHAIN] efa32b4589d4c0e4 -> 665404fa8d07fff2
[CHAIN] 665404fa8d07fff2 -> 067e4604faa4add7
[CHAIN] 067e4604faa4add7 -> 3f9d76a973cea0ad
[CHAIN] 3f9d76a973cea0ad -> 1b0e469aa694288a
[CHAIN] 1b0e469aa694288a -> 30585c0b160f78ae
[CHAIN] 30585c0b160f78ae -> 86837a692ee30cb9
[CHAIN] 86837a692ee30cb9 -> 8acceb42b7d573af
[CHAIN] 8acceb42b7d573af -> bf884733c41bc92a
[CHAIN] bf884733c41bc92a -> 04b0cd93786a23c2
[CHAIN] 04b0cd93786a23c2 -> e9631d0769a9e317
[CHAIN] e9631d0769a9e317 -> 73a3e5159fa0da37
[CHAIN] 73a3e5159fa0da37 -> 460f9fbc1ff36d9c
[CHAIN] 460f9fbc1ff36d9c -> 3d4ffbcfcc9de58d
[CHAIN] 3d4ffbcfcc9de58d -> d2e8b6cb44c32b1a
[CHAIN] d2e8b6cb44c32b1a -> 78594b6c3c9a510f
[CHAIN] 78594b6c3c9a510f -> fc033aca52db7d90
[CHAIN] fc033aca52db7d90 -> a2b5461e3c20b556
[CHAIN] a2b5461e3c20b556 -> 5fe85ae0ca70ac9a
[CHAIN] 5fe85ae0ca70ac9a -> adefdbcf151ef6bd
[CHAIN] adefdbcf151ef6bd -> 329a26573b785378
[CHAIN] 329a26573b785378 -> e724e847496be048
[CHAIN] e724e847496be048 -> 3de43c3cce79e79e
[CHAIN] 3de43c3cce79e79e -> 0f26ea7c814162bd
[CHAIN] 0f26ea7c814162bd -> 07872c34176a7854
[CHAIN] 07872c34176a7854 -> ff416e3766d8a633
[CHAIN] ff416e3766d8a633 -> 48555f03c787e609
[CHAIN] 48555f03c787e609 -> b8c99decbd255bef
[CHAIN] b8c99decbd255bef -> f8b2a4275ff629d4
[CHAIN] f8b2a4275ff629d4 -> e83ceb44592560e1
[CHAIN] e83ceb44592560e1 -> b52120057904a298
[CHAIN] b52120057904a298 -> 8f9c13e7edd6eac9
[CHAIN] 8f9c13e7edd6eac9 -> d4346e02e41e2649
[CHAIN] d4346e02e41e2649 -> 3646ada6755b1b11
[CHAIN] 3646ada6755b1b11 -> c3ed146654a0cc55
[CHAIN] c3ed146654a0cc55 -> 30223df3688495b6
[CHAIN] 30223df3688495b6 -> 4fa6deeb4ab84a3a
[CHAIN] 4fa6deeb4ab84a3a -> b6e34939f02ac8a4
[CHAIN] b6e34939f02ac8a4 -> 6062947bd82e7fdc
[CHAIN] 6062947bd82e7fdc -> e210513c03444a94
[CHAIN] e210513c03444a94 -> c8f7aea07a13b5b0
[CHAIN] c8f7aea07a13b5b0 -> 7f1494824153645b
[CHAIN] 7f1494824153645b -> 26fbe7d056f812cf
[CHAIN] 26fbe7d056f812cf -> bb105ac6095e718c
[CHAIN] bb105ac6095e718c -> dd71eac92d77de17
[CHAIN] dd71eac92d77de17 -> 4b7ced46f72ff6f4
[CHAIN] 4b7ced46f72ff6f4 -> a0b2172fcf40067e
[CHAIN] a0b2172fcf40067e -> 5f75afda7a72d511
[CHAIN] 5f75afda7a72d511 -> 64edb53ee9df74be
[CHAIN] 64edb53ee9df74be -> 0c77b257da382bde
[CHAIN] 0c77b257da382bde -> 20abccd6907726d6
[CHAIN] 20abccd6907726d6 -> 1b3086cf2f7bc7ab
[CHAIN] 1b3086cf2f7bc7ab -> 07212c0d246091fe
[CHAIN] 07212c0d246091fe -> 22d6adc93e54202a
[CHAIN] 22d6adc93e54202a -> ce016dffcfd3978c
[CHAIN] ce016dffcfd3978c -> 90c24b0dbb140ad3
[CHAIN] 90c24b0dbb140ad3 -> fe5133e2bb755959
[CHAIN] fe5133e2bb755959 -> 85e19c5b1dbfc05f
[CHAIN] 85e19c5b1dbfc05f -> fe80221a65294212
[CHAIN] fe80221a65294212 -> 77c896306f93c550
[CHAIN] 77c896306f93c550 -> 36a643a52f53b6ed
[CHAIN] 36a643a52f53b6ed -> 2fcc7a82ba3bf06b
[CHAIN] 2fcc7a82ba3bf06b -> 08b5dcdd27498151
[CHAIN] 08b5dcdd27498151 -> d87e189be2772394
[CHAIN] d87e189be2772394 -> c0fbbd5ff6cedfe1
[CHAIN] c0fbbd5ff6cedfe1 -> 6069880797920165
[CHAIN] 6069880797920165 -> 0ef3afa5477156d1
[CHAIN] 0ef3afa5477156d1 -> ba4f04c199642bf1
[CHAIN] ba4f04c199642bf1 -> faf02f09f42804d2
[CHAIN] faf02f09f42804d2 -> 220f8f9f9206dfe1
[CHAIN] 220f8f9f9206dfe1 -> fedc34daa1fd82e8
[CHAIN] fedc34daa1fd82e8 -> 3f976a90d4e80941
[CHAIN] 3f976a90d4e80941 -> 63ff8341d77d787a
[CHAIN] 63ff8341d77d787a -> 08c8186106aa5a07
[CHAIN] 08c8186106aa5a07 -> 2e90c8289b184d18
[CHAIN] 2e90c8289b184d18 -> d04d462fa266daa8
[CHAIN] d04d462fa266daa8 -> 96143b6cb1e1b44e
[CHAIN] 96143b6cb1e1b44e -> 46fcae0b3308f2ce
[CHAIN] 46fcae0b3308f2ce -> e3532d8643dc35b1
[CHAIN] e3532d8643dc35b1 -> a7e5d180d03afd05
[CHAIN] a7e5d180d03afd05 -> 72f710780581862e
[CHAIN] 72f710780581862e -> 5335e983275bb3da
[CHAIN] 5335e983275bb3da -> 03117fdba4364a0c
[CHAIN] 03117fdba4364a0c -> d52081f11ca06ecf
[CHAIN] d52081f11ca06ecf -> 1556bede04c94e62
[CHAIN] 1556bede04c94e62 -> c297dc65e320ec1b
[CHAIN] c297dc65e320ec1b -> 7df738793097b258
[CHAIN] 7df738793097b258 -> f11d603c9951ec60
[CHAIN] f11d603c9951ec60 -> cbdb6324bcfdabc3
[CHAIN] cbdb6324bcfdabc3 -> 3c34e3d81f04f56d
[CHAIN] 3c34e3d81f04f56d -> 6e397d22e908fc22
[CHAIN] 6e397d22e908fc22 -> e074f57596e673a8
[CHAIN] e074f57596e673a8 -> a35d0363cdf7b764
[CHAIN] a35d0363cdf7b764 -> 6461c4b911b3ba21
[CHAIN] 6461c4b911b3ba21 -> 25a2d8066cde579c
[CHAIN] 25a2d8066cde579c -> 94d2b6913fab32ee
[CHAIN] 94d2b6913fab32ee -> 2c921768b4331ea1
[CHAIN] 2c921768b4331ea1 -> fe184dfe398d7363
[CHAIN] fe184dfe398d7363 -> 343d07054f4a7a1e
[CHAIN] 343d07054f4a7a1e -> 609fff17128343d5
[CHAIN] 609fff17128343d5 -> fafb704acb72d1f4
[CHAIN] fafb704acb72d1f4 -> 519a7834778cc637
[CHAIN] 519a7834778cc637 -> a27558faab705c1a
[CHAIN] a27558faab705c1a -> db4c88810bb788b0
[CHAIN] db4c88810bb788b0 -> 45bf264a145c2e4d
[CHAIN] 45bf264a145c2e4d -> 6a606f03d5183b1d
[CHAIN] 6a606f03d5183b1d -> 95dce96ddc32401d
[CHAIN] 95dce96ddc32401d -> 07499c797ba071bb
[CHAIN] 07499c797ba071bb -> 6d32c783a32a7be9
[CHAIN] 6d32c783a32a7be9 -> ff5a2a7fd686b02b
[CHAIN] ff5a2a7fd686b02b -> a3e20c799f064d69
[CHAIN] a3e20c799f064d69 -> af5fa8e62f81d617
[CHAIN] af5fa8e62f81d617 -> 2f5908f99af2e3cf
[CHAIN] 2f5908f99af2e3cf -> edc76b7e08a57fc1
[CHAIN] edc76b7e08a57fc1 -> 61020304e06767fa
[CHAIN] 61020304e06767fa -> e2427aad43dea45f
[CHAIN] e2427aad43dea45f -> bcef2114b79ecbe3
[CHAIN] bcef2114b79ecbe3 -> 322a4d4558a9a6be
[CHAIN] 322a4d4558a9a6be -> 53b8944952682417
[CHAIN] 53b8944952682417 -> e9de9f408e69407d
[CHAIN] e9de9f408e69407d -> 9f33f5dc1472602d
[CHAIN] 9f33f5dc1472602d -> 44c0f9ecd5a0f902
[CHAIN] 44c0f9ecd5a0f902 -> 3b0ee16fce1cafb1
[CHAIN] 3b0ee16fce1cafb1 -> ff02ddeac6b53851
[CHAIN] ff02ddeac6b53851 -> 95e837cb30999376
[CHAIN] 95e837cb30999376 -> dd702316f18ac931
[CHAIN] dd702316f18ac931 -> 366278d9a4f90dd7
[CHAIN] 366278d9a4f90dd7 -> b220c09c6d52db63
[CHAIN] b220c09c6d52db63 -> b99e38516066ef72
[CHAIN] b99e38516066ef72 -> 59064534f2be2305
[CHAIN] 59064534f2be2305 -> 4f43362a7b2414cc
[CHAIN] 4f43362a7b2414cc -> 93555f948d8fcb50
[CHAIN] 93555f948d8fcb50 -> 959efe4e1e41dca7
[CHAIN] 959efe4e1e41dca7 -> 7c83be7d8d356e2c
[CHAIN] 7c83be7d8d356e2c -> acf4a5bc823b4a87
[CHAIN] acf4a5bc823b4a87 -> c8ef3a4bc1fb5d1a
[CHAIN] c8ef3a4bc1fb5d1a -> 6265b70fd7a4cc07
[CHAIN] 6265b70fd7a4cc07 -> d21bb022f391a21b
[CHAIN] d21bb022f391a21b -> 539ceffc5156145a
[CHAIN] 539ceffc5156145a -> 993b8dc4e5f4ac50
[CHAIN] 993b8dc4e5f4ac50 -> 3880bdd6656548fe
[CHAIN] 3880bdd6656548fe -> 1b9093b28b5425ad
[CHAIN] 1b9093b28b5425ad -> b03e3d097ee5b848
[CHAIN] b03e3d097ee5b848 -> 59d713396a7cf417
[CHAIN] 59d713396a7cf417 -> d2a48c456bce2828
[CHAIN] d2a48c456bce2828 -> b28a38bd507769b5
[CHAIN] b28a38bd507769b5 -> d4e40ec392dbddd6
[CHAIN] d4e40ec392dbddd6 -> 5a26c7c789b4db5f
[CHAIN] 5a26c7c789b4db5f -> db5a1b71cdc2fe15
[CHAIN] db5a1b71cdc2fe15 -> f9618207497b4538
[CHAIN] f9618207497b4538 -> a4d18c9eaabc0fb3
[CHAIN] a4d18c9eaabc0fb3 -> e5c7c6f9f1f57fbb
[CHAIN] e5c7c6f9f1f57fbb -> c82cc30e81f516b5
[CHAIN] c82cc30e81f516b5 -> 0c5c44d78538ae7c
[CHAIN] 0c5c44d78538ae7c -> 090f276a52dd9910
[CHAIN] 090f276a52dd9910 -> bd14ecf07c5cda64
[CHAIN] bd14ecf07c5cda64 -> 37e7b8c23381b041
[CHAIN] 37e7b8c23381b041 -> a1dca39421ed0850
[CHAIN] a1dca39421ed0850 -> 70e02530b2a89d5a
[CHAIN] 70e02530b2a89d5a -> 4e108cd6aa28bf40
[CHAIN] 4e108cd6aa28bf40 -> 922076cfbbbae743
[CHAIN] 922076cfbbbae743 -> ede6e9eb83a27a4b
[CHAIN] ede6e9eb83a27a4b -> 39b7eb737c9bd779
[CHAIN] 39b7eb737c9bd779 -> d0b6321bb327dc9b
[CHAIN] d0b6321bb327dc9b -> 9313a488ae935b69
[CHAIN] 9313a488ae935b69 -> 5bfbf18aa2e50298
[CHAIN] 5bfbf18aa2e50298 -> 971fcebeb57721f6
[CHAIN] 971fcebeb57721f6 -> 4204db675f1e4da3
[CHAIN] 4204db675f1e4da3 -> 2efe6dd544cc5455
[CHAIN] 2efe6dd544cc5455 -> 32777f767f3ec2bf
[CHAIN] 32777f767f3ec2bf -> 8fef58a5d071daaa
[CHAIN] 8fef58a5d071daaa -> 373de3d109ece734
[CHAIN] 373de3d109ece734 -> 15c61497cf5d157f
[CHAIN] 15c61497cf5d157f -> 204ce307ea4a764b
[CHAIN] 204ce307ea4a764b -> 93c19878fd54ef44
[CHAIN] 93c19878fd54ef44 -> 43f50c57283cbe94
[CHAIN] 43f50c57283cbe94 -> c91c7f7dadeb7d24
[CHAIN] c91c7f7dadeb7d24 -> 3b7da24b5247c780
[CHAIN] 3b7da24b5247c780 -> 4a20bdfd7b3ec8f6
[CHAIN] 4a20bdfd7b3ec8f6 -> 199b9f7fe69b787c
[CHAIN] 199b9f7fe69b787c -> 070b2aca775b5546
[CHAIN] 070b2aca775b5546 -> 66708a55d622c6c1
[CHAIN] 66708a55d622c6c1 -> 99df9472956aa072
[CHAIN] 99df9472956aa072 -> 24dce75b142427e5
[CHAIN] 24dce75b142427e5 -> d6114f96d1a6533d
[CHAIN] d6114f96d1a6533d -> 0b0e2b79949d62e2
[CHAIN] 0b0e2b79949d62e2 -> b5029da08fb294bf
[CHAIN] b5029da08fb294bf -> 0f6f0ac09f570450
[CHAIN] 0f6f0ac09f570450 -> 067269b3250b005b
[CHAIN] 067269b3250b005b -> f580aa581c5e18b2
[CHAIN] f580aa581c5e18b2 -> 62ca27afd9f6a0b0
[CHAIN] 62ca27afd9f6a0b0 -> e9024def4434837b
[CHAIN] e9024def4434837b -> 1b73a1197752e23b
[CHAIN] 1b73a1197752e23b -> 63a4ec1b4907d22f
[CHAIN] 63a4ec1b4907d22f -> 7bfda587c77586fe
[CHAIN] 7bfda587c77586fe -> a1108379ebcf5f24
[CHAIN] a1108379ebcf5f24 -> 4f5c5c4dfaa0182b
[CHAIN] 4f5c5c4dfaa0182b -> f416a2bbfa22b7ae
[CHAIN] f416a2bbfa22b7ae -> b75be4f7cda6198b
[CHAIN] b75be4f7cda6198b -> bc73cd0db5fcd152
[CHAIN] bc73cd0db5fcd152 -> 8e58e138b277a84c
[CHAIN] 8e58e138b277a84c -> 361c16106ff4d7e7
[CHAIN] 361c16106ff4d7e7 -> 2c787cececb808e2
[CHAIN] 2c787cececb808e2 -> 134c269c61dde040
[CHAIN] 134c269c61dde040 -> 22571a5ca0eb7abb
[CHAIN] 22571a5ca0eb7abb -> 6f04907540aca1ea
[CHAIN] 6f04907540aca1ea -> 0bc50a2ec67933ce
[CHAIN] 0bc50a2ec67933ce -> 0538e58a6a0479c1
[CHAIN] 0538e58a6a0479c1 -> 82778a7a571b141b
[CHAIN] 82778a7a571b141b -> 7caac03f0a72abd5
[CHAIN] 7caac03f0a72abd5 -> 9a257de7ac18656e
[CHAIN] 9a257de7ac18656e -> 18de87b8eec741ff
[CHAIN] 18de87b8eec741ff -> 18c3f175a04765ee
[CHAIN] 18c3f175a04765ee -> d19a80206e2cd80b
[CHAIN] d19a80206e2cd80b -> d38ea50bdfff3a20
[CHAIN] d38ea50bdfff3a20 -> facbc0809c47408d
[CHAIN] facbc0809c47408d -> d89757e881586075
[CHAIN] d89757e881586075 -> 829a46311c59227b
[CHAIN] 829a46311c59227b -> 70be3fc590a99c48
[CHAIN] 70be3fc590a99c48 -> 0065f216518393b5
[CHAIN] 0065f216518393b5 -> e29903b503cf7da6
[CHAIN] e29903b503cf7da6 -> 5d263c3645ef6966
[CHAIN] 5d263c3645ef6966 -> 918772d9eed985bd
[CHAIN] 918772d9eed985bd -> 1900e3ea1ca75485
[CHAIN] 1900e3ea1ca75485 -> cbf0be6cc5761dd6
[CHAIN] cbf0be6cc5761dd6 -> ba7ec87a1e6c4e48
[CHAIN] ba7ec87a1e6c4e48 -> 1d39d4148f9663e2
[CHAIN] 1d39d4148f9663e2 -> 6a2fbafca893415b
[CHAIN] 6a2fbafca893415b -> 49411563044acb83
[CHAIN] 49411563044acb83 -> 3f3626b0aa3e091b
[CHAIN] 3f3626b0aa3e091b -> cda33dba55d2da5b
[CHAIN] cda33dba55d2da5b -> 08bfc503322d0a09
[CHAIN] 08bfc503322d0a09 -> c52d7f944a31924b
[CHAIN] c52d7f944a31924b -> e4a01b7838b3d83f
[CHAIN] e4a01b7838b3d83f -> 2b1cf8e03de6e916
[CHAIN] 2b1cf8e03de6e916 -> f170538a9508f682
[CHAIN] f170538a9508f682 -> de8d8d15100d1748
[CHAIN] de8d8d15100d1748 -> 0a814dbb4b1b8c4b
[CHAIN] 0a814dbb4b1b8c4b -> 46762528f86dad94
[CHAIN] 46762528f86dad94 -> e88545bde9550d8f
[CHAIN] e88545bde9550d8f -> 06178507635a661f
[CHAIN] 06178507635a661f -> 95203145893b3648
[CHAIN] 95203145893b3648 -> 32e9088657220b0a
[CHAIN] 32e9088657220b0a -> 90247b018c865a58
[CHAIN] 90247b018c865a58 -> 192748f15719988b
[CHAIN] 192748f15719988b -> 3d8f4484e685feda
[CHAIN] 3d8f4484e685feda -> 2edd2342389eb673
[CHAIN] 2edd2342389eb673 -> 1a1545be153a3b1a
[CHAIN] 1a1545be153a3b1a -> ddd6eb455fd69262
[CHAIN] ddd6eb455fd69262 -> 93854f03b8b56573
[CHAIN] 93854f03b8b56573 -> 0af5635ac95d8963
[CHAIN] 0af5635ac95d8963 -> d59127779ca09513
[CHAIN] d59127779ca09513 -> cfd9c15a6c8f049f
[CHAIN] cfd9c15a6c8f049f -> 021db307f0d6a5e9
[CHAIN] 021db307f0d6a5e9 -> d26f388e093d5a30
[CHAIN] d26f388e093d5a30 -> 132dee5dc21aebc5
[CHAIN] 132dee5dc21aebc5 -> 65bca3ad59b748d2
[CHAIN] 65bca3ad59b748d2 -> b964ee511345c545
[CHAIN] b964ee511345c545 -> dc286b5c19436554
[CHAIN] dc286b5c19436554 -> 39320aab00006ec1
[CHAIN] 39320aab00006ec1 -> 32349fb75d1c49bb
[CHAIN] 32349fb75d1c49bb -> c8d0a49632339676
[CHAIN] c8d0a49632339676 -> e220d978c7ddb842
[CHAIN] e220d978c7ddb842 -> 378b40e9153596e2
[CHAIN] 378b40e9153596e2 -> c636cebf2cf2609f
[CHAIN] c636cebf2cf2609f -> 0e6c6876c1916d78
[CHAIN] 0e6c6876c1916d78 -> db3521b9ebe50635
[CHAIN] db3521b9ebe50635 -> 8574d5fc9d6773c6
[CHAIN] 8574d5fc9d6773c6 -> 40c6cd72f35181b1
[CHAIN] 40c6cd72f35181b1 -> ccf91ef712efc451
[CHAIN] ccf91ef712efc451 -> 100875201ff1df4e
[CHAIN] 100875201ff1df4e -> ac4796cdf3233daf
[CHAIN] ac4796cdf3233daf -> 918dd435822ad3d3
[CHAIN] 918dd435822ad3d3 -> 1c0b664d675cce74
[CHAIN] 1c0b664d675cce74 -> 9a06e1a225f40436
[CHAIN] 9a06e1a225f40436 -> b00cdbbf9a748e73
[CHAIN] b00cdbbf9a748e73 -> 26e8516444d94574
[CHAIN] 26e8516444d94574 -> ba5b09141f0c96c8
[CHAIN] ba5b09141f0c96c8 -> 9b9e357a279a02be
[CHAIN] 9b9e357a279a02be -> add9d1cbe24a0530
[CHAIN] add9d1cbe24a0530 -> 2d5c7e29279f7e96
[CHAIN] 2d5c7e29279f7e96 -> 45d173952ab5507c
[CHAIN] 45d173952ab5507c -> 631f4005dd0cdf61
[CHAIN] 631f4005dd0cdf61 -> 54d040e37c4109d4
[CHAIN] 54d040e37c4109d4 -> 64d9332497a823b4
[CHAIN] 64d9332497a823b4 -> c61f70c39d1d8265
[CHAIN] c61f70c39d1d8265 -> 1db1f2df400c21f9
[CHAIN] 1db1f2df400c21f9 -> 74b990a66f5acd56
[CHAIN] 74b990a66f5acd56 -> 631c767e6b3ee6b5
[CHAIN] 631c767e6b3ee6b5 -> e414cff56c308b36
[CHAIN] e414cff56c308b36 -> af223d11a1f95570
[CHAIN] af223d11a1f95570 -> 8b32caf4561ce290
[CHAIN] 8b32caf4561ce290 -> fa15e42966de452f
[CHAIN] fa15e42966de452f -> 0658de9396959ff4
[CHAIN] 0658de9396959ff4 -> b1515f289c5a7ac6
[CHAIN] b1515f289c5a7ac6 -> 2f28f447ed8b49ce
[CHAIN] 2f28f447ed8b49ce -> 15b365e826ca211b
[CHAIN] 15b365e826ca211b -> 1753967641096ae3
[CHAIN] 1753967641096ae3 -> c052f0c61e242628
[CHAIN] c052f0c61e242628 -> d24ae594e0d07afa
[CHAIN] d24ae594e0d07afa -> 666f6a2c05bfc12c
[CHAIN] 666f6a2c05bfc12c -> 72321967a287cfb9
[CHAIN] 72321967a287cfb9 -> 2ad3c19aef60cfb5
[CHAIN] 2ad3c19aef60cfb5 -> 2b2b2b333f030a8b
[CHAIN] 2b2b2b333f030a8b -> 74635858954ebee9
[CHAIN] 74635858954ebee9 -> 5d79c02c8248f7a9
[CHAIN] 5d79c02c8248f7a9 -> 1be5c49d0793dd41
[CHAIN] 1be5c49d0793dd41 -> cd0cbeaeec7f1e77
[CHAIN] cd0cbeaeec7f1e77 -> d921fa5956324e0a
[CHAIN] d921fa5956324e0a -> e97e9e2cd460ab7a
[CHAIN] e97e9e2cd460ab7a -> 41c6125b51f86736
[CHAIN] 41c6125b51f86736 -> 363c16075dad620e
[CHAIN] 363c16075dad620e -> 7a9ac691a2cafe08
[CHAIN] 7a9ac691a2cafe08 -> 79a4d91e4c38377b
[CHAIN] 79a4d91e4c38377b -> e301608dce655249
[CHAIN] e301608dce655249 -> d0d71a22ead30712
[CHAIN] d0d71a22ead30712 -> 8146e16dda17977a
[CHAIN] 8146e16dda17977a -> 34f7b9ac644081af
[CHAIN] 34f7b9ac644081af -> 819e1c2cf655976e
[CHAIN] 819e1c2cf655976e -> 6ad2fcc1e50ac1f2
[CHAIN] 6ad2fcc1e50ac1f2 -> 428750f108bd2203
[CHAIN] 428750f108bd2203 -> 1d574ff3ca1af680
[CHAIN] 1d574ff3ca1af680 -> 0f6eebb95a416f17
[CHAIN] 0f6eebb95a416f17 -> 6a95c3f0eafcc427
[CHAIN] 6a95c3f0eafcc427 -> 241234bef523beba
[CHAIN] 241234bef523beba -> ddb1a83255c85445
[CHAIN] ddb1a83255c85445 -> 81e6327b252fafac
[CHAIN] 81e6327b252fafac -> 92d9e1541c37a915
[CHAIN] 92d9e1541c37a915 -> 2cc85e4feb3c2aea
[CHAIN] 2cc85e4feb3c2aea -> 59edca90c03ceb5e
[CHAIN] 59edca90c03ceb5e -> 30c2d4ef27f7f5bf
[CHAIN] 30c2d4ef27f7f5bf -> 078cf69ce14fe1f8
[CHAIN] 078cf69ce14fe1f8 -> fb8001a4363b8da0
[CHAIN] fb8001a4363b8da0 -> 9d0a0de5c4f99094
[CHAIN] 9d0a0de5c4f99094 -> 03ff7fc681459e0c
[CHAIN] 03ff7fc681459e0c -> af95ff2ca26454a4
[CHAIN] af95ff2ca26454a4 -> 8a475cfb55a277fb
[CHAIN] 8a475cfb55a277fb -> 9905feadcfba383a
[CHAIN] 9905feadcfba383a -> 7f30ff5871532677
[CHAIN] 7f30ff5871532677 -> 5aec46a35296b934
[CHAIN] 5aec46a35296b934 -> b0424c9378d04556
[CHAIN] b0424c9378d04556 -> 7dfd89b9a7a44a0c
[CHAIN] 7dfd89b9a7a44a0c -> 494b264bcc82ecd9
[CHAIN] 494b264bcc82ecd9 -> 15c38d49394a8d3d
[CHAIN] 15c38d49394a8d3d -> 093845aca80b8526
[CHAIN] 093845aca80b8526 -> d50ef23584640abd
[CHAIN] d50ef23584640abd -> 0e7a641ce138c02b
[CHAIN] 0e7a641ce138c02b -> 4efc5a8ce29bf17f
[CHAIN] 4efc5a8ce29bf17f -> 6ba6a2258b42c8a9
[CHAIN] 6ba6a2258b42c8a9 -> 776cf70bbd802180
[CHAIN] 776cf70bbd802180 -> ade79a378f9e4456
[CHAIN] ade79a378f9e4456 -> 1a51a61cac9b0a15
[CHAIN] 1a51a61cac9b0a15 -> 1bdd43875dddc0ce
[CHAIN] 1bdd43875dddc0ce -> e1d9181cf1bdc571
[CHAIN] e1d9181cf1bdc571 -> bd56a427904950df
[CHAIN] bd56a427904950df -> 70e7f4b413b3969a
[CHAIN] 70e7f4b413b3969a -> b1b73bcffb35520a
[CHAIN] b1b73bcffb35520a -> ca2fc5ba2153d37f
[CHAIN] ca2fc5ba2153d37f -> 8e7769fbde2e093f
[CHAIN] 8e7769fbde2e093f -> da5c08195b30dab3
[CHAIN] da5c08195b30dab3 -> 4786ba20aba8928d
[CHAIN] 4786ba20aba8928d -> 1b6ef8e617f58513
[CHAIN] 1b6ef8e617f58513 -> 64d39e49ad48cb11
[CHAIN] 64d39e49ad48cb11 -> 8f38dd28301274d4
[CHAIN] 8f38dd28301274d4 -> 308908ba2f72e8dc
[CHAIN] 308908ba2f72e8dc -> 4ad1105872485632
[CHAIN] 4ad1105872485632 -> ec5cc639b9802bbb
[CHAIN] ec5cc639b9802bbb -> 68857acc0ff2bdb9
[CHAIN] 68857acc0ff2bdb9 -> 4ff9ecd35c14d5bf
[CHAIN] 4ff9ecd35c14d5bf -> e2f9522f074b950e
[CHAIN] e2f9522f074b950e -> 345da94e50d712cc
[CHAIN] 345da94e50d712cc -> edcd527909a86592
[CHAIN] edcd527909a86592 -> 9f636910b94d2130
[CHAIN] 9f636910b94d2130 -> 6703e377498b454f
[CHAIN] 6703e377498b454f -> 52aabddfa8610b7e
[CHAIN] 52aabddfa8610b7e -> 41a39447b20c12c1
[CHAIN] 41a39447b20c12c1 -> 2100434299641d1f
[CHAIN] 2100434299641d1f -> 9f4540343b1a21e9
[CHAIN] 9f4540343b1a21e9 -> 97c411af0999ac82
[CHAIN] 97c411af0999ac82 -> 15099dae8f1a4ce7
[CHAIN] 15099dae8f1a4ce7 -> de6a697dc1511a10
[CHAIN] de6a697dc1511a10 -> a47acbf6105b87a5
[CHAIN] a47acbf6105b87a5 -> 39eab25abec76f29
[CHAIN] 39eab25abec76f29 -> 64363f236ff4cba4
[CHAIN] 64363f236ff4cba4 -> 208d226d0c142b8e
[CHAIN] 208d226d0c142b8e -> e7f85f4716af18dd
[CHAIN] e7f85f4716af18dd -> dcf6b0d616689cb0
[CHAIN] dcf6b0d616689cb0 -> 2d568771594ba348
[CHAIN] 2d568771594ba348 -> 443171d37a643827
[CHAIN] 443171d37a643827 -> 0bac98c5ea310478
[CHAIN] 0bac98c5ea310478 -> 29c8b596984c0117
[CHAIN] 29c8b596984c0117 -> 99e0339aac05b6ef
[CHAIN] 99e0339aac05b6ef -> 04f3e4b2ed087085
[CHAIN] 04f3e4b2ed087085 -> c865abf6f0d9b3f4
[CHAIN] c865abf6f0d9b3f4 -> 39db83c5360d3b87
[CHAIN] 39db83c5360d3b87 -> 4e9f079eb8bfb9a7
[CHAIN] 4e9f079eb8bfb9a7 -> 1e97942c2b8a6987
[CHAIN] 1e97942c2b8a6987 -> 824cc1e2d5f7caa8
[CHAIN] 824cc1e2d5f7caa8 -> 79fab22cd9abf5f9
[CHAIN] 79fab22cd9abf5f9 -> c117cc67b9c8b2f4
[CHAIN] c117cc67b9c8b2f4 -> 267735143a34180f
[CHAIN] 267735143a34180f -> 5a4f1dbe4bd0ff03
[CHAIN] 5a4f1dbe4bd0ff03 -> c41164cf345eab25
[CHAIN] c41164cf345eab25 -> 798fa4c09019a2c8
[CHAIN] 798fa4c09019a2c8 -> fef5f701e382f6fe
[CHAIN] fef5f701e382f6fe -> d5221043daa1953e
[CHAIN] d5221043daa1953e -> 227452a54f44177d
[CHAIN] 227452a54f44177d -> 2b36352a62f1fbc3
[CHAIN] 2b36352a62f1fbc3 -> d5ca67926137073d
[CHAIN] d5ca67926137073d -> c2d91493550fd37c
[CHAIN] c2d91493550fd37c -> e1e51ae98922b2e6
[CHAIN] e1e51ae98922b2e6 -> 2c90136b1a346edb
[CHAIN] 2c90136b1a346edb -> 85ccba2595692970
[CHAIN] 85ccba2595692970 -> be2664c4909daf88
[CHAIN] be2664c4909daf88 -> 6c21389abdb1442d
[CHAIN] 6c21389abdb1442d -> 5fd7381e89ee9ca4
[CHAIN] 5fd7381e89ee9ca4 -> f8faa05809b8fda1
[CHAIN] f8faa05809b8fda1 -> f30723c3bce5174e
[CHAIN] f30723c3bce5174e -> e52327bc44d48ebe
[CHAIN] e52327bc44d48ebe -> 0cbb5b1e652f8a64
[CHAIN] 0cbb5b1e652f8a64 -> de40872eb4164390
[CHAIN] de40872eb4164390 -> d6b4874d0bc85460
[CHAIN] d6b4874d0bc85460 -> 1e9db4ceb9518059
[CHAIN] 1e9db4ceb9518059 -> db9b8ef6eeb22015
[CHAIN] db9b8ef6eeb22015 -> 4757cc8f294dd65b
[CHAIN] 4757cc8f294dd65b -> 32f8f7ca2ef957a4
[CHAIN] 32f8f7ca2ef957a4 -> 03223a80b6801136
[CHAIN] 03223a80b6801136 -> 1cb6f3ffa02ec3af
[CHAIN] 1cb6f3ffa02ec3af -> 1f89aced5c4b5971
[CHAIN] 1f89aced5c4b5971 -> 7dc034dd432d73d4
[CHAIN] 7dc034dd432d73d4 -> 674f31838e93ddc1
[CHAIN] 674f31838e93ddc1 -> 9a0ae6a08a0cb432
[CHAIN] 9a0ae6a08a0cb432 -> 121de04cf3d7d114
[CHAIN] 121de04cf3d7d114 -> 685a9781c9b1ba4e
[CHAIN] 685a9781c9b1ba4e -> 3dbab5749a69be06
[CHAIN] 3dbab5749a69be06 -> d3d7242456a21a65
[CHAIN] d3d7242456a21a65 -> 2e8edeb5336680d2
[CHAIN] 2e8edeb5336680d2 -> eb9cc84c86750ba1
[CHAIN] eb9cc84c86750ba1 -> e644c0824c1f616f
[CHAIN] e644c0824c1f616f -> 9f2602434a3eb46f
[CHAIN] 9f2602434a3eb46f -> 060b4fe5b12fea4f
[CHAIN] 060b4fe5b12fea4f -> 8adaf1c4d1b2327a
[CHAIN] 8adaf1c4d1b2327a -> e3b4a8c4221809bf
[CHAIN] e3b4a8c4221809bf -> 2da94bbb4393d010
[CHAIN] 2da94bbb4393d010 -> 3bc81aeff899becb
[CHAIN] 3bc81aeff899becb -> 4c863b5909e15bfb
[CHAIN] 4c863b5909e15bfb -> b1c450fd90c84560
[CHAIN] b1c450fd90c84560 -> fff6b0a74388234d
[CHAIN] fff6b0a74388234d -> fdb6438a1f7725ab
[CHAIN] fdb6438a1f7725ab -> e0184b4f4e915d73
[CHAIN] e0184b4f4e915d73 -> 2a712e832d71b548
[CHAIN] 2a712e832d71b548 -> 0eaaa161cc92d45c
[CHAIN] 0eaaa161cc92d45c -> 86a319e12f194530
[CHAIN] 86a319e12f194530 -> 10cf2827385d6b1c
[CHAIN] 10cf2827385d6b1c -> a788a9e6bab70684
[CHAIN] a788a9e6bab70684 -> 452a02e761214361
[CHAIN] 452a02e761214361 -> 10057247b708358f
[CHAIN] 10057247b708358f -> 4af3a40ecc637f40
[CHAIN] 4af3a40ecc637f40 -> b4d50852bee806b3
[CHAIN] b4d50852bee806b3 -> 287495a7d876ef4d
[CHAIN] 287495a7d876ef4d -> cfea271dbb175932
[CHAIN] cfea271dbb175932 -> 949d8df85fb11eec
[CHAIN] 949d8df85fb11eec -> 96805ba2f68631c2
[CHAIN] 96805ba2f68631c2 -> 9abae756d7868336
[CHAIN] 9abae756d7868336 -> 3798156ea263f0ab
[CHAIN] 3798156ea263f0ab -> 4928d002d17ba889
[CHAIN] 4928d002d17ba889 -> 989f33f37766f4b1
[CHAIN] 989f33f37766f4b1 -> 28fe469b9f447b9e
[CHAIN] 28fe469b9f447b9e -> ff2eace6a3b88d8d
[CHAIN] ff2eace6a3b88d8d -> 73e7cceb6488fbb2
[CHAIN] 73e7cceb6488fbb2 -> ed75f6eb55004b8c
[CHAIN] ed75f6eb55004b8c -> 89a05ad6290bfb93
[CHAIN] 89a05ad6290bfb93 -> c630caf90015f104
[CHAIN] c630caf90015f104 -> 3be5a00d1758fc07
[CHAIN] 3be5a00d1758fc07 -> 3114206ebc16c058
[CHAIN] 3114206ebc16c058 -> 030993ca18834eef
[CHAIN] 030993ca18834eef -> 85ff299926595ec4
[CHAIN] 85ff299926595ec4 -> e0f2f1be50e5d240
[CHAIN] e0f2f1be50e5d240 -> ec5ab4e3fda59163
[CHAIN] ec5ab4e3fda59163 -> aeafd109f42229ee
[CHAIN] aeafd109f42229ee -> b94bb2ff98043d9f
[CHAIN] b94bb2ff98043d9f -> ba7997dd97dac355
[CHAIN] ba7997dd97dac355 -> 54c1d45664112d2e
[CHAIN] 54c1d45664112d2e -> 07b96af2eef347b5
[CHAIN] 07b96af2eef347b5 -> 68a8a3f2078d964c
[CHAIN] 68a8a3f2078d964c -> 38870cc9ca7a2c47
[CHAIN] 38870cc9ca7a2c47 -> c82af197ffe96c72
[CHAIN] c82af197ffe96c72 -> 84849f92a6eb6959
[CHAIN] 84849f92a6eb6959 -> 3ba9d2e1c747037a
[CHAIN] 3ba9d2e1c747037a -> 80624cbb4bda8a94
[CHAIN] 80624cbb4bda8a94 -> f4ed6c1bd81ce448
[CHAIN] f4ed6c1bd81ce448 -> 90bc860416e259ef
[CHAIN] 90bc860416e259ef -> 3a73baa28b6be6fa
[CHAIN] 3a73baa28b6be6fa -> b7113ffa34a0fe28
[CHAIN] b7113ffa34a0fe28 -> 58e4d5eafdbd4092
[CHAIN] 58e4d5eafdbd4092 -> 569a53e19c3b5ce4
[CHAIN] 569a53e19c3b5ce4 -> fedf6a6d83e697f9
[CHAIN] fedf6a6d83e697f9 -> 94c6ae77a8a8c189
[CHAIN] 94c6ae77a8a8c189 -> a802896731b7b439
[CHAIN] a802896731b7b439 -> c434fbd2ab4f2778
[CHAIN] c434fbd2ab4f2778 -> 182f427db96d64d3
[CHAIN] 182f427db96d64d3 -> d9de6db8fe34d097
[CHAIN] d9de6db8fe34d097 -> 06daca7dc631ba1e
[CHAIN] 06daca7dc631ba1e -> 5fcf61a7a6494628
[CHAIN] 5fcf61a7a6494628 -> 8314bd306d6fb15e
[CHAIN] 8314bd306d6fb15e -> b6956506df69a723
[CHAIN] b6956506df69a723 -> 18511d547fae5a30
[CHAIN] 18511d547fae5a30 -> 4adce5ac09abebe5
[CHAIN] 4adce5ac09abebe5 -> d32ff397f5a6463d
[CHAIN] d32ff397f5a6463d -> 6f3473f9a781f692
[CHAIN] 6f3473f9a781f692 -> faf504a607e38b5f
[CHAIN] faf504a607e38b5f -> 7914c8b9e4022d6a
[CHAIN] 7914c8b9e4022d6a -> 844fb01299dd3954
[CHAIN] 844fb01299dd3954 -> b15aa021d69277e6
[CHAIN] b15aa021d69277e6 -> a48d4d4efe50a393
[CHAIN] a48d4d4efe50a393 -> 8825c872703b7859
[CHAIN] 8825c872703b7859 -> cf4f71e04ae392ee
[CHAIN] cf4f71e04ae392ee -> 4674b074383dc791
[CHAIN] 4674b074383dc791 -> 90916459c1ba0f47
[CHAIN] 90916459c1ba0f47 -> f1acf5c3b9f44876
[CHAIN] f1acf5c3b9f44876 -> 7046aad228b52d6e
[CHAIN] 7046aad228b52d6e -> d16adb732827c549
[CHAIN] d16adb732827c549 -> 1cf55faab631a789
[CHAIN] 1cf55faab631a789 -> dbd42f0545a5fc10
[CHAIN] dbd42f0545a5fc10 -> 2d42fee0810eccae
[CHAIN] 2d42fee0810eccae -> 4878b29c9ddb0d7d
[CHAIN] 4878b29c9ddb0d7d -> bb74a78fc06730c3
[CHAIN] bb74a78fc06730c3 -> a3c365a3f1dec79e
[CHAIN] a3c365a3f1dec79e -> 711b394b046141ff
[CHAIN] 711b394b046141ff -> 3b86af9b521aa106
[CHAIN] 3b86af9b521aa106 -> 792a5954470623c8
[CHAIN] 792a5954470623c8 -> 0a62983f799f1a45
[CHAIN] 0a62983f799f1a45 -> ddc805fd4afd0ad0
[CHAIN] ddc805fd4afd0ad0 -> 4354e174955923a0
[CHAIN] 4354e174955923a0 -> e92fa14cdad037fe
[CHAIN] e92fa14cdad037fe -> c405a07a4e8cd94c
[CHAIN] c405a07a4e8cd94c -> f185a3bfb879f85b
[CHAIN] f185a3bfb879f85b -> 762e2a10f429b701
[CHAIN] 762e2a10f429b701 -> 4cbec7f42824d35f
[CHAIN] 4cbec7f42824d35f -> daf17b25fb15719d
[CHAIN] daf17b25fb15719d -> e968fddabdd9d97a
[CHAIN] e968fddabdd9d97a -> ca98635969512e26
[CHAIN] ca98635969512e26 -> 15ba5fd3229b0b67
[CHAIN] 15ba5fd3229b0b67 -> d747d5ab02315309
[CHAIN] d747d5ab02315309 -> 3c129ad9615dd606
[CHAIN] 3c129ad9615dd606 -> 1deaa272875b3eda
[CHAIN] 1deaa272875b3eda -> 83c69d26203efb42
[CHAIN] 83c69d26203efb42 -> c6e7abbce360e96f
[CHAIN] c6e7abbce360e96f -> 6838fff5d8c587d1
[CHAIN] 6838fff5d8c587d1 -> 36ad9f2c574981f0
[CHAIN] 36ad9f2c574981f0 -> 1464142bb4cc2147
[CHAIN] 1464142bb4cc2147 -> 667e99b274060b96
[CHAIN] 667e99b274060b96 -> 142cb3e2b50f9364
[CHAIN] 142cb3e2b50f9364 -> 750872b1a8ac64e8
[CHAIN] 750872b1a8ac64e8 -> 929b7f7b9f98bc15
[CHAIN] 929b7f7b9f98bc15 -> 2dd3bb80aeaf1d55
[CHAIN] 2dd3bb80aeaf1d55 -> 987ecb4e5279f52f
[CHAIN] 987ecb4e5279f52f -> e591fe6b66c0ec1e
[CHAIN] e591fe6b66c0ec1e -> 0c0c4970741314ea
[CHAIN] 0c0c4970741314ea -> 0fb4daee7fe4bc2b
[CHAIN] 0fb4daee7fe4bc2b -> feacc3ce8af83fd9
[CHAIN] feacc3ce8af83fd9 -> 3d5233b9a6f4aa5e
[CHAIN] 3d5233b9a6f4aa5e -> 7a23a6054c530b2f
[CHAIN] 7a23a6054c530b2f -> 448f9e8a90832a22
[CHAIN] 448f9e8a90832a22 -> 81625652cf45d116
[CHAIN] 81625652cf45d116 -> b5564d06c2de9647
[CHAIN] b5564d06c2de9647 -> ad449bccab79226f
[CHAIN] ad449bccab79226f -> 2b2bcf55d84f77dd
[CHAIN] 2b2bcf55d84f77dd -> 7dd033cbb3860ed8
[CHAIN] 7dd033cbb3860ed8 -> bc1729497ed55564
[CHAIN] bc1729497ed55564 -> 300d559157d66542
[CHAIN] 300d559157d66542 -> 9a08c4f4070cff66
[CHAIN] 9a08c4f4070cff66 -> 8c135270741d0488
[CHAIN] 8c135270741d0488 -> 14d536649a8db8ee
[CHAIN] 14d536649a8db8ee -> b4c4378b0a805bb9
[CHAIN] b4c4378b0a805bb9 -> 63cefa244c9019de
[CHAIN] 63cefa244c9019de -> f823ca9aad35ab23
[CHAIN] f823ca9aad35ab23 -> a30c6e215c6c3e12
[CHAIN] a30c6e215c6c3e12 -> 13379ba7bb596714
[CHAIN] 13379ba7bb596714 -> 3c37dab4032455ac
[CHAIN] 3c37dab4032455ac -> 9d8bdc022066701c
[CHAIN] 9d8bdc022066701c -> 558acb4bf326bf54
[CHAIN] 558acb4bf326bf54 -> c3afe2885f20b182
[CHAIN] c3afe2885f20b182 -> 8a849b6b4027a547
[CHAIN] 8a849b6b4027a547 -> 755199b643df123c
[CHAIN] 755199b643df123c -> 97697738a89701f0
[CHAIN] 97697738a89701f0 -> 4d1af14b51eda4d0
[CHAIN] 4d1af14b51eda4d0 -> dc4b06bc9b3a3a90
[CHAIN] dc4b06bc9b3a3a90 -> 33a9b307429b1853
[CHAIN] 33a9b307429b1853 -> 5057a4f66c9ca442
[CHAIN] 5057a4f66c9ca442 -> 9f5ac2b732252585
[CHAIN] 9f5ac2b732252585 -> b31333423e4d2225
[CHAIN] b31333423e4d2225 -> 31dff17f8bdc6a1b
[CHAIN] 31dff17f8bdc6a1b -> 3a46ca290798b5c7
[CHAIN] 3a46ca290798b5c7 -> bd352140911157f4
[CHAIN] bd352140911157f4 -> 9f4b1a4ab015b6c4
[CHAIN] 9f4b1a4ab015b6c4 -> 41ac8db5d1225ec1
[CHAIN] 41ac8db5d1225ec1 -> f6decddf42948e08
[CHAIN] f6decddf42948e08 -> fda3b002f807ab50
[CHAIN] fda3b002f807ab50 -> 504d4b26745c59e8
[CHAIN] 504d4b26745c59e8 -> c71f28a511818b55
[CHAIN] c71f28a511818b55 -> a32a7111857e4260
[CHAIN] a32a7111857e4260 -> af900d9d0fc33b7b
[CHAIN] af900d9d0fc33b7b -> 1259f539f2909dad
[CHAIN] 1259f539f2909dad -> 74dd2f7c297649cb
[CHAIN] 74dd2f7c297649cb -> 8226d02f6b063124
[CHAIN] 8226d02f6b063124 -> afbad29d6cbef0b6
[CHAIN] afbad29d6cbef0b6 -> c280c6b0ba35ef96
[CHAIN] c280c6b0ba35ef96 -> 4c652b8b739a196e
[CHAIN] 4c652b8b739a196e -> 170e3a0d7c4e3b6e
[CHAIN] 170e3a0d7c4e3b6e -> 3df9c9dc7b0e48f0
[CHAIN] 3df9c9dc7b0e48f0 -> 63f8d78d16fa5b8a
[CHAIN] 63f8d78d16fa5b8a -> c40ffddec666b1a9
[CHAIN] c40ffddec666b1a9 -> 9174e42b50fe6b3b
[CHAIN] 9174e42b50fe6b3b -> 96a8c33975433620
[CHAIN] 96a8c33975433620 -> 6d2ed7c6d4d031b1
[CHAIN] 6d2ed7c6d4d031b1 -> 8323634a8605e677
[CHAIN] 8323634a8605e677 -> f1228c33285689ee
[CHAIN] f1228c33285689ee -> a7d3788b8f14faa0
[CHAIN] a7d3788b8f14faa0 -> dbe100677359821d
[CHAIN] dbe100677359821d -> 410da06be0194690
[CHAIN] 410da06be0194690 -> 7ab078a351dfa253
[CHAIN] 7ab078a351dfa253 -> 0122127d08ce8a73
[CHAIN] 0122127d08ce8a73 -> fd2e0920b5483079
[CHAIN] fd2e0920b5483079 -> 7d7a4696a517dc64
[CHAIN] 7d7a4696a517dc64 -> 7b0bab7882374461
[CHAIN] 7b0bab7882374461 -> 9f7a50ca09816f52
[CHAIN] 9f7a50ca09816f52 -> 54ac0d499ededf06
[CHAIN] 54ac0d499ededf06 -> 5a5a6dac9b5e08ad
[CHAIN] 5a5a6dac9b5e08ad -> 5b50163cf8ca8435
[CHAIN] 5b50163cf8ca8435 -> 22cadb49c2668912
[CHAIN] 22cadb49c2668912 -> 4c883e84f60ce05f
[CHAIN] 4c883e84f60ce05f -> 185cf9a1162c3685
[CHAIN] 185cf9a1162c3685 -> b77f3bcc15126196
[CHAIN] b77f3bcc15126196 -> 66b21a622c404d40
[CHAIN] 66b21a622c404d40 -> d33db3fd5714b436
[CHAIN] d33db3fd5714b436 -> b8bde2eed672c7fb
[CHAIN] b8bde2eed672c7fb -> ea9a45039f705b68
[CHAIN] ea9a45039f705b68 -> 0a9b9652ae77b175
[CHAIN] 0a9b9652ae77b175 -> c2daf438ec21a63f
[CHAIN] c2daf438ec21a63f -> caf704ee26727d0e
[CHAIN] caf704ee26727d0e -> 1db9889c5173f98e
[CHAIN] 1db9889c5173f98e -> 196f16097bfdbdda
[CHAIN] 196f16097bfdbdda -> de8aebee560092a2
[CHAIN] de8aebee560092a2 -> 1e1d71e7a4f5cc0a
[CHAIN] 1e1d71e7a4f5cc0a -> 36c40b7109f35a38
[CHAIN] 36c40b7109f35a38 -> b2574f0c23c5bbb5
[CHAIN] b2574f0c23c5bbb5 -> e108d29017d07fcf
[CHAIN] e108d29017d07fcf -> 9032066e6537ab0e
[CHAIN] 9032066e6537ab0e -> a4d5cc114d477273
[CHAIN] a4d5cc114d477273 -> 809923d91e4794ec
[CHAIN] 809923d91e4794ec -> c2e8d6befb587c22
[CHAIN] c2e8d6befb587c22 -> 16fd9badc43684ab
[CHAIN] 16fd9badc43684ab -> 324d7a53b525d63b
[CHAIN] 324d7a53b525d63b -> 084a7aaffcde94f1
[CHAIN] 084a7aaffcde94f1 -> eb06e8446b006263
[CHAIN] eb06e8446b006263 -> 6b98f0f2521963e1
[CHAIN] 6b98f0f2521963e1 -> ed54e482fd5c11c9
[CHAIN] ed54e482fd5c11c9 -> e227945d94dc3955
[CHAIN] e227945d94dc3955 -> 6844260ebb7d97de
[CHAIN] 6844260ebb7d97de -> cb25040d9fbdd891
[CHAIN] cb25040d9fbdd891 -> 930590035e8ecc77
[CHAIN] 930590035e8ecc77 -> 7c6ba5a148151998
[CHAIN] 7c6ba5a148151998 -> 84a1ad0b5b56e2ea
[CHAIN] 84a1ad0b5b56e2ea -> a73bff314efcba73
[CHAIN] a73bff314efcba73 -> 8efb2c3a6f7445c2
[CHAIN] 8efb2c3a6f7445c2 -> c7eff11696ff00a6
[CHAIN] c7eff11696ff00a6 -> e0e0bdaa12979d25
[CHAIN] e0e0bdaa12979d25 -> 90d1dd5b0a0550e5
[CHAIN] 90d1dd5b0a0550e5 -> 5bab75cafd3b9349
[CHAIN] 5bab75cafd3b9349 -> fb0c21a2d6ef7765
[CHAIN] fb0c21a2d6ef7765 -> 8c0c9e0d20a60a79
[CHAIN] 8c0c9e0d20a60a79 -> 09bf6ac60a1b4565
[CHAIN] 09bf6ac60a1b4565 -> e3e8fe7bdb375933
[CHAIN] e3e8fe7bdb375933 -> ed65864cbd9f29e1
[CHAIN] ed65864cbd9f29e1 -> 3cf41860ea471ea7
[CHAIN] 3cf41860ea471ea7 -> d088e3169457834f
[CHAIN] d088e3169457834f -> 21d87e616b252048
[CHAIN] 21d87e616b252048 -> 62a8dbddd757805d
[CHAIN] 62a8dbddd757805d -> ede5138b18cf058e
[CHAIN] ede5138b18cf058e -> 9cc24343c234bfc2
[CHAIN] 9cc24343c234bfc2 -> 899f9d927de369af
[CHAIN] 899f9d927de369af -> a0db8f17843356db
[CHAIN] a0db8f17843356db -> a03c365130c3701b
[CHAIN] a03c365130c3701b -> c67b611c07473b79
[CHAIN] c67b611c07473b79 -> 00de3df07b88767a
[CHAIN] 00de3df07b88767a -> b3c31cd389182786
[CHAIN] b3c31cd389182786 -> bd5a527872d77ce7
[CHAIN] bd5a527872d77ce7 -> 6e564b908fbbd616
[CHAIN] 6e564b908fbbd616 -> d8f5b144c4fd4123
[CHAIN] d8f5b144c4fd4123 -> da970576bf370320
[CHAIN] da970576bf370320 -> a7881af93bf5816e
[CHAIN] a7881af93bf5816e -> 282dc904068b0976
[CHAIN] 282dc904068b0976 -> 3e85f6d3527322b6
[CHAIN] 3e85f6d3527322b6 -> cf2acb5992fe6811
[CHAIN] cf2acb5992fe6811 -> 13633107d25e0279
[CHAIN] 13633107d25e0279 -> 716f29c936547f1e
[CHAIN] 716f29c936547f1e -> 69cbfbc73ae237bf
[CHAIN] 69cbfbc73ae237bf -> 9828772008440f9d
[CHAIN] 9828772008440f9d -> a689da37c2698992
[CHAIN] a689da37c2698992 -> 6b27aabddb8726b9
[CHAIN] 6b27aabddb8726b9 -> 21d681db1fe59f17
[CHAIN] 21d681db1fe59f17 -> 9723128132311974
[CHAIN] 9723128132311974 -> 3dea93c05c734b35
[CHAIN] 3dea93c05c734b35 -> 34ae365c2a4267ca
[CHAIN] 34ae365c2a4267ca -> 98d5175373c340b4
[CHAIN] 98d5175373c340b4 -> 4d9dae7167c7844c
[CHAIN] 4d9dae7167c7844c -> 3f6232db098bc75a
[CHAIN] 3f6232db098bc75a -> f99da192e549ebbd
[CHAIN] f99da192e549ebbd -> 9057e643526f6ff8
[CHAIN] 9057e643526f6ff8 -> 9c823d044300dca7
[CHAIN] 9c823d044300dca7 -> d13b5303f65e0c5f
[CHAIN] d13b5303f65e0c5f -> da2e87427bf6ffe7
[CHAIN] da2e87427bf6ffe7 -> 9f93eea212a6bb5c
[CHAIN] 9f93eea212a6bb5c -> 10f5762f1cfa9487
[CHAIN] 10f5762f1cfa9487 -> 064cb28cbc50e189
[CHAIN] 064cb28cbc50e189 -> 430cb3649aabe96c
[CHAIN] 430cb3649aabe96c -> 6469593d88e8970f
[CHAIN] 6469593d88e8970f -> c628a3158efcd3b2
[CHAIN] c628a3158efcd3b2 -> e12f2583d552abc3
[CHAIN] e12f2583d552abc3 -> 5a100fb250fe2a00
[CHAIN] 5a100fb250fe2a00 -> 10408697e2bac3e2
[CHAIN] 10408697e2bac3e2 -> cb3da65c5986bdb8
[CHAIN] cb3da65c5986bdb8 -> 67d11f156eebcf3e
[CHAIN] 67d11f156eebcf3e -> be5a387aed8f270a
[CHAIN] be5a387aed8f270a -> 4a24a407d9f697e5
[CHAIN] 4a24a407d9f697e5 -> 76ee7f48411f680b
[CHAIN] 76ee7f48411f680b -> a31a83a277d92d0c
[CHAIN] a31a83a277d92d0c -> 32e63692d7bb72d2
[CHAIN] 32e63692d7bb72d2 -> 45ce2543fe664a0c
[CHAIN] 45ce2543fe664a0c -> df5aae0da5baccef
[CHAIN] df5aae0da5baccef -> 9cce13b6065752b2
[CHAIN] 9cce13b6065752b2 -> a9f06a57d8c90081
[CHAIN] a9f06a57d8c90081 -> 68e98bdbc91e8020
[CHAIN] 68e98bdbc91e8020 -> 62648997d69c60d1
[CHAIN] 62648997d69c60d1 -> e40e72e7a4ff58e2
[CHAIN] e40e72e7a4ff58e2 -> 6880c3d7aa98f4f8
[CHAIN] 6880c3d7aa98f4f8 -> a2616d3d2ad8fd3d
[CHAIN] a2616d3d2ad8fd3d -> dce56e813dd897a1
[CHAIN] dce56e813dd897a1 -> a84587581ccaeada
[CHAIN] a84587581ccaeada -> 6fb7d3d943d9bbca
[CHAIN] 6fb7d3d943d9bbca -> 9b598db91b7002f8
[CHAIN] 9b598db91b7002f8 -> 6bb74d33201331d7
[CHAIN] 6bb74d33201331d7 -> 8ac132fd68f3d355
[CHAIN] 8ac132fd68f3d355 -> 5e1af70148789be3
[CHAIN] 5e1af70148789be3 -> f6b8ee4c87ca28ce
[CHAIN] f6b8ee4c87ca28ce -> 1a21c44156a9a915
[CHAIN] 1a21c44156a9a915 -> 9bc4907f8328d57f
[CHAIN] 9bc4907f8328d57f -> d68347aa607f5cc9
[CHAIN] d68347aa607f5cc9 -> 9b7a9bd9c0874c93
[CHAIN] 9b7a9bd9c0874c93 -> 2cad018bc4bd6756
[CHAIN] 2cad018bc4bd6756 -> 0d92bca072af3edf
[CHAIN] 0d92bca072af3edf -> 7f1acdbf30b0c948
[CHAIN] 7f1acdbf30b0c948 -> ccce9d5ae683ebf6
[CHAIN] ccce9d5ae683ebf6 -> e095ea2a98d25483
[CHAIN] e095ea2a98d25483 -> 3d59d258fd1e12db
[CHAIN] 3d59d258fd1e12db -> 766a0271c9a9cf1f
[CHAIN] 766a0271c9a9cf1f -> 91c617d242183456
[CHAIN] 91c617d242183456 -> 839895e35d32b302
[CHAIN] 839895e35d32b302 -> f82d383c0c2ee5a2
[CHAIN] f82d383c0c2ee5a2 -> 4509093fe1e19919
[CHAIN] 4509093fe1e19919 -> 1d388a99a3e148c5
[CHAIN] 1d388a99a3e148c5 -> f8c7c856a6044215
[CHAIN] f8c7c856a6044215 -> 48a4d6d16a77f15c
[CHAIN] 48a4d6d16a77f15c -> a9ec208ddd6b4699
[CHAIN] a9ec208ddd6b4699 -> b515e096e92de07f
[CHAIN] b515e096e92de07f -> fd74bdb1f7b7af80
[CHAIN] fd74bdb1f7b7af80 -> 1d0e50b9dcb21326
[CHAIN] 1d0e50b9dcb21326 -> 45e06970c931234f
[CHAIN] 45e06970c931234f -> 1a7c63b72f9fdf8e
[CHAIN] 1a7c63b72f9fdf8e -> 9e9bb90b5c579b31
[CHAIN] 9e9bb90b5c579b31 -> 469f330f87354efb
[CHAIN] 469f330f87354efb -> 9a584639b9add289
[CHAIN] 9a584639b9add289 -> 7b996664af985e3e
[CHAIN] 7b996664af985e3e -> 113a66e589cbaf1b
[CHAIN] 113a66e589cbaf1b -> d35b34b5dd5b5c30
[CHAIN] d35b34b5dd5b5c30 -> 67b84830478349c4
[CHAIN] 67b84830478349c4 -> 10afca44c3356b8a
[CHAIN] 10afca44c3356b8a -> a39739a7deb0beae
[CHAIN] a39739a7deb0beae -> 476fc4340ec04b7b
[CHAIN] 476fc4340ec04b7b -> 689b268506641755
[CHAIN] 689b268506641755 -> 0eeabba932d088ba
[CHAIN] 0eeabba932d088ba -> 01f1190259e43cca
[CHAIN] 01f1190259e43cca -> 6030379e43efef5d
[CHAIN] 6030379e43efef5d -> 56537b7a84d0207d
[CHAIN] 56537b7a84d0207d -> a04af25f91410254
[CHAIN] a04af25f91410254 -> d8abba786c31bc86
[CHAIN] d8abba786c31bc86 -> d26d8e525f79b016
[CHAIN] d26d8e525f79b016 -> e6f04ad1c5e3dd3e
[CHAIN] e6f04ad1c5e3dd3e -> 2ebbd00ec11a63a7
[CHAIN] 2ebbd00ec11a63a7 -> d2a99dd398c58e4a
[CHAIN] d2a99dd398c58e4a -> 176df52f49315c0e
[CHAIN] 176df52f49315c0e -> 36af18a4056d7ea9
[CHAIN] 36af18a4056d7ea9 -> 0ec440e543881789
[CHAIN] 0ec440e543881789 -> f8ebaa8f5aa05d3b
[CHAIN] f8ebaa8f5aa05d3b -> 196caac7df82563b
[CHAIN] 196caac7df82563b -> f370fe43251756f7
[CHAIN] f370fe43251756f7 -> 50cdcb5498d962cc
[CHAIN] 50cdcb5498d962cc -> aa70c559bb23fc3e
[CHAIN] aa70c559bb23fc3e -> a6331024721fe44a
[CHAIN] a6331024721fe44a -> 0d66c14ba5c62ac9
[CHAIN] 0d66c14ba5c62ac9 -> eda5194b1bf0332b
[CHAIN] eda5194b1bf0332b -> 3483045786cc8bd7
[CHAIN] 3483045786cc8bd7 -> c6cb64bd5e121149
[CHAIN] c6cb64bd5e121149 -> d1c6af8233e2dbcf
[CHAIN] d1c6af8233e2dbcf -> a6fa020f4e121d5b
[CHAIN] a6fa020f4e121d5b -> 9381661e1f8b761e
[CHAIN] 9381661e1f8b761e -> 6a0572d531453712
[CHAIN] 6a0572d531453712 -> 1d2c9de827a788a3
[CHAIN] 1d2c9de827a788a3 -> b9e770af76f2fc0b
[CHAIN] b9e770af76f2fc0b -> 351072d145803974
[CHAIN] 351072d145803974 -> 70c5129de2fcb41b
[CHAIN] 70c5129de2fcb41b -> fc4eace61bdd65ca
[CHAIN] fc4eace61bdd65ca -> a712bb04f109871b
[CHAIN] a712bb04f109871b -> 825875cb5c7e43c7
[CHAIN] 825875cb5c7e43c7 -> 5ac61430e01731f9
[CHAIN] 5ac61430e01731f9 -> 9789d598ee56eb9d
[CHAIN] 9789d598ee56eb9d -> 71a0a73f756b353d
[CHAIN] 71a0a73f756b353d -> ef9234841d8d3f40
[CHAIN] ef9234841d8d3f40 -> dc006e95385bf790
[CHAIN] dc006e95385bf790 -> 33b9540b5778e69b
[CHAIN] 33b9540b5778e69b -> 594a2251d2b44137
[CHAIN] 594a2251d2b44137 -> 7064f6fc630ae82d
[CHAIN] 7064f6fc630ae82d -> 2e297c8b277edb57
[CHAIN] 2e297c8b277edb57 -> baf0de187b7b347f
[CHAIN] baf0de187b7b347f -> 75785e8855aa406e
[CHAIN] 75785e8855aa406e -> 68ba32f640afd2ea
[CHAIN] 68ba32f640afd2ea -> d87dc08ac3ef8b6b
[CHAIN] d87dc08ac3ef8b6b -> a6b20e7ea3990b32
[CHAIN] a6b20e7ea3990b32 -> 8da9336d693eb75b
[CHAIN] 8da9336d693eb75b -> 43f90eb49837f342
[CHAIN] 43f90eb49837f342 -> 53e8ca9ffe81b871
[CHAIN] 53e8ca9ffe81b871 -> 3fead314c8153f2f
[CHAIN] 3fead314c8153f2f -> c3af1bb712899e8a
[CHAIN] c3af1bb712899e8a -> 92215bb981ec10b4
[CHAIN] 92215bb981ec10b4 -> a14b111b59c7a079
[CHAIN] a14b111b59c7a079 -> 477b634a23f0bdad
[CHAIN] 477b634a23f0bdad -> 3c6b26c09ade14e6
[CHAIN] 3c6b26c09ade14e6 -> b8cb9372cc7923aa
[CHAIN] b8cb9372cc7923aa -> ea63ae40d7706ce0
[CHAIN] ea63ae40d7706ce0 -> 75613260ed6577ae
[CHAIN] 75613260ed6577ae -> cd7609ea17a4124c
[CHAIN] cd7609ea17a4124c -> 12d84e556c24d45a
[CHAIN] 12d84e556c24d45a -> ee397403804f592f
[CHAIN] ee397403804f592f -> 9ab9c95db2566070
[CHAIN] 9ab9c95db2566070 -> 228ea7ccba3ac407
[CHAIN] 228ea7ccba3ac407 -> 7fde8d7464716676
[CHAIN] 7fde8d7464716676 -> c1e7403771eb83eb
[CHAIN] c1e7403771eb83eb -> 3bd113d75ae5f316
[CHAIN] 3bd113d75ae5f316 -> 97e327383484cd14
[CHAIN] 97e327383484cd14 -> 00b8e2bb67034aa9
[CHAIN] 00b8e2bb67034aa9 -> a60e7c24b82e920c
[CHAIN] a60e7c24b82e920c -> 1021f9c32292a0a1
[CHAIN] 1021f9c32292a0a1 -> 84019776143c714d
[CHAIN] 84019776143c714d -> 1e5d65f9bd9ff851
[CHAIN] 1e5d65f9bd9ff851 -> 3a14049589751f75
[CHAIN] 3a14049589751f75 -> ca46e4886d6f90d4
[CHAIN] ca46e4886d6f90d4 -> 111107689f825793
[CHAIN] 111107689f825793 -> 8e34395b1dbb6735
[CHAIN] 8e34395b1dbb6735 -> 1c657a0f60b6ec0d
[CHAIN] 1c657a0f60b6ec0d -> 2c782db2211f648b
[CHAIN] 2c782db2211f648b -> cb7e634e1d43da6c
[CHAIN] cb7e634e1d43da6c -> 04b33d14cd225297
[CHAIN] 04b33d14cd225297 -> a3ca68bde542b26f
[CHAIN] a3ca68bde542b26f -> d8b3d4b54e03a9c1
[CHAIN] d8b3d4b54e03a9c1 -> c425df581105d687
[CHAIN] c425df581105d687 -> 5dd7cc643282f7cd
[CHAIN] 5dd7cc643282f7cd -> f695bb4515c79ebf
[CHAIN] f695bb4515c79ebf -> e2a1b7f70bb0eb3a
[CHAIN] e2a1b7f70bb0eb3a -> 726dab01fb561b7d
[CHAIN] 726dab01fb561b7d -> 23438773771a6db0
[CHAIN] 23438773771a6db0 -> 20229b7db53f7dd7
[CHAIN] 20229b7db53f7dd7 -> 1cabd34b746744fc
[CHAIN] 1cabd34b746744fc -> 952616310ad586fa
[CHAIN] 952616310ad586fa -> 16ca2bbf80f9bc17
[CHAIN] 16ca2bbf80f9bc17 -> 25e2e77baa7f58ab
[CHAIN] 25e2e77baa7f58ab -> 9df7ff470fecee4b
[CHAIN] 9df7ff470fecee4b -> 4c04587187d83b68
[CHAIN] 4c04587187d83b68 -> 99c4a34742edc4dc
[CHAIN] 99c4a34742edc4dc -> 76d68b231076af89
[CHAIN] 76d68b231076af89 -> f936f4b9da429646
[CHAIN] f936f4b9da429646 -> 79c77246a01e6012
[CHAIN] 79c77246a01e6012 -> d6d05d3ddd95dad5
[CHAIN] d6d05d3ddd95dad5 -> 74fbec3912854296
[CHAIN] 74fbec3912854296 -> 1b92a58ace672752
[CHAIN] 1b92a58ace672752 -> ff1a99f7b484b3b0
[CHAIN] ff1a99f7b484b3b0 -> 767b78e4e50e86a2
[CHAIN] 767b78e4e50e86a2 -> 6993e067cb467d33
[CHAIN] 6993e067cb467d33 -> cf3092f0d6e7e0fe
[CHAIN] cf3092f0d6e7e0fe -> 44e6b63a715260d6
[CHAIN] 44e6b63a715260d6 -> 2bea791f55dfd17d
[CHAIN] 2bea791f55dfd17d -> 24cbffe6e0b2fadb
[CHAIN] 24cbffe6e0b2fadb -> 5d3ce88103753a65
[CHAIN] 5d3ce88103753a65 -> 4a5fd85e4019f7a6
[CHAIN] 4a5fd85e4019f7a6 -> 424beb2ef610dcb8
[CHAIN] 424beb2ef610dcb8 -> 3c98f165389f479d
[CHAIN] 3c98f165389f479d -> 8ff19cc363f1dbb8
[CHAIN] 8ff19cc363f1dbb8 -> b9c45f0f8c26d462
[CHAIN] b9c45f0f8c26d462 -> 3629d441802b3857
[CHAIN] 3629d441802b3857 -> b86c1299cbdaae3c
[CHAIN] b86c1299cbdaae3c -> 3ef2f6038c118ab3
[CHAIN] 3ef2f6038c118ab3 -> 4590a19091a98581
[CHAIN] 4590a19091a98581 -> 701d4b6ec44c81ae
[CHAIN] 701d4b6ec44c81ae -> 7ad24e854a8a2527
[CHAIN] 7ad24e854a8a2527 -> 8a0568900c717f0d
[CHAIN] 8a0568900c717f0d -> 05beef23b96f6ac6
[CHAIN] 05beef23b96f6ac6 -> fee5831118bcfa75
[CHAIN] fee5831118bcfa75 -> ed739071447e7165
[CHAIN] ed739071447e7165 -> 9a87291ab1e9cfdf
[CHAIN] 9a87291ab1e9cfdf -> b6b94447623c6915
[CHAIN] b6b94447623c6915 -> fbb7b8e97bb751d4
[CHAIN] fbb7b8e97bb751d4 -> 5a43d6f98c10ea6a
[CHAIN] 5a43d6f98c10ea6a -> c26474248d3fa457
[CHAIN] c26474248d3fa457 -> c8475907f540415a
[CHAIN] c8475907f540415a -> 3d75f8323a6cfc29
[CHAIN] 3d75f8323a6cfc29 -> 3ea6f970cdcaac4a
[CHAIN] 3ea6f970cdcaac4a -> 91c17fc5297a4436
[CHAIN] 91c17fc5297a4436 -> 8e2383c2f8af1be8
[CHAIN] 8e2383c2f8af1be8 -> 2e162a893261c329
[CHAIN] 2e162a893261c329 -> 592d65e4853ef4c4
[CHAIN] 592d65e4853ef4c4 -> 5ffff686db9f05b7
[CHAIN] 5ffff686db9f05b7 -> febf008e1ee594e9
[CHAIN] febf008e1ee594e9 -> 424728a8590fe840
[CHAIN] 424728a8590fe840 -> 3e67e89cfccfeceb
[CHAIN] 3e67e89cfccfeceb -> b2feb0027bc0eeff
[CHAIN] b2feb0027bc0eeff -> 12e7d5a71cdb6114
[CHAIN] 12e7d5a71cdb6114 -> 9d0a9aae37c4871e
[CHAIN] 9d0a9aae37c4871e -> 917b53a55d7147b1
[CHAIN] 917b53a55d7147b1 -> f7f100d1559b63d6
[CHAIN] f7f100d1559b63d6 -> 0ef6e4a5fc48ab57
[CHAIN] 0ef6e4a5fc48ab57 -> fe21da8036ca1d93
[CHAIN] fe21da8036ca1d93 -> ca58548141d9cfe2
[CHAIN] ca58548141d9cfe2 -> 65c165776f50e242
[CHAIN] 65c165776f50e242 -> fd3ff16fba8c3efd
[CHAIN] fd3ff16fba8c3efd -> 281a212c10293363
[CHAIN] 281a212c10293363 -> fc2b8c5dba64840d
[CHAIN] fc2b8c5dba64840d -> 2a33125d96f2cacd
[CHAIN] 2a33125d96f2cacd -> c5eb241f84a286d3
[CHAIN] c5eb241f84a286d3 -> ac2117f96c42c0bf
[CHAIN] ac2117f96c42c0bf -> 0183b59379a2acbc
[CHAIN] 0183b59379a2acbc -> 1ec3729a4ff79bf7
[CHAIN] 1ec3729a4ff79bf7 -> 6f1e95a1115b6ef9
[CHAIN] 6f1e95a1115b6ef9 -> 36095c89a5dcd160
[CHAIN] 36095c89a5dcd160 -> c1891ded86bfde7b
[CHAIN] c1891ded86bfde7b -> bc63e9211f89a8b6
[CHAIN] bc63e9211f89a8b6 -> 3fc99bdbfab6c025
[CHAIN] 3fc99bdbfab6c025 -> ab1f13c72c2e97c0
[CHAIN] ab1f13c72c2e97c0 -> 9e33905571049676
[CHAIN] 9e33905571049676 -> 4908373854dac41e
[CHAIN] 4908373854dac41e -> 122be91ccdf785c1
[CHAIN] 122be91ccdf785c1 -> 64b7cca4fa4783bc
[CHAIN] 64b7cca4fa4783bc -> 2abc0015258ea278
[CHAIN] 2abc0015258ea278 -> e7038ae7045ed94a
[CHAIN] e7038ae7045ed94a -> bd6e57066d8ceb6c
[CHAIN] bd6e57066d8ceb6c -> b2db6356527bb7f0
[CHAIN] b2db6356527bb7f0 -> 0a109b2adaf26e43
[CHAIN] 0a109b2adaf26e43 -> 128ae625b99f8f3a
[CHAIN] 128ae625b99f8f3a -> ea82ba0d62748fba
[CHAIN] ea82ba0d62748fba -> 28d829d772b941a1
[CHAIN] 28d829d772b941a1 -> eac476b349ff7eda
[CHAIN] eac476b349ff7eda -> 4547e4a5596c53f6
[CHAIN] 4547e4a5596c53f6 -> 7cdf7006cca4cd3d
[CHAIN] 7cdf7006cca4cd3d -> b47510ddeb3a1d3a
[CHAIN] b47510ddeb3a1d3a -> ededb1039a88e819
[CHAIN] ededb1039a88e819 -> 7cd1a97b1cecf729
[CHAIN] 7cd1a97b1cecf729 -> 51ba724c1cd2b134
[CHAIN] 51ba724c1cd2b134 -> 7da0125b59682394
[CHAIN] 7da0125b59682394 -> 6145da31fe89d647
[CHAIN] 6145da31fe89d647 -> 7842481f50a75274
[CHAIN] 7842481f50a75274 -> 1b8db0db3cd7c38d
[CHAIN] 1b8db0db3cd7c38d -> f209cb9fb937969d
[CHAIN] f209cb9fb937969d -> bbf931d477b236bc
[CHAIN] bbf931d477b236bc -> d0c329f4ab94c712
[CHAIN] d0c329f4ab94c712 -> ab0b05bd0c84157b
[CHAIN] ab0b05bd0c84157b -> 21e321466ebb15db
[CHAIN] 21e321466ebb15db -> ce8f8ede192e9ab7
[CHAIN] ce8f8ede192e9ab7 -> aabf654646c70c1b
[CHAIN] aabf654646c70c1b -> acdb5d72861e61e8
[CHAIN] acdb5d72861e61e8 -> 1c029e982e04d563
[CHAIN] 1c029e982e04d563 -> d23e6eaaa0b1c135
[CHAIN] d23e6eaaa0b1c135 -> 4d1e6c9c87b80f86
[CHAIN] 4d1e6c9c87b80f86 -> 2e8bd54e1479b2bc
[CHAIN] 2e8bd54e1479b2bc -> 85b9942d381b5024
[CHAIN] 85b9942d381b5024 -> cfc9aa23b0c5e747
[CHAIN] cfc9aa23b0c5e747 -> bc13db1b665af581
[CHAIN] bc13db1b665af581 -> 0831e408e757fabe
[CHAIN] 0831e408e757fabe -> e8076b023e2c60bd
[CHAIN] e8076b023e2c60bd -> e861a42c4496c42d
[CHAIN] e861a42c4496c42d -> 2b5e63b83c0c09fd
[CHAIN] 2b5e63b83c0c09fd -> f29d9a20694e5552
[CHAIN] f29d9a20694e5552 -> e53470c5c37ba52a
[CHAIN] e53470c5c37ba52a -> 8abe42624d7c97d4
[CHAIN] 8abe42624d7c97d4 -> e9be3bb9dea8cf15
[CHAIN] e9be3bb9dea8cf15 -> d8a7dad021b2e1a6
[CHAIN] d8a7dad021b2e1a6 -> fa8793336352f9d5
[CHAIN] fa8793336352f9d5 -> 0f208eb4eca53a2e
[CHAIN] 0f208eb4eca53a2e -> b64888f02aafcdf4
[CHAIN] b64888f02aafcdf4 -> eb5b3aed375f0850
[CHAIN] eb5b3aed375f0850 -> 828571d23c64f507
[CHAIN] 828571d23c64f507 -> d83506cb83ff992e
[CHAIN] d83506cb83ff992e -> 2016fdf4cc0f90e9
[CHAIN] 2016fdf4cc0f90e9 -> 8bc1e3ed54f6c579
[CHAIN] 8bc1e3ed54f6c579 -> cb8fdf4ece773edf
[CHAIN] cb8fdf4ece773edf -> c65efd486896d73a
[CHAIN] c65efd486896d73a -> 527d65426d67677f
[CHAIN] 527d65426d67677f -> 977903fa0c9fb52d
[CHAIN] 977903fa0c9fb52d -> 321a932fba7d33f2
[CHAIN] 321a932fba7d33f2 -> dc0aa6c15be06910
[CHAIN] dc0aa6c15be06910 -> 1c29a8465fa1ffe2
[CHAIN] 1c29a8465fa1ffe2 -> 8e8779e8207aabde
[CHAIN] 8e8779e8207aabde -> 17a8857c4b6ea66c
[CHAIN] 17a8857c4b6ea66c -> c0571ace89fb366d
[CHAIN] c0571ace89fb366d -> d8bc81d082ef6e49
[CHAIN] d8bc81d082ef6e49 -> 977acb23acb9efd3
[CHAIN] 977acb23acb9efd3 -> 37e05ceae22a5af8
[CHAIN] 37e05ceae22a5af8 -> ce92d2a992d3b344
[CHAIN] ce92d2a992d3b344 -> bb477786428046f9
[CHAIN] bb477786428046f9 -> 3e475ad53a38a5f9
[CHAIN] 3e475ad53a38a5f9 -> 5bc0bad19c075924
[CHAIN] 5bc0bad19c075924 -> 797da41d960b6652
[CHAIN] 797da41d960b6652 -> bb340fd706213726
[CHAIN] bb340fd706213726 -> ea70247e79650f95
[CHAIN] ea70247e79650f95 -> 4b4c1589512aa286
[CHAIN] 4b4c1589512aa286 -> f1a8cb64b0a225c3
[CHAIN] f1a8cb64b0a225c3 -> 4254194d4899e0f3
[CHAIN] 4254194d4899e0f3 -> 61816f3dc0f9b435
[CHAIN] 61816f3dc0f9b435 -> c03192532f81b3c8
[CHAIN] c03192532f81b3c8 -> 78c52a15ae3551c7
[CHAIN] 78c52a15ae3551c7 -> 769694697ce38904
[CHAIN] 769694697ce38904 -> 03d243961ae0ffec
[CHAIN] 03d243961ae0ffec -> 3ecf1d076030c0bd
[CHAIN] 3ecf1d076030c0bd -> 7cf2e4df0d4184fe
[CHAIN] 7cf2e4df0d4184fe -> f39eb982a31c0da7
[CHAIN] f39eb982a31c0da7 -> bdda1228ac630b04
[CHAIN] bdda1228ac630b04 -> 52e63a4dc1794b21
[CHAIN] 52e63a4dc1794b21 -> c2764f89bd96ab2f
[CHAIN] c2764f89bd96ab2f -> 9443182d711e735e
[CHAIN] 9443182d711e735e -> c1afab3bc7b9b84b
[CHAIN] c1afab3bc7b9b84b -> 5556d78d06a44120
[CHAIN] 5556d78d06a44120 -> 8e536faa79173833
[CHAIN] 8e536faa79173833 -> 6005b6e2d0d0b669
[CHAIN] 6005b6e2d0d0b669 -> bdf7c9e0eef0c9b8
[CHAIN] bdf7c9e0eef0c9b8 -> 509a43852faea843
[CHAIN] 509a43852faea843 -> c93c3dc5fe4f660f
[CHAIN] c93c3dc5fe4f660f -> f76886ca0ff3fa13
[CHAIN] f76886ca0ff3fa13 -> 9c6bd53efd15098e
[CHAIN] 9c6bd53efd15098e -> dd3aa92f72d2602f
[CHAIN] dd3aa92f72d2602f -> 2a332ed299988a94
[CHAIN] 2a332ed299988a94 -> 9e1345d84db0a289
[CHAIN] 9e1345d84db0a289 -> f10f06a13e7b1fa1
[CHAIN] f10f06a13e7b1fa1 -> 0fd8d1be2e7e0d4b
[CHAIN] 0fd8d1be2e7e0d4b -> 07ddd2b710b6c27f
[CHAIN] 07ddd2b710b6c27f -> 2e0596bb7c7452b9
[CHAIN] 2e0596bb7c7452b9 -> 635e087c58170a15
[CHAIN] 635e087c58170a15 -> a342c8f12e3f75d1
[CHAIN] a342c8f12e3f75d1 -> e14175f025333540
[CHAIN] e14175f025333540 -> f7ecff6c5a87bc8a
[CHAIN] f7ecff6c5a87bc8a -> 9e4a61b3c6203d63
[CHAIN] 9e4a61b3c6203d63 -> 6193cca4b7844e79
[CHAIN] 6193cca4b7844e79 -> eb2d6567ddc956fd
[CHAIN] eb2d6567ddc956fd -> b280d9cd032b6dac
[CHAIN] b280d9cd032b6dac -> aaefa3e1036df000
[CHAIN] aaefa3e1036df000 -> 4fb3599e09e6ed93
[CHAIN] 4fb3599e09e6ed93 -> b6716bc6be648fea
[CHAIN] b6716bc6be648fea -> 973fcc82976997f8
[CHAIN] 973fcc82976997f8 -> a53973dc15a291ed
[CHAIN] a53973dc15a291ed -> 4d22d2a6b91c8678
[CHAIN] 4d22d2a6b91c8678 -> 6ddead7c919cd7c3
[CHAIN] 6ddead7c919cd7c3 -> e94f9d5380375e50
[CHAIN] e94f9d5380375e50 -> 8f40b1b023f95f70
[CHAIN] 8f40b1b023f95f70 -> 59256731d528f6b8
[CHAIN] 59256731d528f6b8 -> 963aa3501dabdba9
[CHAIN] 963aa3501dabdba9 -> bc5dc10d3c21b89b
[CHAIN] bc5dc10d3c21b89b -> 7acbf93734c9529e
[CHAIN] 7acbf93734c9529e -> 477fe28b11410f82
[CHAIN] 477fe28b11410f82 -> 6e5748418ce74996
[CHAIN] 6e5748418ce74996 -> 38e781bd43371c33
[CHAIN] 38e781bd43371c33 -> 4907c125e97641fd
[CHAIN] 4907c125e97641fd -> 858a075d05c92350
[CHAIN] 858a075d05c92350 -> 809a84ab145fcaa6
[CHAIN] 809a84ab145fcaa6 -> 0a46fd4ab52c451a
[CHAIN] 0a46fd4ab52c451a -> 0786a74e69b429df
[CHAIN] 0786a74e69b429df -> f59f21d76186d17a
[CHAIN] f59f21d76186d17a -> 35139340e523545b
[CHAIN] 35139340e523545b -> e6d003fe06b6e936
[CHAIN] e6d003fe06b6e936 -> 2587c94961fc4cd2
[CHAIN] 2587c94961fc4cd2 -> 21704a0854e24f30
[CHAIN] 21704a0854e24f30 -> 4fd11506282cdef5
[CHAIN] 4fd11506282cdef5 -> a59000700a825118
[CHAIN] a59000700a825118 -> 42e58ccf7f0a722f
[CHAIN] 42e58ccf7f0a722f -> a2a932af3b50d756
[CHAIN] a2a932af3b50d756 -> 3c74170b9526980d
[CHAIN] 3c74170b9526980d -> 09d123d0a7b01144
[CHAIN] 09d123d0a7b01144 -> 7c52ad7d2b6ec900
[CHAIN] 7c52ad7d2b6ec900 -> ed9580b01fb0fc59
[CHAIN] ed9580b01fb0fc59 -> 2a2149154c99221d
[CHAIN] 2a2149154c99221d -> 5a8ad83416ca71f0
[CHAIN] 5a8ad83416ca71f0 -> 4bfbb8d2c2842eb2
[CHAIN] 4bfbb8d2c2842eb2 -> 27f6c1b837a22be3
[CHAIN] 27f6c1b837a22be3 -> 60148afc37f35256
[CHAIN] 60148afc37f35256 -> 24c68ea9b2f7ff8a
[CHAIN] 24c68ea9b2f7ff8a -> 92fcca8405a65029
[CHAIN] 92fcca8405a65029 -> a19519218cc4f530
[CHAIN] a19519218cc4f530 -> 42f45ef04182309f
[CHAIN] 42f45ef04182309f -> 23ab62297c89746d
[CHAIN] 23ab62297c89746d -> c3ba9fb540c0dac0
[CHAIN] c3ba9fb540c0dac0 -> b48042e0935277fe
[CHAIN] b48042e0935277fe -> d21c4297f43bb519
[CHAIN] d21c4297f43bb519 -> eead999a7ac2cdc8
[CHAIN] eead999a7ac2cdc8 -> 3f1b27c1350ef145
[CHAIN] 3f1b27c1350ef145 -> a34471b6caf222b2
[CHAIN] a34471b6caf222b2 -> f84a108a961283e8
[CHAIN] f84a108a961283e8 -> 832450c1811402f9
[CHAIN] 832450c1811402f9 -> 0c06fd6dca47e317
[CHAIN] 0c06fd6dca47e317 -> 2830206373613a8a
[CHAIN] 2830206373613a8a -> a82f0c6c1af2d1f9
[CHAIN] a82f0c6c1af2d1f9 -> 116404de4e1ba494
[CHAIN] 116404de4e1ba494 -> 7ce7efc19c3581b2
[CHAIN] 7ce7efc19c3581b2 -> 779b6aed7d4f5aac
[CHAIN] 779b6aed7d4f5aac -> 985920d9ebaa0809
[CHAIN] 985920d9ebaa0809 -> 22b93b468c9c2922
[CHAIN] 22b93b468c9c2922 -> 504713c5705c1e47
[CHAIN] 504713c5705c1e47 -> 295d35a80796a4a5
[CHAIN] 295d35a80796a4a5 -> 22656dd8990cfb07
[CHAIN] 22656dd8990cfb07 -> d3acbe9df246e265
[CHAIN] d3acbe9df246e265 -> 3900327e5c83e5e3
[CHAIN] 3900327e5c83e5e3 -> 1bedb0ae074fbb6b
[CHAIN] 1bedb0ae074fbb6b -> c3d3b19f123dc173
[CHAIN] c3d3b19f123dc173 -> 1e8da97d05ade857
[CHAIN] 1e8da97d05ade857 -> 07447c8129499740
[CHAIN] 07447c8129499740 -> 1a6230f5a316fa5d
[CHAIN] 1a6230f5a316fa5d -> 0cc38ca0cb1867bf
[CHAIN] 0cc38ca0cb1867bf -> 3d684b09e6da85c5
[CHAIN] 3d684b09e6da85c5 -> 13fc7472329c1878
[CHAIN] 13fc7472329c1878 -> 38e01050d1a050ca
[CHAIN] 38e01050d1a050ca -> fefe610b115507db
[CHAIN] fefe610b115507db -> a3e21a1bf4f0b356
[CHAIN] a3e21a1bf4f0b356 -> 583d978294a76037
[CHAIN] 583d978294a76037 -> d3de0039df37ae7e
[CHAIN] d3de0039df37ae7e -> bb6a4a255e62cce6
[CHAIN] bb6a4a255e62cce6 -> 266a2a14da0da33b
[CHAIN] 266a2a14da0da33b -> 8325305ebad4cb7a
[CHAIN] 8325305ebad4cb7a -> 0dcb7249ec51c2da
[CHAIN] 0dcb7249ec51c2da -> 14d805ccc911b9b0
[CHAIN] 14d805ccc911b9b0 -> 656ddfda97e6bef5
[CHAIN] 656ddfda97e6bef5 -> 65ebfd7923f9a151
[CHAIN] 65ebfd7923f9a151 -> 7828e7188ca27c13
[CHAIN] 7828e7188ca27c13 -> fd2399637203a4e2
[CHAIN] fd2399637203a4e2 -> bc7f1c4d9bb83dd7
[CHAIN] bc7f1c4d9bb83dd7 -> 9aa52ff278384b26
[CHAIN] 9aa52ff278384b26 -> ed3ea7d9b3c1f677
[CHAIN] ed3ea7d9b3c1f677 -> 8a2591cbc587a2a5
[CHAIN] 8a2591cbc587a2a5 -> 5270a078ecbc92a9
[CHAIN] 5270a078ecbc92a9 -> 7dd796138b978339
[CHAIN] 7dd796138b978339 -> 2149f04ee060db2a
[CHAIN] 2149f04ee060db2a -> 5a3541b0b7157ef8
[CHAIN] 5a3541b0b7157ef8 -> a0f069b1dbb0d3ad
[CHAIN] a0f069b1dbb0d3ad -> 9d321f48736d58b5
[CHAIN] 9d321f48736d58b5 -> ab2ea48cca0c7d72
[CHAIN] ab2ea48cca0c7d72 -> b09e9d59e76e28b7
[CHAIN] b09e9d59e76e28b7 -> 4506b1022eb59bf2
[CHAIN] 4506b1022eb59bf2 -> ea102ea6ff0f261a
[CHAIN] ea102ea6ff0f261a -> 7089e4ec86719dd9
[CHAIN] 7089e4ec86719dd9 -> d261d72f56abeaeb
[CHAIN] d261d72f56abeaeb -> de535a35012222db
[CHAIN] de535a35012222db -> 815c089942a2d010
[CHAIN] 815c089942a2d010 -> 7fb61ca39af8628a
[CHAIN] 7fb61ca39af8628a -> 35231056ecac9ca2
[CHAIN] 35231056ecac9ca2 -> b8bf4e2351205152
[CHAIN] b8bf4e2351205152 -> 72a35a59a8d564cd
[CHAIN] 72a35a59a8d564cd -> f1bb781ade404061
[CHAIN] f1bb781ade404061 -> eedf99fccd7482b0
[CHAIN] eedf99fccd7482b0 -> e86473b4475f104d
[CHAIN] e86473b4475f104d -> 15156b6cd6d75b96
[CHAIN] 15156b6cd6d75b96 -> 000e1f02b28f7a4a
[CHAIN] 000e1f02b28f7a4a -> 3c226378f11f0d06
[CHAIN] 3c226378f11f0d06 -> a463e22fffb6abce
[CHAIN] a463e22fffb6abce -> 1e82b49ee388577c
[CHAIN] 1e82b49ee388577c -> 8cdcd122443be6cb
[CHAIN] 8cdcd122443be6cb -> 68afb754f546fbbf
[CHAIN] 68afb754f546fbbf -> 5f838965ee797faa
[CHAIN] 5f838965ee797faa -> b2a4064429dd4b4a
[CHAIN] b2a4064429dd4b4a -> 7957982530b3e84d
[CHAIN] 7957982530b3e84d -> c1f137aea6954210
[CHAIN] c1f137aea6954210 -> 22760093749adaa7
[CHAIN] 22760093749adaa7 -> ab4cd1671b938001
[CHAIN] ab4cd1671b938001 -> cb5f0eb4b5df3842
[CHAIN] cb5f0eb4b5df3842 -> 49043d783fab3908
[CHAIN] 49043d783fab3908 -> 67c6645480c9d134
[CHAIN] 67c6645480c9d134 -> 2f640c6e8d78fd97
[CHAIN] 2f640c6e8d78fd97 -> 2b9a7d1741298cee
[CHAIN] 2b9a7d1741298cee -> ff0b2dfccb73dc12
[CHAIN] ff0b2dfccb73dc12 -> d9c4f52217de1399
[CHAIN] d9c4f52217de1399 -> dddc97f162741c9b
[CHAIN] dddc97f162741c9b -> 3c6f4c1c6f0ea5cc
[CHAIN] 3c6f4c1c6f0ea5cc -> 20b11fd1f67b3aac
[CHAIN] 20b11fd1f67b3aac -> d3a8311b80c01534
[CHAIN] d3a8311b80c01534 -> 42afe4727448810a
[CHAIN] 42afe4727448810a -> 1bc6ccd7a340baa1
[CHAIN] 1bc6ccd7a340baa1 -> c6b60d33f9ecfd07
[CHAIN] c6b60d33f9ecfd07 -> 6733b2b14086eeea
[CHAIN] 6733b2b14086eeea -> 358b8c62b1941310
[CHAIN] 358b8c62b1941310 -> 989c81e189ae5b29
[CHAIN] 989c81e189ae5b29 -> dcd34e0c02afa35d
[CHAIN] dcd34e0c02afa35d -> 15cff306a1a1d383
[CHAIN] 15cff306a1a1d383 -> f19b71c64f79b54b
[CHAIN] f19b71c64f79b54b -> 6349c3e268b84690
[CHAIN] 6349c3e268b84690 -> 3d9b298d05691711
[CHAIN] 3d9b298d05691711 -> e87a4b65ad8b2390
[CHAIN] e87a4b65ad8b2390 -> 731b0c2790a223b4
[CHAIN] 731b0c2790a223b4 -> 46b0bedd39a1654f
[CHAIN] 46b0bedd39a1654f -> a22a018f6c99ab13
[CHAIN] a22a018f6c99ab13 -> a6f70f75b3aec84b
[CHAIN] a6f70f75b3aec84b -> a09fd523dbe18ca7
[CHAIN] a09fd523dbe18ca7 -> 8b1b7d6c090f026e
[CHAIN] 8b1b7d6c090f026e -> eae8836c3623a34f
[CHAIN] eae8836c3623a34f -> f65bce7c9f8f6fd0
[CHAIN] f65bce7c9f8f6fd0 -> c85ca4378ec22448
[CHAIN] c85ca4378ec22448 -> f916cce54dcd983f
[CHAIN] f916cce54dcd983f -> 86922a6560240e86
[CHAIN] 86922a6560240e86 -> 8cb773e48449520b
[CHAIN] 8cb773e48449520b -> 76118486c0375f4b
[CHAIN] 76118486c0375f4b -> 2f95e9e748e46483
[CHAIN] 2f95e9e748e46483 -> a91f25e92beb54f8
[CHAIN] a91f25e92beb54f8 -> 801207316fb98b85
[CHAIN] 801207316fb98b85 -> db3583700f144051
[CHAIN] db3583700f144051 -> c2b4d67e079924e1
[CHAIN] c2b4d67e079924e1 -> 84a0a41af948115e
[CHAIN] 84a0a41af948115e -> 455d7766acc46105
[CHAIN] 455d7766acc46105 -> 8e0a5fe337ec0f51
[CHAIN] 8e0a5fe337ec0f51 -> 2f05f2a13b1b6494
[CHAIN] 2f05f2a13b1b6494 -> 95b50e0b0447aa77
[CHAIN] 95b50e0b0447aa77 -> 513c5b5e8c39cd8b
[CHAIN] 513c5b5e8c39cd8b -> b4bc8d739b60175a
[CHAIN] b4bc8d739b60175a -> 4f646cd394902620
[CHAIN] 4f646cd394902620 -> 6940fb6ddf69c877
[CHAIN] 6940fb6ddf69c877 -> 61a9ce498f208354
[CHAIN] 61a9ce498f208354 -> 96b8e24ede5965c9
[CHAIN] 96b8e24ede5965c9 -> e710690b72935279
[CHAIN] e710690b72935279 -> 4dc85e0d3f3647b4
[CHAIN] 4dc85e0d3f3647b4 -> 661c9469b142323b
[CHAIN] 661c9469b142323b -> 93e9b214817ef152
[CHAIN] 93e9b214817ef152 -> 74e0ae913c7b4d1c
[CHAIN] 74e0ae913c7b4d1c -> 3a430dda87d31eb9
[CHAIN] 3a430dda87d31eb9 -> ebcfc12e63e19232
[CHAIN] ebcfc12e63e19232 -> 0d27cf3e522a7a82
[CHAIN] 0d27cf3e522a7a82 -> 03abb4db8779dbe8
[CHAIN] 03abb4db8779dbe8 -> 3f3280abf85ebc7c
[CHAIN] 3f3280abf85ebc7c -> cbe976d0651bcbd3
[CHAIN] cbe976d0651bcbd3 -> 0e776785a5b328f5
[CHAIN] 0e776785a5b328f5 -> bc7e5721dea95db2
[CHAIN] bc7e5721dea95db2 -> 19db88c0dd77fa78
[CHAIN] 19db88c0dd77fa78 -> d890c1830d3ffe36
[CHAIN] d890c1830d3ffe36 -> dc8b080630fd2c65
[CHAIN] dc8b080630fd2c65 -> f41c2b55774c99c1
[CHAIN] f41c2b55774c99c1 -> 5aedcc80a2c259e0
[CHAIN] 5aedcc80a2c259e0 -> 8cfb97371a8c08f6
[CHAIN] 8cfb97371a8c08f6 -> bbe8074f8dd5b1d1
[CHAIN] bbe8074f8dd5b1d1 -> a8ee3b382f1d860c
[CHAIN] a8ee3b382f1d860c -> 443725885697c766
[CHAIN] 443725885697c766 -> 3ddae1105f11bd72
[CHAIN] 3ddae1105f11bd72 -> 1decf1ce3509550e
[CHAIN] 1decf1ce3509550e -> 9dba1f8e25ea5029
[CHAIN] 9dba1f8e25ea5029 -> 90ff41de1e83efa4
[CHAIN] 90ff41de1e83efa4 -> 9f0c90bc9da8e82c
[CHAIN] 9f0c90bc9da8e82c -> a6e43b3ee8de2cf4
[CHAIN] a6e43b3ee8de2cf4 -> 3ed10acdbacc2395
[CHAIN] 3ed10acdbacc2395 -> 888d2ec0dfc8d909
[CHAIN] 888d2ec0dfc8d909 -> 88c15ba3fd55af5c
[CHAIN] 88c15ba3fd55af5c -> 5860166035c53ea9
[CHAIN] 5860166035c53ea9 -> 2d85cc07f523d3ca
[CHAIN] 2d85cc07f523d3ca -> f5582e8b6369e080
[CHAIN] f5582e8b6369e080 -> a20153dad33a7c37
[CHAIN] a20153dad33a7c37 -> d2c6ef39ff10dd7f
[CHAIN] d2c6ef39ff10dd7f -> c2f2c1740ac4473f
[CHAIN] c2f2c1740ac4473f -> 4a4eeb3760b0a5fb
[CHAIN] 4a4eeb3760b0a5fb -> d4bee67e6658997d
[CHAIN] d4bee67e6658997d -> c7a8ba566d1ed941
[CHAIN] c7a8ba566d1ed941 -> 5a66995d9b941905
[CHAIN] 5a66995d9b941905 -> bc46dd39fe7b16d8
[CHAIN] bc46dd39fe7b16d8 -> 960bbd22cd2fe8d7
[CHAIN] 960bbd22cd2fe8d7 -> 35451c6a96f3c1b1
[CHAIN] 35451c6a96f3c1b1 -> 5a682dcd1204c990
[CHAIN] 5a682dcd1204c990 -> ada8c38e33c4a73b
[CHAIN] ada8c38e33c4a73b -> 0b1854755dfaa207
[CHAIN] 0b1854755dfaa207 -> 8e0ddc20d386e225
[CHAIN] 8e0ddc20d386e225 -> 52e7d71a76761b2a
[CHAIN] 52e7d71a76761b2a -> 82531477aeddae76
[CHAIN] 82531477aeddae76 -> b4fc4aa3d350b2a3
[CHAIN] b4fc4aa3d350b2a3 -> 0407ff39e5bfdbae
[CHAIN] 0407ff39e5bfdbae -> 25f12de0faa88964
[CHAIN] 25f12de0faa88964 -> 200f554c9994be6a
[CHAIN] 200f554c9994be6a -> 8122269e9734c9f9
[CHAIN] 8122269e9734c9f9 -> 52c2fe5fedabf847
[CHAIN] 52c2fe5fedabf847 -> b436bc7b835272af
[CHAIN] b436bc7b835272af -> 37129d3f881e8dff
[CHAIN] 37129d3f881e8dff -> b157c5a725ddd86b
[CHAIN] b157c5a725ddd86b -> b34d027e1d6f3c24
[CHAIN] b34d027e1d6f3c24 -> e6f22da83065695b
[CHAIN] e6f22da83065695b -> 61551e00111a0c18
[CHAIN] 61551e00111a0c18 -> a9306cae7c895af2
[CHAIN] a9306cae7c895af2 -> 862c3632e1d48507
[CHAIN] 862c3632e1d48507 -> 8cec00d709c798e4
[CHAIN] 8cec00d709c798e4 -> c1e49fbe6283d5ec
[CHAIN] c1e49fbe6283d5ec -> ed72b3cd3a974998
[CHAIN] ed72b3cd3a974998 -> 40e66e270bf0fdef
[CHAIN] 40e66e270bf0fdef -> 58511e6ddde99ee9
[CHAIN] 58511e6ddde99ee9 -> 83053c9470629948
[CHAIN] 83053c9470629948 -> 7cae0fc33006ec5b
[CHAIN] 7cae0fc33006ec5b -> 2dcde6ec36fac533
[CHAIN] 2dcde6ec36fac533 -> 5c8e852fa45674ec
[CHAIN] 5c8e852fa45674ec -> 5a57f25292b2a976
[CHAIN] 5a57f25292b2a976 -> 26e89d220838e15f
[CHAIN] 26e89d220838e15f -> 458a7d658b1a7575
[CHAIN] 458a7d658b1a7575 -> 637140aa9340c01e
[CHAIN] 637140aa9340c01e -> bf88392198749948
[CHAIN] bf88392198749948 -> 67cfc35eab9953c0
[CHAIN] 67cfc35eab9953c0 -> 4615b4e8690e7e22
[CHAIN] 4615b4e8690e7e22 -> 7fe94e93e0cfd97d
[CHAIN] 7fe94e93e0cfd97d -> 1ced0cabf73e2238
[CHAIN] 1ced0cabf73e2238 -> 0aab5f880f5d82fe
[CHAIN] 0aab5f880f5d82fe -> 7d93ccb6cee7c4fd
[CHAIN] 7d93ccb6cee7c4fd -> ae2f46c7ac7fe997
[CHAIN] ae2f46c7ac7fe997 -> 42e03f4cf2dd1896
[CHAIN] 42e03f4cf2dd1896 -> f2c157943fbdbde8
[CHAIN] f2c157943fbdbde8 -> 4386f37890126543
[CHAIN] 4386f37890126543 -> 4015e50881159321
[CHAIN] 4015e50881159321 -> 3f29571876c65ece
[CHAIN] 3f29571876c65ece -> 287bbd2a96ad7d5e
[CHAIN] 287bbd2a96ad7d5e -> 85d5862f0a1aedd1
[CHAIN] 85d5862f0a1aedd1 -> 5ec0e4395e65a7d2
[CHAIN] 5ec0e4395e65a7d2 -> 737a4b8fea460f07
[CHAIN] 737a4b8fea460f07 -> f0aa94ac0f3ce0fe
[CHAIN] f0aa94ac0f3ce0fe -> f5003b58e711f199
[CHAIN] f5003b58e711f199 -> 7fdc2d7652224d4c
[CHAIN] 7fdc2d7652224d4c -> 69e3c30519b291df
[CHAIN] 69e3c30519b291df -> aa4a33323a0bb3a7
[CHAIN] aa4a33323a0bb3a7 -> 1a8e1012e66dea6b
[CHAIN] 1a8e1012e66dea6b -> 066f191d7ffaabc9
[CHAIN] 066f191d7ffaabc9 -> d04f805b5c59def6
[CHAIN] d04f805b5c59def6 -> 9e907a59d98ec5da
[CHAIN] 9e907a59d98ec5da -> 9de5ca27718ca466
[CHAIN] 9de5ca27718ca466 -> 2731b79f2a09a812
[CHAIN] 2731b79f2a09a812 -> 838cf296ee60de19
[CHAIN] 838cf296ee60de19 -> 09d1554382b84804
[CHAIN] 09d1554382b84804 -> 09aff13874d12393
[CHAIN] 09aff13874d12393 -> ce484382198a33c8
[CHAIN] ce484382198a33c8 -> ef9df7379afdb63c
[CHAIN] ef9df7379afdb63c -> e350df965da6e796
[CHAIN] e350df965da6e796 -> 6d325879d5150ef9
[CHAIN] 6d325879d5150ef9 -> 66157e66653eb43c
[CHAIN] 66157e66653eb43c -> 88858cce23b1aabb
[CHAIN] 88858cce23b1aabb -> aa7b3435659bbb91
[CHAIN] aa7b3435659bbb91 -> 1b03d44a8a1aa5fa
[CHAIN] 1b03d44a8a1aa5fa -> 43cc4d0f2420e778
[CHAIN] 43cc4d0f2420e778 -> 913f26e589d592b7
[CHAIN] 913f26e589d592b7 -> 7b81efd577dee724
[CHAIN] 7b81efd577dee724 -> 515e703e195148a1
[CHAIN] 515e703e195148a1 -> d93902a4650828d7
[CHAIN] d93902a4650828d7 -> 9f00104d13d10331
[CHAIN] 9f00104d13d10331 -> e8a6134e943e063c
[CHAIN] e8a6134e943e063c -> 49b09f252b9e3d85
[CHAIN] 49b09f252b9e3d85 -> 47368fbe65b6e77f
[CHAIN] 47368fbe65b6e77f -> 354880f59e7c7cea
[CHAIN] 354880f59e7c7cea -> b168df07ee0f88d2
[CHAIN] b168df07ee0f88d2 -> a08fd17d65b56a85
[CHAIN] a08fd17d65b56a85 -> 88c33c4f0ea0c90a
[CHAIN] 88c33c4f0ea0c90a -> 63a271ef502e290c
[CHAIN] 63a271ef502e290c -> 9b6be56d5329270a
[CHAIN] 9b6be56d5329270a -> 380af805a41bf0ca
[CHAIN] 380af805a41bf0ca -> 9659360a0880fbc2
[CHAIN] 9659360a0880fbc2 -> 42dcadcf82f332d9
[CHAIN] 42dcadcf82f332d9 -> 8b50129590c125f8
[CHAIN] 8b50129590c125f8 -> 9d0039a9476eac7c
[CHAIN] 9d0039a9476eac7c -> 2ede00341b14706b
[CHAIN] 2ede00341b14706b -> a3dafcdb0d1339ec
[CHAIN] a3dafcdb0d1339ec -> a4c22d9182a8bb7e
[CHAIN] a4c22d9182a8bb7e -> 7ae1db9b41311967
[CHAIN] 7ae1db9b41311967 -> a2bb4ca1e91ca851
[CHAIN] a2bb4ca1e91ca851 -> e8bd5c3806649e77
[CHAIN] e8bd5c3806649e77 -> 30437862a4474228
[CHAIN] 30437862a4474228 -> 4f78067d48476445
[CHAIN] 4f78067d48476445 -> c52246a3cfd2dcb1
[CHAIN] c52246a3cfd2dcb1 -> f1bb30799828003a
[CHAIN] f1bb30799828003a -> 73aa9f7b3fa12c0a
[CHAIN] 73aa9f7b3fa12c0a -> 3e88a05b05ce3fe6
[CHAIN] 3e88a05b05ce3fe6 -> fd2d288610f4f331
[CHAIN] fd2d288610f4f331 -> 4c8aa217ae895f74
[CHAIN] 4c8aa217ae895f74 -> 0b3e7ea96be0fa8c
[CHAIN] 0b3e7ea96be0fa8c -> ec0d8a42a0e49063
[CHAIN] ec0d8a42a0e49063 -> e37ff1c512b8e3c0
[CHAIN] e37ff1c512b8e3c0 -> ee93f3340498cfb4
[CHAIN] ee93f3340498cfb4 -> 554781e4ec0db40a
[CHAIN] 554781e4ec0db40a -> f1f65b5de1ef7e16
[CHAIN] f1f65b5de1ef7e16 -> 24c73101add4355d
[CHAIN] 24c73101add4355d -> 0cd9bf88eb6d4519
[CHAIN] 0cd9bf88eb6d4519 -> 74e3a5d41502efbc
[CHAIN] 74e3a5d41502efbc -> b695dc764798582e
[CHAIN] b695dc764798582e -> dc148d83446e30af
[CHAIN] dc148d83446e30af -> f09dcdff0ad73eba
[CHAIN] f09dcdff0ad73eba -> 12203bff3f62bf18
[CHAIN] 12203bff3f62bf18 -> 2e4f8df3f84650fb
[CHAIN] 2e4f8df3f84650fb -> 22832df3b32f83ae
[CHAIN] 22832df3b32f83ae -> f2f3ee5307d2d083
[CHAIN] f2f3ee5307d2d083 -> 06948be42df8ea34
[CHAIN] 06948be42df8ea34 -> 65ec565c53ca6259
[CHAIN] 65ec565c53ca6259 -> fb0dcef596a891a5
[CHAIN] fb0dcef596a891a5 -> 3e982b200632aeb0
[CHAIN] 3e982b200632aeb0 -> 40c8a4968a3c66f2
[CHAIN] 40c8a4968a3c66f2 -> 337b012cb57044cd
[CHAIN] 337b012cb57044cd -> 734f1e8aa190ff69
[CHAIN] 734f1e8aa190ff69 -> e34d6d87198fcaa4
[CHAIN] e34d6d87198fcaa4 -> ce0bf4003f99a4e6
[CHAIN] ce0bf4003f99a4e6 -> 63671c82ad6f9165
[CHAIN] 63671c82ad6f9165 -> 82b64fe4da2359f2
[CHAIN] 82b64fe4da2359f2 -> 9d17930375efa1d2
[CHAIN] 9d17930375efa1d2 -> fceba5f47271ea30
[CHAIN] fceba5f47271ea30 -> abec7bde9a104bce
[CHAIN] abec7bde9a104bce -> a599e41a8568fd7f
[CHAIN] a599e41a8568fd7f -> 40d71791482725b2
[CHAIN] 40d71791482725b2 -> 72c80947af0d0f44
[CHAIN] 72c80947af0d0f44 -> e2536425e41c7b0b
[CHAIN] e2536425e41c7b0b -> f62cdec95f74540a
[CHAIN] f62cdec95f74540a -> a21697f0c35cbba2
[CHAIN] a21697f0c35cbba2 -> 604e6adbbee79862
[CHAIN] 604e6adbbee79862 -> c7df8dee349489ad
[CHAIN] c7df8dee349489ad -> aa63c5a0baba21d2
[CHAIN] aa63c5a0baba21d2 -> 462a7aa1293e3fed
[CHAIN] 462a7aa1293e3fed -> 11d63e859b13c8b5
[CHAIN] 11d63e859b13c8b5 -> 0584ee03e9d4622a
[CHAIN] 0584ee03e9d4622a -> d8fe5028f4de1179
[CHAIN] d8fe5028f4de1179 -> 18280c72aabb11f3
[CHAIN] 18280c72aabb11f3 -> 8fb89119e1614a1c
[CHAIN] 8fb89119e1614a1c -> cd20541338777dcb
[CHAIN] cd20541338777dcb -> f79dceb2283b5c2c
[CHAIN] f79dceb2283b5c2c -> fd319441a78f6e44
[CHAIN] fd319441a78f6e44 -> 61ac0a2742c1302b
[CHAIN] 61ac0a2742c1302b -> e329418d1665605f
[CHAIN] e329418d1665605f -> e304c951750d6529
[CHAIN] e304c951750d6529 -> 3303b56573675208
[CHAIN] 3303b56573675208 -> 3618f6c6b38ceeb0
[CHAIN] 3618f6c6b38ceeb0 -> 9c9eba75de68039b
[CHAIN] 9c9eba75de68039b -> 5bf509ab5fe2bb48
[CHAIN] 5bf509ab5fe2bb48 -> 290aa67ae06f9f97
[CHAIN] 290aa67ae06f9f97 -> 1acbb03ebdf90d9b
[CHAIN] 1acbb03ebdf90d9b -> 913409d14f714a07
[CHAIN] 913409d14f714a07 -> 1a4cd706117e6b62
[CHAIN] 1a4cd706117e6b62 -> 1ac70cd44ec0b966
[CHAIN] 1ac70cd44ec0b966 -> 8f81d563f3875099
[CHAIN] 8f81d563f3875099 -> dd0121681adbe664
[CHAIN] dd0121681adbe664 -> 57f726bf67140929
[CHAIN] 57f726bf67140929 -> b8993cb288148492
[CHAIN] b8993cb288148492 -> d0a9d4d867f9501b
[CHAIN] d0a9d4d867f9501b -> 12ab2f8d7306de64
[CHAIN] 12ab2f8d7306de64 -> 8b88ff77bf9d0066
[CHAIN] 8b88ff77bf9d0066 -> 215372178e6d858b
[CHAIN] 215372178e6d858b -> b64ab68d361bd346
[CHAIN] b64ab68d361bd346 -> 726deb3fd3f28f51
[CHAIN] 726deb3fd3f28f51 -> 43ab66663de844d3
[CHAIN] 43ab66663de844d3 -> 1457d5ffc54a50af
[CHAIN] 1457d5ffc54a50af -> 31998a7b905359a5
[CHAIN] 31998a7b905359a5 -> d71c4b39a0e68dcd
[CHAIN] d71c4b39a0e68dcd -> e69487c0a8480fb0
[CHAIN] e69487c0a8480fb0 -> 32a8533bbe01825d
[CHAIN] 32a8533bbe01825d -> 1c3e7e29c57cd7f6
[CHAIN] 1c3e7e29c57cd7f6 -> 07936602b79a7f68
[CHAIN] 07936602b79a7f68 -> 99bfe449c46807f6
[CHAIN] 99bfe449c46807f6 -> a2592adb7932eead
[CHAIN] a2592adb7932eead -> a6f5f9245ffff56e
[CHAIN] a6f5f9245ffff56e -> 0a6bf5df7da9d72d
[CHAIN] 0a6bf5df7da9d72d -> 40dea4b211cdd195
[CHAIN] 40dea4b211cdd195 -> 854dcccc943e48e6
[CHAIN] 854dcccc943e48e6 -> 9877984244b49d59
[CHAIN] 9877984244b49d59 -> 3ed3e56df4b57ac7
[CHAIN] 3ed3e56df4b57ac7 -> 6aaeeb3d41a7c6e1
[CHAIN] 6aaeeb3d41a7c6e1 -> 567157f91b18c27d
[CHAIN] 567157f91b18c27d -> 323ec3a624009a95
[CHAIN] 323ec3a624009a95 -> 70b1a88e5122928f
[CHAIN] 70b1a88e5122928f -> 828f1aa0a9852ef3
[CHAIN] 828f1aa0a9852ef3 -> b79ff22c3951923a
[CHAIN] b79ff22c3951923a -> 040a66e9c706be0a
[CHAIN] 040a66e9c706be0a -> 9291fb742f8804e4
[CHAIN] 9291fb742f8804e4 -> 20615bc88869b3e0
[CHAIN] 20615bc88869b3e0 -> 1939891c7ce0ef9f
[CHAIN] 1939891c7ce0ef9f -> 79c79e0475f2493f
[CHAIN] 79c79e0475f2493f -> fd96794fd5b63828
[CHAIN] fd96794fd5b63828 -> 5cc05870fca8d7c1
[CHAIN] 5cc05870fca8d7c1 -> 5aa2407cbebb6658
[CHAIN] 5aa2407cbebb6658 -> d8de53339b944ae6
[CHAIN] d8de53339b944ae6 -> 9792720532cb4015
[CHAIN] 9792720532cb4015 -> 51c91745fb95bc75
[CHAIN] 51c91745fb95bc75 -> 9aba37ed5b3e2f06
[CHAIN] 9aba37ed5b3e2f06 -> 388913b471a264bd
[CHAIN] 388913b471a264bd -> 5d59e72dbc5c362f
[CHAIN] 5d59e72dbc5c362f -> dcd82521295fa6bf
[CHAIN] dcd82521295fa6bf -> 64dad90903f9a91d
[CHAIN] 64dad90903f9a91d -> 7f4a9cf1c74c67bb
[CHAIN] 7f4a9cf1c74c67bb -> d7f2cbfb1714ee83
[CHAIN] d7f2cbfb1714ee83 -> a5597f79036ece2c
[CHAIN] a5597f79036ece2c -> d682be3bf785963e
[CHAIN] d682be3bf785963e -> a7c00ba9c89966b4
[CHAIN] a7c00ba9c89966b4 -> 5f9dd79c413c149d
[CHAIN] 5f9dd79c413c149d -> da3e6981d262e75f
[CHAIN] da3e6981d262e75f -> 75cc4de6243880cf
[CHAIN] 75cc4de6243880cf -> cf0a8d9667914c3d
[CHAIN] cf0a8d9667914c3d -> 9b1cca819a2d5d60
[CHAIN] 9b1cca819a2d5d60 -> 9041575e0826c936
[CHAIN] 9041575e0826c936 -> 02174f349aa26e92
[CHAIN] 02174f349aa26e92 -> a00f3b5ac2924825
[CHAIN] a00f3b5ac2924825 -> 4c7d78e019274fb0
[CHAIN] 4c7d78e019274fb0 -> 79571dcc24ea8eaa
[CHAIN] 79571dcc24ea8eaa -> 2fcb36e160e4cfac
[CHAIN] 2fcb36e160e4cfac -> e7895e315feaf40e
[CHAIN] e7895e315feaf40e -> e01fb83f663309ba
[CHAIN] e01fb83f663309ba -> a8168ab46e2d994b
[CHAIN] a8168ab46e2d994b -> 63a5d6cf9b0f6d84
[CHAIN] 63a5d6cf9b0f6d84 -> c2a33b54a7dcc19c
[CHAIN] c2a33b54a7dcc19c -> 76941ea1e7df9bd1
[CHAIN] 76941ea1e7df9bd1 -> fc7b773fec4a3d58
[CHAIN] fc7b773fec4a3d58 -> efbb1dbc4f0d219f
[CHAIN] efbb1dbc4f0d219f -> a999c6753542cd35
[CHAIN] a999c6753542cd35 -> 41efd27b69857ce1
[CHAIN] 41efd27b69857ce1 -> 86548444ce4038af
[CHAIN] 86548444ce4038af -> 7025408fbd5c881b
[CHAIN] 7025408fbd5c881b -> e691d6664f5250a9
[CHAIN] e691d6664f5250a9 -> 1274c3e6afd55840
[CHAIN] 1274c3e6afd55840 -> 38a64b4a8ceae810
[CHAIN] 38a64b4a8ceae810 -> 38f8d1d94ccc4dab
[CHAIN] 38f8d1d94ccc4dab -> a3ba70951a359b3a
[CHAIN] a3ba70951a359b3a -> 9f02f0c30f5caca1
[CHAIN] 9f02f0c30f5caca1 -> 0398a0b45ce9c8c8
[CHAIN] 0398a0b45ce9c8c8 -> 314cc2cb60864aaa
[CHAIN] 314cc2cb60864aaa -> ab3b9bcdb3f26d9e
[CHAIN] ab3b9bcdb3f26d9e -> cdab4399f9d02c16
[CHAIN] cdab4399f9d02c16 -> 11fde96c4fea3fbf
[CHAIN] 11fde96c4fea3fbf -> ac28b083b7fd744c
[CHAIN] ac28b083b7fd744c -> 4c18a3d78645f968
[CHAIN] 4c18a3d78645f968 -> d7a912649d5359db
[CHAIN] d7a912649d5359db -> c93c5f708b7cde4d
[CHAIN] c93c5f708b7cde4d -> c5273ac23a4b12c0
[CHAIN] c5273ac23a4b12c0 -> b67bf70687859e95
[CHAIN] b67bf70687859e95 -> 8969a11862d5da55
[CHAIN] 8969a11862d5da55 -> c0b7ba705dc474b9
[CHAIN] c0b7ba705dc474b9 -> da5e78199c83b7fc
[CHAIN] da5e78199c83b7fc -> 68112fdfe5edc7b2
[CHAIN] 68112fdfe5edc7b2 -> fa0f5d7ffae6457e
[CHAIN] fa0f5d7ffae6457e -> c62c7ec84006b012
[CHAIN] c62c7ec84006b012 -> 4bc3051aeeae9df3
[CHAIN] 4bc3051aeeae9df3 -> 60202daf795fe721
[CHAIN] 60202daf795fe721 -> 4adef7eb4d533b96
[CHAIN] 4adef7eb4d533b96 -> 70b6c25046638b8f
[CHAIN] 70b6c25046638b8f -> 4b5fae1ebb03c09f
[CHAIN] 4b5fae1ebb03c09f -> 6b659e771c8dfbcf
[CHAIN] 6b659e771c8dfbcf -> 8b3ae7709fb90d12
[CHAIN] 8b3ae7709fb90d12 -> 783a0beebe4cea00
[CHAIN] 783a0beebe4cea00 -> 92d02eefc6a426fd
[CHAIN] 92d02eefc6a426fd -> 3c84f08c770238eb
[CHAIN] 3c84f08c770238eb -> a3631ad1f2969ae1
[CHAIN] a3631ad1f2969ae1 -> abc4e9d23c7cdfa6
[CHAIN] abc4e9d23c7cdfa6 -> cd21090477f54d3f
[CHAIN] cd21090477f54d3f -> 0771bd57136740b7
[CHAIN] 0771bd57136740b7 -> 1aea45bc87b9375d
[CHAIN] 1aea45bc87b9375d -> 32d8126a456e5514
[CHAIN] 32d8126a456e5514 -> 39727ae89f0d10c7
[CHAIN] 39727ae89f0d10c7 -> 9957a436bb540769
[CHAIN] 9957a436bb540769 -> d7a414caed62745f
[CHAIN] d7a414caed62745f -> 9f28900159c418b6
[CHAIN] 9f28900159c418b6 -> 6aad1c87b79c04a4
[CHAIN] 6aad1c87b79c04a4 -> 8174464657b61d37
[CHAIN] 8174464657b61d37 -> fc1946ee808a4c2f
[CHAIN] fc1946ee808a4c2f -> 013c97f61380f2c7
[CHAIN] 013c97f61380f2c7 -> 12a01b3f23c38a2f
[CHAIN] 12a01b3f23c38a2f -> f9100d9e20c27e9f
[CHAIN] f9100d9e20c27e9f -> c37fb64187ef2f9b
[CHAIN] c37fb64187ef2f9b -> 50c6f5301f2e4b67
[CHAIN] 50c6f5301f2e4b67 -> 65b645b38b202f60
[CHAIN] 65b645b38b202f60 -> 74703e2be49b8bf7
[CHAIN] 74703e2be49b8bf7 -> d8b2bcf27484a128
[CHAIN] d8b2bcf27484a128 -> 7847c9aa4a4bbf98
[CHAIN] 7847c9aa4a4bbf98 -> 09ce384030225702
[CHAIN] 09ce384030225702 -> 4e8f8a3baddd140f
[CHAIN] 4e8f8a3baddd140f -> e01ded8662609816
[CHAIN] e01ded8662609816 -> 19f9577a88ba86ca
[CHAIN] 19f9577a88ba86ca -> 124f1d39b7f5ca94
[CHAIN] 124f1d39b7f5ca94 -> 0fd42dff8ee6dc46
[CHAIN] 0fd42dff8ee6dc46 -> c764bd9cd6b4aaa6
[CHAIN] c764bd9cd6b4aaa6 -> 606b6a0c4cca68e1
[CHAIN] 606b6a0c4cca68e1 -> 8694f4cee736f0de
[CHAIN] 8694f4cee736f0de -> 235f0d42d1a02635
[CHAIN] 235f0d42d1a02635 -> fa49e9eb784e5637
[CHAIN] fa49e9eb784e5637 -> f1ad0651f63f576f
[CHAIN] f1ad0651f63f576f -> 0aae162da91abbc8
[CHAIN] 0aae162da91abbc8 -> 8ba6d0e20158c110
[CHAIN] 8ba6d0e20158c110 -> fd5095cde484a77b
[CHAIN] fd5095cde484a77b -> 92b3db81a5a66ecb
[CHAIN] 92b3db81a5a66ecb -> 99c4d56fde1df480
[CHAIN] 99c4d56fde1df480 -> 66d08a7c824a65d9
[CHAIN] 66d08a7c824a65d9 -> 224adcad6febcc2d
[CHAIN] 224adcad6febcc2d -> 43df17c8863c2fb8
[CHAIN] 43df17c8863c2fb8 -> 9e8717111faa45b9
[CHAIN] 9e8717111faa45b9 -> 8453d910305f7052
[CHAIN] 8453d910305f7052 -> c80a314bda7abe6d
[CHAIN] c80a314bda7abe6d -> 98e77bf72e0bc239
[CHAIN] 98e77bf72e0bc239 -> 6ffd7a9908df14a5
[CHAIN] 6ffd7a9908df14a5 -> 34626677b839bf67
[CHAIN] 34626677b839bf67 -> 02a8e4851c0c8f7b
[CHAIN] 02a8e4851c0c8f7b -> 941c73e2a4409c3d
[CHAIN] 941c73e2a4409c3d -> 1c56a2c38992a712
[CHAIN] 1c56a2c38992a712 -> ef045d660adc26e0
[CHAIN] ef045d660adc26e0 -> 1fb77af66da45f5b
[CHAIN] 1fb77af66da45f5b -> d4bc9b2362a6c86f
[CHAIN] d4bc9b2362a6c86f -> 0c59ddee45d53225
[CHAIN] 0c59ddee45d53225 -> f3a412e955b40cd5
[CHAIN] f3a412e955b40cd5 -> 1d0e2456bcf0c616
[CHAIN] 1d0e2456bcf0c616 -> 10997f30d1b6fb94
[CHAIN] 10997f30d1b6fb94 -> 781e0bb80d59b27c
[CHAIN] 781e0bb80d59b27c -> 44bbaf8c8c5652a6
[CHAIN] 44bbaf8c8c5652a6 -> 86f4b8343b153757
[CHAIN] 86f4b8343b153757 -> cc4a43226ed977f2
[CHAIN] cc4a43226ed977f2 -> 77fb026337b3b95c
[CHAIN] 77fb026337b3b95c -> 2a7131bef4b367f5
[CHAIN] 2a7131bef4b367f5 -> 5dcfd97b6f796f36
[CHAIN] 5dcfd97b6f796f36 -> 106d3d2fc21b7436
[CHAIN] 106d3d2fc21b7436 -> 7081b3fe01a371b3
[CHAIN] 7081b3fe01a371b3 -> 088e32e14c7fb603
[CHAIN] 088e32e14c7fb603 -> 3b0c4a29ac850fe7
[CHAIN] 3b0c4a29ac850fe7 -> 82ecd439769bd4da
[CHAIN] 82ecd439769bd4da -> 62f7d85ed876cae1
[CHAIN] 62f7d85ed876cae1 -> a29aa06335d67e22
[CHAIN] a29aa06335d67e22 -> 107838f4f345a65b
[CHAIN] 107838f4f345a65b -> 96711cb919c24be2
[CHAIN] 96711cb919c24be2 -> b7baef0597cee4dc
[CHAIN] b7baef0597cee4dc -> 6c6b7b4f018f4320
[CHAIN] 6c6b7b4f018f4320 -> 6484e804d175b77d
[CHAIN] 6484e804d175b77d -> e7bfcd7b56bb70ae
[CHAIN] e7bfcd7b56bb70ae -> 3fe634a799a5ba8d
[CHAIN] 3fe634a799a5ba8d -> c8b8470aacb44cd2
[CHAIN] c8b8470aacb44cd2 -> e741976cc9437adf
[CHAIN] e741976cc9437adf -> 60fbc485ce867e2b
[CHAIN] 60fbc485ce867e2b -> 5a95aa44cbef258d
[CHAIN] 5a95aa44cbef258d -> 926384d5a65ef76c
[CHAIN] 926384d5a65ef76c -> bfeb2887c39f79db
[CHAIN] bfeb2887c39f79db -> c8bfa8b95e48b401
[CHAIN] c8bfa8b95e48b401 -> 842d6208ba0bbb39
[CHAIN] 842d6208ba0bbb39 -> d01c4f0460e6e198
[CHAIN] d01c4f0460e6e198 -> 0a589dcd9783b891
[CHAIN] 0a589dcd9783b891 -> c6c4604f8a850b54
[CHAIN] c6c4604f8a850b54 -> 855d5f830a69807f
[CHAIN] 855d5f830a69807f -> 93c0841393768c8d
[CHAIN] 93c0841393768c8d -> 7ed22b184d9568c1
[CHAIN] 7ed22b184d9568c1 -> 0ccdea1cb33842ce
[CHAIN] 0ccdea1cb33842ce -> 8c28ec18b2320e47
[CHAIN] 8c28ec18b2320e47 -> 563ac555b6a3e24f
[CHAIN] 563ac555b6a3e24f -> 31ddfd6bc42a9bb4
[CHAIN] 31ddfd6bc42a9bb4 -> 806cf498a82e3800
[CHAIN] 806cf498a82e3800 -> d958b0d7e6a9289b
[CHAIN] d958b0d7e6a9289b -> 25369db2dc3aa06a
[CHAIN] 25369db2dc3aa06a -> a0de29658738385b
[CHAIN] a0de29658738385b -> 6232b29101c0973b
[CHAIN] 6232b29101c0973b -> 892c6f792a5a8df7
[CHAIN] 892c6f792a5a8df7 -> ec134fbd2f7e1a21
[CHAIN] ec134fbd2f7e1a21 -> 7d53b787b8787813
[CHAIN] 7d53b787b8787813 -> 5f1d8f07d6a01514
[CHAIN] 5f1d8f07d6a01514 -> b7104bc75850affe
[CHAIN] b7104bc75850affe -> 02fad50777586fd5
[CHAIN] 02fad50777586fd5 -> 975b2a59bf60a517
[CHAIN] 975b2a59bf60a517 -> 3153b72f0ee314f5
[CHAIN] 3153b72f0ee314f5 -> 634f31e1a16b4427
[CHAIN] 634f31e1a16b4427 -> 6d4746bac9c82165
[CHAIN] 6d4746bac9c82165 -> d17611012c1a1ae0
[CHAIN] d17611012c1a1ae0 -> f0799af66ff06884
[CHAIN] f0799af66ff06884 -> 23a2a8410bdf8ab9
[CHAIN] 23a2a8410bdf8ab9 -> 590e1e92832b834f
[CHAIN] 590e1e92832b834f -> 25ab0d30fbbc8e97
[CHAIN] 25ab0d30fbbc8e97 -> aca8198eac39a60e
[CHAIN] aca8198eac39a60e -> c2a1ebd113f330e1
[CHAIN] c2a1ebd113f330e1 -> c6b225d4eb1cac50
[CHAIN] c6b225d4eb1cac50 -> 0087f08af1bcddd5
[CHAIN] 0087f08af1bcddd5 -> 9812e63bddb2b7c8
[CHAIN] 9812e63bddb2b7c8 -> 8164074cb42eb956
[CHAIN] 8164074cb42eb956 -> 6f7f9df88fac1e3a
[CHAIN] 6f7f9df88fac1e3a -> d206e8f18d4ed592
[CHAIN] d206e8f18d4ed592 -> 225b67c840e65e4f
[CHAIN] 225b67c840e65e4f -> 64c411e3eafbb682
[CHAIN] 64c411e3eafbb682 -> 46d052a1809a588a
[CHAIN] 46d052a1809a588a -> cc74759bd371e32b
[CHAIN] cc74759bd371e32b -> b6079b4da79a98e1
[CHAIN] b6079b4da79a98e1 -> b2f117fee5910e86
[CHAIN] b2f117fee5910e86 -> b007d5777f12a8b0
[CHAIN] b007d5777f12a8b0 -> 8c35135835862d24
[CHAIN] 8c35135835862d24 -> 634e2a44eedbb53d
[CHAIN] 634e2a44eedbb53d -> 7331bc73d83a5167
[CHAIN] 7331bc73d83a5167 -> ebe3fe6083ffce66
[CHAIN] ebe3fe6083ffce66 -> a868141089b87e4a
[CHAIN] a868141089b87e4a -> cd69a9f5c39689ae
[CHAIN] cd69a9f5c39689ae -> e428ae3c31d85043
[CHAIN] e428ae3c31d85043 -> 1e28e475f8dacaf4
[CHAIN] 1e28e475f8dacaf4 -> 48d971e67d3bcd3f
[CHAIN] 48d971e67d3bcd3f -> 1266fede432991a0
[CHAIN] 1266fede432991a0 -> 3465d9591be83714
[CHAIN] 3465d9591be83714 -> eb0bc7d4ffb3c01d
[CHAIN] eb0bc7d4ffb3c01d -> 4cbc8b0fc5296c64
[CHAIN] 4cbc8b0fc5296c64 -> 1841a299a1eefcac
[CHAIN] 1841a299a1eefcac -> 3778c01e83a1b2fb
[CHAIN] 3778c01e83a1b2fb -> 4da20817227488b1
[CHAIN] 4da20817227488b1 -> b548ce0019de6f0c
[CHAIN] b548ce0019de6f0c -> 07b9be7af1b26eb2
[CHAIN] 07b9be7af1b26eb2 -> 16c8d9bdc784261c
[CHAIN] 16c8d9bdc784261c -> 02ba37450532ede2
[CHAIN] 02ba37450532ede2 -> 83ef2a128ab3cbd2
[CHAIN] 83ef2a128ab3cbd2 -> a71856c66af2c34a
[CHAIN] a71856c66af2c34a -> 6f9f850e311ce227
[CHAIN] 6f9f850e311ce227 -> f7f7b7ab354de6ad
[CHAIN] f7f7b7ab354de6ad -> d6b37e19ebd5fe99
[CHAIN] d6b37e19ebd5fe99 -> a9e7a950e5a15d1d
[CHAIN] a9e7a950e5a15d1d -> ef4efabb1c41147f
[CHAIN] ef4efabb1c41147f -> c427b0a91feff098
[CHAIN] c427b0a91feff098 -> 4f5e3334b5feaab9
[CHAIN] 4f5e3334b5feaab9 -> f33370355eb613cb
[CHAIN] f33370355eb613cb -> 5fc9fd76a8edec7e
[CHAIN] 5fc9fd76a8edec7e -> bf5cc709aa24401b
[CHAIN] bf5cc709aa24401b -> 1bd3785aee8bffa3
[CHAIN] 1bd3785aee8bffa3 -> 7276ada6f40dc9ad
[CHAIN] 7276ada6f40dc9ad -> fb66039a75c9e62f
[CHAIN] fb66039a75c9e62f -> 2d26d4a6e9c90f5b
[CHAIN] 2d26d4a6e9c90f5b -> 7f994a4080cfdbb9
[CHAIN] 7f994a4080cfdbb9 -> 745197897e65863d
[CHAIN] 745197897e65863d -> b246bb0606c3dd63
[CHAIN] b246bb0606c3dd63 -> 35365d805c918790
[CHAIN] 35365d805c918790 -> 7c835e97c2fa0f85
[CHAIN] 7c835e97c2fa0f85 -> 929087806f990b11
[CHAIN] 929087806f990b11 -> 48b74f292e7f07c6
[CHAIN] 48b74f292e7f07c6 -> 020697bb54b3ed97
[CHAIN] 020697bb54b3ed97 -> ffdaf174bb1b0a29
[CHAIN] ffdaf174bb1b0a29 -> ebcf18015b48dde0
[CHAIN] ebcf18015b48dde0 -> eeffb5b064e54750
[CHAIN] eeffb5b064e54750 -> a2923a571c10e530
[CHAIN] a2923a571c10e530 -> b5943b2636084267
[CHAIN] b5943b2636084267 -> a47529b18bc9ce56
[CHAIN] a47529b18bc9ce56 -> e5bd83848a31462f
[CHAIN] e5bd83848a31462f -> 0ebc503038ed5337
[CHAIN] 0ebc503038ed5337 -> 55b1068b1de90aad
[CHAIN] 55b1068b1de90aad -> e824ebaf0223ee38
[CHAIN] e824ebaf0223ee38 -> 0377fe90fafb051e
[CHAIN] 0377fe90fafb051e -> c2baefc339de8743
[CHAIN] c2baefc339de8743 -> 60bc41bb016b1410
[CHAIN] 60bc41bb016b1410 -> 089be581fd684273
[CHAIN] 089be581fd684273 -> 59d7ebf246b70f47
[CHAIN] 59d7ebf246b70f47 -> 0466acdbe1319595
[CHAIN] 0466acdbe1319595 -> 1e9d466fefe4e575
[CHAIN] 1e9d466fefe4e575 -> e43af99e510b0693
[CHAIN] e43af99e510b0693 -> 6b4910cc83cfeeae
[CHAIN] 6b4910cc83cfeeae -> 74876240072fdf20
[CHAIN] 74876240072fdf20 -> 3e42a5f776fabf72
[CHAIN] 3e42a5f776fabf72 -> 043bbaf7b7e06c6f
[CHAIN] 043bbaf7b7e06c6f -> 19a4986881d81c25
[CHAIN] 19a4986881d81c25 -> 0e3658cd89b21ef7
[CHAIN] 0e3658cd89b21ef7 -> 7c7b28444b4103fa
[CHAIN] 7c7b28444b4103fa -> 16d0589c64a74640
[CHAIN] 16d0589c64a74640 -> 193b16becf3a250c
[CHAIN] 193b16becf3a250c -> 2d4e30d47f96907c
[CHAIN] 2d4e30d47f96907c -> 27e443f6beb5ad62
[CHAIN] 27e443f6beb5ad62 -> 8cdeb2f940efdd22
[CHAIN] 8cdeb2f940efdd22 -> ae0c7c33786fada9
[CHAIN] ae0c7c33786fada9 -> 9045806f451d7f9d
[CHAIN] 9045806f451d7f9d -> 51f43c359f15e835
[CHAIN] 51f43c359f15e835 -> bed9b8b8a79b12f0
[CHAIN] bed9b8b8a79b12f0 -> 6cd32e071f5f8ff3
[CHAIN] 6cd32e071f5f8ff3 -> 0fa1db30b7980154
[CHAIN] 0fa1db30b7980154 -> f8a088846f35b763
[CHAIN] f8a088846f35b763 -> 71b1863eddc0e4a9
[CHAIN] 71b1863eddc0e4a9 -> e302cbd6c6351f93
[CHAIN] e302cbd6c6351f93 -> 1d3ef1d787f1cb77
[CHAIN] 1d3ef1d787f1cb77 -> 46329a17f6897f81
[CHAIN] 46329a17f6897f81 -> e08564f140eb7359
[CHAIN] e08564f140eb7359 -> ac8b730abc5624f9
[CHAIN] ac8b730abc5624f9 -> 7f2809e00129da46
[CHAIN] 7f2809e00129da46 -> 7e02eaa4b01946be
[CHAIN] 7e02eaa4b01946be -> 5f25d87f7bd7b22d
[CHAIN] 5f25d87f7bd7b22d -> 40477f0e737bab9a
[CHAIN] 40477f0e737bab9a -> 1055b4c03178d925
[CHAIN] 1055b4c03178d925 -> 6e6547c26f1359ca
[CHAIN] 6e6547c26f1359ca -> e12b387fbba80ebb
[CHAIN] e12b387fbba80ebb -> 6771c075e234fe2f
[CHAIN] 6771c075e234fe2f -> 77637acc2ebb77e7
[CHAIN] 77637acc2ebb77e7 -> 9470de967bce3127
[CHAIN] 9470de967bce3127 -> 88adc6832b205d70
[CHAIN] 88adc6832b205d70 -> 0cb270ffeeb64c46
[CHAIN] 0cb270ffeeb64c46 -> 31628adcf679f600
[CHAIN] 31628adcf679f600 -> 7d16b16b086b6327
[CHAIN] 7d16b16b086b6327 -> 063657e1ef0d8cf4
[CHAIN] 063657e1ef0d8cf4 -> 3c87ae6f22e1eabe
[CHAIN] 3c87ae6f22e1eabe -> 34c527e09ae4c590
[CHAIN] 34c527e09ae4c590 -> 9989a7dc3558bf73
[CHAIN] 9989a7dc3558bf73 -> 16aea43cfd031d3a
[CHAIN] 16aea43cfd031d3a -> 44a7cf95e784e8b9
[CHAIN] 44a7cf95e784e8b9 -> b00407625c9560e4
[CHAIN] b00407625c9560e4 -> eb582e3e77514e64
[CHAIN] eb582e3e77514e64 -> 938d488d0b913ef8
[CHAIN] 938d488d0b913ef8 -> 69a4fc9a993384ec
[CHAIN] 69a4fc9a993384ec -> 5aed0fcda3550a28
[CHAIN] 5aed0fcda3550a28 -> 92279427c63a2fe6
[CHAIN] 92279427c63a2fe6 -> 083f88b9ffea2d04
[CHAIN] 083f88b9ffea2d04 -> 9bda731cc049a234
[CHAIN] 9bda731cc049a234 -> 55f6175118bfa7a1
[CHAIN] 55f6175118bfa7a1 -> 77ce18ec6759ece9
[CHAIN] 77ce18ec6759ece9 -> e1dc84b30f8aeedd
[CHAIN] e1dc84b30f8aeedd -> a738de3d70be39f2
[CHAIN] a738de3d70be39f2 -> 13ec6753baaeb4ce
[CHAIN] 13ec6753baaeb4ce -> 9282c396f0072bb2
[CHAIN] 9282c396f0072bb2 -> 9d429e56bedd6895
[CHAIN] 9d429e56bedd6895 -> 0095cbf20ff133d4
[CHAIN] 0095cbf20ff133d4 -> 3a6860f26de82d93
[CHAIN] 3a6860f26de82d93 -> 9ff7e1b3f92b325b
[CHAIN] 9ff7e1b3f92b325b -> 2ca793334b98f3ba
[CHAIN] 2ca793334b98f3ba -> 65b5efb6ab398bf8
[CHAIN] 65b5efb6ab398bf8 -> 050097b04c7f7b81
[CHAIN] 050097b04c7f7b81 -> 07d562b2e6c9500e
[CHAIN] 07d562b2e6c9500e -> 2c816045bb8088c2
[CHAIN] 2c816045bb8088c2 -> ce456ebb5459cc4c
[CHAIN] ce456ebb5459cc4c -> 96851722cf28ee00
[CHAIN] 96851722cf28ee00 -> 745e542f5e279ae6
[CHAIN] 745e542f5e279ae6 -> 11d59c6bee2918d4
[CHAIN] 11d59c6bee2918d4 -> 58835648db68eff7
[CHAIN] 58835648db68eff7 -> ab863af1f91c048f
[CHAIN] ab863af1f91c048f -> 7efc56c72410472e
[CHAIN] 7efc56c72410472e -> 95b17950aa9cba55
[CHAIN] 95b17950aa9cba55 -> a35c23ae3271148b
[CHAIN] a35c23ae3271148b -> d62972c4f0c20aca
[CHAIN] d62972c4f0c20aca -> 601be4eaecbb18d4
[CHAIN] 601be4eaecbb18d4 -> 675348b107c559a8
[CHAIN] 675348b107c559a8 -> 89381945fb7c26c2
[CHAIN] 89381945fb7c26c2 -> 67b08f7a22caa6d8
[CHAIN] 67b08f7a22caa6d8 -> cb4973816cdc4eba
[CHAIN] cb4973816cdc4eba -> 72f08ee5bfefbc52
[CHAIN] 72f08ee5bfefbc52 -> bcf7eb6f6d7c7117
[CHAIN] bcf7eb6f6d7c7117 -> fdb6bae1f8ca53c5
[CHAIN] fdb6bae1f8ca53c5 -> 51fa7c8040b0a68b
[CHAIN] 51fa7c8040b0a68b -> 4207152582ff16b0
[CHAIN] 4207152582ff16b0 -> 6dde255f05eff95c
[CHAIN] 6dde255f05eff95c -> 2aa112e02dd3edbf
[CHAIN] 2aa112e02dd3edbf -> 152e8cc7fe821b75
[CHAIN] 152e8cc7fe821b75 -> c880d5ff194301e4
[CHAIN] c880d5ff194301e4 -> b538d0c886eeec5e
[CHAIN] b538d0c886eeec5e -> ca1239d52548bc20
[CHAIN] ca1239d52548bc20 -> 4a787b7ca92729d6
[CHAIN] 4a787b7ca92729d6 -> 013bc91e1238a993
[CHAIN] 013bc91e1238a993 -> 3e55047cb9b5c62f
[CHAIN] 3e55047cb9b5c62f -> fc95dda2686d167a
[CHAIN] fc95dda2686d167a -> e0bfddd8e0fe5dfb
[CHAIN] e0bfddd8e0fe5dfb -> a531066df922a861
[CHAIN] a531066df922a861 -> 3fa9b675776702ac
[CHAIN] 3fa9b675776702ac -> 06502c49e81207fc
[CHAIN] 06502c49e81207fc -> 1fff3cb41d731182
[CHAIN] 1fff3cb41d731182 -> e8a3ae1cf0d8e7b3
[CHAIN] e8a3ae1cf0d8e7b3 -> ef1449527f0009f6
[CHAIN] ef1449527f0009f6 -> 0bffd6ea0272fef1
[CHAIN] 0bffd6ea0272fef1 -> be378894d57edcc8
[CHAIN] be378894d57edcc8 -> 8ad6aed170b93f91
[CHAIN] 8ad6aed170b93f91 -> 85f44742a58ea9cf
[CHAIN] 85f44742a58ea9cf -> 3f81895a351d8adc
[CHAIN] 3f81895a351d8adc -> a08d5ae903564bb7
[CHAIN] a08d5ae903564bb7 -> 4c18d2cba357c514
[CHAIN] 4c18d2cba357c514 -> ab7ab9482019f423
[CHAIN] ab7ab9482019f423 -> 2ff3240b3f3a50b4
[CHAIN] 2ff3240b3f3a50b4 -> 9a973ab5827903c8
[CHAIN] 9a973ab5827903c8 -> cac90739631ef63d
[CHAIN] cac90739631ef63d -> 3e669006a9218969
[CHAIN] 3e669006a9218969 -> dc99384738a44352
[CHAIN] dc99384738a44352 -> 80d9dc96f8ea36d3
[CHAIN] 80d9dc96f8ea36d3 -> 2b575fa4b5e53001
[CHAIN] 2b575fa4b5e53001 -> 7d23d65d03b39545
[CHAIN] 7d23d65d03b39545 -> 3ae95061de7b524b
[CHAIN] 3ae95061de7b524b -> 5a8e79ab015c2d71
[CHAIN] 5a8e79ab015c2d71 -> 8ec9186d2c22e13a
[CHAIN] 8ec9186d2c22e13a -> 8713d473caa037a2
[CHAIN] 8713d473caa037a2 -> 397a69c8440f40e3
[CHAIN] 397a69c8440f40e3 -> b4fabb8e550c1364
[CHAIN] b4fabb8e550c1364 -> a1352ffe639e0dd0
[CHAIN] a1352ffe639e0dd0 -> 6c1196d2392d2f02
[CHAIN] 6c1196d2392d2f02 -> f21d85bbf1d8954e
[CHAIN] f21d85bbf1d8954e -> f5a7b8c85c990d74
[CHAIN] f5a7b8c85c990d74 -> 23d840479bbf03dc
[CHAIN] 23d840479bbf03dc -> 767c1f2e88ae211a
[CHAIN] 767c1f2e88ae211a -> 0550632ad47a0e2b
[CHAIN] 0550632ad47a0e2b -> 3d01081cab3516d0
[CHAIN] 3d01081cab3516d0 -> a62d871ccdb1c53c
[CHAIN] a62d871ccdb1c53c -> 0ceb046f7094e187
[CHAIN] 0ceb046f7094e187 -> a7b1e5b75dbdc6eb
[CHAIN] a7b1e5b75dbdc6eb -> c6b36a94dfaa69b7
[CHAIN] c6b36a94dfaa69b7 -> b1d1cd9b9acce275
[CHAIN] b1d1cd9b9acce275 -> bafc799d13ea7b06
[CHAIN] bafc799d13ea7b06 -> 5a0473bf95d4a4d1
[CHAIN] 5a0473bf95d4a4d1 -> 19d53ece3658d871
[CHAIN] 19d53ece3658d871 -> bafa410f0194ca83
[CHAIN] bafa410f0194ca83 -> 76f43b5296f4b95e
[CHAIN] 76f43b5296f4b95e -> b574e6bdd6c00fc4
[CHAIN] b574e6bdd6c00fc4 -> 08470d27b693bb18
[CHAIN] 08470d27b693bb18 -> 016ed23f79a15c33
[CHAIN] 016ed23f79a15c33 -> f8ddccb3e19dbf48
[CHAIN] f8ddccb3e19dbf48 -> 76e101624be2f1a2
[CHAIN] 76e101624be2f1a2 -> dd3f0bdf5e186627
[CHAIN] dd3f0bdf5e186627 -> 8f1464b6b54c9ccd
[CHAIN] 8f1464b6b54c9ccd -> 870c40449d83756b
[CHAIN] 870c40449d83756b -> 3153eb05c64157db
[CHAIN] 3153eb05c64157db -> a323a2bd47a43cf4
[CHAIN] a323a2bd47a43cf4 -> 90c78f41630a2c3e
[CHAIN] 90c78f41630a2c3e -> 7cb4a22dc08adc1f
[CHAIN] 7cb4a22dc08adc1f -> 3d82e7b8ecac3822
[CHAIN] 3d82e7b8ecac3822 -> 6c51f175c0d1ea4e
[CHAIN] 6c51f175c0d1ea4e -> ea812990001f03b3
[CHAIN] ea812990001f03b3 -> 2348be691afbfe01
[CHAIN] 2348be691afbfe01 -> 77aebd3beaa2ae7d
[CHAIN] 77aebd3beaa2ae7d -> c86be201ad53c7a9
[CHAIN] c86be201ad53c7a9 -> b425f0ec8736960a
[CHAIN] b425f0ec8736960a -> f41d4488cdc2f99e
[CHAIN] f41d4488cdc2f99e -> 5dfc2a5d37546587
[CHAIN] 5dfc2a5d37546587 -> 484f0406550b7649
[CHAIN] 484f0406550b7649 -> 414236d79cb86027
[CHAIN] 414236d79cb86027 -> 20ce7ba23315b5fc
[CHAIN] 20ce7ba23315b5fc -> 37077f53a327ca10
[CHAIN] 37077f53a327ca10 -> 7fbcf1873b17c0a4
[CHAIN] 7fbcf1873b17c0a4 -> 4694b31e357a1760
[CHAIN] 4694b31e357a1760 -> a9209b3f33b07bca
[CHAIN] a9209b3f33b07bca -> 1372ff65a7b521b0
[CHAIN] 1372ff65a7b521b0 -> bc807ecff7276de6
[CHAIN] bc807ecff7276de6 -> eb2d35dff0f0c71b
[CHAIN] eb2d35dff0f0c71b -> b947637bdc3678d2
[CHAIN] b947637bdc3678d2 -> 67a33120f2d70b75
[CHAIN] 67a33120f2d70b75 -> b902c7b4c60ae11a
[CHAIN] b902c7b4c60ae11a -> 39b3e51c79670fc0
[CHAIN] 39b3e51c79670fc0 -> 8af51ecf54b8e9cb
[CHAIN] 8af51ecf54b8e9cb -> 853b319732a300c6
[CHAIN] 853b319732a300c6 -> 376ba10f89d652fc
[CHAIN] 376ba10f89d652fc -> bfe6f70f459fd1ed
[CHAIN] bfe6f70f459fd1ed -> 3aadf441f5f2f1df
[CHAIN] 3aadf441f5f2f1df -> fa73a4068d3b974f
[CHAIN] fa73a4068d3b974f -> a211877b50300cb7
[CHAIN] a211877b50300cb7 -> 8e130a00ed4996de
[CHAIN] 8e130a00ed4996de -> 35b6703b13e931e6
[CHAIN] 35b6703b13e931e6 -> 4a40b3d00f52fec5
[CHAIN] 4a40b3d00f52fec5 -> 65025abbce4cd69f
[CHAIN] 65025abbce4cd69f -> d818082235cd3093
[CHAIN] d818082235cd3093 -> 8ae5505e2bba1fb1
[CHAIN] 8ae5505e2bba1fb1 -> 0fc88ce934843be2
[CHAIN] 0fc88ce934843be2 -> f016a8e1161984fe
[CHAIN] f016a8e1161984fe -> eafed4e46678956d
[CHAIN] eafed4e46678956d -> 4ef4e278704446d4
[CHAIN] 4ef4e278704446d4 -> 6d5f6d1aaa4a3680
[CHAIN] 6d5f6d1aaa4a3680 -> bfb1f6cc97fa9d39
[CHAIN] bfb1f6cc97fa9d39 -> 2f2d15fb5584ad18
[CHAIN] 2f2d15fb5584ad18 -> 22fa936406d39e38
[CHAIN] 22fa936406d39e38 -> dc028451080cba1a
[CHAIN] dc028451080cba1a -> b0b1f01871af6fa4
[CHAIN] b0b1f01871af6fa4 -> bdb43a39150cb5c8
[CHAIN] bdb43a39150cb5c8 -> 7071b869a44b9af7
[CHAIN] 7071b869a44b9af7 -> 10483c8bef8573d1
[CHAIN] 10483c8bef8573d1 -> 8ab511bbf6241fde
[CHAIN] 8ab511bbf6241fde -> b8eed74234ddaa7a
[CHAIN] b8eed74234ddaa7a -> 94d40f803de218f3
[CHAIN] 94d40f803de218f3 -> 4cdd6f3e48cc2ce8
[CHAIN] 4cdd6f3e48cc2ce8 -> fe884de9a823a66c
[CHAIN] fe884de9a823a66c -> a2c142bc51b2c01d
[CHAIN] a2c142bc51b2c01d -> 8bf2d541f89543a1
[CHAIN] 8bf2d541f89543a1 -> 675aa8e3398855ba
[CHAIN] 675aa8e3398855ba -> 118c60de05425648
[CHAIN] 118c60de05425648 -> 5ef8a93a0f9d1030
[CHAIN] 5ef8a93a0f9d1030 -> 68afdbda1192c501
[CHAIN] 68afdbda1192c501 -> 21ba3ead1f64440c
[CHAIN] 21ba3ead1f64440c -> 7a26feb6b68d63e6
[CHAIN] 7a26feb6b68d63e6 -> 91b46881ccbd697f
[CHAIN] 91b46881ccbd697f -> bb20401c378f9ab1
[CHAIN] bb20401c378f9ab1 -> f08ea56401cf1c03
[CHAIN] f08ea56401cf1c03 -> 7676ac3459a3df08
[CHAIN] 7676ac3459a3df08 -> 70c2e8bcee24e55d
[CHAIN] 70c2e8bcee24e55d -> 10c0c291163da82b
[CHAIN] 10c0c291163da82b -> 78bca07524db0b5f
[CHAIN] 78bca07524db0b5f -> 258207b3725fba79
[CHAIN] 258207b3725fba79 -> 1b4bfc3e2e904932
[CHAIN] 1b4bfc3e2e904932 -> 03b6471d8426d49b
[CHAIN] 03b6471d8426d49b -> c4be86ecf7469e58
[CHAIN] c4be86ecf7469e58 -> bd37c4c15669b0c7
[CHAIN] bd37c4c15669b0c7 -> 289a40fea1f5eaf4
[CHAIN] 289a40fea1f5eaf4 -> c82a3a35510c9597
[CHAIN] c82a3a35510c9597 -> 418e3430fd243f48
[CHAIN] 418e3430fd243f48 -> 8bc667f63c1982d9
[CHAIN] 8bc667f63c1982d9 -> 238c83cabe986ff8
[CHAIN] 238c83cabe986ff8 -> 84af738820d6db47
[CHAIN] 84af738820d6db47 -> ede98c788cec8d56
[CHAIN] ede98c788cec8d56 -> f75d0f7afadeb1dd
[CHAIN] f75d0f7afadeb1dd -> 709e0029cf0b9cf4
[CHAIN] 709e0029cf0b9cf4 -> bafd615ffee58625
[CHAIN] bafd615ffee58625 -> e6450ac9232784bf
[CHAIN] e6450ac9232784bf -> 39de28bfcbfac783
[CHAIN] 39de28bfcbfac783 -> 19576aa555606375
[CHAIN] 19576aa555606375 -> 6d828bf4c2bb1ce7
[CHAIN] 6d828bf4c2bb1ce7 -> 0f659a209785763f
[CHAIN] 0f659a209785763f -> 73dec66ebf2b35f4
[CHAIN] 73dec66ebf2b35f4 -> bb2335fe15aabe97
[CHAIN] bb2335fe15aabe97 -> ca964c33f1c2e8f3
[CHAIN] ca964c33f1c2e8f3 -> 5f9767a634513d0f
[CHAIN] 5f9767a634513d0f -> 71087b87405d3375
[CHAIN] 71087b87405d3375 -> 76669f9e8a5e7975
[CHAIN] 76669f9e8a5e7975 -> dd9d7b20cfaf4c4e
[CHAIN] dd9d7b20cfaf4c4e -> d983f22ad3aa785b
[CHAIN] d983f22ad3aa785b -> dacf3a5fc22a5d8e
[CHAIN] dacf3a5fc22a5d8e -> 5e302550d32819e6
[CHAIN] 5e302550d32819e6 -> aa35b6cf12c6ad40
[CHAIN] aa35b6cf12c6ad40 -> 4a77d2b121acfa3e
[CHAIN] 4a77d2b121acfa3e -> 952b92dd230dee99
[CHAIN] 952b92dd230dee99 -> 495135d17676df23
[CHAIN] 495135d17676df23 -> 253ae3d5a2a99056
[CHAIN] 253ae3d5a2a99056 -> f8eae8b20af4d24f
[CHAIN] f8eae8b20af4d24f -> fcc3ebdc97b16e3b
[CHAIN] fcc3ebdc97b16e3b -> 0d0ae705a612dd65
[CHAIN] 0d0ae705a612dd65 -> 996b4a171e12eaa0
[CHAIN] 996b4a171e12eaa0 -> c5dab779c101c156
[CHAIN] c5dab779c101c156 -> 3f07de8f19b771b4
[CHAIN] 3f07de8f19b771b4 -> e1931c2ea21a3eaa
[CHAIN] e1931c2ea21a3eaa -> 9ebc71bd97044a19
[CHAIN] 9ebc71bd97044a19 -> 5bf5cefb2b6aabf3
[CHAIN] 5bf5cefb2b6aabf3 -> 7de5ce2d6cdd3f9f
[CHAIN] 7de5ce2d6cdd3f9f -> 811fd7ca8a4c57c5
[CHAIN] 811fd7ca8a4c57c5 -> d373163d65d54fd9
[CHAIN] d373163d65d54fd9 -> 538fdac6f357a398
[CHAIN] 538fdac6f357a398 -> 82928420bec0fcf2
[CHAIN] 82928420bec0fcf2 -> 78611a6cc3da5534
[CHAIN] 78611a6cc3da5534 -> 3d19d3665f41c3b2
[CHAIN] 3d19d3665f41c3b2 -> 885a32e366b5e781
[CHAIN] 885a32e366b5e781 -> 4c1823d33f2cd420
[CHAIN] 4c1823d33f2cd420 -> e3890d45ade51520
[CHAIN] e3890d45ade51520 -> fa7d0e77ad972c30
[CHAIN] fa7d0e77ad972c30 -> fb1efbd906031728
[CHAIN] fb1efbd906031728 -> 2d2b1b5b79f2885e
[CHAIN] 2d2b1b5b79f2885e -> b05960ea73b8a6e0
[CHAIN] b05960ea73b8a6e0 -> a2820070961c585f
[CHAIN] a2820070961c585f -> 8c6248962883d4cb
[CHAIN] 8c6248962883d4cb -> b8be71cf3012f732
[CHAIN] b8be71cf3012f732 -> 7a5c5fe4c8373436
[CHAIN] 7a5c5fe4c8373436 -> 540cc7319e8a564e
[CHAIN] 540cc7319e8a564e -> f9cb8014a362365d
[CHAIN] f9cb8014a362365d -> e05766df61bfa501
[CHAIN] e05766df61bfa501 -> a90d8c209e5698d3
[CHAIN] a90d8c209e5698d3 -> 2ebda5be9ab52ef3
[CHAIN] 2ebda5be9ab52ef3 -> 808ab98a5bdffdcd
[CHAIN] 808ab98a5bdffdcd -> fb61852b43edf5fc
[CHAIN] fb61852b43edf5fc -> 69118feda1bb2998
[CHAIN] 69118feda1bb2998 -> 2790a83f5aa5e6d2
[CHAIN] 2790a83f5aa5e6d2 -> e581de1d4779f234
[CHAIN] e581de1d4779f234 -> 125d38202375f1ed
[CHAIN] 125d38202375f1ed -> 62a4213ef6d758c4
[CHAIN] 62a4213ef6d758c4 -> 042a89c862e3f114
[CHAIN] 042a89c862e3f114 -> b18f6a9f90ba4899
[CHAIN] b18f6a9f90ba4899 -> 727a1606dabe2d14
[CHAIN] 727a1606dabe2d14 -> e6517ded5122e34d
[CHAIN] e6517ded5122e34d -> a38dc5d4fa2dda74
[CHAIN] a38dc5d4fa2dda74 -> 8f585de79bbd9683
[CHAIN] 8f585de79bbd9683 -> 1499a3c88ee4bd49
[CHAIN] 1499a3c88ee4bd49 -> 0b5cc0af7e446ce7
[CHAIN] 0b5cc0af7e446ce7 -> 1f11312bfbac94a1
[CHAIN] 1f11312bfbac94a1 -> ac55709d11b2af04
[CHAIN] ac55709d11b2af04 -> d701d606e9b1a137
[CHAIN] d701d606e9b1a137 -> 2847c12738143b3f
[CHAIN] 2847c12738143b3f -> c1ff26a9b8bf439e
[CHAIN] c1ff26a9b8bf439e -> b81348cd9b064f37
[CHAIN] b81348cd9b064f37 -> 9f726ebf0e664a97
[CHAIN] 9f726ebf0e664a97 -> d95a776c1e375a50
[CHAIN] d95a776c1e375a50 -> 340f8c76463d9bcd
[CHAIN] 340f8c76463d9bcd -> d41abfd80d448468
[CHAIN] d41abfd80d448468 -> 6dd151fd5d627336
[CHAIN] 6dd151fd5d627336 -> a6301febe7d0bc72
[CHAIN] a6301febe7d0bc72 -> 4fda5204891c891a
[CHAIN] 4fda5204891c891a -> 9ecd96c81e9fcff4
[CHAIN] 9ecd96c81e9fcff4 -> 68fbed6c16d159cb
[CHAIN] 68fbed6c16d159cb -> 2a0be18500f130c7
[CHAIN] 2a0be18500f130c7 -> 287bdd31eb3fe01a
[CHAIN] 287bdd31eb3fe01a -> 6d959009605ae9b9
[CHAIN] 6d959009605ae9b9 -> 046a3bd40d972b73
[CHAIN] 046a3bd40d972b73 -> 42dbffcbffe46472
[CHAIN] 42dbffcbffe46472 -> a20ab831ba81e8d8
[CHAIN] a20ab831ba81e8d8 -> 58e4ad2f81f0a777
[CHAIN] 58e4ad2f81f0a777 -> 63fac5416da6332a
[CHAIN] 63fac5416da6332a -> da4de05a31510e65
[CHAIN] da4de05a31510e65 -> b96d560e6bc5990e
[CHAIN] b96d560e6bc5990e -> 987bc5eaf7c49841
[CHAIN] 987bc5eaf7c49841 -> 1ddcb0a5a1a0d16e
[CHAIN] 1ddcb0a5a1a0d16e -> d2eba1052ed10d87
[CHAIN] d2eba1052ed10d87 -> 83c3e2304b568f43
[CHAIN] 83c3e2304b568f43 -> e335629e50fa0a20
[CHAIN] e335629e50fa0a20 -> e4addfd60bea72b1
[CHAIN] e4addfd60bea72b1 -> e8dd9939876fadc5
[CHAIN] e8dd9939876fadc5 -> fd19ef4ec02ec30e
[CHAIN] fd19ef4ec02ec30e -> befe9c750ca016d6
[CHAIN] befe9c750ca016d6 -> 99121a1c9e16eb91
[CHAIN] 99121a1c9e16eb91 -> 4868d3070e856617
[CHAIN] 4868d3070e856617 -> 2c9f39f4fbc81452
[CHAIN] 2c9f39f4fbc81452 -> 576028789b2d85a1
[CHAIN] 576028789b2d85a1 -> 5319105fa97f9e2a
[CHAIN] 5319105fa97f9e2a -> 60c844e76c2d13ad
[CHAIN] 60c844e76c2d13ad -> 74f77e834cd21198
[CHAIN] 74f77e834cd21198 -> 9955325964fdb4cf
[CHAIN] 9955325964fdb4cf -> bb1553520385d916
[CHAIN] bb1553520385d916 -> 5aa54914d22bce8f
[CHAIN] 5aa54914d22bce8f -> 7dc99ec9cf191771
[CHAIN] 7dc99ec9cf191771 -> af662640db7b9da5
[CHAIN] af662640db7b9da5 -> 9028c943ade9408b
[CHAIN] 9028c943ade9408b -> 9eb550780fb78e4d
[CHAIN] 9eb550780fb78e4d -> 53aa2229fa45497a
[CHAIN] 53aa2229fa45497a -> fac0fec3c9a81a7b
[CHAIN] fac0fec3c9a81a7b -> 4134b8970e9cb908
[CHAIN] 4134b8970e9cb908 -> bb48678941bbce80
[CHAIN] bb48678941bbce80 -> b45c0efd89fc7c04
[CHAIN] b45c0efd89fc7c04 -> 2aab50fcbad3d8c6
[CHAIN] 2aab50fcbad3d8c6 -> e2ea89f9466115b1
[CHAIN] e2ea89f9466115b1 -> 51e33e0c4422826a
[CHAIN] 51e33e0c4422826a -> 4af245df7d1f2a26
[CHAIN] 4af245df7d1f2a26 -> 7b7a4d1dd37cde60
[CHAIN] 7b7a4d1dd37cde60 -> 34772e9711016c88
[CHAIN] 34772e9711016c88 -> bb20e0ce50995838
[CHAIN] bb20e0ce50995838 -> a8a416cebef5059a
[CHAIN] a8a416cebef5059a -> 1f70bab96a9336bf
[CHAIN] 1f70bab96a9336bf -> dd45d8cfd6c54fa8
[CHAIN] dd45d8cfd6c54fa8 -> e62805e4338821c9
[CHAIN] e62805e4338821c9 -> fdd830bdde3ae714
[CHAIN] fdd830bdde3ae714 -> dc5977a6b8df9838
[CHAIN] dc5977a6b8df9838 -> be5675261490a063
[CHAIN] be5675261490a063 -> c8759657f14000d3
[CHAIN] c8759657f14000d3 -> b6d651ad2a9839cf
[CHAIN] b6d651ad2a9839cf -> 62115d8f86a4e141
[CHAIN] 62115d8f86a4e141 -> b501876ae224d816
[CHAIN] b501876ae224d816 -> 63eba9418248a135
[CHAIN] 63eba9418248a135 -> e0cb816ab7198f07
[CHAIN] e0cb816ab7198f07 -> 8ca9c896ce72c86e
[CHAIN] 8ca9c896ce72c86e -> 6cb08a8075ae0f5d
[CHAIN] 6cb08a8075ae0f5d -> 95ab8bddb90e0201
[CHAIN] 95ab8bddb90e0201 -> 62b6b20ca1cbc443
[CHAIN] 62b6b20ca1cbc443 -> d0be6a935b532fc2
[CHAIN] d0be6a935b532fc2 -> c5e71a4c480cd3d4
[CHAIN] c5e71a4c480cd3d4 -> e63242b762fd5cf8
[CHAIN] e63242b762fd5cf8 -> 33682f51beb012df
[CHAIN] 33682f51beb012df -> ba69ddf29133b53c
[CHAIN] ba69ddf29133b53c -> c59f957eb84eb171
[CHAIN] c59f957eb84eb171 -> dcda1fea7b0d0d4b
[CHAIN] dcda1fea7b0d0d4b -> 79075decf91bb7c7
[CHAIN] 79075decf91bb7c7 -> 5ddc7131f7abd8d5
[CHAIN] 5ddc7131f7abd8d5 -> d75d069e890fddb2
[CHAIN] d75d069e890fddb2 -> 1ddb657273b4e0d4
[CHAIN] 1ddb657273b4e0d4 -> 0cc9d4c2e6465706
[CHAIN] 0cc9d4c2e6465706 -> 12cd5fa4cadc24b8
[CHAIN] 12cd5fa4cadc24b8 -> 3477d2d0fb9e68f5
[CHAIN] 3477d2d0fb9e68f5 -> b2f83a94bd4bcdb3
[CHAIN] b2f83a94bd4bcdb3 -> f919704989b2f408
[CHAIN] f919704989b2f408 -> 159906b88672e419
[CHAIN] 159906b88672e419 -> 24a2813dd7c9df2b
[CHAIN] 24a2813dd7c9df2b -> b8a6002046570d2e
[CHAIN] b8a6002046570d2e -> fff2fa60a3cf9dde
[CHAIN] fff2fa60a3cf9dde -> 99d088fd0225fcf5
[CHAIN] 99d088fd0225fcf5 -> 9d7872393d6bfad8
[CHAIN] 9d7872393d6bfad8 -> 634b382381f89b31
[CHAIN] 634b382381f89b31 -> 530d9063657c5531
[CHAIN] 530d9063657c5531 -> 3ca9468a4a339f1f
[CHAIN] 3ca9468a4a339f1f -> 3bc57fa3177b7909
[CHAIN] 3bc57fa3177b7909 -> 8966edc1b8976e70
[CHAIN] 8966edc1b8976e70 -> 287ba884c5a3319c
[CHAIN] 287ba884c5a3319c -> 24d24c7647d6a401
[CHAIN] 24d24c7647d6a401 -> 77a2ed5c505d46cb
[CHAIN] 77a2ed5c505d46cb -> 8ef29a3c77a6aa91
[CHAIN] 8ef29a3c77a6aa91 -> b6944d06b75b5c94
[CHAIN] b6944d06b75b5c94 -> 332a961014b39d21
[CHAIN] 332a961014b39d21 -> b3650092283e78b5
[CHAIN] b3650092283e78b5 -> ddb0278460331f9c
[CHAIN] ddb0278460331f9c -> a01f55abedc967e0
[CHAIN] a01f55abedc967e0 -> cf18bf3e66726700
[CHAIN] cf18bf3e66726700 -> 64869077ea3e804b
[CHAIN] 64869077ea3e804b -> 862152df952dd529
[CHAIN] 862152df952dd529 -> 51de75399ae4b1be
[CHAIN] 51de75399ae4b1be -> 1d74c27c88cf1caa
[CHAIN] 1d74c27c88cf1caa -> fc7b1f888c5e42e3
[CHAIN] fc7b1f888c5e42e3 -> 6a056ba7c125b115
[CHAIN] 6a056ba7c125b115 -> fcd82b9558c863ea
[CHAIN] fcd82b9558c863ea -> 965632c2d47a5c59
[CHAIN] 965632c2d47a5c59 -> 8103b1cbdb9abd48
[CHAIN] 8103b1cbdb9abd48 -> 89d5e6a2b28c3c11
[CHAIN] 89d5e6a2b28c3c11 -> fe48beea819e005e
[CHAIN] fe48beea819e005e -> 89fa95149095dc20
[CHAIN] 89fa95149095dc20 -> 9f0f48af79833dde
[CHAIN] 9f0f48af79833dde -> 9eb08a70986b95bd
[CHAIN] 9eb08a70986b95bd -> a4aca339339b5856
[CHAIN] a4aca339339b5856 -> 8bd71aab43bb25dc
[CHAIN] 8bd71aab43bb25dc -> 36162b3eefc1034b
[CHAIN] 36162b3eefc1034b -> 2cdd05f0b3c683a3
[CHAIN] 2cdd05f0b3c683a3 -> f848af8f544bd8e9
[CHAIN] f848af8f544bd8e9 -> 8fd48e71747dff48
[CHAIN] 8fd48e71747dff48 -> 48b77e2f8a10b522
[CHAIN] 48b77e2f8a10b522 -> 4fee4e2af446344c
[CHAIN] 4fee4e2af446344c -> 05f40969d30f1414
[CHAIN] 05f40969d30f1414 -> cf0f361917557f17
[CHAIN] cf0f361917557f17 -> 0758211f768c972e
[CHAIN] 0758211f768c972e -> f1243ff347f92408
[CHAIN] f1243ff347f92408 -> 3190a29847846c73
[CHAIN] 3190a29847846c73 -> c67742aac40308e5
[CHAIN] c67742aac40308e5 -> 41ce9d415d207b01
[CHAIN] 41ce9d415d207b01 -> f2ef14e505f087bf
[CHAIN] f2ef14e505f087bf -> 9b20242f3ff65f8e
[CHAIN] 9b20242f3ff65f8e -> a20a1a4806190123
[CHAIN] a20a1a4806190123 -> 6e02053e4f17c2fb
[CHAIN] 6e02053e4f17c2fb -> 63fe98ca57ee0251
[CHAIN] 63fe98ca57ee0251 -> a4a06db25ff737cb
[CHAIN] a4a06db25ff737cb -> 5e0c130f05788eb3
[CHAIN] 5e0c130f05788eb3 -> d82220066878f55e
[CHAIN] d82220066878f55e -> 2fc69d7b5e29e17c
[CHAIN] 2fc69d7b5e29e17c -> 23958c7213899ec1
[CHAIN] 23958c7213899ec1 -> b7ff23f802444697
[CHAIN] b7ff23f802444697 -> 41af57320a4cdbe5
[CHAIN] 41af57320a4cdbe5 -> f794bd11e3b38337
[CHAIN] f794bd11e3b38337 -> 7295cbb2f92edc11
[CHAIN] 7295cbb2f92edc11 -> f4fb1e6df83b2e67
[CHAIN] f4fb1e6df83b2e67 -> 48ccffcd289a471c
[CHAIN] 48ccffcd289a471c -> 6c375b2150b3d2bc
[CHAIN] 6c375b2150b3d2bc -> 3489447039288187
[CHAIN] 3489447039288187 -> 48203f18da1708aa
[CHAIN] 48203f18da1708aa -> 29243dfef682aceb
[CHAIN] 29243dfef682aceb -> 7b1b059de0409f9f
[CHAIN] 7b1b059de0409f9f -> 25d165af87c2aecf
[CHAIN] 25d165af87c2aecf -> 2ffcdfed19b03ae9
[CHAIN] 2ffcdfed19b03ae9 -> 8fe0984d6859c4eb
[CHAIN] 8fe0984d6859c4eb -> 7643beab5dcfcb8a
[CHAIN] 7643beab5dcfcb8a -> f21f71e31b4228ef
[CHAIN] f21f71e31b4228ef -> 98e4fd2597d54d40
[CHAIN] 98e4fd2597d54d40 -> 5213b871426e03db
[CHAIN] 5213b871426e03db -> 013a9186b4577312
[CHAIN] 013a9186b4577312 -> 828d231f7460f3dd
[CHAIN] 828d231f7460f3dd -> ce6b361c72392318
[CHAIN] ce6b361c72392318 -> 66ee0290b2db60f9
[CHAIN] 66ee0290b2db60f9 -> 8acd0ef8d9ae431e
[CHAIN] 8acd0ef8d9ae431e -> 3c827f58198b8904
[CHAIN] 3c827f58198b8904 -> 3346fa0c12990307
[CHAIN] 3346fa0c12990307 -> 0aded94873e25f11
[CHAIN] 0aded94873e25f11 -> afd520c3c8f92524
[CHAIN] afd520c3c8f92524 -> 06ce6a3408878400
[CHAIN] 06ce6a3408878400 -> 00697f0605a3da64
[CHAIN] 00697f0605a3da64 -> f1d7377fa583906f
[CHAIN] f1d7377fa583906f -> 64112c4b0a5d30ca
[CHAIN] 64112c4b0a5d30ca -> a2e2c29fcb7b2039
[CHAIN] a2e2c29fcb7b2039 -> 1352bbfdd5aae4f1
[CHAIN] 1352bbfdd5aae4f1 -> 9eb5c291c1361cd4
[CHAIN] 9eb5c291c1361cd4 -> b8bb0fea4cede171
[CHAIN] b8bb0fea4cede171 -> 4c4d85ae8bf392ec
[CHAIN] 4c4d85ae8bf392ec -> 06a99060e7d1c1d6
[CHAIN] 06a99060e7d1c1d6 -> 666149547c96e744
[CHAIN] 666149547c96e744 -> a3d1434b559a7967
[CHAIN] a3d1434b559a7967 -> a3a0c6177e973adf
[CHAIN] a3a0c6177e973adf -> 12ff2ff1beb2e9e4
[CHAIN] 12ff2ff1beb2e9e4 -> 9c6d217982e87c79
[CHAIN] 9c6d217982e87c79 -> 8ae419ea84bfde8d
[CHAIN] 8ae419ea84bfde8d -> ef3d3c13759ee3ce
[CHAIN] ef3d3c13759ee3ce -> 2c86213f65a99dd2
[CHAIN] 2c86213f65a99dd2 -> 6840940ba69de303
[CHAIN] 6840940ba69de303 -> c20152ace972581b
[CHAIN] c20152ace972581b -> d79fbd36eea336dc
[CHAIN] d79fbd36eea336dc -> 41f9f04844179c2e
[CHAIN] 41f9f04844179c2e -> c5e89ebb029db13b
[CHAIN] c5e89ebb029db13b -> 4d83aff4a158e9ba
[CHAIN] 4d83aff4a158e9ba -> ecb202ae4cbbb220
[CHAIN] ecb202ae4cbbb220 -> d4b3d3df31966731
[CHAIN] d4b3d3df31966731 -> 89d38becca4dc44b
[CHAIN] 89d38becca4dc44b -> 695253536c113086
[CHAIN] 695253536c113086 -> 9fd1916ef17903e7
[CHAIN] 9fd1916ef17903e7 -> 975d9705b8fec48d
[CHAIN] 975d9705b8fec48d -> a0e714482c36c114
[CHAIN] a0e714482c36c114 -> 657919c65fda0bc9
[CHAIN] 657919c65fda0bc9 -> 6872203dc69a56e4
[CHAIN] 6872203dc69a56e4 -> a5ff7386dca34525
[CHAIN] a5ff7386dca34525 -> 706955021fd2394a
[CHAIN] 706955021fd2394a -> 5934b315ffebbecc
[CHAIN] 5934b315ffebbecc -> 895e4f1e0064b8a1
[CHAIN] 895e4f1e0064b8a1 -> 81a6528a6b2200a5
[CHAIN] 81a6528a6b2200a5 -> e659943081b477ad
[CHAIN] e659943081b477ad -> 8ecf2cf1ccdd13ca
[CHAIN] 8ecf2cf1ccdd13ca -> 7e943f373abf5597
[CHAIN] 7e943f373abf5597 -> 42b8cbd4a5839a76
[CHAIN] 42b8cbd4a5839a76 -> 1864f2c642a478b7
[CHAIN] 1864f2c642a478b7 -> af82418d95836805
[CHAIN] af82418d95836805 -> 94afe9f7602af9c5
[CHAIN] 94afe9f7602af9c5 -> a66146ba5797f78c
[CHAIN] a66146ba5797f78c -> ab517369fdd2883a
[CHAIN] ab517369fdd2883a -> 375a0d33bd9a8431
[CHAIN] 375a0d33bd9a8431 -> 5ee354e2690b6c37
[CHAIN] 5ee354e2690b6c37 -> b4bb0d6a014d1d27
[CHAIN] b4bb0d6a014d1d27 -> ef71bb59fc6ff4f2
[CHAIN] ef71bb59fc6ff4f2 -> c4bef2c2f730238b
[CHAIN] c4bef2c2f730238b -> 9ba74b84bd373d3c
[CHAIN] 9ba74b84bd373d3c -> c4ad191eb3868c47
[CHAIN] c4ad191eb3868c47 -> 2dfee0bf2cf2ba59
[CHAIN] 2dfee0bf2cf2ba59 -> d816c641d54d003b
[CHAIN] d816c641d54d003b -> a14b9eaf7ed8ea5b
[CHAIN] a14b9eaf7ed8ea5b -> 413d4776b12688af
[CHAIN] 413d4776b12688af -> bb8aee78289e5eb0
[CHAIN] bb8aee78289e5eb0 -> ff948c61a4601812
[CHAIN] ff948c61a4601812 -> 9222eb5a47e1d265
[CHAIN] 9222eb5a47e1d265 -> 755903c1dde07da5
[CHAIN] 755903c1dde07da5 -> e649b50b7a7c488b
[CHAIN] e649b50b7a7c488b -> b2cdaf6294632f9c
[CHAIN] b2cdaf6294632f9c -> 391897aba668249b
[CHAIN] 391897aba668249b -> 51831d12c2a9a1a9
[CHAIN] 51831d12c2a9a1a9 -> e4b0998d707c1d39
[CHAIN] e4b0998d707c1d39 -> f03bec8213092745
[CHAIN] f03bec8213092745 -> d0fd41a45c7c44e8
[CHAIN] d0fd41a45c7c44e8 -> d9414a96031acc3a
[CHAIN] d9414a96031acc3a -> 0fc9ef697899a6ce
[CHAIN] 0fc9ef697899a6ce -> 5849532655b38773
[CHAIN] 5849532655b38773 -> c21439ed1c1c9175
[CHAIN] c21439ed1c1c9175 -> 6a7e08dcafd8278d
[CHAIN] 6a7e08dcafd8278d -> ccb1bf988f4b3cda
[CHAIN] ccb1bf988f4b3cda -> 785b71d5999687e6
[CHAIN] 785b71d5999687e6 -> 436a9ac70942b818
[CHAIN] 436a9ac70942b818 -> 977802f365f246b0
[CHAIN] 977802f365f246b0 -> 0e7ff98a4567ca39
[CHAIN] 0e7ff98a4567ca39 -> fb3f668325012465
[CHAIN] fb3f668325012465 -> c6a4dee819add4a9
[CHAIN] c6a4dee819add4a9 -> 183cbd996daf41ab
[CHAIN] 183cbd996daf41ab -> df907a7caa73519a
[CHAIN] df907a7caa73519a -> 3a6441f973e362d1
[CHAIN] 3a6441f973e362d1 -> 512dbd911939ae6b
[CHAIN] 512dbd911939ae6b -> 3c24c1d8bf07a320
[CHAIN] 3c24c1d8bf07a320 -> 85edda6daa1923ec
[CHAIN] 85edda6daa1923ec -> 07e30534338906c5
[CHAIN] 07e30534338906c5 -> 4b340cec88187d6e
[CHAIN] 4b340cec88187d6e -> 353a5a84f58b5e2e
[CHAIN] 353a5a84f58b5e2e -> ed0527cea71899b0
[CHAIN] ed0527cea71899b0 -> babec69416e0776c
[CHAIN] babec69416e0776c -> e6f6cd772fe83131
[CHAIN] e6f6cd772fe83131 -> a6c6034c8d1bb73b
[CHAIN] a6c6034c8d1bb73b -> aa6b9fcefc7fb774
[CHAIN] aa6b9fcefc7fb774 -> 62825cada8b70188
[CHAIN] 62825cada8b70188 -> 8630915175ee8137
[CHAIN] 8630915175ee8137 -> 03d5742e23331e39
[CHAIN] 03d5742e23331e39 -> e932bfbac261c6f1
[CHAIN] e932bfbac261c6f1 -> 8fe9731152b34b4e
[CHAIN] 8fe9731152b34b4e -> 054600b63bebb373
[CHAIN] 054600b63bebb373 -> 1ed739a6440d6a75
[CHAIN] 1ed739a6440d6a75 -> 6e33d67f42b94e13
[CHAIN] 6e33d67f42b94e13 -> 4ab8ec595aa92d98
[CHAIN] 4ab8ec595aa92d98 -> 3b3835719bdee65a
[CHAIN] 3b3835719bdee65a -> d013e5b6574e6e29
[CHAIN] d013e5b6574e6e29 -> 5a5b739dbb9f68a8
[CHAIN] 5a5b739dbb9f68a8 -> bdc85e80435713e3
[CHAIN] bdc85e80435713e3 -> 4b7e3b27ec5818a7
[CHAIN] 4b7e3b27ec5818a7 -> b451fec00be80cb6
[CHAIN] b451fec00be80cb6 -> 09c0bd246dc622d2
[CHAIN] 09c0bd246dc622d2 -> 94d8254e68cfb989
[CHAIN] 94d8254e68cfb989 -> 542f8c1ef61d0380
[CHAIN] 542f8c1ef61d0380 -> 7be33330ac0d453a
[CHAIN] 7be33330ac0d453a -> e9d2bdf31901c2f2
[CHAIN] e9d2bdf31901c2f2 -> 17af78833f2da563
[CHAIN] 17af78833f2da563 -> 7f427a97bdc09e7e
[CHAIN] 7f427a97bdc09e7e -> eefb9ee12d722849
[CHAIN] eefb9ee12d722849 -> d9c436d605a07a30
[CHAIN] d9c436d605a07a30 -> f0964da477a89ec6
[CHAIN] f0964da477a89ec6 -> 612c9d09665dd7d2
[CHAIN] 612c9d09665dd7d2 -> 069be8187e90978a
[CHAIN] 069be8187e90978a -> cd1ec67a71c0e649
[CHAIN] cd1ec67a71c0e649 -> c4302c473e28eabf
[CHAIN] c4302c473e28eabf -> e158c3dfb12a835b
[CHAIN] e158c3dfb12a835b -> be77e52ab4aa6aa4
[CHAIN] be77e52ab4aa6aa4 -> 6e8c188b4d296c0f
[CHAIN] 6e8c188b4d296c0f -> e360b4930f3e8849
[CHAIN] e360b4930f3e8849 -> 275f03167ddde0cb
[CHAIN] 275f03167ddde0cb -> 2587407217a2d791
[CHAIN] 2587407217a2d791 -> 15e49ec11a37bbbb
[CHAIN] 15e49ec11a37bbbb -> 5f81f7ec9f7f339b
[CHAIN] 5f81f7ec9f7f339b -> 6fbc15839c28e032
[CHAIN] 6fbc15839c28e032 -> 1c1242c7b924b354
[CHAIN] 1c1242c7b924b354 -> 565c5e59d56f8d95
[CHAIN] 565c5e59d56f8d95 -> 4c91dc4f343ee5c6
[CHAIN] 4c91dc4f343ee5c6 -> 3eb585f549910fc3
[CHAIN] 3eb585f549910fc3 -> 982d1222dc7e3c8b
[CHAIN] 982d1222dc7e3c8b -> 899a2d147bd3d1cc
[CHAIN] 899a2d147bd3d1cc -> 5a9651f96af8d4dd
[CHAIN] 5a9651f96af8d4dd -> 27d0049ee1e4cd57
[CHAIN] 27d0049ee1e4cd57 -> a9c909fe569b4748
[CHAIN] a9c909fe569b4748 -> 8ec4202761d6188a
[CHAIN] 8ec4202761d6188a -> e18d5b7812dfee04
[CHAIN] e18d5b7812dfee04 -> 81a945a27e112c9f
[CHAIN] 81a945a27e112c9f -> c79f8b49781803be
[CHAIN] c79f8b49781803be -> c23c25b57e9996da
[CHAIN] c23c25b57e9996da -> 176edfb40b2de172
[CHAIN] 176edfb40b2de172 -> da81237e7955e720
[CHAIN] da81237e7955e720 -> 2f45497a50f79c66
[CHAIN] 2f45497a50f79c66 -> 21b293c93ac3a1d5
[CHAIN] 21b293c93ac3a1d5 -> 436884a95a5f088d
[CHAIN] 436884a95a5f088d -> 848d232db2317ce2
[CHAIN] 848d232db2317ce2 -> e5684925ea440bbe
[CHAIN] e5684925ea440bbe -> 7f7f21a7abc19468
[CHAIN] 7f7f21a7abc19468 -> c17ba690eef0789d
[CHAIN] c17ba690eef0789d -> 64089d608ad3d4c2
[CHAIN] 64089d608ad3d4c2 -> afbb964b25b92ac8
[CHAIN] afbb964b25b92ac8 -> 16e1a53601bb1234
[CHAIN] 16e1a53601bb1234 -> 2e823b2c3cf0f54e
[CHAIN] 2e823b2c3cf0f54e -> 5d45cd37cebae533
[CHAIN] 5d45cd37cebae533 -> fcaa08633246c0a5
[CHAIN] fcaa08633246c0a5 -> 18494b65f826829b
[CHAIN] 18494b65f826829b -> d1d2396db0c95749
[CHAIN] d1d2396db0c95749 -> 8e2ef305430b14cd
[CHAIN] 8e2ef305430b14cd -> 8ed67af4e95a8b7e
[CHAIN] 8ed67af4e95a8b7e -> 3a16a19aa5ff7887
[CHAIN] 3a16a19aa5ff7887 -> 1919f3bad0b8c2fe
[CHAIN] 1919f3bad0b8c2fe -> 9f71d4db49dd18ce
[CHAIN] 9f71d4db49dd18ce -> 0a5ffa7001ff58a0
[CHAIN] 0a5ffa7001ff58a0 -> 336f8c467347298d
[CHAIN] 336f8c467347298d -> 4c5b1a27a72964e4
[CHAIN] 4c5b1a27a72964e4 -> 632259da59c22ec9
[CHAIN] 632259da59c22ec9 -> d448a89496a714b0
[CHAIN] d448a89496a714b0 -> 6e80e802bf48b4b1
[CHAIN] 6e80e802bf48b4b1 -> 86023f48975a79ec
[CHAIN] 86023f48975a79ec -> 848085dfc9c80802
[CHAIN] 848085dfc9c80802 -> 39f0134a0ec6846e
[CHAIN] 39f0134a0ec6846e -> 3a11cfff579eb534
[CHAIN] 3a11cfff579eb534 -> 24a43ac1a5360d0c
[CHAIN] 24a43ac1a5360d0c -> 98a3eadde436e8dc
[CHAIN] 98a3eadde436e8dc -> 0dc6cb5588334613
[CHAIN] 0dc6cb5588334613 -> b2bf3189085a1f02
[CHAIN] b2bf3189085a1f02 -> 9d1baf0ef1252a66
[CHAIN] 9d1baf0ef1252a66 -> 462dea1d411c07ea
[CHAIN] 462dea1d411c07ea -> 0918a68e008e89fd
[CHAIN] 0918a68e008e89fd -> 2ee43ed83c635875
[CHAIN] 2ee43ed83c635875 -> ffe1b2db3847acf1
[CHAIN] ffe1b2db3847acf1 -> 07458af445ab7925
[CHAIN] 07458af445ab7925 -> eaeefa9ae990a9ed
[CHAIN] eaeefa9ae990a9ed -> be472ac25f0b6a75
[CHAIN] be472ac25f0b6a75 -> 5d0ee18cf33f8bac
[CHAIN] 5d0ee18cf33f8bac -> 4c4434a5fa800655
[CHAIN] 4c4434a5fa800655 -> 47a85bf66b238b4d
[CHAIN] 47a85bf66b238b4d -> bdcf1a152a698c92
[CHAIN] bdcf1a152a698c92 -> 5c78cf729ea96043
[CHAIN] 5c78cf729ea96043 -> 03394a36c47f6aea
[CHAIN] 03394a36c47f6aea -> de0634b6fcd00dc9
[CHAIN] de0634b6fcd00dc9 -> 7a2b0d476e6c6a8e
[CHAIN] 7a2b0d476e6c6a8e -> a77eb8e9df7a5266
[CHAIN] a77eb8e9df7a5266 -> 64e115b86bc7119a
[CHAIN] 64e115b86bc7119a -> 62cb3dc4325366f7
[CHAIN] 62cb3dc4325366f7 -> d26e1f7fd83995d4
[CHAIN] d26e1f7fd83995d4 -> 20b74d27a981e5de
[CHAIN] 20b74d27a981e5de -> 4117c48deddeb8a5
[CHAIN] 4117c48deddeb8a5 -> 1822c0873ec8b244
[CHAIN] 1822c0873ec8b244 -> 0946e419eddd7c52
[CHAIN] 0946e419eddd7c52 -> b9b9cb5268d3084f
[CHAIN] b9b9cb5268d3084f -> 2a7771009021dd69
[CHAIN] 2a7771009021dd69 -> c3c03ca6bb07ef07
[CHAIN] c3c03ca6bb07ef07 -> 5aae37830a0ea0ce
[CHAIN] 5aae37830a0ea0ce -> 09cfc4259ef2aff7
[CHAIN] 09cfc4259ef2aff7 -> a52366fcbba942d9
[CHAIN] a52366fcbba942d9 -> 0d103ae0e17f857d
[CHAIN] 0d103ae0e17f857d -> 6b6f2643abcbbb69
[CHAIN] 6b6f2643abcbbb69 -> eb222866bb879430
[CHAIN] eb222866bb879430 -> 270b1895fb532a42
[CHAIN] 270b1895fb532a42 -> c6d3127429c4964f
[CHAIN] c6d3127429c4964f -> 6d61a1b870543a3f
[CHAIN] 6d61a1b870543a3f -> b926ee1cb58adfd5
[CHAIN] b926ee1cb58adfd5 -> ea37b47f919db9fe
[CHAIN] ea37b47f919db9fe -> 9cd44a2efd251d0b
[CHAIN] 9cd44a2efd251d0b -> 2814d9c0e9a3aa12
[CHAIN] 2814d9c0e9a3aa12 -> b8f0e199f10deec4
[CHAIN] b8f0e199f10deec4 -> b427afc696fdc5ec
[CHAIN] b427afc696fdc5ec -> 83d83b9205c3b43f
[CHAIN] 83d83b9205c3b43f -> 34eb14b05b4d3c85
[CHAIN] 34eb14b05b4d3c85 -> 131bc3011bc3ec89
[CHAIN] 131bc3011bc3ec89 -> 0e3af38a397f2735
[CHAIN] 0e3af38a397f2735 -> 7227390eff88fa9b
[CHAIN] 7227390eff88fa9b -> eb9a264c1e4a0367
[CHAIN] eb9a264c1e4a0367 -> d097235518466397
[CHAIN] d097235518466397 -> 7887665b9e7ba650
[CHAIN] 7887665b9e7ba650 -> 5957ccca2b8b6dc8
[CHAIN] 5957ccca2b8b6dc8 -> d74dc28c554d3787
[CHAIN] d74dc28c554d3787 -> fa0447e326a64861
[CHAIN] fa0447e326a64861 -> 2285d75deea4fa07
[CHAIN] 2285d75deea4fa07 -> 3cd10b5ee4a8916e
[CHAIN] 3cd10b5ee4a8916e -> 5f3db614ba4c4b98
[CHAIN] 5f3db614ba4c4b98 -> 9736b87634cbad8b
[CHAIN] 9736b87634cbad8b -> f98b9e80f7cbe8fc
[CHAIN] f98b9e80f7cbe8fc -> e784ab82a06a5c73
[CHAIN] e784ab82a06a5c73 -> 5946dab93b2f482d
[CHAIN] 5946dab93b2f482d -> bc516c7c21f2222f
[CHAIN] bc516c7c21f2222f -> 345922ce51d2ddd1
[CHAIN] 345922ce51d2ddd1 -> 252e249bb75d2dbc
[CHAIN] 252e249bb75d2dbc -> 6fe5e6d874b0b134
[CHAIN] 6fe5e6d874b0b134 -> b4eb9166879b6a22
[CHAIN] b4eb9166879b6a22 -> 22cf44c67642644d
[CHAIN] 22cf44c67642644d -> aed384b89d7769ba
[CHAIN] aed384b89d7769ba -> 8f4ddbe0526f8d59
[CHAIN] 8f4ddbe0526f8d59 -> 4e85de8e93ee8b19
[CHAIN] 4e85de8e93ee8b19 -> 88ee28fe54ef847e
[CHAIN] 88ee28fe54ef847e -> 422630ef0c7105d1
[CHAIN] 422630ef0c7105d1 -> 9e11ae85437471c8
[CHAIN] 9e11ae85437471c8 -> 09571f82132bd61a
[CHAIN] 09571f82132bd61a -> d08d39f823dba073
[CHAIN] d08d39f823dba073 -> 0db966663596ef8c
[CHAIN] 0db966663596ef8c -> a4c6d65962f4856e
[CHAIN] a4c6d65962f4856e -> c26139d1cb57efa9
[CHAIN] c26139d1cb57efa9 -> 4838d33a88af3597
[CHAIN] 4838d33a88af3597 -> 697f7072a86cfee4
[CHAIN] 697f7072a86cfee4 -> df0819ffe6e1d2e9
[CHAIN] df0819ffe6e1d2e9 -> 1290f34da5a8c008
[CHAIN] 1290f34da5a8c008 -> b508cde0e9b8a7c5
[CHAIN] b508cde0e9b8a7c5 -> b6a2cf81f21f502a
[CHAIN] b6a2cf81f21f502a -> 99f221a132ed9370
[CHAIN] 99f221a132ed9370 -> 3d7858c6dd7bb41f
[CHAIN] 3d7858c6dd7bb41f -> 69e13c694934c063
[CHAIN] 69e13c694934c063 -> 12916d9cd8a1e3ef
[CHAIN] 12916d9cd8a1e3ef -> d65dd7b5a9db51b9
[CHAIN] d65dd7b5a9db51b9 -> 4f06916d08a8ce35
[CHAIN] 4f06916d08a8ce35 -> 5313e977a26455d3
[CHAIN] 5313e977a26455d3 -> 13cc6785048c056a
[CHAIN] 13cc6785048c056a -> 57b4beb07949d305
[CHAIN] 57b4beb07949d305 -> 0ab656b73c69474a
[CHAIN] 0ab656b73c69474a -> 3ae148bf4a7f838e
[CHAIN] 3ae148bf4a7f838e -> da67a8754827218b
[CHAIN] da67a8754827218b -> ca911335eaf92446
[CHAIN] ca911335eaf92446 -> 39324a4af0b6703e
[CHAIN] 39324a4af0b6703e -> 8f022d2088d5fac4
[CHAIN] 8f022d2088d5fac4 -> f7bb029d3722908a
[CHAIN] f7bb029d3722908a -> c9c6cedda68f5ea7
[CHAIN] c9c6cedda68f5ea7 -> 810868a0c7413e30
[CHAIN] 810868a0c7413e30 -> ee70101efe2566a0
[CHAIN] ee70101efe2566a0 -> fba126d2ab0b08cc
[CHAIN] fba126d2ab0b08cc -> 5feebabaa13dd3e6
[CHAIN] 5feebabaa13dd3e6 -> a81dfd3613a52e2a
[CHAIN] a81dfd3613a52e2a -> ed7adf83eae0096b
[CHAIN] ed7adf83eae0096b -> ba8bd2aa076132e1
[CHAIN] ba8bd2aa076132e1 -> 27a8258b53b98873
[CHAIN] 27a8258b53b98873 -> 523cf6f574784e1a
[CHAIN] 523cf6f574784e1a -> 3f3a4bb68ec5ff29
[CHAIN] 3f3a4bb68ec5ff29 -> c2e00bfc6c45fa31
[CHAIN] c2e00bfc6c45fa31 -> 0fc916d6d73516ef
[CHAIN] 0fc916d6d73516ef -> fe1f8232d9c2483d
[CHAIN] fe1f8232d9c2483d -> a57ad004fa2e3e07
[CHAIN] a57ad004fa2e3e07 -> bbdc7e8b96fa9133
[CHAIN] bbdc7e8b96fa9133 -> 88a2b23ffb52f8a9
[CHAIN] 88a2b23ffb52f8a9 -> 9d0a2a333591f63d
[CHAIN] 9d0a2a333591f63d -> 458922e718ae5c6c
[CHAIN] 458922e718ae5c6c -> 3a8618241ce3f102
[CHAIN] 3a8618241ce3f102 -> d081563b16ea492b
[CHAIN] d081563b16ea492b -> d361d1e3a133df6a
[CHAIN] d361d1e3a133df6a -> 2c5f1cc78766dea3
[CHAIN] 2c5f1cc78766dea3 -> 2d66690f9b2f7534
[CHAIN] 2d66690f9b2f7534 -> e6accbcb8f418a1b
[CHAIN] e6accbcb8f418a1b -> 5ac8bdce45ddc3da
[CHAIN] 5ac8bdce45ddc3da -> 9e56ce6f54ba211e
[CHAIN] 9e56ce6f54ba211e -> e8e72f028e0bf85e
[CHAIN] e8e72f028e0bf85e -> 6405c53789339e37
[CHAIN] 6405c53789339e37 -> 1427cb4f2cc420e2
[CHAIN] 1427cb4f2cc420e2 -> a58a121fd9b1b2e1
[CHAIN] a58a121fd9b1b2e1 -> 37538c27b85129a6
[CHAIN] 37538c27b85129a6 -> 66449455516e3225
[CHAIN] 66449455516e3225 -> 5368c4e8260ed718
[CHAIN] 5368c4e8260ed718 -> 80000302e48ec1de
[CHAIN] 80000302e48ec1de -> 439b850497cc2b8e
[CHAIN] 439b850497cc2b8e -> 8eb263b634a4b0d9
[CHAIN] 8eb263b634a4b0d9 -> 319a8b353d563af3
[CHAIN] 319a8b353d563af3 -> 72178e9d3b54644b
[CHAIN] 72178e9d3b54644b -> dc4009b83945dab8
[CHAIN] dc4009b83945dab8 -> f370a761b4efe551
[CHAIN] f370a761b4efe551 -> e4433bb463f665b6
[CHAIN] e4433bb463f665b6 -> d5cb80d9f3d3ae98
[CHAIN] d5cb80d9f3d3ae98 -> 5b0497ba6a37b6b6
[CHAIN] 5b0497ba6a37b6b6 -> 1fee6c5601f5e9ba
[CHAIN] 1fee6c5601f5e9ba -> 918c230c87a310e4
[CHAIN] 918c230c87a310e4 -> 798165509dbfbbaa
[CHAIN] 798165509dbfbbaa -> 8ed80d0f4784c43e
[CHAIN] 8ed80d0f4784c43e -> 0c5ff4111e89ed7e
[CHAIN] 0c5ff4111e89ed7e -> 35dd4ad4705e2ccd
[CHAIN] 35dd4ad4705e2ccd -> 451c50b2b42b1e26
[CHAIN] 451c50b2b42b1e26 -> 3b71cdf9a5e2b846
[CHAIN] 3b71cdf9a5e2b846 -> b36afd6321b38054
[CHAIN] b36afd6321b38054 -> adbba8c014a3d66f
[CHAIN] adbba8c014a3d66f -> ff5dab033c8e1235
[CHAIN] ff5dab033c8e1235 -> d6b41fe00008763c
[CHAIN] d6b41fe00008763c -> 46cd3e8896334d86
[CHAIN] 46cd3e8896334d86 -> 7285705422fddfee
[CHAIN] 7285705422fddfee -> 5c3481a61ff7f88d
[CHAIN] 5c3481a61ff7f88d -> 77821003b8d50d76
[CHAIN] 77821003b8d50d76 -> 0a3fc754c4070c20
[CHAIN] 0a3fc754c4070c20 -> 3c89825f3971ba3a
[CHAIN] 3c89825f3971ba3a -> 2914bb5cfc31d4b3
[CHAIN] 2914bb5cfc31d4b3 -> 687fe388412ba365
[CHAIN] 687fe388412ba365 -> 5b5672d89de9dd57
[CHAIN] 5b5672d89de9dd57 -> a5b8b096b9482225
[CHAIN] a5b8b096b9482225 -> e670e70e10c2a753
[CHAIN] e670e70e10c2a753 -> 534f47114e342a58
[CHAIN] 534f47114e342a58 -> ad0f0e911782ed14
[CHAIN] ad0f0e911782ed14 -> d9ee7dcbd4eda727
[CHAIN] d9ee7dcbd4eda727 -> bc7c63df6d430505
[CHAIN] bc7c63df6d430505 -> 76b58ea340231cd6
[CHAIN] 76b58ea340231cd6 -> 8d2a47ed9a3cd19a
[CHAIN] 8d2a47ed9a3cd19a -> 7d26dd72b71fdb37
[CHAIN] 7d26dd72b71fdb37 -> af68f91652d58eaf
[CHAIN] af68f91652d58eaf -> f513c52725d1d810
[CHAIN] f513c52725d1d810 -> 9e5a21f82b5610da
[CHAIN] 9e5a21f82b5610da -> 38759350e9aa2eb7
[CHAIN] 38759350e9aa2eb7 -> c30ec656e208f0b6
[CHAIN] c30ec656e208f0b6 -> 91af3f65f60c05a8
[CHAIN] 91af3f65f60c05a8 -> d8c9620d260479e8
[CHAIN] d8c9620d260479e8 -> e6da0610a534a765
[CHAIN] e6da0610a534a765 -> d066ef81c65510a2
[CHAIN] d066ef81c65510a2 -> 9306f91f8603d13d
[CHAIN] 9306f91f8603d13d -> ba82af4687094dd5
[CHAIN] ba82af4687094dd5 -> 9e00afaf342f84cf
[CHAIN] 9e00afaf342f84cf -> 6c78512fac50fc59
[CHAIN] 6c78512fac50fc59 -> 3669e36446188dd4
[CHAIN] 3669e36446188dd4 -> 1165f597f42bb903
[CHAIN] 1165f597f42bb903 -> 274446387371d8a1
[CHAIN] 274446387371d8a1 -> 64766257605b25c5
[CHAIN] 64766257605b25c5 -> 0e117a0a530efdd0
[CHAIN] 0e117a0a530efdd0 -> c5a68b185c95c66d
[CHAIN] c5a68b185c95c66d -> 32997b969b7e3970
[CHAIN] 32997b969b7e3970 -> 511a58644844de41
[CHAIN] 511a58644844de41 -> 6a033457e3b5c012
[CHAIN] 6a033457e3b5c012 -> cc3200d443b11a5c
[CHAIN] cc3200d443b11a5c -> fc45e45cc4e7f6c0
[CHAIN] fc45e45cc4e7f6c0 -> 3ee95387bad705bd
[CHAIN] 3ee95387bad705bd -> f94136fa8f4d5c8e
[CHAIN] f94136fa8f4d5c8e -> 7967d3c704f939c8
[CHAIN] 7967d3c704f939c8 -> 1776281946064853
[CHAIN] 1776281946064853 -> f8b897a7f9aa98ec
[CHAIN] f8b897a7f9aa98ec -> 38578fdf2c14d88c
[CHAIN] 38578fdf2c14d88c -> 6db0d0ea82496783
[CHAIN] 6db0d0ea82496783 -> a88f475daff07fff
[CHAIN] a88f475daff07fff -> 248d4e1b1fec6ac0
[CHAIN] 248d4e1b1fec6ac0 -> 60cf990d80532f0c
[CHAIN] 60cf990d80532f0c -> 8a109e64c7fc9fe3
[CHAIN] 8a109e64c7fc9fe3 -> 26fcdb536e2e31c9
[CHAIN] 26fcdb536e2e31c9 -> befb0df70dfb2db1
[CHAIN] befb0df70dfb2db1 -> 33b77e051276ddf6
[CHAIN] 33b77e051276ddf6 -> ee0f3b6c21cc42c3
[CHAIN] ee0f3b6c21cc42c3 -> 6682704e6111b283
[CHAIN] 6682704e6111b283 -> a41eaae59f02e8de
[CHAIN] a41eaae59f02e8de -> e4859aa08d576d69
[CHAIN] e4859aa08d576d69 -> ef6b1a6d3c90c778
[CHAIN] ef6b1a6d3c90c778 -> 6b600111da8ff09a
[CHAIN] 6b600111da8ff09a -> d6226f9311a35789
[CHAIN] d6226f9311a35789 -> bee85f2f805c7ea9
[CHAIN] bee85f2f805c7ea9 -> 8a76f4fa1c856307
[CHAIN] 8a76f4fa1c856307 -> abd46912fd2c82ea
[CHAIN] abd46912fd2c82ea -> 3127ff8768757537
[CHAIN] 3127ff8768757537 -> 425daf73d0253b80
[CHAIN] 425daf73d0253b80 -> dd154da312c24f91
[CHAIN] dd154da312c24f91 -> df885f5b560261ce
[CHAIN] df885f5b560261ce -> 9d577a705eb92ecf
[CHAIN] 9d577a705eb92ecf -> 465a6a10a1aa5452
[CHAIN] 465a6a10a1aa5452 -> be7b1745867425a1
[CHAIN] be7b1745867425a1 -> af17d63f7f78c900
[CHAIN] af17d63f7f78c900 -> b8fbcdc4d827ea03
[CHAIN] b8fbcdc4d827ea03 -> ba0690260c3b798f
[CHAIN] ba0690260c3b798f -> a4211418e10de0c7
[CHAIN] a4211418e10de0c7 -> 2e029d67884a509b
[CHAIN] 2e029d67884a509b -> 23ad64abdc9a74e3
[CHAIN] 23ad64abdc9a74e3 -> ac1ecd62de597f15
[CHAIN] ac1ecd62de597f15 -> 94a53737a80ca048
[CHAIN] 94a53737a80ca048 -> c20d917856b91a7a
[CHAIN] c20d917856b91a7a -> 0e2a7fa7e4b7e8d4
[CHAIN] 0e2a7fa7e4b7e8d4 -> c2948b68d78ae9d7
[CHAIN] c2948b68d78ae9d7 -> 7de73a6ba116d4bd
[CHAIN] 7de73a6ba116d4bd -> a32862048d7c1333
[CHAIN] a32862048d7c1333 -> 50475833f5b0f93b
[CHAIN] 50475833f5b0f93b -> 0f1f815422e1e742
[CHAIN] 0f1f815422e1e742 -> 6aa3db78ac41c027
[CHAIN] 6aa3db78ac41c027 -> c8cab335bd2b1f2f
[CHAIN] c8cab335bd2b1f2f -> 2fb810267798e4f4
[CHAIN] 2fb810267798e4f4 -> 47522fb19e955ea9
[CHAIN] 47522fb19e955ea9 -> 425517fee32ab39c
[CHAIN] 425517fee32ab39c -> 8a34dfac55ad284b
[CHAIN] 8a34dfac55ad284b -> 2e709d21534d9cea
[CHAIN] 2e709d21534d9cea -> 375999e3f3e0e01e
[CHAIN] 375999e3f3e0e01e -> 9f351b69ea2c9855
[CHAIN] 9f351b69ea2c9855 -> 2a6b76747422de1d
[CHAIN] 2a6b76747422de1d -> 1fa30000f390a423
[CHAIN] 1fa30000f390a423 -> db37d7bc9dca85fe
[CHAIN] db37d7bc9dca85fe -> 038d67c4a60bd8f2
[CHAIN] 038d67c4a60bd8f2 -> 31d834de30bbeec8
[CHAIN] 31d834de30bbeec8 -> 5cbaac7d1e075c76
[CHAIN] 5cbaac7d1e075c76 -> 02a27d04933ab2bd
[CHAIN] 02a27d04933ab2bd -> ac041f826a963471
[CHAIN] ac041f826a963471 -> b53531f4da1fbf03
[CHAIN] b53531f4da1fbf03 -> f0f0c7f840831215
[CHAIN] f0f0c7f840831215 -> 34af8ca3fc84928d
[CHAIN] 34af8ca3fc84928d -> ab9e2f7ccac9b142
[CHAIN] ab9e2f7ccac9b142 -> 1ad363d8b95e04dc
[CHAIN] 1ad363d8b95e04dc -> 68e7586f0c29bd7c
[CHAIN] 68e7586f0c29bd7c -> e2b8414c398580fa
[CHAIN] e2b8414c398580fa -> b0db319233063aee
[CHAIN] b0db319233063aee -> 7146a2eaa47bc2c3
[CHAIN] 7146a2eaa47bc2c3 -> ce15a0d4453a8b9f
[CHAIN] ce15a0d4453a8b9f -> 2eb40a4e68d1ee70
[CHAIN] 2eb40a4e68d1ee70 -> d5a1929572aed5ee
[CHAIN] d5a1929572aed5ee -> 3507d452a36e2c3e
[CHAIN] 3507d452a36e2c3e -> 001c6ab84cb40363
[CHAIN] 001c6ab84cb40363 -> 72d0164fb9f72176
[CHAIN] 72d0164fb9f72176 -> 719c2d64904e7c10
[CHAIN] 719c2d64904e7c10 -> 876e7b74cd6351a4
[CHAIN] 876e7b74cd6351a4 -> 70e09b5317946fcf
[CHAIN] 70e09b5317946fcf -> 8db858791de2e916
[CHAIN] 8db858791de2e916 -> 5439e73904620741
[CHAIN] 5439e73904620741 -> a343574dabcddca8
[CHAIN] a343574dabcddca8 -> 72abb2246c6229cf
[CHAIN] 72abb2246c6229cf -> 7384456a6be10a70
[CHAIN] 7384456a6be10a70 -> e1cab205c7856df9
[CHAIN] e1cab205c7856df9 -> 881b14dcfc4e1c9a
[CHAIN] 881b14dcfc4e1c9a -> 2174a45347ec1496
[CHAIN] 2174a45347ec1496 -> d7d39c3dd4874822
[CHAIN] d7d39c3dd4874822 -> a6647116889d2835
[CHAIN] a6647116889d2835 -> f7955bc1ea22a5b7
[CHAIN] f7955bc1ea22a5b7 -> e5261eef5ae02b32
[CHAIN] e5261eef5ae02b32 -> 4f924ad798d6c185
[CHAIN] 4f924ad798d6c185 -> 6b725ea9f857cc5e
[CHAIN] 6b725ea9f857cc5e -> 13edc1b570da6e43
[CHAIN] 13edc1b570da6e43 -> ce184baabd1ad81d
[CHAIN] ce184baabd1ad81d -> 217582f15d54b8ce
[CHAIN] 217582f15d54b8ce -> 34bda43568494f6e
[CHAIN] 34bda43568494f6e -> 89e158508b50287f
[CHAIN] 89e158508b50287f -> 2c01ea3c5ae67ff9
[CHAIN] 2c01ea3c5ae67ff9 -> 12ed1cca335a6493
[CHAIN] 12ed1cca335a6493 -> 3bae075466f17987
[CHAIN] 3bae075466f17987 -> 8dd7889282f21967
[CHAIN] 8dd7889282f21967 -> 130a54744c249bad
[CHAIN] 130a54744c249bad -> 55ebdf5ebe2adb44
[CHAIN] 55ebdf5ebe2adb44 -> dec35cb6d461eef4
[CHAIN] dec35cb6d461eef4 -> e8125486cab44651
[CHAIN] e8125486cab44651 -> 03941aff1a40a4c5
[CHAIN] 03941aff1a40a4c5 -> 1d6de2d3c01e516f
[CHAIN] 1d6de2d3c01e516f -> 5c23d81237150fea
[CHAIN] 5c23d81237150fea -> d9e4aad2f8d7150e
[CHAIN] d9e4aad2f8d7150e -> ec2a150ae5fed858
[CHAIN] ec2a150ae5fed858 -> ba054a5f5f0f3593
[CHAIN] ba054a5f5f0f3593 -> e243be7a45823835
[CHAIN] e243be7a45823835 -> 717432b56e6d4bd9
[CHAIN] 717432b56e6d4bd9 -> 4f10160f0548c0fa
[CHAIN] 4f10160f0548c0fa -> e887008bacacbc49
[CHAIN] e887008bacacbc49 -> 85b8951ad2653606
[CHAIN] 85b8951ad2653606 -> 2a10eb047f8c1b42
[CHAIN] 2a10eb047f8c1b42 -> a1b8c5e4a880ddfc
[CHAIN] a1b8c5e4a880ddfc -> 0589d4cc9d280478
[CHAIN] 0589d4cc9d280478 -> 634b6cbff19166ab
[CHAIN] 634b6cbff19166ab -> 6e224c965f27e540
[CHAIN] 6e224c965f27e540 -> 698fddb18360bfdd
[CHAIN] 698fddb18360bfdd -> c2b6a7a878bb9245
[CHAIN] c2b6a7a878bb9245 -> b8b466db99e29218
[CHAIN] b8b466db99e29218 -> 7f56c077f261b8db
[CHAIN] 7f56c077f261b8db -> f800d41ed69b6e76
[CHAIN] f800d41ed69b6e76 -> 5fa6bc78fed48d99
[CHAIN] 5fa6bc78fed48d99 -> 7e4db43be172cfac
[CHAIN] 7e4db43be172cfac -> 67d248fda596a207
[CHAIN] 67d248fda596a207 -> ff5148050fcf3685
[CHAIN] ff5148050fcf3685 -> 5eafecc69ad2a0d3
[CHAIN] 5eafecc69ad2a0d3 -> 67bb168a8848bde6
[CHAIN] 67bb168a8848bde6 -> 2a83468b3ac5ebcc
[CHAIN] 2a83468b3ac5ebcc -> 190df190ac296e85
[CHAIN] 190df190ac296e85 -> c4e4323abbd8f006
[CHAIN] c4e4323abbd8f006 -> d8ce4426ea99522c
[CHAIN] d8ce4426ea99522c -> 42a4eb45cf954067
[CHAIN] 42a4eb45cf954067 -> 69c4a78d5c9b9c39
[CHAIN] 69c4a78d5c9b9c39 -> 8556666a282d920e
[CHAIN] 8556666a282d920e -> 2d2b1e87c8ee5424
[CHAIN] 2d2b1e87c8ee5424 -> c1efff87e7235233
[CHAIN] c1efff87e7235233 -> c7d75504ed3c3b58
[CHAIN] c7d75504ed3c3b58 -> 773d6093c0d1cec4
[CHAIN] 773d6093c0d1cec4 -> a96ee1e625f9f492
[CHAIN] a96ee1e625f9f492 -> cb4008e4e87f0528
[CHAIN] cb4008e4e87f0528 -> 50788006c5c09bee
[CHAIN] 50788006c5c09bee -> 732619134cd566ee
[CHAIN] 732619134cd566ee -> b1c621bcbe078c5f
[CHAIN] b1c621bcbe078c5f -> eae3b5bd3d1b1d9a
[CHAIN] eae3b5bd3d1b1d9a -> 5d8dbe28f2239850
[CHAIN] 5d8dbe28f2239850 -> 162a82cfab72f95e
[CHAIN] 162a82cfab72f95e -> c52eb2f7c043285f
[CHAIN] c52eb2f7c043285f -> 41ee2873cd4d546b
[CHAIN] 41ee2873cd4d546b -> ce5be87930f4dfb0
[CHAIN] ce5be87930f4dfb0 -> 60751b1156ec3de5
[CHAIN] 60751b1156ec3de5 -> 2581c5582b1ccf14
[CHAIN] 2581c5582b1ccf14 -> 9859e4d3242d8310
[CHAIN] 9859e4d3242d8310 -> a46e477fb47c81cc
[CHAIN] a46e477fb47c81cc -> a05a5abee9a7ad74
[CHAIN] a05a5abee9a7ad74 -> a5bb11ce5e68f180
[CHAIN] a5bb11ce5e68f180 -> 51a6987c6c84ab04
[CHAIN] 51a6987c6c84ab04 -> c0663a10051ed94a
[CHAIN] c0663a10051ed94a -> 0d2bcad54cc5f8cb
[CHAIN] 0d2bcad54cc5f8cb -> a53dcf2fa0e7ad1f
[CHAIN] a53dcf2fa0e7ad1f -> 0913859e140a977a
[CHAIN] 0913859e140a977a -> df250f763c09b5e2
[CHAIN] df250f763c09b5e2 -> 06abc808cea80af1
[CHAIN] 06abc808cea80af1 -> b2ecf7ebdda6f4ca
[CHAIN] b2ecf7ebdda6f4ca -> 7e4ba164e30b7e61
[CHAIN] 7e4ba164e30b7e61 -> 1981d90769e5fa97
[CHAIN] 1981d90769e5fa97 -> 069b33a089be6034
[CHAIN] 069b33a089be6034 -> ca4f66de3d0cd308
[CHAIN] ca4f66de3d0cd308 -> f31ce620db73b166
[CHAIN] f31ce620db73b166 -> 78f6345a5c60aed2
[CHAIN] 78f6345a5c60aed2 -> f3ef20704c9432be
[CHAIN] f3ef20704c9432be -> fb66469493a2f9e4
[CHAIN] fb66469493a2f9e4 -> 3c590ee98509fcfb
[CHAIN] 3c590ee98509fcfb -> 4f1012d5daf3a3f4
[CHAIN] 4f1012d5daf3a3f4 -> 17d4ff692d840487
[CHAIN] 17d4ff692d840487 -> 9953c6ed190af2f4
[CHAIN] 9953c6ed190af2f4 -> 2ac3b28158470c81
[CHAIN] 2ac3b28158470c81 -> bea340448ab40802
[CHAIN] bea340448ab40802 -> f008d7ad693ef3ab
[CHAIN] f008d7ad693ef3ab -> 65653ef1a842dcaf
[CHAIN] 65653ef1a842dcaf -> 420d82a27ca718bc
[CHAIN] 420d82a27ca718bc -> 105dbf7b59069474
[CHAIN] 105dbf7b59069474 -> 630e40a0fa2f8e29
[CHAIN] 630e40a0fa2f8e29 -> 9226d7f0aa3b81bf
[CHAIN] 9226d7f0aa3b81bf -> f3c6b5efae024b79
[CHAIN] f3c6b5efae024b79 -> de68d4175d057b9e
[CHAIN] de68d4175d057b9e -> e2631359cfdf78e2
[CHAIN] e2631359cfdf78e2 -> 588fda41b4fe9e8d
[CHAIN] 588fda41b4fe9e8d -> 0d9b327472b015ed
[CHAIN] 0d9b327472b015ed -> 5abbbdef255717c9
[CHAIN] 5abbbdef255717c9 -> 950434307beddbd6
[CHAIN] 950434307beddbd6 -> a9124dd1a47b7d2e
[CHAIN] a9124dd1a47b7d2e -> 41f37db045b50793
[CHAIN] 41f37db045b50793 -> 2d07a534bfe09e44
[CHAIN] 2d07a534bfe09e44 -> 313bf4b4764d65f0
[CHAIN] 313bf4b4764d65f0 -> 1e40b85848449509
[CHAIN] 1e40b85848449509 -> e6955f96a3fe658d
[CHAIN] e6955f96a3fe658d -> f565dbde6b82bef4
[CHAIN] f565dbde6b82bef4 -> fd6959ea866c3d63
[CHAIN] fd6959ea866c3d63 -> 5adb603da85d03bf
[CHAIN] 5adb603da85d03bf -> 2566d195a18ca963
[CHAIN] 2566d195a18ca963 -> 9aa02bf50d93c4b5
[CHAIN] 9aa02bf50d93c4b5 -> 5b7ddc80daefd476
[CHAIN] 5b7ddc80daefd476 -> 3f1237e5fe1f238c
[CHAIN] 3f1237e5fe1f238c -> f9024428d838c062
[CHAIN] f9024428d838c062 -> fd369ec2f3dee4cd
[CHAIN] fd369ec2f3dee4cd -> 4e6921f800ab73b4
[CHAIN] 4e6921f800ab73b4 -> d818670429b3ed8f
[CHAIN] d818670429b3ed8f -> 806d1c9b84c68368
[CHAIN] 806d1c9b84c68368 -> e778b714347f7cda
[CHAIN] e778b714347f7cda -> 45ea6a2545748991
[CHAIN] 45ea6a2545748991 -> ba6f251ee7e7bf11
[CHAIN] ba6f251ee7e7bf11 -> 8ad6cef83f51ff1d
[CHAIN] 8ad6cef83f51ff1d -> 09dcdfb966be2aa7
[CHAIN] 09dcdfb966be2aa7 -> 2b98ed4121df5230
[CHAIN] 2b98ed4121df5230 -> 69e9a143503fb81e
[CHAIN] 69e9a143503fb81e -> 2ed6ad9c8f0676b8
[CHAIN] 2ed6ad9c8f0676b8 -> 073e1e7c318f846b
[CHAIN] 073e1e7c318f846b -> 29400563f14d1bbe
[CHAIN] 29400563f14d1bbe -> 0ff768d80060e704
[CHAIN] 0ff768d80060e704 -> 29fc9d1ba710ee71
[CHAIN] 29fc9d1ba710ee71 -> a5b6fa4ec12312cc
[CHAIN] a5b6fa4ec12312cc -> 76274720a6627f99
[CHAIN] 76274720a6627f99 -> ee70777d6ff2762f
[CHAIN] ee70777d6ff2762f -> 145532319c233b55
[CHAIN] 145532319c233b55 -> 84f3576ae061bcdf
[CHAIN] 84f3576ae061bcdf -> 6f4d182785956b2f
[CHAIN] 6f4d182785956b2f -> ad45f050fe83c4e5
[CHAIN] ad45f050fe83c4e5 -> 81339f4afb15e7a1
[CHAIN] 81339f4afb15e7a1 -> 7991174f945da7a9
[CHAIN] 7991174f945da7a9 -> d5b8f028c7f8bf37
[CHAIN] d5b8f028c7f8bf37 -> 44182aa99b01cb3e
[CHAIN] 44182aa99b01cb3e -> 1e47cabc6503dc07
[CHAIN] 1e47cabc6503dc07 -> c0cdab907f209bbf
[CHAIN] c0cdab907f209bbf -> dcb2686a77183ff9
[CHAIN] dcb2686a77183ff9 -> ead2fa7f2bf4b982
[CHAIN] ead2fa7f2bf4b982 -> 72b76249f462f300
[CHAIN] 72b76249f462f300 -> 645dc5d9883d77bc
[CHAIN] 645dc5d9883d77bc -> b195666500031cee
[CHAIN] b195666500031cee -> ae3906bff4006a8f
[CHAIN] ae3906bff4006a8f -> 693b826572b09f02
[CHAIN] 693b826572b09f02 -> 1a5055325345ecab
[CHAIN] 1a5055325345ecab -> 98443b2fc6beb5af
[CHAIN] 98443b2fc6beb5af -> af3e4790a7d4e935
[CHAIN] af3e4790a7d4e935 -> 5e312406cb8acc74
[CHAIN] 5e312406cb8acc74 -> 35b715acc81ad55e
[CHAIN] 35b715acc81ad55e -> 13e32345463bccfb
[CHAIN] 13e32345463bccfb -> 5666cdf44a5d6603
[CHAIN] 5666cdf44a5d6603 -> ccc54341104a740b
[CHAIN] ccc54341104a740b -> 61d9c8e7eeb4c348
[CHAIN] 61d9c8e7eeb4c348 -> 81910e028a624ea0
[CHAIN] 81910e028a624ea0 -> bfbba9d1bafedb9b
[CHAIN] bfbba9d1bafedb9b -> 69244fa78d1dc12c
[CHAIN] 69244fa78d1dc12c -> a7b0044c1148ac79
[CHAIN] a7b0044c1148ac79 -> 2cd5eb3ecba68caf
[CHAIN] 2cd5eb3ecba68caf -> 0858f34ab66a9cc8
[CHAIN] 0858f34ab66a9cc8 -> 7d2cc921f4baeba2
[CHAIN] 7d2cc921f4baeba2 -> fca8b585badc2078
[CHAIN] fca8b585badc2078 -> 77eca64770a6f437
[CHAIN] 77eca64770a6f437 -> 532329a25278bef0
[CHAIN] 532329a25278bef0 -> 7a45394c961dc13e
[CHAIN] 7a45394c961dc13e -> fd3b2abd53d246aa
[CHAIN] fd3b2abd53d246aa -> e657f5b1fe6b16e5
[CHAIN] e657f5b1fe6b16e5 -> 960902b4e8588473
[CHAIN] 960902b4e8588473 -> f36bf0c9fac1e21d
[CHAIN] f36bf0c9fac1e21d -> a24bb79be18f599f
[CHAIN] a24bb79be18f599f -> c1bd45be72ad08ba
[CHAIN] c1bd45be72ad08ba -> 1f4ad4ddd55de524
[CHAIN] 1f4ad4ddd55de524 -> 327f639fece3e177
[CHAIN] 327f639fece3e177 -> cbbe30578591585a
[CHAIN] cbbe30578591585a -> 9116c9c82f48bdba
[CHAIN] 9116c9c82f48bdba -> eff377a64d11e488
[CHAIN] eff377a64d11e488 -> e9f1ef953b820faf
[CHAIN] e9f1ef953b820faf -> 211274d1327eedf4
[CHAIN] 211274d1327eedf4 -> 267ca6b7a78eaccc
[CHAIN] 267ca6b7a78eaccc -> d2c10296f508523d
[CHAIN] d2c10296f508523d -> 5a1cef71b341b491
[CHAIN] 5a1cef71b341b491 -> 6337601f61b3bf0d
[CHAIN] 6337601f61b3bf0d -> e651cfc61e574fea
[CHAIN] e651cfc61e574fea -> 2a80cc0fdcba873a
[CHAIN] 2a80cc0fdcba873a -> c454824f980cbf04
[CHAIN] c454824f980cbf04 -> ef5801d69c257d59
[CHAIN] ef5801d69c257d59 -> 3a581e7c9b548439
[CHAIN] 3a581e7c9b548439 -> 178297bb1eda71ba
[CHAIN] 178297bb1eda71ba -> 4b53c245e506b6ef
[CHAIN] 4b53c245e506b6ef -> ce0ae154d3676834
[CHAIN] ce0ae154d3676834 -> e9b5087958451e98
[CHAIN] e9b5087958451e98 -> aea0cae4b5289b2d
[CHAIN] aea0cae4b5289b2d -> 917488e96a8fa84d
[CHAIN] 917488e96a8fa84d -> 1fcad7af9b5e6ecf
[CHAIN] 1fcad7af9b5e6ecf -> f8c0425338304172
[CHAIN] f8c0425338304172 -> 95b5a449619c93d4
[CHAIN] 95b5a449619c93d4 -> fbbbd0cb09d2708b
[CHAIN] fbbbd0cb09d2708b -> 799416f48c4ca6be
[CHAIN] 799416f48c4ca6be -> 143bfa6626dc837c
[CHAIN] 143bfa6626dc837c -> 1519eab54326f94c
[CHAIN] 1519eab54326f94c -> b0ec5e3d697bba64
[CHAIN] b0ec5e3d697bba64 -> 042cf7a17273304c
[CHAIN] 042cf7a17273304c -> de67b3d1349f339a
[CHAIN] de67b3d1349f339a -> ba7be94914a5437f
[CHAIN] ba7be94914a5437f -> 8f3f90eae4a9ab49
[CHAIN] 8f3f90eae4a9ab49 -> 57c55eac9d000ab9
[CHAIN] 57c55eac9d000ab9 -> e7c7df4f9e094195
[CHAIN] e7c7df4f9e094195 -> bc4df93acb748a9f
[CHAIN] bc4df93acb748a9f -> 6a10828c78c1be1d
[CHAIN] 6a10828c78c1be1d -> 48eaab13d63d6f3e
[CHAIN] 48eaab13d63d6f3e -> 2dabbdfa1529ccf2
[CHAIN] 2dabbdfa1529ccf2 -> b64e39bd9a877e41
[CHAIN] b64e39bd9a877e41 -> 5e69c9e641f3ee3a
[CHAIN] 5e69c9e641f3ee3a -> 4ca51eb6d8debe25
[CHAIN] 4ca51eb6d8debe25 -> 6a7886bf65328851
[CHAIN] 6a7886bf65328851 -> efcd75a4d92ca7f8
[CHAIN] efcd75a4d92ca7f8 -> b3381b69a425af85
[CHAIN] b3381b69a425af85 -> 341a121abb1d6fb9
[CHAIN] 341a121abb1d6fb9 -> dba790a9ff73d5d1
[CHAIN] dba790a9ff73d5d1 -> ecbbaad4d37d84d4
[CHAIN] ecbbaad4d37d84d4 -> 589ee8e04f4ba213
[CHAIN] 589ee8e04f4ba213 -> dc929ae021a57a3c
[CHAIN] dc929ae021a57a3c -> ab783284f0a651e2
[CHAIN] ab783284f0a651e2 -> 5503b7fa22e27b29
[CHAIN] 5503b7fa22e27b29 -> e6fd17feec6b3e5a
[CHAIN] e6fd17feec6b3e5a -> 16536b024b692fbe
[CHAIN] 16536b024b692fbe -> 20d7c90d552ef145
[CHAIN] 20d7c90d552ef145 -> 15c7908f25668c34
[CHAIN] 15c7908f25668c34 -> f7d6c332429f68c6
[CHAIN] f7d6c332429f68c6 -> 6505256c0a128a1a
[CHAIN] 6505256c0a128a1a -> 2f474ed31b7d8ddf
[CHAIN] 2f474ed31b7d8ddf -> 5e86c04a07056fae
[CHAIN] 5e86c04a07056fae -> 708574f1c6271b86
[CHAIN] 708574f1c6271b86 -> 86f22c38c70beb52
[CHAIN] 86f22c38c70beb52 -> 1842046cd43e6ef3
[CHAIN] 1842046cd43e6ef3 -> f8393f26bb95688a
[CHAIN] f8393f26bb95688a -> f03fb4cbc52ad8fe
[CHAIN] f03fb4cbc52ad8fe -> bf7471a77bdc05a0
[CHAIN] bf7471a77bdc05a0 -> 0c2addfe5a6ba01b
[CHAIN] 0c2addfe5a6ba01b -> d118430e548b0787
[CHAIN] d118430e548b0787 -> f8a9223fc720b2e3
[CHAIN] f8a9223fc720b2e3 -> 062c3bb2a650658e
[CHAIN] 062c3bb2a650658e -> 51b3409d46d62b43
[CHAIN] 51b3409d46d62b43 -> d3b62802f711451a
[CHAIN] d3b62802f711451a -> 04a96f5983850dee
[CHAIN] 04a96f5983850dee -> 0a9c06ae9f0a68ff
[CHAIN] 0a9c06ae9f0a68ff -> e7017e3e7a434a8f
[CHAIN] e7017e3e7a434a8f -> 2fe10ac21f479db8
[CHAIN] 2fe10ac21f479db8 -> 325e37d549d212ef
[CHAIN] 325e37d549d212ef -> caa58e379272d9ee
[CHAIN] caa58e379272d9ee -> 9df66a87c75c68cb
[CHAIN] 9df66a87c75c68cb -> e5e93bf40ca7e5e6
[CHAIN] e5e93bf40ca7e5e6 -> 4f4692aee6ba4258
[CHAIN] 4f4692aee6ba4258 -> c5dc018860f95a15
[CHAIN] c5dc018860f95a15 -> fc4ce1a4bbdf67c6
[CHAIN] fc4ce1a4bbdf67c6 -> 3299c8a4242a1330
[CHAIN] 3299c8a4242a1330 -> 0d08af9e8969f5c8
[CHAIN] 0d08af9e8969f5c8 -> 806bffd9e7e6df94
[CHAIN] 806bffd9e7e6df94 -> 78c0053b5d39670b
[CHAIN] 78c0053b5d39670b -> f1ee448df7b6cc21
[CHAIN] f1ee448df7b6cc21 -> 5dc072895ce2b476
[CHAIN] 5dc072895ce2b476 -> 9358820dea257720
[CHAIN] 9358820dea257720 -> 0245d18e49d689fc
[CHAIN] 0245d18e49d689fc -> ff576b5e5669bed2
[CHAIN] ff576b5e5669bed2 -> e7da46f8ffe398cb
[CHAIN] e7da46f8ffe398cb -> 3e8933121313cb04
[CHAIN] 3e8933121313cb04 -> 193a40102621d0c0
[CHAIN] 193a40102621d0c0 -> 45136681b45f7203
[CHAIN] 45136681b45f7203 -> 803890e128449182
[CHAIN] 803890e128449182 -> b575b9f5488dbe49
[CHAIN] b575b9f5488dbe49 -> 39c9144f6717a0a8
[CHAIN] 39c9144f6717a0a8 -> 919c1dd82350ffff
[CHAIN] 919c1dd82350ffff -> 4dbe0f00e639b708
[CHAIN] 4dbe0f00e639b708 -> f32a55d71d089ed7
[CHAIN] f32a55d71d089ed7 -> f02a59f144fb256c
[CHAIN] f02a59f144fb256c -> 6d2b07b4921da525
[CHAIN] 6d2b07b4921da525 -> d897e7616ae8cedd
[CHAIN] d897e7616ae8cedd -> 3681eb57353fa468
[CHAIN] 3681eb57353fa468 -> caf12b841f5a565a
[CHAIN] caf12b841f5a565a -> 05b36982c899f864
[CHAIN] 05b36982c899f864 -> ad8fab5fe7059a97
[CHAIN] ad8fab5fe7059a97 -> adabd42af1d2335a
[CHAIN] adabd42af1d2335a -> b64d884188ea3da7
[CHAIN] b64d884188ea3da7 -> ae72cae5f51fa433
[CHAIN] ae72cae5f51fa433 -> 9eb8d0919c29500e
[CHAIN] 9eb8d0919c29500e -> 049a2df181eff2dd
[CHAIN] 049a2df181eff2dd -> 20c7dbe57fc912e4
[CHAIN] 20c7dbe57fc912e4 -> ba544433246e7e0e
[CHAIN] ba544433246e7e0e -> e216233fa37b26a7
[CHAIN] e216233fa37b26a7 -> b75288ed82213d35
[CHAIN] b75288ed82213d35 -> a591dd58a4d5ab25
[CHAIN] a591dd58a4d5ab25 -> ee55deb6c472a9ca
[CHAIN] ee55deb6c472a9ca -> 2e0dc3d38a50613d
[CHAIN] 2e0dc3d38a50613d -> 1b81bef8a2a3e63b
[CHAIN] 1b81bef8a2a3e63b -> 12b5e921fd851605
[CHAIN] 12b5e921fd851605 -> a186aae5056abe5d
[CHAIN] a186aae5056abe5d -> ddb6a99a64b515f3
[CHAIN] ddb6a99a64b515f3 -> fc6833ffe32102f6
[CHAIN] fc6833ffe32102f6 -> e131fad20631e246
[CHAIN] e131fad20631e246 -> cb3a92ec6cf451cc
[CHAIN] cb3a92ec6cf451cc -> 6dfa0c9adcde5b7a
[CHAIN] 6dfa0c9adcde5b7a -> 81fa9541491ac4fe
[CHAIN] 81fa9541491ac4fe -> 63a8963fea34ab9c
[CHAIN] 63a8963fea34ab9c -> fc9250f82f24ef63
[CHAIN] fc9250f82f24ef63 -> 654a4e99155eb129
[CHAIN] 654a4e99155eb129 -> c8c4a874314d1eeb
[CHAIN] c8c4a874314d1eeb -> fcfb576865a86d4c
[CHAIN] fcfb576865a86d4c -> 8b51516da1a53803
[CHAIN] 8b51516da1a53803 -> e6d37aebf0327b2f
[CHAIN] e6d37aebf0327b2f -> 846b0788829d3755
[CHAIN] 846b0788829d3755 -> ba193495fe7bdbe0
[CHAIN] ba193495fe7bdbe0 -> 8baba18824dacc02
[CHAIN] 8baba18824dacc02 -> 4dc14da811206686
[CHAIN] 4dc14da811206686 -> e2c4619153ce54da
[CHAIN] e2c4619153ce54da -> bd73608819e0347e
[CHAIN] bd73608819e0347e -> 6f34f3b4d1364e18
[CHAIN] 6f34f3b4d1364e18 -> afb4296c25b7c67b
[CHAIN] afb4296c25b7c67b -> 7874bd884615c4f9
[CHAIN] 7874bd884615c4f9 -> 228b3cbe8ce005f2
[CHAIN] 228b3cbe8ce005f2 -> 6aea282c14941b8c
[CHAIN] 6aea282c14941b8c -> 74a967e487a43564
[CHAIN] 74a967e487a43564 -> 49c9ab1fec30c5d3
[CHAIN] 49c9ab1fec30c5d3 -> 82360c633119e3f5
[CHAIN] 82360c633119e3f5 -> 07d6114be1179923
[CHAIN] 07d6114be1179923 -> 94b72c65ddfa0851
[CHAIN] 94b72c65ddfa0851 -> 3b376570e602733d
[CHAIN] 3b376570e602733d -> 4735be0e6c77878e
[CHAIN] 4735be0e6c77878e -> d3e529c8484d18cc
[CHAIN] d3e529c8484d18cc -> 7804fe1ef8eeeeaf
[CHAIN] 7804fe1ef8eeeeaf -> 111538bd6f66e056
[CHAIN] 111538bd6f66e056 -> 77fc68e60d05efe3
[CHAIN] 77fc68e60d05efe3 -> 23e407916a68f9e8
[CHAIN] 23e407916a68f9e8 -> e1e522086958a136
[CHAIN] e1e522086958a136 -> de9198f6a2be1043
[CHAIN] de9198f6a2be1043 -> 84c3257c4a2aff3b
[CHAIN] 84c3257c4a2aff3b -> 53e81633d1b14673
[CHAIN] 53e81633d1b14673 -> b4a4caab10f9c4e3
[CHAIN] b4a4caab10f9c4e3 -> 8905e4388985cd94
[CHAIN] 8905e4388985cd94 -> 306bd383e0a80da1
[CHAIN] 306bd383e0a80da1 -> 3fa83b3b0c4faea7
[CHAIN] 3fa83b3b0c4faea7 -> be13354b74ea51ee
[CHAIN] be13354b74ea51ee -> e2fee6eb2b08275e
[CHAIN] e2fee6eb2b08275e -> ebd1317d4bc01369
[CHAIN] ebd1317d4bc01369 -> b6c0925747ca01e6
[CHAIN] b6c0925747ca01e6 -> dacb09d39ec50af7
[CHAIN] dacb09d39ec50af7 -> 38b3a2164facfeee
[CHAIN] 38b3a2164facfeee -> 36e48b99dffa23a7
[CHAIN] 36e48b99dffa23a7 -> 3fc47a8bc3af1b79
[CHAIN] 3fc47a8bc3af1b79 -> f730ba6dc00617bc
[CHAIN] f730ba6dc00617bc -> 67a9ea0406836840
[CHAIN] 67a9ea0406836840 -> 5590a262a055a71b
[CHAIN] 5590a262a055a71b -> f1ebe4bb36dc3db1
[CHAIN] f1ebe4bb36dc3db1 -> 32346f7415c27595
[CHAIN] 32346f7415c27595 -> fd84d6e36efdd833
[CHAIN] fd84d6e36efdd833 -> f138b6e6a0a04d0e
[CHAIN] f138b6e6a0a04d0e -> 4a5795b76fb4f5e7
[CHAIN] 4a5795b76fb4f5e7 -> 89960a5f002da050
[CHAIN] 89960a5f002da050 -> 522bceeaa67b950f
[CHAIN] 522bceeaa67b950f -> 2447839a3415f9c0
[CHAIN] 2447839a3415f9c0 -> 85e83814d870545d
[CHAIN] 85e83814d870545d -> 02c6a1348039bef4
[CHAIN] 02c6a1348039bef4 -> e236d4d2cbb427cb
[CHAIN] e236d4d2cbb427cb -> 2ac2a25a42ddd4da
[CHAIN] 2ac2a25a42ddd4da -> 7210a14ff598c518
[CHAIN] 7210a14ff598c518 -> 4eefcf501352db81
[CHAIN] 4eefcf501352db81 -> 3a16fdb1f46258a3
[CHAIN] 3a16fdb1f46258a3 -> 76c2201c748549f0
[CHAIN] 76c2201c748549f0 -> 9d1312779997fd02
[CHAIN] 9d1312779997fd02 -> add69faa5cc184a5
[CHAIN] add69faa5cc184a5 -> 121f9f450b44e006
[CHAIN] 121f9f450b44e006 -> 0a9b225bd4f46664
[CHAIN] 0a9b225bd4f46664 -> 1cc13a53a703bcad
[CHAIN] 1cc13a53a703bcad -> e7a4850cbb2088d9
[CHAIN] e7a4850cbb2088d9 -> 7af95e5ede32a269
[CHAIN] 7af95e5ede32a269 -> 1f0742c5d057db98
[CHAIN] 1f0742c5d057db98 -> ac2647e9a7154c01
[CHAIN] ac2647e9a7154c01 -> 53920bc07185e36e
[CHAIN] 53920bc07185e36e -> cac8ff1a970906e9
[CHAIN] cac8ff1a970906e9 -> 42dcba6c7841be46
[CHAIN] 42dcba6c7841be46 -> ecf9cad51653a74a
[CHAIN] ecf9cad51653a74a -> c08f3f1342ed80c7
[CHAIN] c08f3f1342ed80c7 -> e33c3b725c6b9a7e
[CHAIN] e33c3b725c6b9a7e -> b461b30896d64694
[CHAIN] b461b30896d64694 -> 207cdc095d4a0e42
[CHAIN] 207cdc095d4a0e42 -> 6b700e8dca4b53e8
[CHAIN] 6b700e8dca4b53e8 -> 1686e2a4a923fcd3
[CHAIN] 1686e2a4a923fcd3 -> fb6ffdf0ddb8740c
[CHAIN] fb6ffdf0ddb8740c -> 02ddc110628cd5ec
[CHAIN] 02ddc110628cd5ec -> d37c23836c7c378c
[CHAIN] d37c23836c7c378c -> 81adc6833de3250c
[CHAIN] 81adc6833de3250c -> 66c099a7349775c3
[CHAIN] 66c099a7349775c3 -> adbdd28c48643791
[CHAIN] adbdd28c48643791 -> 55788f0c15523063
[CHAIN] 55788f0c15523063 -> e5fab44eb47d1fa5
[CHAIN] e5fab44eb47d1fa5 -> 529c933308ce934d
[CHAIN] 529c933308ce934d -> 09801076a2163f00
[CHAIN] 09801076a2163f00 -> 2f2ce78ebc6b550d
[CHAIN] 2f2ce78ebc6b550d -> d5042de87d65d1bd
[CHAIN] d5042de87d65d1bd -> 4f20dd3ae8f47b73
[CHAIN] 4f20dd3ae8f47b73 -> 1215762515ef0fc1
[CHAIN] 1215762515ef0fc1 -> 1e60c1ef132bc43a
[CHAIN] 1e60c1ef132bc43a -> e49ce7fd6a4c6f08
[CHAIN] e49ce7fd6a4c6f08 -> d16aba0119d7d9f4
[CHAIN] d16aba0119d7d9f4 -> 5df44d6ec24464bb
[CHAIN] 5df44d6ec24464bb -> f1f51a8954971070
[CHAIN] f1f51a8954971070 -> ecad3309a2b037f1
[CHAIN] ecad3309a2b037f1 -> c8a36d7fb28ab32a
[CHAIN] c8a36d7fb28ab32a -> 4e989de6083a6d69
[CHAIN] 4e989de6083a6d69 -> 2690a4bc2feb3a41
[CHAIN] 2690a4bc2feb3a41 -> d5b442f77b58e690
[CHAIN] d5b442f77b58e690 -> 862b237f00e67659
[CHAIN] 862b237f00e67659 -> 22b9bb72d1a5137b
[CHAIN] 22b9bb72d1a5137b -> 3e7dc953ccf4ec6c
[CHAIN] 3e7dc953ccf4ec6c -> 37799b73508e15a8
[CHAIN] 37799b73508e15a8 -> 1db794cdcbbf024d
[CHAIN] 1db794cdcbbf024d -> 34b926960b87c4cb
[CHAIN] 34b926960b87c4cb -> 9d8c262722abf154
[CHAIN] 9d8c262722abf154 -> 6a2fa52856d01bf5
[CHAIN] 6a2fa52856d01bf5 -> 5cb5c58425c09446
[CHAIN] 5cb5c58425c09446 -> 3df37b3c6d4cf455
[CHAIN] 3df37b3c6d4cf455 -> de8a2b4857b3389b
[CHAIN] de8a2b4857b3389b -> a7ce2082f68baa87
[CHAIN] a7ce2082f68baa87 -> 6faff30f27fbe43b
[CHAIN] 6faff30f27fbe43b -> 9985def0fc2d346f
[CHAIN] 9985def0fc2d346f -> 6cb7682d7eaaa8c0
[CHAIN] 6cb7682d7eaaa8c0 -> 76425092e027ef57
[CHAIN] 76425092e027ef57 -> 4b6545c5cf138058
[CHAIN] 4b6545c5cf138058 -> 69a99de5ac19c243
[CHAIN] 69a99de5ac19c243 -> fe839a4b1d463918
[CHAIN] fe839a4b1d463918 -> f653e3afb4c1dfd7
[CHAIN] f653e3afb4c1dfd7 -> 918d6a0ea742b243
[CHAIN] 918d6a0ea742b243 -> 866581a751dfef62
[CHAIN] 866581a751dfef62 -> abd4bdf99b1381c0
[CHAIN] abd4bdf99b1381c0 -> 55e821eab21247b5
[CHAIN] 55e821eab21247b5 -> 5852067b84411cf2
[CHAIN] 5852067b84411cf2 -> f039cd6a66d771eb
[CHAIN] f039cd6a66d771eb -> 768e5e5746838e36
[CHAIN] 768e5e5746838e36 -> 2c2ba9529cb8e02c
[CHAIN] 2c2ba9529cb8e02c -> d8c8efc5dbbcbe86
[CHAIN] d8c8efc5dbbcbe86 -> b0cbf30bc5ae1b07
[CHAIN] b0cbf30bc5ae1b07 -> ad02aea1bc309d73
[CHAIN] ad02aea1bc309d73 -> 66e66358bfde96d2
[CHAIN] 66e66358bfde96d2 -> 5fd4172c62d5ba78
[CHAIN] 5fd4172c62d5ba78 -> f7ba9a40afb1c867
[CHAIN] f7ba9a40afb1c867 -> 4ec0251fea8938b9
[CHAIN] 4ec0251fea8938b9 -> 17b283335e39fcc1
[CHAIN] 17b283335e39fcc1 -> 17238962bbe2f73e
[CHAIN] 17238962bbe2f73e -> 8bf7ad33174c1cba
[CHAIN] 8bf7ad33174c1cba -> 5cb849fd14418179
[CHAIN] 5cb849fd14418179 -> e0b6e8963792cfea
[CHAIN] e0b6e8963792cfea -> 9aa1e846eae2cc9e
[CHAIN] 9aa1e846eae2cc9e -> 8f7aa83c1ca07e2d
[CHAIN] 8f7aa83c1ca07e2d -> 29410520cff0e077
[CHAIN] 29410520cff0e077 -> 3c3dea7d8b2cf6a6
[CHAIN] 3c3dea7d8b2cf6a6 -> eb95a5e5764d2096
[CHAIN] eb95a5e5764d2096 -> 76cb30b14359dba9
[CHAIN] 76cb30b14359dba9 -> cb7fe520ecd20ad4
[CHAIN] cb7fe520ecd20ad4 -> 54f345af5e9ed088
[CHAIN] 54f345af5e9ed088 -> 9dd8ee4db117b246
[CHAIN] 9dd8ee4db117b246 -> 0456058ea4439feb
[CHAIN] 0456058ea4439feb -> 72161ea1f9b466f9
[CHAIN] 72161ea1f9b466f9 -> 1275536481432301
[CHAIN] 1275536481432301 -> d4818d85676bb500
[CHAIN] d4818d85676bb500 -> 1264c6fb26e6eddb
[CHAIN] 1264c6fb26e6eddb -> 069a9301c38e9b2e
[CHAIN] 069a9301c38e9b2e -> 425719437dbd9a33
[CHAIN] 425719437dbd9a33 -> 46f4f01d356342b0
[CHAIN] 46f4f01d356342b0 -> 7acac02fb27cea87
[CHAIN] 7acac02fb27cea87 -> 31e3aa0b5135aac2
[CHAIN] 31e3aa0b5135aac2 -> 49e3d159cf215507
[CHAIN] 49e3d159cf215507 -> 03932b9856fe0867
[CHAIN] 03932b9856fe0867 -> 021d0d37f8c5da3c
[CHAIN] 021d0d37f8c5da3c -> 58ff2f0b3e6551d1
[CHAIN] 58ff2f0b3e6551d1 -> 77e4186d2087979f
[CHAIN] 77e4186d2087979f -> bf46819e4e64e6d3
[CHAIN] bf46819e4e64e6d3 -> 770e227de77b4dec
[CHAIN] 770e227de77b4dec -> 14ef481f6627178a
[CHAIN] 14ef481f6627178a -> 0af238b8817b2854
[CHAIN] 0af238b8817b2854 -> 4c8b2e5f54462355
[CHAIN] 4c8b2e5f54462355 -> 8b324b0dee7fe106
[CHAIN] 8b324b0dee7fe106 -> 348feda9c6fb25ca
[CHAIN] 348feda9c6fb25ca -> 2b2634cc21c32330
[CHAIN] 2b2634cc21c32330 -> 95368427577ff4d3
[CHAIN] 95368427577ff4d3 -> c83f3c66ac90ca38
[CHAIN] c83f3c66ac90ca38 -> c776e756f997aa19
[CHAIN] c776e756f997aa19 -> 35bd71475752400c
[CHAIN] 35bd71475752400c -> 6d5d1b48812dc5c3
[CHAIN] 6d5d1b48812dc5c3 -> 7af184accc466e8e
[CHAIN] 7af184accc466e8e -> 665d4432447efc9e
[CHAIN] 665d4432447efc9e -> 8ef0d16c672f4b99
[CHAIN] 8ef0d16c672f4b99 -> 861353c6f86ed124
[CHAIN] 861353c6f86ed124 -> b8e25a13e5ebb3c0
[CHAIN] b8e25a13e5ebb3c0 -> 80f288702b968cd0
[CHAIN] 80f288702b968cd0 -> 5f14c4006b0835c6
[CHAIN] 5f14c4006b0835c6 -> 10ba3397134e4c11
[CHAIN] 10ba3397134e4c11 -> 53416dd189f0ee04
[CHAIN] 53416dd189f0ee04 -> 3e4816385f09f23c
[CHAIN] 3e4816385f09f23c -> b6610fb0aa1ef682
[CHAIN] b6610fb0aa1ef682 -> ac44e2a08e736a51
[CHAIN] ac44e2a08e736a51 -> 956aa8ae0ac4b169
[CHAIN] 956aa8ae0ac4b169 -> 174437a4cd003cec
[CHAIN] 174437a4cd003cec -> 96d01ea7cc799778
[CHAIN] 96d01ea7cc799778 -> 0f8be54191698149
[CHAIN] 0f8be54191698149 -> e8767754efaf105f
[CHAIN] e8767754efaf105f -> 3c9eb4a6f9393f8a
[CHAIN] 3c9eb4a6f9393f8a -> 477c83220a567650
[CHAIN] 477c83220a567650 -> a87cf71be9f93289
[CHAIN] a87cf71be9f93289 -> f5b8d0cd2361c9cb
[CHAIN] f5b8d0cd2361c9cb -> 2ca94bde73b444d9
[CHAIN] 2ca94bde73b444d9 -> f3cb680488c2c110
[CHAIN] f3cb680488c2c110 -> 7afd79f9ac146657
[CHAIN] 7afd79f9ac146657 -> 35b18fecb5e69342
[CHAIN] 35b18fecb5e69342 -> dffb998585060a85
[CHAIN] dffb998585060a85 -> 08e0f7f2d291bb9f
[CHAIN] 08e0f7f2d291bb9f -> 120590002cd358d9
[CHAIN] 120590002cd358d9 -> af9b3517c355abb0
[CHAIN] af9b3517c355abb0 -> dd01df9230dabb30
[CHAIN] dd01df9230dabb30 -> 530e48ac7051c0cd
[CHAIN] 530e48ac7051c0cd -> 686cedfa0959653d
[CHAIN] 686cedfa0959653d -> 28fcce6b8dd9316b
[CHAIN] 28fcce6b8dd9316b -> 375d8c8fa87057b1
[CHAIN] 375d8c8fa87057b1 -> 4a67cffc969f2056
[CHAIN] 4a67cffc969f2056 -> f95d0ee18177e19b
[CHAIN] f95d0ee18177e19b -> c2a853607a4bffba
[CHAIN] c2a853607a4bffba -> 562d6a13653b8f34
[CHAIN] 562d6a13653b8f34 -> 6bb2f4a07ddd0b12
[CHAIN] 6bb2f4a07ddd0b12 -> b9c454cc475ed58e
[CHAIN] b9c454cc475ed58e -> e505b9308cc3c934
[CHAIN] e505b9308cc3c934 -> b03d1f1462220c0c
[CHAIN] b03d1f1462220c0c -> cf1956d24fd0f729
[CHAIN] cf1956d24fd0f729 -> 56633b3ac4f665f7
[CHAIN] 56633b3ac4f665f7 -> 0988c20bcf590322
[CHAIN] 0988c20bcf590322 -> 932b6f02577acf0e
[CHAIN] 932b6f02577acf0e -> 3f9de525a5666cac
[CHAIN] 3f9de525a5666cac -> 0c1763ac105ea804
[CHAIN] 0c1763ac105ea804 -> 93ea60a897f24edf
[CHAIN] 93ea60a897f24edf -> ff9d2ecbf4cba229
[CHAIN] ff9d2ecbf4cba229 -> 77fcfdc354c381cb
[CHAIN] 77fcfdc354c381cb -> 88704cd9a10efc58
[CHAIN] 88704cd9a10efc58 -> ae28f0dee81bea99
[CHAIN] ae28f0dee81bea99 -> 9c5dc0a0ea8157bf
[CHAIN] 9c5dc0a0ea8157bf -> 6552db42f305e526
[CHAIN] 6552db42f305e526 -> 1025bf8c42771c1f
[CHAIN] 1025bf8c42771c1f -> f87dbf13ff3565ff
[CHAIN] f87dbf13ff3565ff -> 051af6c1d64e73cf
[CHAIN] 051af6c1d64e73cf -> bd955531cf534ebb
[CHAIN] bd955531cf534ebb -> f6635554bdd3255c
[CHAIN] f6635554bdd3255c -> 218cc87d7b51d018
[CHAIN] 218cc87d7b51d018 -> cccf43e5841d98ec
[CHAIN] cccf43e5841d98ec -> eee9d54f0ade01d8
[CHAIN] eee9d54f0ade01d8 -> 5b225761e2a6b92d
[CHAIN] 5b225761e2a6b92d -> f9e66a9718256916
[CHAIN] f9e66a9718256916 -> fe6c9248829af619
[CHAIN] fe6c9248829af619 -> fdb87e41ccf1d374
[CHAIN] fdb87e41ccf1d374 -> 64adf323159338f0
[CHAIN] 64adf323159338f0 -> 07fde7a2e3cecc3b
[CHAIN] 07fde7a2e3cecc3b -> 4bdddd59f45fe899
[CHAIN] 4bdddd59f45fe899 -> 342b70414eac4c40
[CHAIN] 342b70414eac4c40 -> 00c89efd54797567
[CHAIN] 00c89efd54797567 -> 1f132ff20f2b2135
[CHAIN] 1f132ff20f2b2135 -> fdebb12cc5323243
[CHAIN] fdebb12cc5323243 -> 750d2066d0351a2b
[CHAIN] 750d2066d0351a2b -> bd9d85475740e20d
[CHAIN] bd9d85475740e20d -> cba9fbe20ad43320
[CHAIN] cba9fbe20ad43320 -> be90d3a4e1a57d07
[CHAIN] be90d3a4e1a57d07 -> f0cce94d489e7fd0
[CHAIN] f0cce94d489e7fd0 -> 062daa17c2748dee
[CHAIN] 062daa17c2748dee -> 9ccd83a8b058374f
[CHAIN] 9ccd83a8b058374f -> 6cb9979daa6401ac
[CHAIN] 6cb9979daa6401ac -> d0c0469cf21f5cb8
[CHAIN] d0c0469cf21f5cb8 -> 032a701bdd2ef581
[CHAIN] 032a701bdd2ef581 -> b547328ec5e6deb1
[CHAIN] b547328ec5e6deb1 -> fe41545dcd1781a0
[CHAIN] fe41545dcd1781a0 -> 7e9570b15de83cb5
[CHAIN] 7e9570b15de83cb5 -> 8e109a307d7f3e17
[CHAIN] 8e109a307d7f3e17 -> 8562b30e460823f7
[CHAIN] 8562b30e460823f7 -> ffc43ca6480354d9
[CHAIN] ffc43ca6480354d9 -> 8dc20960c75e9f99
[CHAIN] 8dc20960c75e9f99 -> e1164b94f96bd822
[CHAIN] e1164b94f96bd822 -> 6d0025ffcad7cedb
[CHAIN] 6d0025ffcad7cedb -> a8059286adfd563d
[CHAIN] a8059286adfd563d -> 8999b3f1e9611acd
[CHAIN] 8999b3f1e9611acd -> 6346f13b69edba11
[CHAIN] 6346f13b69edba11 -> d9f57e9d67507320
[CHAIN] d9f57e9d67507320 -> 23ea8be45ec36ee1
[CHAIN] 23ea8be45ec36ee1 -> b372ef4b26c38fe0
[CHAIN] b372ef4b26c38fe0 -> e917cc6a9d21a65a
[CHAIN] e917cc6a9d21a65a -> e4c11609ef5bc2ff
[CHAIN] e4c11609ef5bc2ff -> 2ae5ddd99f9a756f
[CHAIN] 2ae5ddd99f9a756f -> e5c7d551c2052b42
[CHAIN] e5c7d551c2052b42 -> aea3e26f64b00ce0
[CHAIN] aea3e26f64b00ce0 -> 048409a025874d93
[CHAIN] 048409a025874d93 -> dae3dd6116fa0b8b
[CHAIN] dae3dd6116fa0b8b -> 7fc605ce307fa14d
[CHAIN] 7fc605ce307fa14d -> a35c7d4a8a758d62
[CHAIN] a35c7d4a8a758d62 -> 90a9eca518cc4413
[CHAIN] 90a9eca518cc4413 -> 64b39a4782cea618
[CHAIN] 64b39a4782cea618 -> 118c66e904eed4fb
[CHAIN] 118c66e904eed4fb -> 1f677f53e357027a
[CHAIN] 1f677f53e357027a -> c0817e192ed20229
[CHAIN] c0817e192ed20229 -> c8dcff04ee4e3a2b
[CHAIN] c8dcff04ee4e3a2b -> 3bbdc2ee2834601b
[CHAIN] 3bbdc2ee2834601b -> 8979d0a1704e6646
[CHAIN] 8979d0a1704e6646 -> d2e1402565cd189c
[CHAIN] d2e1402565cd189c -> 3778caa71050939f
[CHAIN] 3778caa71050939f -> a0f93cbad9abcac0
[CHAIN] a0f93cbad9abcac0 -> d23128643328b5b0
[CHAIN] d23128643328b5b0 -> deecbf8e7fab51de
[CHAIN] deecbf8e7fab51de -> 70596e49415bb175
[CHAIN] 70596e49415bb175 -> 44a43e287a1fa41b
[CHAIN] 44a43e287a1fa41b -> 412dd78a3df6cc9d
[CHAIN] 412dd78a3df6cc9d -> ab71073bbcf5bdef
[CHAIN] ab71073bbcf5bdef -> 3b4e4be01589859b
[CHAIN] 3b4e4be01589859b -> c10df476cd465a67
[CHAIN] c10df476cd465a67 -> 1c2f54f0408f4ebe
[CHAIN] 1c2f54f0408f4ebe -> c75d284ca5835efb
[CHAIN] c75d284ca5835efb -> 8e3f8368a83c1852
[CHAIN] 8e3f8368a83c1852 -> 9bc9f2de233ca214
[CHAIN] 9bc9f2de233ca214 -> 21c4aeee9ea068da
[CHAIN] 21c4aeee9ea068da -> 0594919c7182e000
[CHAIN] 0594919c7182e000 -> 5144a94057a5b186
[CHAIN] 5144a94057a5b186 -> 34237f8c2e7cfbe3
[CHAIN] 34237f8c2e7cfbe3 -> 466d206080247e70
[CHAIN] 466d206080247e70 -> d05b9e504d9d5021
[CHAIN] d05b9e504d9d5021 -> dfb473cce3377ea1
[CHAIN] dfb473cce3377ea1 -> 9939c5258d5b7559
[CHAIN] 9939c5258d5b7559 -> c864d4d706bc68b3
[CHAIN] c864d4d706bc68b3 -> 2041c6698ce327b5
[CHAIN] 2041c6698ce327b5 -> 923ad921afacefef
[CHAIN] 923ad921afacefef -> 6c2821ac2926351c
[CHAIN] 6c2821ac2926351c -> cdfdc6594359384a
[CHAIN] cdfdc6594359384a -> f78da26032e2ee9d
[CHAIN] f78da26032e2ee9d -> 531935edf6bc562b
[CHAIN] 531935edf6bc562b -> 3e3c2f44a551eb0a
[CHAIN] 3e3c2f44a551eb0a -> cb854887ec3575d5
[CHAIN] cb854887ec3575d5 -> 112086651fd7334b
[CHAIN] 112086651fd7334b -> 9980ae259f2c4c89
[CHAIN] 9980ae259f2c4c89 -> c8bdb24e4c6179b7
[CHAIN] c8bdb24e4c6179b7 -> e8065941201f3d23
[CHAIN] e8065941201f3d23 -> 5f28be64a0c0db2f
[CHAIN] 5f28be64a0c0db2f -> ff1b02f4f63e1784
[CHAIN] ff1b02f4f63e1784 -> 50ae1e7439e967a9
[CHAIN] 50ae1e7439e967a9 -> eff7c460edb65f57
[CHAIN] eff7c460edb65f57 -> 0d93dfaaeca60b9b
[CHAIN] 0d93dfaaeca60b9b -> 1e1c68ed81860b74
[CHAIN] 1e1c68ed81860b74 -> 6f3e0403d12a4952
[CHAIN] 6f3e0403d12a4952 -> a0c42f4901480e5c
[CHAIN] a0c42f4901480e5c -> c35e267863fd4fad
[CHAIN] c35e267863fd4fad -> a659d90ea43b907b
[CHAIN] a659d90ea43b907b -> 3bd77807da9006fd
[CHAIN] 3bd77807da9006fd -> 38ceb16d7c96d622
[CHAIN] 38ceb16d7c96d622 -> fcb2ae3e32c47390
[CHAIN] fcb2ae3e32c47390 -> f17a86c293411d2b
[CHAIN] f17a86c293411d2b -> 6548008fbb42631b
[CHAIN] 6548008fbb42631b -> c28c3b48a4d12131
[CHAIN] c28c3b48a4d12131 -> 457f9386eecfb0b4
[CHAIN] 457f9386eecfb0b4 -> 392f9cadf5492190
[CHAIN] 392f9cadf5492190 -> 0a24fd1ff91cd9db
[CHAIN] 0a24fd1ff91cd9db -> b15833ff8622ea1c
[CHAIN] b15833ff8622ea1c -> c2fafad851a9830b
[CHAIN] c2fafad851a9830b -> 08337323b5914f9c
[CHAIN] 08337323b5914f9c -> 0ccbdcb8bced7e4f
[CHAIN] 0ccbdcb8bced7e4f -> d87d37e1169d39aa
[CHAIN] d87d37e1169d39aa -> 892bc0e666331816
[CHAIN] 892bc0e666331816 -> b4c46b7691fec8ed
[CHAIN] b4c46b7691fec8ed -> 70777aa1681e9f1a
[CHAIN] 70777aa1681e9f1a -> 1ea91ad90073a555
[CHAIN] 1ea91ad90073a555 -> fe500d300b49b717
[CHAIN] fe500d300b49b717 -> 92f541a62184f235
[CHAIN] 92f541a62184f235 -> f55f47443853e9e4
[CHAIN] f55f47443853e9e4 -> b59be009d7ae1361
[CHAIN] b59be009d7ae1361 -> 7c0453867bbbe570
[CHAIN] 7c0453867bbbe570 -> 31e63d128c2f62b7
[CHAIN] 31e63d128c2f62b7 -> 39dfa649b0128ee6
[CHAIN] 39dfa649b0128ee6 -> 803fbde99127e159
[CHAIN] 803fbde99127e159 -> 477e8f7386a238d5
[CHAIN] 477e8f7386a238d5 -> d8080ae6465e6ca2
[CHAIN] d8080ae6465e6ca2 -> 0aca995b65837664
[CHAIN] 0aca995b65837664 -> e8fe8f90a95fdd1e
[CHAIN] e8fe8f90a95fdd1e -> 04d333e0974dd5c4
[CHAIN] 04d333e0974dd5c4 -> b95ad1be3ef43078
[CHAIN] b95ad1be3ef43078 -> 21171d9e124f1eab
[CHAIN] 21171d9e124f1eab -> 91058d91b6ef69b4
[CHAIN] 91058d91b6ef69b4 -> 2a5ca718fdc1e0a6
[CHAIN] 2a5ca718fdc1e0a6 -> 3ef7c8e6fe2c1308
[CHAIN] 3ef7c8e6fe2c1308 -> 003d08973233891d
[CHAIN] 003d08973233891d -> ea1e43197e044cbe
[CHAIN] ea1e43197e044cbe -> 02090c04e502ea3f
[CHAIN] 02090c04e502ea3f -> ba5b1f5839be88dd
[CHAIN] ba5b1f5839be88dd -> f6f71093df3d0dc5
[CHAIN] f6f71093df3d0dc5 -> fad21aad42d6fa15
[CHAIN] fad21aad42d6fa15 -> d19d6bbec4fc96a9
[CHAIN] d19d6bbec4fc96a9 -> 3c02912a85bdb28e
[CHAIN] 3c02912a85bdb28e -> 047e31658ec91e90
[CHAIN] 047e31658ec91e90 -> f9026913ac7e3517
[CHAIN] f9026913ac7e3517 -> c1acc482e3b3d951
[CHAIN] c1acc482e3b3d951 -> 7c74233a9477d8b7
[CHAIN] 7c74233a9477d8b7 -> c822ba255c05d74c
[CHAIN] c822ba255c05d74c -> a44474a6a54b7da3
[CHAIN] a44474a6a54b7da3 -> 25c0ad6fd3d18d0b
[CHAIN] 25c0ad6fd3d18d0b -> a70a47b8298a2fa0
[CHAIN] a70a47b8298a2fa0 -> dcb98be0b68b1370
[CHAIN] dcb98be0b68b1370 -> dc262d23a2820fd0
[CHAIN] dc262d23a2820fd0 -> 8bab07d478767dd2
[CHAIN] 8bab07d478767dd2 -> dba8d2f1180e9bb6
[CHAIN] dba8d2f1180e9bb6 -> d7a008b67a549052
[CHAIN] d7a008b67a549052 -> 92a198e8d3bf44b6
[CHAIN] 92a198e8d3bf44b6 -> bac4ddefc188c263
[CHAIN] bac4ddefc188c263 -> 7b4ea288137dd98f
[CHAIN] 7b4ea288137dd98f -> e6c979509f67ac6e
[CHAIN] e6c979509f67ac6e -> c430642054a94837
[CHAIN] c430642054a94837 -> a983f7180fcd40cc
[CHAIN] a983f7180fcd40cc -> 2e4b856f4257a48a
[CHAIN] 2e4b856f4257a48a -> c0a26f3e6529a0f9
[CHAIN] c0a26f3e6529a0f9 -> 103b7e23a60568e8
[CHAIN] 103b7e23a60568e8 -> b42634c2025413fa
[CHAIN] b42634c2025413fa -> 9342bf5ff06692d7
[CHAIN] 9342bf5ff06692d7 -> fd719fd61d311988
[CHAIN] fd719fd61d311988 -> 246e1ae6ea1a5d33
[CHAIN] 246e1ae6ea1a5d33 -> 08ae5c3b5a85dd69
[CHAIN] 08ae5c3b5a85dd69 -> 241a6ad8ebde84ce
[CHAIN] 241a6ad8ebde84ce -> e5123a2f19b0cc5f
[CHAIN] e5123a2f19b0cc5f -> a2177df295485418
[CHAIN] a2177df295485418 -> 34099762ac409e6b
[CHAIN] 34099762ac409e6b -> e73db470df7ab71f
[CHAIN] e73db470df7ab71f -> 6b7a65348f55e2cf
[CHAIN] 6b7a65348f55e2cf -> d89851d5321e8889
[CHAIN] d89851d5321e8889 -> cde0df637a864254
[CHAIN] cde0df637a864254 -> 038f4b43327f9b0f
[CHAIN] 038f4b43327f9b0f -> e2526f85842e4eea
[CHAIN] e2526f85842e4eea -> 6d54f69a9cbfcdb7
[CHAIN] 6d54f69a9cbfcdb7 -> 7d47f39139891a60
[CHAIN] 7d47f39139891a60 -> 4627ae1fd36ab609
[CHAIN] 4627ae1fd36ab609 -> 8b52d64f5acd3e53
[CHAIN] 8b52d64f5acd3e53 -> b7f6d55c6652869b
[CHAIN] b7f6d55c6652869b -> 1a9287d264eb29d6
[CHAIN] 1a9287d264eb29d6 -> fe39dd97ad3f50bc
[CHAIN] fe39dd97ad3f50bc -> 09ac12f60e3aeb9a
[CHAIN] 09ac12f60e3aeb9a -> 8917888e045213e9
[CHAIN] 8917888e045213e9 -> f9d43503b11c2d91
[CHAIN] f9d43503b11c2d91 -> 9abbe9c13738ae70
[CHAIN] 9abbe9c13738ae70 -> ea114c0f501eb2f7
[CHAIN] ea114c0f501eb2f7 -> ec6466f16da50fab
[CHAIN] ec6466f16da50fab -> 8d8ddb4281329f1a
[CHAIN] 8d8ddb4281329f1a -> 15b5baa5cbdbd788
[CHAIN] 15b5baa5cbdbd788 -> dd949dd8629ef883
[CHAIN] dd949dd8629ef883 -> ac262e8ea3d6ebe8
[CHAIN] ac262e8ea3d6ebe8 -> 37a6e55408f9c26c
[CHAIN] 37a6e55408f9c26c -> e44746260a69bf51
[CHAIN] e44746260a69bf51 -> dccf3eb8a20be3f7
[CHAIN] dccf3eb8a20be3f7 -> b1699425af017b32
[CHAIN] b1699425af017b32 -> 2e36748b9a40bcda
[CHAIN] 2e36748b9a40bcda -> d287d7b410e37ab7
[CHAIN] d287d7b410e37ab7 -> 306a1c6a98a2baa7
[CHAIN] 306a1c6a98a2baa7 -> 4f21f03a9be7bbba
[CHAIN] 4f21f03a9be7bbba -> 2ebebe87f1da39df
[CHAIN] 2ebebe87f1da39df -> 39b88867c6c8d1c4
[CHAIN] 39b88867c6c8d1c4 -> d4ba4b8f692b5334
[CHAIN] d4ba4b8f692b5334 -> 4708d4db1d6b706b
[CHAIN] 4708d4db1d6b706b -> a6b244a4e957b315
[CHAIN] a6b244a4e957b315 -> 2c69a6cfa97dba7b
[CHAIN] 2c69a6cfa97dba7b -> 8d3f4813d2931e4f
[CHAIN] 8d3f4813d2931e4f -> 5f2d02c52ddf3fbd
[CHAIN] 5f2d02c52ddf3fbd -> 2f10d377f636dd25
[CHAIN] 2f10d377f636dd25 -> 6dcb47810a1fcc16
[CHAIN] 6dcb47810a1fcc16 -> d298413169911836
[CHAIN] d298413169911836 -> ea68eeba6c3cee0a
[CHAIN] ea68eeba6c3cee0a -> fbf510b49ed52951
[CHAIN] fbf510b49ed52951 -> eb5048e1584e1def
[CHAIN] eb5048e1584e1def -> 241841e6514dd78b
[CHAIN] 241841e6514dd78b -> 985aece7eb168b04
[CHAIN] 985aece7eb168b04 -> 07dcbb062aa19f23
[CHAIN] 07dcbb062aa19f23 -> 2d4eb25fe4204e95
[CHAIN] 2d4eb25fe4204e95 -> a722d6154b96c009
[CHAIN] a722d6154b96c009 -> d5ce232fc0d11097
[CHAIN] d5ce232fc0d11097 -> 7c471fe4c4e69a09
[CHAIN] 7c471fe4c4e69a09 -> 3f79e360f4296d3b
[CHAIN] 3f79e360f4296d3b -> 531d6613ff128dbf
[CHAIN] 531d6613ff128dbf -> 85fab78088fdd223
[CHAIN] 85fab78088fdd223 -> 8ae7172e8d3797b0
[CHAIN] 8ae7172e8d3797b0 -> 7b3d2892ddcc6d15
[CHAIN] 7b3d2892ddcc6d15 -> 4760d1034e872db1
[CHAIN] 4760d1034e872db1 -> 9a7b13b8aa8847a2
[CHAIN] 9a7b13b8aa8847a2 -> 4fa000d44f7edaa9
[CHAIN] 4fa000d44f7edaa9 -> c6ff4a2fb1e9b50f
[CHAIN] c6ff4a2fb1e9b50f -> 622c4ad7ed40766e
[CHAIN] 622c4ad7ed40766e -> 715f17b84deccf5e
[CHAIN] 715f17b84deccf5e -> a4b1bb08401e108f
[CHAIN] a4b1bb08401e108f -> e24a80857cbf22a5
[CHAIN] e24a80857cbf22a5 -> 0d9e85f30aa47d64
[CHAIN] 0d9e85f30aa47d64 -> 8d4af467f7f485f7
[CHAIN] 8d4af467f7f485f7 -> 479708c832aed823
[CHAIN] 479708c832aed823 -> d8df5dd65b05b0e0
[CHAIN] d8df5dd65b05b0e0 -> f8116ac08d010c8a
[CHAIN] f8116ac08d010c8a -> 816c74fa66557de1
[CHAIN] 816c74fa66557de1 -> 74533bfd228988b3
[CHAIN] 74533bfd228988b3 -> 99aa9faab50edd8b
[CHAIN] 99aa9faab50edd8b -> 01711eac5bcdc829
[CHAIN] 01711eac5bcdc829 -> 591e83e169f1e539
[CHAIN] 591e83e169f1e539 -> 162d7110038e7e14
[CHAIN] 162d7110038e7e14 -> dde58aea4de5fc79
[CHAIN] dde58aea4de5fc79 -> d8dbfa2a735dba7f
[CHAIN] d8dbfa2a735dba7f -> 1d17d9fa7ad0331f
[CHAIN] 1d17d9fa7ad0331f -> 79829443a89c9d0f
[CHAIN] 79829443a89c9d0f -> 43f622a7249024cf
[CHAIN] 43f622a7249024cf -> 1f504770cb127927
[CHAIN] 1f504770cb127927 -> b963f248be93f7d5
[CHAIN] b963f248be93f7d5 -> 2af3ce74cf7b2ec2
[CHAIN] 2af3ce74cf7b2ec2 -> eab92445eb4ac20f
[CHAIN] eab92445eb4ac20f -> 8fced34433cf1265
[CHAIN] 8fced34433cf1265 -> 72e933f15bef066a
[CHAIN] 72e933f15bef066a -> 84d1b3a307e26592
[CHAIN] 84d1b3a307e26592 -> d95bf5e77c86b1cd
[CHAIN] d95bf5e77c86b1cd -> 2e792d79e1d2455d
[CHAIN] 2e792d79e1d2455d -> 8a9a38e1d207ead4
[CHAIN] 8a9a38e1d207ead4 -> f61db5b4c8d34ca5
[CHAIN] f61db5b4c8d34ca5 -> b4ef5d7447fa603a
[CHAIN] b4ef5d7447fa603a -> 54fbc5b5db1d61ed
[CHAIN] 54fbc5b5db1d61ed -> 9abd9f009a228c4e
[CHAIN] 9abd9f009a228c4e -> f077b87e7eccde05
[CHAIN] f077b87e7eccde05 -> 874e7d358eb8873a
[CHAIN] 874e7d358eb8873a -> 036d4944461ff9da
[CHAIN] 036d4944461ff9da -> a9b85601094e56c5
[CHAIN] a9b85601094e56c5 -> 5014cc852405ab17
[CHAIN] 5014cc852405ab17 -> a45aeb1ca52f97e0
[CHAIN] a45aeb1ca52f97e0 -> 172d806e0e05621b
[CHAIN] 172d806e0e05621b -> a6fb98ae0dff0104
[CHAIN] a6fb98ae0dff0104 -> 6d2f028345e8e142
[CHAIN] 6d2f028345e8e142 -> 7c5ec31e00832174
[CHAIN] 7c5ec31e00832174 -> 8e84caf35bca260d
[CHAIN] 8e84caf35bca260d -> 048289141b3902f0
[CHAIN] 048289141b3902f0 -> 5ec44f18c8a05aea
[CHAIN] 5ec44f18c8a05aea -> ce4def14eb9f4e8e
[CHAIN] ce4def14eb9f4e8e -> 2d83ff597bfbd544
[CHAIN] 2d83ff597bfbd544 -> e38b8fc46f43c322
[CHAIN] e38b8fc46f43c322 -> 485337b8b2e05174
[CHAIN] 485337b8b2e05174 -> 6630a8c7416b4c91
[CHAIN] 6630a8c7416b4c91 -> 67b0826c58aaec8f
[CHAIN] 67b0826c58aaec8f -> e983d376427d50e1
[CHAIN] e983d376427d50e1 -> 121993db82351a13
[CHAIN] 121993db82351a13 -> e7ed5fdd3fe9fd0f
[CHAIN] e7ed5fdd3fe9fd0f -> 7cb122de9bfde6df
[CHAIN] 7cb122de9bfde6df -> c6bf53f00cb790e1
[CHAIN] c6bf53f00cb790e1 -> 478ea54c545ce22e
[CHAIN] 478ea54c545ce22e -> 844c9a9194fcd40d
[CHAIN] 844c9a9194fcd40d -> 47d6739e31944069
[CHAIN] 47d6739e31944069 -> 519df8ef9153a8b2
[CHAIN] 519df8ef9153a8b2 -> 3e7b1e8e86b0c5ce
[CHAIN] 3e7b1e8e86b0c5ce -> 3e85e56128bdf225
[CHAIN] 3e85e56128bdf225 -> 8398e223ccfae314
[CHAIN] 8398e223ccfae314 -> 5d05a355cc9abe62
[CHAIN] 5d05a355cc9abe62 -> d5af8017f71db702
[CHAIN] d5af8017f71db702 -> d8c6da070eff016b
[CHAIN] d8c6da070eff016b -> ca6fec0070f9583a
[CHAIN] ca6fec0070f9583a -> 1a770c80c1c9cc55
[CHAIN] 1a770c80c1c9cc55 -> 62457a47ed5e2752
[CHAIN] 62457a47ed5e2752 -> 8b5bc1ed83c68795
[CHAIN] 8b5bc1ed83c68795 -> e2a0623279f8fc20
[CHAIN] e2a0623279f8fc20 -> 33dc38df52ade687
[CHAIN] 33dc38df52ade687 -> afdc671742902fa2
[CHAIN] afdc671742902fa2 -> 1500742122f50cd3
[CHAIN] 1500742122f50cd3 -> 52a4b927c64d27e3
[CHAIN] 52a4b927c64d27e3 -> f9cc3f8033e586cb
[CHAIN] f9cc3f8033e586cb -> 368c597f1785a7a1
[CHAIN] 368c597f1785a7a1 -> 09d4a9b6b5b2abde
[CHAIN] 09d4a9b6b5b2abde -> 52f714466cd26dc8
[CHAIN] 52f714466cd26dc8 -> 5e5be8f9ace3915a
[CHAIN] 5e5be8f9ace3915a -> fd308ffbb01c3777
[CHAIN] fd308ffbb01c3777 -> 44e112219570017f
[CHAIN] 44e112219570017f -> b3bf88feae1b4a32
[CHAIN] b3bf88feae1b4a32 -> 9e35b842132cdb1e
[CHAIN] 9e35b842132cdb1e -> 045841d15d806cf4
[CHAIN] 045841d15d806cf4 -> 23f1b546dbc445cd
[CHAIN] 23f1b546dbc445cd -> 58fdc31ae83bff54
[CHAIN] 58fdc31ae83bff54 -> a91671a2e6d75c11
[CHAIN] a91671a2e6d75c11 -> 3fc053743e29f7fb
[CHAIN] 3fc053743e29f7fb -> f4de10c40970d009
[CHAIN] f4de10c40970d009 -> e8ba4adbaf6a77fd
[CHAIN] e8ba4adbaf6a77fd -> 728685a99095f0e9
[CHAIN] 728685a99095f0e9 -> 8805f45982620ffe
[CHAIN] 8805f45982620ffe -> 814060577ce92e6c
[CHAIN] 814060577ce92e6c -> fa40b237851f426d
[CHAIN] fa40b237851f426d -> 990afd952f6507d9
[CHAIN] 990afd952f6507d9 -> 4a68519133e536d1
[CHAIN] 4a68519133e536d1 -> 4c40d971ce70e377
[CHAIN] 4c40d971ce70e377 -> 5d73f2739e7764b6
[CHAIN] 5d73f2739e7764b6 -> e47e9739d7c79c32
[CHAIN] e47e9739d7c79c32 -> 68024e7bec02b7f1
[CHAIN] 68024e7bec02b7f1 -> 7ce465fa08775728
[CHAIN] 7ce465fa08775728 -> 69abc34d18f17620
[CHAIN] 69abc34d18f17620 -> 2fe93f94cdfea314
[CHAIN] 2fe93f94cdfea314 -> b810c495a9315afa
[CHAIN] b810c495a9315afa -> 68420f22e35dbe16
[CHAIN] 68420f22e35dbe16 -> e284ca3865a58587
[CHAIN] e284ca3865a58587 -> 67540eb9c45d5f06
[CHAIN] 67540eb9c45d5f06 -> f9ce9689311c164f
[CHAIN] f9ce9689311c164f -> a94bbfd98fd192dc
[CHAIN] a94bbfd98fd192dc -> a305f5c93a1e6cde
[CHAIN] a305f5c93a1e6cde -> 1af716cb5f090201
[CHAIN] 1af716cb5f090201 -> 55dbe9959127fd3e
[CHAIN] 55dbe9959127fd3e -> d77ced2dfdce881b
[CHAIN] d77ced2dfdce881b -> e608016c64424f94
[CHAIN] e608016c64424f94 -> e84d846e978763ee
[CHAIN] e84d846e978763ee -> 291c10a3c42cc282
[CHAIN] 291c10a3c42cc282 -> 020f4d7d4b3ea79e
[CHAIN] 020f4d7d4b3ea79e -> 9bd53fca86651b9a
[CHAIN] 9bd53fca86651b9a -> 8ef4a6a1a3651534
[CHAIN] 8ef4a6a1a3651534 -> 42352d4e18744042
[CHAIN] 42352d4e18744042 -> adb714ddb4b12d47
[CHAIN] adb714ddb4b12d47 -> 4313b6f9f9fe994a
[CHAIN] 4313b6f9f9fe994a -> 091dd57c4b859f4c
[CHAIN] 091dd57c4b859f4c -> 79b6b577111105c0
[CHAIN] 79b6b577111105c0 -> d58ac3a777745040
[CHAIN] d58ac3a777745040 -> 1794e9aafedb26b4
[CHAIN] 1794e9aafedb26b4 -> f1e3591e91c45f2f
[CHAIN] f1e3591e91c45f2f -> b55c33fb94aa22ef
[CHAIN] b55c33fb94aa22ef -> 0eff28a025c6f8ab
[CHAIN] 0eff28a025c6f8ab -> bb605f546086eee3
[CHAIN] bb605f546086eee3 -> 452010379e7c2225
[CHAIN] 452010379e7c2225 -> 6d69f5b159d62394
[CHAIN] 6d69f5b159d62394 -> 1642bedfc0f8360e
[CHAIN] 1642bedfc0f8360e -> cb2044273543ba93
[CHAIN] cb2044273543ba93 -> 38d7d32e858a9ac5
[CHAIN] 38d7d32e858a9ac5 -> 39c080c8311c651a
[CHAIN] 39c080c8311c651a -> 3860a6d99cd94ba5
[CHAIN] 3860a6d99cd94ba5 -> 6235457111bf3e4e
[CHAIN] 6235457111bf3e4e -> cd29c4666ccf1f28
[CHAIN] cd29c4666ccf1f28 -> 5828787a5f4a4bc9
[CHAIN] 5828787a5f4a4bc9 -> 78ae9ba58d01f1ab
[CHAIN] 78ae9ba58d01f1ab -> c6561209efa6732a
[CHAIN] c6561209efa6732a -> 6d2ead8ee394db8c
[CHAIN] 6d2ead8ee394db8c -> 2cd91a68902d134d
[CHAIN] 2cd91a68902d134d -> 2e2cf51649653366
[CHAIN] 2e2cf51649653366 -> 7cbe55440128bedd
[CHAIN] 7cbe55440128bedd -> 79553d4092501502
[CHAIN] 79553d4092501502 -> bb951053b75dc8ca
[CHAIN] bb951053b75dc8ca -> 7cbe7b855fa261eb
[CHAIN] 7cbe7b855fa261eb -> 99654210d9691182
[CHAIN] 99654210d9691182 -> faac529974b3b362
[CHAIN] faac529974b3b362 -> 44146c528868e972
[CHAIN] 44146c528868e972 -> 0c1ab27f5cd8cef8
[CHAIN] 0c1ab27f5cd8cef8 -> 92ef69acdc298136
[CHAIN] 92ef69acdc298136 -> 066f208a31b2514c
[CHAIN] 066f208a31b2514c -> b321483f5b994c95
[CHAIN] b321483f5b994c95 -> 2e72765a95bcf165
[CHAIN] 2e72765a95bcf165 -> 90d433c127601ad3
[CHAIN] 90d433c127601ad3 -> bdb0fd78cb19db31
[CHAIN] bdb0fd78cb19db31 -> 3671b397f8a04d76
[CHAIN] 3671b397f8a04d76 -> 9707b3ae6f692ddf
[CHAIN] 9707b3ae6f692ddf -> dce0c2c0291d9955
[CHAIN] dce0c2c0291d9955 -> bee1022faf19ab6c
[CHAIN] bee1022faf19ab6c -> cd6688d9ba9a693c
[CHAIN] cd6688d9ba9a693c -> cd9d7364877fc573
[CHAIN] cd9d7364877fc573 -> 45fd319ac3edb522
[CHAIN] 45fd319ac3edb522 -> c005826f299e4c9a
[CHAIN] c005826f299e4c9a -> b925410152f602dc
[CHAIN] b925410152f602dc -> f1b104e8b731b5b7
[CHAIN] f1b104e8b731b5b7 -> 1d87119855321de5
[CHAIN] 1d87119855321de5 -> 4f3d7baa621ec95e
[CHAIN] 4f3d7baa621ec95e -> da5f8097bb74754c
[CHAIN] da5f8097bb74754c -> 689434083d40d00c
[CHAIN] 689434083d40d00c -> 694dfcebc316ed89
[CHAIN] 694dfcebc316ed89 -> da7f1f7595325efd
[CHAIN] da7f1f7595325efd -> 3fc5adab9b67f10c
[CHAIN] 3fc5adab9b67f10c -> b7631043101c7630
[CHAIN] b7631043101c7630 -> 76df355264488cf4
[CHAIN] 76df355264488cf4 -> 513c4c733ca56efb
[CHAIN] 513c4c733ca56efb -> b32091f485830b92
[CHAIN] b32091f485830b92 -> bef4180dfcb6655a
[CHAIN] bef4180dfcb6655a -> 4e3e0e6eb4252ac0
[CHAIN] 4e3e0e6eb4252ac0 -> 554dfff6cc8bf968
[CHAIN] 554dfff6cc8bf968 -> 5dbc144c12ffe5d5
[CHAIN] 5dbc144c12ffe5d5 -> a0392bf6c1297a4e
[CHAIN] a0392bf6c1297a4e -> eb7235dc9ec01cbe
[CHAIN] eb7235dc9ec01cbe -> f2f9b768055bd12c
[CHAIN] f2f9b768055bd12c -> bf33162980b951dc
[CHAIN] bf33162980b951dc -> d0b53ae59315324e
[CHAIN] d0b53ae59315324e -> b1d0c01df4d08549
[CHAIN] b1d0c01df4d08549 -> 98a4c1a996cfb76f
[CHAIN] 98a4c1a996cfb76f -> 938f4992c4b7ee50
[CHAIN] 938f4992c4b7ee50 -> 8aba470bdbd48617
[CHAIN] 8aba470bdbd48617 -> 342400ecabe7104e
[CHAIN] 342400ecabe7104e -> 90ab2467f65a206f
[CHAIN] 90ab2467f65a206f -> b9dea58ec7b668e3
[CHAIN] b9dea58ec7b668e3 -> d8901df11c1fb300
[CHAIN] d8901df11c1fb300 -> de35a9cca7009021
[CHAIN] de35a9cca7009021 -> 474f682209d22238
[CHAIN] 474f682209d22238 -> 860fc83197106e75
[CHAIN] 860fc83197106e75 -> 03d2af6148ecae18
[CHAIN] 03d2af6148ecae18 -> bb7f4e4583fd59a3
[CHAIN] bb7f4e4583fd59a3 -> c62e4143471934fe
[CHAIN] c62e4143471934fe -> 420b4cbc3e28e4b3
[CHAIN] 420b4cbc3e28e4b3 -> 368fb31e0a0365e8
[CHAIN] 368fb31e0a0365e8 -> 6362fe1f0f363775
[CHAIN] 6362fe1f0f363775 -> df02eb7e3b384017
[CHAIN] df02eb7e3b384017 -> 00d55e49797543ac
[CHAIN] 00d55e49797543ac -> 680bcc4a67665fc2
[CHAIN] 680bcc4a67665fc2 -> 466accb689786444
[CHAIN] 466accb689786444 -> 57e21f98a59bd483
[CHAIN] 57e21f98a59bd483 -> 4fc3e84a2df91378
[CHAIN] 4fc3e84a2df91378 -> 3307c1d58fbd9766
[CHAIN] 3307c1d58fbd9766 -> 5bf71871b5a56d33
[CHAIN] 5bf71871b5a56d33 -> fd1c3b2cd00c9280
[CHAIN] fd1c3b2cd00c9280 -> d93bd87381b956e8
[CHAIN] d93bd87381b956e8 -> e2b31f9e562c284d
[CHAIN] e2b31f9e562c284d -> 6cce0696f39f3eb1
[CHAIN] 6cce0696f39f3eb1 -> 01e7019b079da93f
[CHAIN] 01e7019b079da93f -> 49c83b5a39f33a31
[CHAIN] 49c83b5a39f33a31 -> 0c7635d6bad86e91
[CHAIN] 0c7635d6bad86e91 -> 7d2a7fc543584228
[CHAIN] 7d2a7fc543584228 -> 85260acb2c05f3db
[CHAIN] 85260acb2c05f3db -> 81280178fbe950d1
[CHAIN] 81280178fbe950d1 -> 2a02ecfd071d7cef
[CHAIN] 2a02ecfd071d7cef -> 6dd65df9b31ee863
[CHAIN] 6dd65df9b31ee863 -> 61a88026714e8831
[CHAIN] 61a88026714e8831 -> 507b5b7ce9826cf0
[CHAIN] 507b5b7ce9826cf0 -> 0c4ae5581154bfa4
[CHAIN] 0c4ae5581154bfa4 -> 69d8e214a981aa7e
[CHAIN] 69d8e214a981aa7e -> ab441eb0077b8687
[CHAIN] ab441eb0077b8687 -> bd8917771ff6356a
[CHAIN] bd8917771ff6356a -> d961a114819f2732
[CHAIN] d961a114819f2732 -> 0e25c39c745b24f2
[CHAIN] 0e25c39c745b24f2 -> 8cdb14d85feb672f
[CHAIN] 8cdb14d85feb672f -> 5460d3ef12607469
[CHAIN] 5460d3ef12607469 -> 85167a66848c2c17
[CHAIN] 85167a66848c2c17 -> b0fbabb65b749eba
[CHAIN] b0fbabb65b749eba -> 759441e8cc901cf4
[CHAIN] 759441e8cc901cf4 -> 05d14bfa14bdff7c
[CHAIN] 05d14bfa14bdff7c -> 1f4d615167b6ffe5
[CHAIN] 1f4d615167b6ffe5 -> d402355330644f6d
[CHAIN] d402355330644f6d -> 94f4506f1d59844b
[CHAIN] 94f4506f1d59844b -> c27718a945f0b580
[CHAIN] c27718a945f0b580 -> e8bcb477cfab1ae8
[CHAIN] e8bcb477cfab1ae8 -> ec34aa3547318e04
[CHAIN] ec34aa3547318e04 -> ed6f2acfcb4ca91a
[CHAIN] ed6f2acfcb4ca91a -> 499224002a2c83c1
[CHAIN] 499224002a2c83c1 -> 774a8703a5822bc7
[CHAIN] 774a8703a5822bc7 -> 87983c03dc32b348
[CHAIN] 87983c03dc32b348 -> c61be07843c67fc0
[CHAIN] c61be07843c67fc0 -> c9ffada501ac38cd
[CHAIN] c9ffada501ac38cd -> e085b93742da27ea
[CHAIN] e085b93742da27ea -> afad6fffae3a6253
[CHAIN] afad6fffae3a6253 -> 387067ad1c716e42
[CHAIN] 387067ad1c716e42 -> ab10404381e6afce
[CHAIN] ab10404381e6afce -> 3af2b447832e2984
[CHAIN] 3af2b447832e2984 -> 4f4308f8ad1f3628
[CHAIN] 4f4308f8ad1f3628 -> 074a7697f6ee7748
[CHAIN] 074a7697f6ee7748 -> 3a2675ffb6bc67b2
[CHAIN] 3a2675ffb6bc67b2 -> 33ca3cfcad826b19
[CHAIN] 33ca3cfcad826b19 -> 6f58ae7a2db158fb
[CHAIN] 6f58ae7a2db158fb -> bcc28bfedb6672ea
[CHAIN] bcc28bfedb6672ea -> 4b107088b62fb0cf
[CHAIN] 4b107088b62fb0cf -> d7f98c75083a5d47
[CHAIN] d7f98c75083a5d47 -> 3e54a4e37a8fcacf
[CHAIN] 3e54a4e37a8fcacf -> deb528bb3991998c
[CHAIN] deb528bb3991998c -> 0373f2a1baf5b7d1
[CHAIN] 0373f2a1baf5b7d1 -> 4248350d3b5afc48
[CHAIN] 4248350d3b5afc48 -> d1663734e3ecec2b
[CHAIN] d1663734e3ecec2b -> 7ab8417c52889c76
[CHAIN] 7ab8417c52889c76 -> a7df84ae45a2f8b0
[CHAIN] a7df84ae45a2f8b0 -> 31e4670d53e173e6
[CHAIN] 31e4670d53e173e6 -> 9dc9cdc8b271dadd
[CHAIN] 9dc9cdc8b271dadd -> 4fa0fee9332952f0
[CHAIN] 4fa0fee9332952f0 -> af8f8b5145b51b35
[CHAIN] af8f8b5145b51b35 -> 29db924e2f4b1e85
[CHAIN] 29db924e2f4b1e85 -> 559e0ed742e83100
[CHAIN] 559e0ed742e83100 -> 05817c70dff6d54e
[CHAIN] 05817c70dff6d54e -> c27f2147b4c069cd
[CHAIN] c27f2147b4c069cd -> d269175ddfd2a410
[CHAIN] d269175ddfd2a410 -> 76fb1150f700c115
[CHAIN] 76fb1150f700c115 -> ebed0848e6a0ccab
[CHAIN] ebed0848e6a0ccab -> e201e1931b74dbb6
[CHAIN] e201e1931b74dbb6 -> f6fd4c5e3b30ec4c
[CHAIN] f6fd4c5e3b30ec4c -> 61d56c8fd6ac47a4
[CHAIN] 61d56c8fd6ac47a4 -> ab0ac3ccff0f16ca
[CHAIN] ab0ac3ccff0f16ca -> b5fdee42047f443a
[CHAIN] b5fdee42047f443a -> a6e65d4b7f42cfce
[CHAIN] a6e65d4b7f42cfce -> 4d55da741fdb4b5e
[CHAIN] 4d55da741fdb4b5e -> bcb771ed2cd5f2d4
[CHAIN] bcb771ed2cd5f2d4 -> ebfc729260cbcbf3
[CHAIN] ebfc729260cbcbf3 -> 2c7a28378fa4c4d4
[CHAIN] 2c7a28378fa4c4d4 -> 1600b0f83e3cda60
[CHAIN] 1600b0f83e3cda60 -> a69a1979fa12b996
[CHAIN] a69a1979fa12b996 -> bf0f18ca4ef6b951
[CHAIN] bf0f18ca4ef6b951 -> 8ef2cdba60aa6147
[CHAIN] 8ef2cdba60aa6147 -> 40f0203e24c435aa
[CHAIN] 40f0203e24c435aa -> d409d2543af3a5ed
[CHAIN] d409d2543af3a5ed -> 72f96c41f2bb16d4
[CHAIN] 72f96c41f2bb16d4 -> c984021b2b1d0439
[CHAIN] c984021b2b1d0439 -> c169c9131521de1b
[CHAIN] c169c9131521de1b -> c7b5872a9066a66a
[CHAIN] c7b5872a9066a66a -> c033bc06cecb771e
[CHAIN] c033bc06cecb771e -> 8bc1444c8c0bfcd7
[CHAIN] 8bc1444c8c0bfcd7 -> 5d98f982b62d7226
[CHAIN] 5d98f982b62d7226 -> b5f00d69e749bc48
[CHAIN] b5f00d69e749bc48 -> f7abec872bf5712a
[CHAIN] f7abec872bf5712a -> d80f61d9a5366baa
[CHAIN] d80f61d9a5366baa -> 6c706ab17ebbbbef
[CHAIN] 6c706ab17ebbbbef -> 2e453b42df413c37
[CHAIN] 2e453b42df413c37 -> 2e33b3be452e7552
[CHAIN] 2e33b3be452e7552 -> 930fc78ff74a74ff
[CHAIN] 930fc78ff74a74ff -> bd43ea2585e90c6a
[CHAIN] bd43ea2585e90c6a -> ae157402800d6d2f
[CHAIN] ae157402800d6d2f -> e1e1c2180d0068d8
[CHAIN] e1e1c2180d0068d8 -> c107894f9b2415d1
[CHAIN] c107894f9b2415d1 -> 174cdbb5e6ae1d02
[CHAIN] 174cdbb5e6ae1d02 -> 9111f40d4f0f850c
[CHAIN] 9111f40d4f0f850c -> fce2d59d883e8708
[CHAIN] fce2d59d883e8708 -> 304a7ce4ed6e97ce
[CHAIN] 304a7ce4ed6e97ce -> e625545160576b40
[CHAIN] e625545160576b40 -> 166605d746f72bc7
[CHAIN] 166605d746f72bc7 -> abe8f95e240918a2
[CHAIN] abe8f95e240918a2 -> 888ed1c0935b2bdd
[CHAIN] 888ed1c0935b2bdd -> 1ea20f1c26349b67
[CHAIN] 1ea20f1c26349b67 -> 734067ec90ab8f6d
[CHAIN] 734067ec90ab8f6d -> ed0252db363edec1
[CHAIN] ed0252db363edec1 -> 9d78aab323d8b57f
[CHAIN] 9d78aab323d8b57f -> a70612077a3ae941
[CHAIN] a70612077a3ae941 -> 13677fae8dca4e8b
[CHAIN] 13677fae8dca4e8b -> 23dc63022103a79a
[CHAIN] 23dc63022103a79a -> a0d927f5385a6dcb
[CHAIN] a0d927f5385a6dcb -> 49be4ac17205fc84
[CHAIN] 49be4ac17205fc84 -> 780dcdf4d12f3ee8
[CHAIN] 780dcdf4d12f3ee8 -> a7ddbf6020dca3a2
[CHAIN] a7ddbf6020dca3a2 -> bc3d88c90078a85b
[CHAIN] bc3d88c90078a85b -> faf39816e7f373dd
[CHAIN] faf39816e7f373dd -> 6a7510c5d48b6ded
[CHAIN] 6a7510c5d48b6ded -> 6a908027ad33a9f2
[CHAIN] 6a908027ad33a9f2 -> 050c861fe1f428fe
[CHAIN] 050c861fe1f428fe -> 4769e5554551bd34
[CHAIN] 4769e5554551bd34 -> cd9134af517191de
[CHAIN] cd9134af517191de -> 223dabfcaad25464
[CHAIN] 223dabfcaad25464 -> 1c14682d83e03154
[CHAIN] 1c14682d83e03154 -> d19f4dfc5b5510a7
[CHAIN] d19f4dfc5b5510a7 -> 537e1e9433f175b0
[CHAIN] 537e1e9433f175b0 -> 97e05e6b901537a6
[CHAIN] 97e05e6b901537a6 -> eeb6272855533f06
[CHAIN] eeb6272855533f06 -> 1fc97430cdd3553e
[CHAIN] 1fc97430cdd3553e -> 9925f8d316bb5a33
[CHAIN] 9925f8d316bb5a33 -> f77d69cc0efc888e
[CHAIN] f77d69cc0efc888e -> cca02af3c66dabc7
[CHAIN] cca02af3c66dabc7 -> afd046c208605bc1
[CHAIN] afd046c208605bc1 -> 2f6f9a5ef644d336
[CHAIN] 2f6f9a5ef644d336 -> 57f17e1c6c5acc0d
[CHAIN] 57f17e1c6c5acc0d -> fbaae67f9274fa36
[CHAIN] fbaae67f9274fa36 -> a13895b0734caa5e
[CHAIN] a13895b0734caa5e -> a4d8bf43458d4aa5
[CHAIN] a4d8bf43458d4aa5 -> 6fe6a91b424f5a78
[CHAIN] 6fe6a91b424f5a78 -> aee7dd2ce1784333
[CHAIN] aee7dd2ce1784333 -> 1570a294a6114af0
[CHAIN] 1570a294a6114af0 -> f2c59667d9396c09
[CHAIN] f2c59667d9396c09 -> 5fce4ffd894b931e
[CHAIN] 5fce4ffd894b931e -> 6d61a57530369aeb
[CHAIN] 6d61a57530369aeb -> c900c3ef5c9d4103
[CHAIN] c900c3ef5c9d4103 -> fd654b9ca59d4a30
[CHAIN] fd654b9ca59d4a30 -> af626004c9601264
[CHAIN] af626004c9601264 -> 0f3741ff827d6bc1
[CHAIN] 0f3741ff827d6bc1 -> ceb4c39da29bfcbd
[CHAIN] ceb4c39da29bfcbd -> a6ea6d3305369f88
[CHAIN] a6ea6d3305369f88 -> a8848ca27edd3b67
[CHAIN] a8848ca27edd3b67 -> 44676ef348812f92
[CHAIN] 44676ef348812f92 -> e6b12aa6b4388e45
[CHAIN] e6b12aa6b4388e45 -> f1a3580002dc4d24
[CHAIN] f1a3580002dc4d24 -> 9c33a84ed0862b58
[CHAIN] 9c33a84ed0862b58 -> 4fca5820fbc46447
[CHAIN] 4fca5820fbc46447 -> d22871d1b178bf99
[CHAIN] d22871d1b178bf99 -> 1101a72222f02f0e
[CHAIN] 1101a72222f02f0e -> c4293cc95e4e4901
[CHAIN] c4293cc95e4e4901 -> b05d8599eb2b3ce0
[CHAIN] b05d8599eb2b3ce0 -> e67cda7f4a8b9c3f
[CHAIN] e67cda7f4a8b9c3f -> df1c7850e90f09c9
[CHAIN] df1c7850e90f09c9 -> 5a9f4b54d611d09a
[CHAIN] 5a9f4b54d611d09a -> c61be3009d3286fd
[CHAIN] c61be3009d3286fd -> bdacbd66e15f53a7
[CHAIN] bdacbd66e15f53a7 -> d42de71be3d0c870
[CHAIN] d42de71be3d0c870 -> e91a1504c4940bbd
[CHAIN] e91a1504c4940bbd -> ff17ee3f02326424
[CHAIN] ff17ee3f02326424 -> 9e3d341ee455aa1a
[CHAIN] 9e3d341ee455aa1a -> 11685318884d213f
[CHAIN] 11685318884d213f -> 5c3dd52fab89050b
[CHAIN] 5c3dd52fab89050b -> deafe48dc99c305c
[CHAIN] deafe48dc99c305c -> aff36782cfe4f25f
[CHAIN] aff36782cfe4f25f -> 7abaa559479faefc
[CHAIN] 7abaa559479faefc -> 639290db1707d297
[CHAIN] 639290db1707d297 -> 9d3a3b8dffed6176
[CHAIN] 9d3a3b8dffed6176 -> e9484f4632e3126d
[CHAIN] e9484f4632e3126d -> d1fb9e5cf6b0b503
[CHAIN] d1fb9e5cf6b0b503 -> 0064c9b6de2acbd4
[CHAIN] 0064c9b6de2acbd4 -> cf318a8b17d36516
[CHAIN] cf318a8b17d36516 -> 760842044662282a
[CHAIN] 760842044662282a -> 83816a361fe694fc
[CHAIN] 83816a361fe694fc -> 33609d6a53da6fcf
[CHAIN] 33609d6a53da6fcf -> 0b67744d0d10d9aa
[CHAIN] 0b67744d0d10d9aa -> 1e7747d4c59154df
[CHAIN] 1e7747d4c59154df -> 5c355dd093f45dbb
[CHAIN] 5c355dd093f45dbb -> 224d761c5284a44a
[CHAIN] 224d761c5284a44a -> 931eee61a7ba4c0b
[CHAIN] 931eee61a7ba4c0b -> 168126c11e347750
[CHAIN] 168126c11e347750 -> 44bc9386efbf45e1
[CHAIN] 44bc9386efbf45e1 -> bd610efae960742e
[CHAIN] bd610efae960742e -> b5869ffbff6b73a9
[CHAIN] b5869ffbff6b73a9 -> 4eb58b28ab7f6dcb
[CHAIN] 4eb58b28ab7f6dcb -> ae4308ea867be605
[CHAIN] ae4308ea867be605 -> c3762f3282ee4a5b
[CHAIN] c3762f3282ee4a5b -> fce46373faeb88fd
[CHAIN] fce46373faeb88fd -> aa37c8501f844c5f
[CHAIN] aa37c8501f844c5f -> 6d025c5bc9249e4d
[CHAIN] 6d025c5bc9249e4d -> 05a05e6c321dc5c2
[CHAIN] 05a05e6c321dc5c2 -> 1a46363c21b12e76
[CHAIN] 1a46363c21b12e76 -> 90eae30e296eccfa
[CHAIN] 90eae30e296eccfa -> 760ab5913de82ced
[CHAIN] 760ab5913de82ced -> acd2189db227f6ba
[CHAIN] acd2189db227f6ba -> 308d02a313421d31
[CHAIN] 308d02a313421d31 -> f927491366548d7b
[CHAIN] f927491366548d7b -> 738310fd36923afe
[CHAIN] 738310fd36923afe -> c80d8305497087b0
[CHAIN] c80d8305497087b0 -> b2db85145ad41475
[CHAIN] b2db85145ad41475 -> 78943aa8acd9b4fb
[CHAIN] 78943aa8acd9b4fb -> f73aa9ead980a175
[CHAIN] f73aa9ead980a175 -> 011a3ba3e3d3ab1e
[CHAIN] 011a3ba3e3d3ab1e -> d6e55a4687127e79
[CHAIN] d6e55a4687127e79 -> a07cc3f1ed5268ac
[CHAIN] a07cc3f1ed5268ac -> de8c19c5f48cb3cd
[CHAIN] de8c19c5f48cb3cd -> 8b752e4f3a7d177f
[CHAIN] 8b752e4f3a7d177f -> 3f02f9703bb417de
[CHAIN] 3f02f9703bb417de -> a93b502cce2d9718
[CHAIN] a93b502cce2d9718 -> 6f980998e79615b2
[CHAIN] 6f980998e79615b2 -> a53b4e7862abe0e2
[CHAIN] a53b4e7862abe0e2 -> ff101f31ea2b5834
[CHAIN] ff101f31ea2b5834 -> 8b94eef9242638aa
[CHAIN] 8b94eef9242638aa -> 5f72ca4ad5c484b0
[CHAIN] 5f72ca4ad5c484b0 -> c4f8a4f4db140e85
[CHAIN] c4f8a4f4db140e85 -> a77255de15786052
[CHAIN] a77255de15786052 -> be680f24d8639216
[CHAIN] be680f24d8639216 -> ae46fa0ca24e60be
[CHAIN] ae46fa0ca24e60be -> 08615002215c0754
[CHAIN] 08615002215c0754 -> 70301be72a4f3475
[CHAIN] 70301be72a4f3475 -> 5372281b183fc238
[CHAIN] 5372281b183fc238 -> 59048667637786d8
[CHAIN] 59048667637786d8 -> bc47585c6f754fe2
[CHAIN] bc47585c6f754fe2 -> 7feb5f8723fab743
[CHAIN] 7feb5f8723fab743 -> f5063be25f75b884
[CHAIN] f5063be25f75b884 -> b7da7ebab9c5e3e1
[CHAIN] b7da7ebab9c5e3e1 -> 189f3d8c8101f82d
[CHAIN] 189f3d8c8101f82d -> 365e118822246f0e
[CHAIN] 365e118822246f0e -> a3ef81140972fc5a
[CHAIN] a3ef81140972fc5a -> 16bc7bfcc0b1c44b
[CHAIN] 16bc7bfcc0b1c44b -> 90224ea9f716d00f
[CHAIN] 90224ea9f716d00f -> 2ff384d0e404c3c2
[CHAIN] 2ff384d0e404c3c2 -> e7ef4f3f1b60aaf8
[CHAIN] e7ef4f3f1b60aaf8 -> 398d65de879370b3
[CHAIN] 398d65de879370b3 -> e57a43c33473a556
[CHAIN] e57a43c33473a556 -> 761ae42fb97fe77d
[CHAIN] 761ae42fb97fe77d -> d12b8a969ce657ff
[CHAIN] d12b8a969ce657ff -> bd2f1463657d99da
[CHAIN] bd2f1463657d99da -> e4080f36c6a68f59
[CHAIN] e4080f36c6a68f59 -> 4a6001bc4a4d7c01
[CHAIN] 4a6001bc4a4d7c01 -> 5ced0701e892a637
[CHAIN] 5ced0701e892a637 -> 5c4534cc946cd1f7
[CHAIN] 5c4534cc946cd1f7 -> 66e5a864a43d30c8
[CHAIN] 66e5a864a43d30c8 -> d1dbb400c3d0a5a9
[CHAIN] d1dbb400c3d0a5a9 -> 34ef1edcaf685f0b
[CHAIN] 34ef1edcaf685f0b -> 2ec05ed31bee1668
[CHAIN] 2ec05ed31bee1668 -> 8dacbed7ab8d8b4e
[CHAIN] 8dacbed7ab8d8b4e -> eed300e0e847850d
[CHAIN] eed300e0e847850d -> e1fec90d785f8e41
[CHAIN] e1fec90d785f8e41 -> 1133c5b254200cbc
[CHAIN] 1133c5b254200cbc -> 1449bc52e25ab725
[CHAIN] 1449bc52e25ab725 -> b8fe572afd753e6f
[CHAIN] b8fe572afd753e6f -> 1618c2ae5ced24ac
[CHAIN] 1618c2ae5ced24ac -> f976b633df23a379
[CHAIN] f976b633df23a379 -> 3e90e5b2eb9c18e4
[CHAIN] 3e90e5b2eb9c18e4 -> 9e18d0d0d7e37eb9
[CHAIN] 9e18d0d0d7e37eb9 -> 4ff735a2d4ad6814
[CHAIN] 4ff735a2d4ad6814 -> 7621da7d74df6039
[CHAIN] 7621da7d74df6039 -> 5e2289e32f229892
[CHAIN] 5e2289e32f229892 -> 808e05afef0487d2
[CHAIN] 808e05afef0487d2 -> 1488b3a14c10496a
[CHAIN] 1488b3a14c10496a -> 53c27f45c60517d1
[CHAIN] 53c27f45c60517d1 -> 6868b74049356cfa
[CHAIN] 6868b74049356cfa -> 7ed16b9d17af22de
[CHAIN] 7ed16b9d17af22de -> fabcee9d8463a32c
[CHAIN] fabcee9d8463a32c -> f086d8d969e0e386
[CHAIN] f086d8d969e0e386 -> 33cd9aea6d0b78a0
[CHAIN] 33cd9aea6d0b78a0 -> 7a915528bba4e407
[CHAIN] 7a915528bba4e407 -> f8066b81ae15cb94
[CHAIN] f8066b81ae15cb94 -> dd5ce78a5be97118
[CHAIN] dd5ce78a5be97118 -> bac16d15dc62e41b
[CHAIN] bac16d15dc62e41b -> 683363ddbb3fcd59
[CHAIN] 683363ddbb3fcd59 -> 267a6f617e4d3417
[CHAIN] 267a6f617e4d3417 -> df461e337b91da9c
[CHAIN] df461e337b91da9c -> 74eb6142e519198d
[CHAIN] 74eb6142e519198d -> eaef95946e11ad90
[CHAIN] eaef95946e11ad90 -> e9aaa627330a58b9
[CHAIN] e9aaa627330a58b9 -> 28a20da5b4949f2f
[CHAIN] 28a20da5b4949f2f -> ef54bb2989e5378e
[CHAIN] ef54bb2989e5378e -> 18aac5c3d7a6f06e
[CHAIN] 18aac5c3d7a6f06e -> b337b14be72066f0
[CHAIN] b337b14be72066f0 -> c40d0706406dc6f8
[CHAIN] c40d0706406dc6f8 -> 2cf3d580e8123173
[CHAIN] 2cf3d580e8123173 -> 559597c0c592f94b
[CHAIN] 559597c0c592f94b -> 57f27ddcfe7947e6
[CHAIN] 57f27ddcfe7947e6 -> b6bbf5fc264fb8d4
[CHAIN] b6bbf5fc264fb8d4 -> c2c090cd0ae6d647
[CHAIN] c2c090cd0ae6d647 -> fd983e6c425a6798
[CHAIN] fd983e6c425a6798 -> f2f0fd11323cb10a
[CHAIN] f2f0fd11323cb10a -> be94d716ce544261
[CHAIN] be94d716ce544261 -> e071afce660c2abb
[CHAIN] e071afce660c2abb -> f2222536f7edf820
[CHAIN] f2222536f7edf820 -> 29f7359943eca0d6
[CHAIN] 29f7359943eca0d6 -> bace90379a94318b
[CHAIN] bace90379a94318b -> a271649f2bce1dc7
[CHAIN] a271649f2bce1dc7 -> 9c1331c19a7a9092
[CHAIN] 9c1331c19a7a9092 -> aab646c63919bb75
[CHAIN] aab646c63919bb75 -> 14e4c52cde3def1b
[CHAIN] 14e4c52cde3def1b -> 30d93b4d99d313f9
[CHAIN] 30d93b4d99d313f9 -> 28df5ed4726de9cb
[CHAIN] 28df5ed4726de9cb -> d3cad234223c0d46
[CHAIN] d3cad234223c0d46 -> c7279cdbf3924e3e
[CHAIN] c7279cdbf3924e3e -> b900e8052d047728
[CHAIN] b900e8052d047728 -> 275936c13d27216a
[CHAIN] 275936c13d27216a -> a84d5c60b7b0c858
[CHAIN] a84d5c60b7b0c858 -> 077ccc4a0dec8d3f
[CHAIN] 077ccc4a0dec8d3f -> e3cb12c5267144ad
[CHAIN] e3cb12c5267144ad -> 9a349494268e2eca
[CHAIN] 9a349494268e2eca -> 650b800055478222
[CHAIN] 650b800055478222 -> 3c0097c10e4b5f1c
[CHAIN] 3c0097c10e4b5f1c -> 184a96161fdc0536
[CHAIN] 184a96161fdc0536 -> f6362364fd269384
[CHAIN] f6362364fd269384 -> 7f7a480bed1e135e
[CHAIN] 7f7a480bed1e135e -> 45feab31d1ab178b
[CHAIN] 45feab31d1ab178b -> 830e6947a3df96ba
[CHAIN] 830e6947a3df96ba -> 85e7d8cfa86a2bbf
[CHAIN] 85e7d8cfa86a2bbf -> bdd11ecb0406ec46
[CHAIN] bdd11ecb0406ec46 -> 30ec5485d92250e3
[CHAIN] 30ec5485d92250e3 -> f10f431a9133a725
[CHAIN] f10f431a9133a725 -> 74a0c36540d6e538
[CHAIN] 74a0c36540d6e538 -> 5dd07e36f9facea9
[CHAIN] 5dd07e36f9facea9 -> 374cd2c7c06f92ba
[CHAIN] 374cd2c7c06f92ba -> 3fedbad3b10582e2
[CHAIN] 3fedbad3b10582e2 -> 51ae078c6e7d1588
[CHAIN] 51ae078c6e7d1588 -> 47a915454e6b27da
[CHAIN] 47a915454e6b27da -> 509b756cc75ca1a1
[CHAIN] 509b756cc75ca1a1 -> 83f34da52040fe6a
[CHAIN] 83f34da52040fe6a -> ffa67bec19811ea7
[CHAIN] ffa67bec19811ea7 -> ec0f746591712b88
[CHAIN] ec0f746591712b88 -> d1cc24238c86c42e
[CHAIN] d1cc24238c86c42e -> b949ce80f013cad6
[CHAIN] b949ce80f013cad6 -> 01e0f518babae821
[CHAIN] 01e0f518babae821 -> cd23e036a66111ca
[CHAIN] cd23e036a66111ca -> f54aade3f2cec23f
[CHAIN] f54aade3f2cec23f -> 55ba954752a027bd
[CHAIN] 55ba954752a027bd -> 692d50f2cbbc9a9b
[CHAIN] 692d50f2cbbc9a9b -> 2df64f91db5b635f
[CHAIN] 2df64f91db5b635f -> 4e25533968fe99fc
[CHAIN] 4e25533968fe99fc -> 7accad0fd5daa763
[CHAIN] 7accad0fd5daa763 -> c99b8448b79e8dc5
[CHAIN] c99b8448b79e8dc5 -> 966c064c9f97539e
[CHAIN] 966c064c9f97539e -> 1eac79d3d0158d36
[CHAIN] 1eac79d3d0158d36 -> 18db23a99e2338b4
[CHAIN] 18db23a99e2338b4 -> 8344323cbfc1545c
[CHAIN] 8344323cbfc1545c -> 717ecfceaeee91e7
[CHAIN] 717ecfceaeee91e7 -> 3b74fac25ce7b9f3
[CHAIN] 3b74fac25ce7b9f3 -> ef5db8f59e8872ff
[CHAIN] ef5db8f59e8872ff -> b690e9384bcfbae6
[CHAIN] b690e9384bcfbae6 -> 66bf3b2de4188f52
[CHAIN] 66bf3b2de4188f52 -> eba0f81b51440976
[CHAIN] eba0f81b51440976 -> e0edd879b9cf3649
[CHAIN] e0edd879b9cf3649 -> 0657dd7234057a48
[CHAIN] 0657dd7234057a48 -> 67dfc64f3ac5c7f6
[CHAIN] 67dfc64f3ac5c7f6 -> 0dcbea56189765a8
[CHAIN] 0dcbea56189765a8 -> 5965ee371856dc22
[CHAIN] 5965ee371856dc22 -> d3e8f764ef37204e
[CHAIN] d3e8f764ef37204e -> 332c245ec4cdf5fc
[CHAIN] 332c245ec4cdf5fc -> a209c486c0e7be59
[CHAIN] a209c486c0e7be59 -> f042214ce53df788
[CHAIN] f042214ce53df788 -> f4d1814b463a3787
[CHAIN] f4d1814b463a3787 -> 59e61c6e3c925850
[CHAIN] 59e61c6e3c925850 -> edf1f68bc97cce74
[CHAIN] edf1f68bc97cce74 -> 3a6ab48574762424
[CHAIN] 3a6ab48574762424 -> 9217fd772a8d94b5
[CHAIN] 9217fd772a8d94b5 -> b8d630aaaaea0871
[CHAIN] b8d630aaaaea0871 -> 5259732f733a5c15
[CHAIN] 5259732f733a5c15 -> af1fcc88c73c8c44
[CHAIN] af1fcc88c73c8c44 -> 924223683f10c6a1
[CHAIN] 924223683f10c6a1 -> ab52a0bc2d460e74
[CHAIN] ab52a0bc2d460e74 -> 81727c47412960a9
[CHAIN] 81727c47412960a9 -> 0e8aa4dee965b5d2
[CHAIN] 0e8aa4dee965b5d2 -> a6e753e123840ab5
[CHAIN] a6e753e123840ab5 -> 3136827668627cfe
[CHAIN] 3136827668627cfe -> f7162de0c802ef5e
[CHAIN] f7162de0c802ef5e -> 7962a32df0a7967b
[CHAIN] 7962a32df0a7967b -> 6871e5161be2f3d3
[CHAIN] 6871e5161be2f3d3 -> 1eb0bbfe29e50fbf
[CHAIN] 1eb0bbfe29e50fbf -> 5b016a7220f2193c
[CHAIN] 5b016a7220f2193c -> 922931a1dbc22a99
[CHAIN] 922931a1dbc22a99 -> 454a45442fbf5acc
[CHAIN] 454a45442fbf5acc -> b04b33980c085261
[CHAIN] b04b33980c085261 -> c4688e85baef4e8e
[CHAIN] c4688e85baef4e8e -> b9a725eaff3b0124
[CHAIN] b9a725eaff3b0124 -> e95e8cf1a69653cb
[CHAIN] e95e8cf1a69653cb -> 249c559a3f5e4ecb
[CHAIN] 249c559a3f5e4ecb -> 26b5346ef88e5af9
[CHAIN] 26b5346ef88e5af9 -> 1860719acf455631
[CHAIN] 1860719acf455631 -> 025ea6123d36119c
[CHAIN] 025ea6123d36119c -> 7a80247e2f916579
[CHAIN] 7a80247e2f916579 -> 07acd12201425bfa
[CHAIN] 07acd12201425bfa -> 138028c6716846ff
[CHAIN] 138028c6716846ff -> 8b96a055e40e1206
[CHAIN] 8b96a055e40e1206 -> ded6356e40ce0800
[CHAIN] ded6356e40ce0800 -> a0fe0de65447592f
[CHAIN] a0fe0de65447592f -> 86a18a8fbc073148
[CHAIN] 86a18a8fbc073148 -> 17680ead943de3cf
[CHAIN] 17680ead943de3cf -> 63ac89ec1a381aa0
[CHAIN] 63ac89ec1a381aa0 -> f91f05ea1c6423db
[CHAIN] f91f05ea1c6423db -> 371632d3904bc6ab
[CHAIN] 371632d3904bc6ab -> 89c8f4dc021810c8
[CHAIN] 89c8f4dc021810c8 -> 1e426e77228901b8
[CHAIN] 1e426e77228901b8 -> a543c4d3d5cbd3f3
[CHAIN] a543c4d3d5cbd3f3 -> 1cd1995ecfc998d2
[CHAIN] 1cd1995ecfc998d2 -> e21eabaa68e878e9
[CHAIN] e21eabaa68e878e9 -> 6c99e3e0e88c6426
[CHAIN] 6c99e3e0e88c6426 -> b22b2edd24cfa50c
[CHAIN] b22b2edd24cfa50c -> 4eecce0b8aefc6c2
[CHAIN] 4eecce0b8aefc6c2 -> e4c48f1e5d07fd59
[CHAIN] e4c48f1e5d07fd59 -> d744e16141ca8533
[CHAIN] d744e16141ca8533 -> 13af12f22646b5a0
[CHAIN] 13af12f22646b5a0 -> 14818c1c3d05a098
[CHAIN] 14818c1c3d05a098 -> d75ff0add595d779
[CHAIN] d75ff0add595d779 -> 8675778436dd5d0e
[CHAIN] 8675778436dd5d0e -> 11b81e2ff0e0caa3
[CHAIN] 11b81e2ff0e0caa3 -> f08b85b3ebc776a9
[CHAIN] f08b85b3ebc776a9 -> 62b566063edb3097
[CHAIN] 62b566063edb3097 -> 80d66b725eb17a81
[CHAIN] 80d66b725eb17a81 -> 6d055ce98ba5ad59
[CHAIN] 6d055ce98ba5ad59 -> e03517a6286de9e5
[CHAIN] e03517a6286de9e5 -> acd86fae1eee1381
[CHAIN] acd86fae1eee1381 -> 1ff3e0e79d40b288
[CHAIN] 1ff3e0e79d40b288 -> f427b8462a790e78
[CHAIN] f427b8462a790e78 -> 214ace193bd8a4d2
[CHAIN] 214ace193bd8a4d2 -> a0528b6085d92298
[CHAIN] a0528b6085d92298 -> ac343d9e70f4dc2a
[CHAIN] ac343d9e70f4dc2a -> 0a261199549ccf79
[CHAIN] 0a261199549ccf79 -> d611c2de3e4a7ce4
[CHAIN] d611c2de3e4a7ce4 -> de87392a288399f7
[CHAIN] de87392a288399f7 -> 1346d28760788013
[CHAIN] 1346d28760788013 -> 521dadbac08c7e3a
[CHAIN] 521dadbac08c7e3a -> 58737e29e0b9eb85
[CHAIN] 58737e29e0b9eb85 -> 21dab437c0b5af69
[CHAIN] 21dab437c0b5af69 -> ef057d98865894be
[CHAIN] ef057d98865894be -> 353695136fd58d03
[CHAIN] 353695136fd58d03 -> 273f152ea5909e50
[CHAIN] 273f152ea5909e50 -> 350b77c6d2899ac4
[CHAIN] 350b77c6d2899ac4 -> b2684b2e6a1e756d
[CHAIN] b2684b2e6a1e756d -> f7c9c52a0b2dcfb0
[CHAIN] f7c9c52a0b2dcfb0 -> 6720195f9d723d8b
[CHAIN] 6720195f9d723d8b -> a955ee24d4cf2856
[CHAIN] a955ee24d4cf2856 -> 0e1f54e5c1b51be3
[CHAIN] 0e1f54e5c1b51be3 -> 0cfc3b04230f1590
[CHAIN] 0cfc3b04230f1590 -> 8cd35d415641833c
[CHAIN] 8cd35d415641833c -> 0dcaa307cc18e0c1
[CHAIN] 0dcaa307cc18e0c1 -> b33fd657a329a5c1
[CHAIN] b33fd657a329a5c1 -> 6db0361616766388
[CHAIN] 6db0361616766388 -> 0a52bf015248c490
[CHAIN] 0a52bf015248c490 -> c847522a4d659598
[CHAIN] c847522a4d659598 -> b8ecfcbb10e1b216
[CHAIN] b8ecfcbb10e1b216 -> a0426c1830cbef61
[CHAIN] a0426c1830cbef61 -> a3027704215a2489
[CHAIN] a3027704215a2489 -> 1d21d341f7ab05c5
[CHAIN] 1d21d341f7ab05c5 -> b64fda9346182cf6
[CHAIN] b64fda9346182cf6 -> 81027287e7311686
[CHAIN] 81027287e7311686 -> 8b0aa222a21174b8
[CHAIN] 8b0aa222a21174b8 -> 7adc742f80b0539d
[CHAIN] 7adc742f80b0539d -> 9ef1a720f85b7f74
[CHAIN] 9ef1a720f85b7f74 -> 2b888a17ee8f9014
[CHAIN] 2b888a17ee8f9014 -> ff0a3b41a826b437
[CHAIN] ff0a3b41a826b437 -> aaf75aa034f7e277
[CHAIN] aaf75aa034f7e277 -> 5b7cd3b4e1c00891
[CHAIN] 5b7cd3b4e1c00891 -> 890e2b1005fc4323
[CHAIN] 890e2b1005fc4323 -> f67c60a33fa1325c
[CHAIN] f67c60a33fa1325c -> 811638e6775c5621
[CHAIN] 811638e6775c5621 -> c7ed8a863f9b017c
[CHAIN] c7ed8a863f9b017c -> 2a8c17723afd2caf
[CHAIN] 2a8c17723afd2caf -> 5f58c4ab5eb459f3
[CHAIN] 5f58c4ab5eb459f3 -> 5242a67b3e173163
[CHAIN] 5242a67b3e173163 -> c4bb2042e4c5c110
[CHAIN] c4bb2042e4c5c110 -> d08c34a3b73d060d
[CHAIN] d08c34a3b73d060d -> eaeee09641026497
[CHAIN] eaeee09641026497 -> 9571e8d982f6dcb0
[CHAIN] 9571e8d982f6dcb0 -> 17beaf51d272fc65
[CHAIN] 17beaf51d272fc65 -> b6324d76dbc422ce
[CHAIN] b6324d76dbc422ce -> a916aa3f010d1a08
[CHAIN] a916aa3f010d1a08 -> 58d36729e4bc81ea
[CHAIN] 58d36729e4bc81ea -> 574362b81a7a52b9
[CHAIN] 574362b81a7a52b9 -> d03b74a88517ee1f
[CHAIN] d03b74a88517ee1f -> 1718e063c4618199
[CHAIN] 1718e063c4618199 -> 385b67fe3f60a6d3
[CHAIN] 385b67fe3f60a6d3 -> 267e40ddcba3213a
[CHAIN] 267e40ddcba3213a -> 97c3d25c350b5232
[CHAIN] 97c3d25c350b5232 -> c6dfc5ab910557a8
[CHAIN] c6dfc5ab910557a8 -> b780c3e00c5d4eb7
[CHAIN] b780c3e00c5d4eb7 -> bf941886474cf0eb
[CHAIN] bf941886474cf0eb -> 7c35e7ba0ae34940
[CHAIN] 7c35e7ba0ae34940 -> 315670903e866bfb
[CHAIN] 315670903e866bfb -> 8fe8eab2f336eba6
[CHAIN] 8fe8eab2f336eba6 -> 65eeb2f8c13b2c3f
[CHAIN] 65eeb2f8c13b2c3f -> aedd1516b2483ab2
[CHAIN] aedd1516b2483ab2 -> 04f4ff3f4062b435
[CHAIN] 04f4ff3f4062b435 -> ef045f8c2be5f7ec
[CHAIN] ef045f8c2be5f7ec -> d9144e15eb03c222
[CHAIN] d9144e15eb03c222 -> 6aa61f2f88df6b45
[CHAIN] 6aa61f2f88df6b45 -> 5cd7f0da308ea0e4
[CHAIN] 5cd7f0da308ea0e4 -> 5dcdc242c0e2d58e
[CHAIN] 5dcdc242c0e2d58e -> a40655d997cfa257
[CHAIN] a40655d997cfa257 -> cd51886d3c09a3da
[CHAIN] cd51886d3c09a3da -> 8e938159e09371d4
[CHAIN] 8e938159e09371d4 -> c78a7426f6f749f3
[CHAIN] c78a7426f6f749f3 -> ee2c02a7e3a841a3
[CHAIN] ee2c02a7e3a841a3 -> 3512adb67a28fbe4
[CHAIN] 3512adb67a28fbe4 -> 18da86949987cafb
[CHAIN] 18da86949987cafb -> 67444c2c1e6687ba
[CHAIN] 67444c2c1e6687ba -> c5c48675b14a0734
[CHAIN] c5c48675b14a0734 -> 9a78ff3c3f348f0d
[CHAIN] 9a78ff3c3f348f0d -> 8caef9575973acb8
[CHAIN] 8caef9575973acb8 -> f1118039581ac726
[CHAIN] f1118039581ac726 -> 3f90b8eb0fcd91de
[CHAIN] 3f90b8eb0fcd91de -> d47cb779fa08aae3
[CHAIN] d47cb779fa08aae3 -> 75c1c8130353378f
[CHAIN] 75c1c8130353378f -> 8a367bdfee124527
[CHAIN] 8a367bdfee124527 -> c6ebe637c0417b51
[CHAIN] c6ebe637c0417b51 -> b70ff06f443ec3ad
[CHAIN] b70ff06f443ec3ad -> 7d63301b32a1fdc3
[CHAIN] 7d63301b32a1fdc3 -> 92f572502554a509
[CHAIN] 92f572502554a509 -> adde31eaeb39d304
[CHAIN] adde31eaeb39d304 -> 7656a5ddf5fddfab
[CHAIN] 7656a5ddf5fddfab -> dc654d05a31d3d82
[CHAIN] dc654d05a31d3d82 -> c68026f7e1ed23be
[CHAIN] c68026f7e1ed23be -> bd5f14658738c3d2
[CHAIN] bd5f14658738c3d2 -> 053d0783b87804d9
[CHAIN] 053d0783b87804d9 -> 3e412519b5827888
[CHAIN] 3e412519b5827888 -> ff0360c961d0b197
[CHAIN] ff0360c961d0b197 -> a9a2d67ebb63b0db
[CHAIN] a9a2d67ebb63b0db -> cb2f45ba7527f904
[CHAIN] cb2f45ba7527f904 -> 3b3b8dbad3a2769e
[CHAIN] 3b3b8dbad3a2769e -> d9298dca4563ccd5
[CHAIN] d9298dca4563ccd5 -> 85951176cf87da30
[CHAIN] 85951176cf87da30 -> fe9270311408178e
[CHAIN] fe9270311408178e -> 8c1d593125aeb9a5
[CHAIN] 8c1d593125aeb9a5 -> b0c3daeed89faea2
[CHAIN] b0c3daeed89faea2 -> e13d44706521c5ea
[CHAIN] e13d44706521c5ea -> e714569c35312662
[CHAIN] e714569c35312662 -> a1c00f59acf8bf0b
[CHAIN] a1c00f59acf8bf0b -> 882831399da58a3a
[CHAIN] 882831399da58a3a -> 010cae72e28d68c4
[CHAIN] 010cae72e28d68c4 -> 708d4b747d81ee02
[CHAIN] 708d4b747d81ee02 -> 097ac4ec07163808
[CHAIN] 097ac4ec07163808 -> 05a55fbb63a6f8c8
[CHAIN] 05a55fbb63a6f8c8 -> 0c5ec36a4b25fbef
[CHAIN] 0c5ec36a4b25fbef -> f80f81364bdec191
[CHAIN] f80f81364bdec191 -> e3a879a42a840d45
[CHAIN] e3a879a42a840d45 -> 82dea9813adfd781
[CHAIN] 82dea9813adfd781 -> 1b26eae9e325d678
[CHAIN] 1b26eae9e325d678 -> eccbf725960e5668
[CHAIN] eccbf725960e5668 -> d046e5564bd44689
[CHAIN] d046e5564bd44689 -> 5140df521a7fefe0
[CHAIN] 5140df521a7fefe0 -> 54dca68ca11ecd29
[CHAIN] 54dca68ca11ecd29 -> a01e0dfdbb6515c7
[CHAIN] a01e0dfdbb6515c7 -> 2e76a1f14c1add03
[CHAIN] 2e76a1f14c1add03 -> eba9bbe6cff3725f
[CHAIN] eba9bbe6cff3725f -> fa6fba7bc77e239a
[CHAIN] fa6fba7bc77e239a -> a9fc0f6eb3d209d0
[CHAIN] a9fc0f6eb3d209d0 -> c350baf70b804392
[CHAIN] c350baf70b804392 -> fda3727dc3180e04
[CHAIN] fda3727dc3180e04 -> e16855ac8e6c3d92
[CHAIN] e16855ac8e6c3d92 -> 4b4793d70b4a9105
[CHAIN] 4b4793d70b4a9105 -> 42b105310e0dca78
[CHAIN] 42b105310e0dca78 -> 7424c0c8363d03f6
[CHAIN] 7424c0c8363d03f6 -> c088db1adaf89fee
[CHAIN] c088db1adaf89fee -> 235712f7e0972750
[CHAIN] 235712f7e0972750 -> b42c9f3b4c0ccaba
[CHAIN] b42c9f3b4c0ccaba -> 72fb9dd095d3b5ad
[CHAIN] 72fb9dd095d3b5ad -> b152117e1bc74cae
[CHAIN] b152117e1bc74cae -> e5688517a368e9fc
[CHAIN] e5688517a368e9fc -> b4930b528ce3acf3
[CHAIN] b4930b528ce3acf3 -> 1cebdb7cb416f618
[CHAIN] 1cebdb7cb416f618 -> 8aeddeca26925a57
[CHAIN] 8aeddeca26925a57 -> 16e1231fc5865feb
[CHAIN] 16e1231fc5865feb -> 3ed8c2926077d6ec
[CHAIN] 3ed8c2926077d6ec -> a29f4d956e115eef
[CHAIN] a29f4d956e115eef -> e61aded9f1c7b3c8
[CHAIN] e61aded9f1c7b3c8 -> ca171c2ee59cc821
[CHAIN] ca171c2ee59cc821 -> 7d681f7390de3679
[CHAIN] 7d681f7390de3679 -> 849634488a85ad59
[CHAIN] 849634488a85ad59 -> cc4505ef73fb2883
[CHAIN] cc4505ef73fb2883 -> d4a3bf9d129da5a6
[CHAIN] d4a3bf9d129da5a6 -> adfd7f96b5a0a8fb
[CHAIN] adfd7f96b5a0a8fb -> df92bda00b759918
[CHAIN] df92bda00b759918 -> 023bc6ef5fd83ece
[CHAIN] 023bc6ef5fd83ece -> ed450fb962fbc19b
[CHAIN] ed450fb962fbc19b -> d43bfd4c629a7ed6
[CHAIN] d43bfd4c629a7ed6 -> 4e8634b736fbc70f
[CHAIN] 4e8634b736fbc70f -> 2bd212962774af93
[CHAIN] 2bd212962774af93 -> deb18f7f9b73d6e3
[CHAIN] deb18f7f9b73d6e3 -> 20552f0ce3ff7667
[CHAIN] 20552f0ce3ff7667 -> 6583341be7dc0223
[CHAIN] 6583341be7dc0223 -> 7506422237e2b3f7
[CHAIN] 7506422237e2b3f7 -> d4e72af8636e875b
[CHAIN] d4e72af8636e875b -> 2e703204d0b61222
[CHAIN] 2e703204d0b61222 -> 3ee8544d948767e1
[CHAIN] 3ee8544d948767e1 -> 98420a018cda2176
[CHAIN] 98420a018cda2176 -> fe40887ba4fa6a95
[CHAIN] fe40887ba4fa6a95 -> bfa4a862003ff8cd
[CHAIN] bfa4a862003ff8cd -> 92843ab37b2ad936
[CHAIN] 92843ab37b2ad936 -> bc557aa4ace92531
[CHAIN] bc557aa4ace92531 -> 90d2b5c7d8b0db89
[CHAIN] 90d2b5c7d8b0db89 -> 507d77d14ca62838
[CHAIN] 507d77d14ca62838 -> 35bac604b83af8c7
[CHAIN] 35bac604b83af8c7 -> 7eb787aff1a0dab5
[CHAIN] 7eb787aff1a0dab5 -> 01f7fb360f48c144
[CHAIN] 01f7fb360f48c144 -> f6528d7f73da5c9a
[CHAIN] f6528d7f73da5c9a -> f8fcb27460fb164d
[CHAIN] f8fcb27460fb164d -> 9578158d66fa4af6
[CHAIN] 9578158d66fa4af6 -> e57b2c5949c3a893
[CHAIN] e57b2c5949c3a893 -> b395ecf3901c83fb
[CHAIN] b395ecf3901c83fb -> 19401a07276ef59c
[CHAIN] 19401a07276ef59c -> eeb8578c4e083156
[CHAIN] eeb8578c4e083156 -> 84126de7e5472f4f
[CHAIN] 84126de7e5472f4f -> 7ceeb741f8bbf752
[CHAIN] 7ceeb741f8bbf752 -> 59a89640bb9db63e
[CHAIN] 59a89640bb9db63e -> 823dfd71546993f9
[CHAIN] 823dfd71546993f9 -> 955f13b7ae32f93c
[CHAIN] 955f13b7ae32f93c -> 0bffb8d7fe022b5e
[CHAIN] 0bffb8d7fe022b5e -> 2439699589d14082
[CHAIN] 2439699589d14082 -> afa59d6e6a4f8940
[CHAIN] afa59d6e6a4f8940 -> 293111d4144a81dd
[CHAIN] 293111d4144a81dd -> 8201080561e3faeb
[CHAIN] 8201080561e3faeb -> d241249f11a757a7
[CHAIN] d241249f11a757a7 -> 8cf4982e5597fdac
[CHAIN] 8cf4982e5597fdac -> ffa1b50212f3cf75
[CHAIN] ffa1b50212f3cf75 -> 627a98a6641b9fb4
[CHAIN] 627a98a6641b9fb4 -> fc8adb686ec070cf
[CHAIN] fc8adb686ec070cf -> 1b3b5c01496dd566
[CHAIN] 1b3b5c01496dd566 -> 37613d8bedca7b1e
[CHAIN] 37613d8bedca7b1e -> 52414f039a3586bf
[CHAIN] 52414f039a3586bf -> 356db064e469041c
[CHAIN] 356db064e469041c -> d7b0fcf00dd7e0c1
[CHAIN] d7b0fcf00dd7e0c1 -> 215e3979faea8612
[CHAIN] 215e3979faea8612 -> ace24bcd89be7e7a
[CHAIN] ace24bcd89be7e7a -> 918b937435d4ef87
[CHAIN] 918b937435d4ef87 -> e7b01ec5b5e15661
[CHAIN] e7b01ec5b5e15661 -> 723c271b1aa6d487
[CHAIN] 723c271b1aa6d487 -> f03ee9436e913ad7
[CHAIN] f03ee9436e913ad7 -> 7f05aa704e1e27ce
[CHAIN] 7f05aa704e1e27ce -> 8987cbd93e5a2a3d
[CHAIN] 8987cbd93e5a2a3d -> b0121b3f08520fe2
[CHAIN] b0121b3f08520fe2 -> ea4d2cdb809a1409
[CHAIN] ea4d2cdb809a1409 -> c441212c2b3c27d7
[CHAIN] c441212c2b3c27d7 -> 79857cdfd0a96c2c
[CHAIN] 79857cdfd0a96c2c -> f7d8668b8848a8a3
[CHAIN] f7d8668b8848a8a3 -> b20b2c2da468a3fa
[CHAIN] b20b2c2da468a3fa -> 1e62c0c63319f7ff
[CHAIN] 1e62c0c63319f7ff -> f3a4e39d04e6638d
[CHAIN] f3a4e39d04e6638d -> 1a8a3b5a67a71279
[CHAIN] 1a8a3b5a67a71279 -> 9020f36be1b12dbb
[CHAIN] 9020f36be1b12dbb -> 9465e4cdcb94fe9b
[CHAIN] 9465e4cdcb94fe9b -> edf05cb9d13686f3
[CHAIN] edf05cb9d13686f3 -> 533ad73ba0d84da8
[CHAIN] 533ad73ba0d84da8 -> 3c40ab3cae2d34e3
[CHAIN] 3c40ab3cae2d34e3 -> 3cd3f077dcf9a754
[CHAIN] 3cd3f077dcf9a754 -> 91e78f07c5670cbf
[CHAIN] 91e78f07c5670cbf -> 51b1a314578d21c5
[CHAIN] 51b1a314578d21c5 -> cb044ab06760d0e4
[CHAIN] cb044ab06760d0e4 -> 33c7052ac0d33ed2
[CHAIN] 33c7052ac0d33ed2 -> 64a2a2786a683d2f
[CHAIN] 64a2a2786a683d2f -> 9732def9e2b071d6
[CHAIN] 9732def9e2b071d6 -> 8240adf0841b6d2e
[CHAIN] 8240adf0841b6d2e -> f98bdddf2337ce8d
[CHAIN] f98bdddf2337ce8d -> c44ce79a18dbcf7f
[CHAIN] c44ce79a18dbcf7f -> ca5e4ee8c6fbbdbf
[CHAIN] ca5e4ee8c6fbbdbf -> 272e5bafc7f77097
[CHAIN] 272e5bafc7f77097 -> 7da5df561f7ce039
[CHAIN] 7da5df561f7ce039 -> db234981e78cf1db
[CHAIN] db234981e78cf1db -> 575d047c6034ba74
[CHAIN] 575d047c6034ba74 -> 17525aa8bd84f863
[CHAIN] 17525aa8bd84f863 -> 67ba0eacaccdd8a8
[CHAIN] 67ba0eacaccdd8a8 -> 5f5e04d66d589a90
[CHAIN] 5f5e04d66d589a90 -> 5b79e4135b083e68
[CHAIN] 5b79e4135b083e68 -> 1f645d16c9a6c493
[CHAIN] 1f645d16c9a6c493 -> 114c80bd56b87400
[CHAIN] 114c80bd56b87400 -> c03d335a987345d4
[CHAIN] c03d335a987345d4 -> 57886801181456a9
[CHAIN] 57886801181456a9 -> 10e4dd1168b0bbee
[CHAIN] 10e4dd1168b0bbee -> a2fb888628f0fbcc
[CHAIN] a2fb888628f0fbcc -> 878281a115951095
[CHAIN] 878281a115951095 -> 5cb7675a0798ae5b
[CHAIN] 5cb7675a0798ae5b -> 597d152572a3fa6d
[CHAIN] 597d152572a3fa6d -> ccf79a4bfa9a103b
[CHAIN] ccf79a4bfa9a103b -> a117927b9f90be50
[CHAIN] a117927b9f90be50 -> 5e8d4da99dff92c0
[CHAIN] 5e8d4da99dff92c0 -> dcdd63f2efc9ed4f
[CHAIN] dcdd63f2efc9ed4f -> beeff0fafa969645
[CHAIN] beeff0fafa969645 -> a7ec76067f72f490
[CHAIN] a7ec76067f72f490 -> 60ccca19858ae564
[CHAIN] 60ccca19858ae564 -> 5db348e6eb574d68
[CHAIN] 5db348e6eb574d68 -> 01dbe635ca1170b9
[CHAIN] 01dbe635ca1170b9 -> c9ed198169b0617a
[CHAIN] c9ed198169b0617a -> 1179d5228894fe3f
[CHAIN] 1179d5228894fe3f -> a3e817d038fb4788
[CHAIN] a3e817d038fb4788 -> e92cc02e9733dfd2
[CHAIN] e92cc02e9733dfd2 -> 6baf2cef9d10565a
[CHAIN] 6baf2cef9d10565a -> a442ccb164b70cc4
[CHAIN] a442ccb164b70cc4 -> 4003ee40c64ea3d3
[CHAIN] 4003ee40c64ea3d3 -> 52ada15041b8b10d
[CHAIN] 52ada15041b8b10d -> 0c68d5a4156cb94b
[CHAIN] 0c68d5a4156cb94b -> f2a9ec2ba4ba0637
[CHAIN] f2a9ec2ba4ba0637 -> a8e583ba2c497aea
[CHAIN] a8e583ba2c497aea -> b3c5e7c74074b7ac
[CHAIN] b3c5e7c74074b7ac -> 234b26920a94bfaf
[CHAIN] 234b26920a94bfaf -> 8198e3190d23e064
[CHAIN] 8198e3190d23e064 -> ecffb466d4bb9ed7
[CHAIN] ecffb466d4bb9ed7 -> d444737df7e707d3
[CHAIN] d444737df7e707d3 -> 073bd1b4ea5059f5
[CHAIN] 073bd1b4ea5059f5 -> e55caee0af0e279e
[CHAIN] e55caee0af0e279e -> 21c7dea7171d24c8
[CHAIN] 21c7dea7171d24c8 -> 2b5b229410619d9b
[CHAIN] 2b5b229410619d9b -> 4f675979fa44c523
[CHAIN] 4f675979fa44c523 -> 3be80b42422bdfd2
[CHAIN] 3be80b42422bdfd2 -> 459d75dc0b8ef0d2
[CHAIN] 459d75dc0b8ef0d2 -> b214c17885603186
[CHAIN] b214c17885603186 -> 5bc22a6e7bbbf8e6
[CHAIN] 5bc22a6e7bbbf8e6 -> 6bddc01d28caebfe
[CHAIN] 6bddc01d28caebfe -> bd40649e6e1cb066
[CHAIN] bd40649e6e1cb066 -> da0cc8a5db1f1ae5
[CHAIN] da0cc8a5db1f1ae5 -> 918f1134b16c8d85
[CHAIN] 918f1134b16c8d85 -> 8b70088874cdca63
[CHAIN] 8b70088874cdca63 -> f81c0b495f6f68ef
[CHAIN] f81c0b495f6f68ef -> d4ce890745387b6b
[CHAIN] d4ce890745387b6b -> 7aa15413e7462583
[CHAIN] 7aa15413e7462583 -> 4a878fa26428016f
[CHAIN] 4a878fa26428016f -> 18b6ec2d21ebb8b1
[CHAIN] 18b6ec2d21ebb8b1 -> cfe1ddd571aaf997
[CHAIN] cfe1ddd571aaf997 -> 3fc82a37644f54ff
[CHAIN] 3fc82a37644f54ff -> fe097a77ca98fd18
[CHAIN] fe097a77ca98fd18 -> f991eb6e16c6c22b
[CHAIN] f991eb6e16c6c22b -> ef1d33c729f75e64
[CHAIN] ef1d33c729f75e64 -> 3e408f25a40a89f6
[CHAIN] 3e408f25a40a89f6 -> c2c66470eeb754a9
[CHAIN] c2c66470eeb754a9 -> 5814703f177ae485
[CHAIN] 5814703f177ae485 -> 1ea35ea1afec874a
[CHAIN] 1ea35ea1afec874a -> fde6a8738ec1e5c6
[CHAIN] fde6a8738ec1e5c6 -> 7d85a2a1c83aeac1
[CHAIN] 7d85a2a1c83aeac1 -> 26a00f9a171f5b32
[CHAIN] 26a00f9a171f5b32 -> 7111307050ce5683
[CHAIN] 7111307050ce5683 -> 24822ed68229e6d1
[CHAIN] 24822ed68229e6d1 -> f4bd54ab06cacc1e
[CHAIN] f4bd54ab06cacc1e -> 0afd538e0daeb16e
[CHAIN] 0afd538e0daeb16e -> b8eca95057c92158
[CHAIN] b8eca95057c92158 -> ef752f987337a232
[CHAIN] ef752f987337a232 -> 6790e2507615af6a
[CHAIN] 6790e2507615af6a -> 8565d9982cf816ab
[CHAIN] 8565d9982cf816ab -> 522fd0c9424c7f74
[CHAIN] 522fd0c9424c7f74 -> 1124ed24818be5b5
[CHAIN] 1124ed24818be5b5 -> ba0edc7f40dcc2f5
[CHAIN] ba0edc7f40dcc2f5 -> 3919504202939c48
[CHAIN] 3919504202939c48 -> fdd2ac96c4c49bef
[CHAIN] fdd2ac96c4c49bef -> 6bd06b7f3893fc5b
[CHAIN] 6bd06b7f3893fc5b -> d5c6a71e198339da
[CHAIN] d5c6a71e198339da -> d36e64931f628f67
[CHAIN] d36e64931f628f67 -> 4f19e5b9f1ea2090
[CHAIN] 4f19e5b9f1ea2090 -> 679ff05bded4f3b4
[CHAIN] 679ff05bded4f3b4 -> e2d8f20761b76d39
[CHAIN] e2d8f20761b76d39 -> 5ecf026000d64d98
[CHAIN] 5ecf026000d64d98 -> 511fb3d2a864c41c
[CHAIN] 511fb3d2a864c41c -> 4fac94607085e99e
[CHAIN] 4fac94607085e99e -> b127b857dba73b04
[CHAIN] b127b857dba73b04 -> f4421addd709ae67
[CHAIN] f4421addd709ae67 -> 3d2cef9618724840
[CHAIN] 3d2cef9618724840 -> b399ac6ca96b7fe5
[CHAIN] b399ac6ca96b7fe5 -> dd529b77ea63393d
[CHAIN] dd529b77ea63393d -> d0c3c9da8c0e7331
[CHAIN] d0c3c9da8c0e7331 -> c2d3ad138e5a2bab
[CHAIN] c2d3ad138e5a2bab -> 3d1f883975a49a55
[CHAIN] 3d1f883975a49a55 -> 2eddf51b8441dcee
[CHAIN] 2eddf51b8441dcee -> 8800967446cf14a2
[CHAIN] 8800967446cf14a2 -> 97d0057c9df26605
[CHAIN] 97d0057c9df26605 -> 0191c949f9122522
[CHAIN] 0191c949f9122522 -> 340df9aa52a10a62
[CHAIN] 340df9aa52a10a62 -> cd55e5906543c710
[CHAIN] cd55e5906543c710 -> f9a542fedf85941d
[CHAIN] f9a542fedf85941d -> 1c100969993a6d70
[CHAIN] 1c100969993a6d70 -> 7cc9552e581c1606
[CHAIN] 7cc9552e581c1606 -> a24269f505905a19
[CHAIN] a24269f505905a19 -> a5d14a262b5d76fd
[CHAIN] a5d14a262b5d76fd -> 59890488b4285488
[CHAIN] 59890488b4285488 -> 976077494edb5a20
[CHAIN] 976077494edb5a20 -> 6d0aa3e43176d387
[CHAIN] 6d0aa3e43176d387 -> 26114ab0f86d9093
[CHAIN] 26114ab0f86d9093 -> c1ca7adbcc651ed1
[CHAIN] c1ca7adbcc651ed1 -> a1d0a9a5005d13cd
[CHAIN] a1d0a9a5005d13cd -> 7fa628706869f79e
[CHAIN] 7fa628706869f79e -> 7d652cc207ca2d13
[CHAIN] 7d652cc207ca2d13 -> 879957d1e444f921
[CHAIN] 879957d1e444f921 -> 0cd2818be0b228c3
[CHAIN] 0cd2818be0b228c3 -> 383f623461fd6e92
[CHAIN] 383f623461fd6e92 -> 7a3d39bb5ba6cc26
[CHAIN] 7a3d39bb5ba6cc26 -> e848cbba7897f75b
[CHAIN] e848cbba7897f75b -> cfce5228153e663b
[CHAIN] cfce5228153e663b -> c1c5e96e6db357fc
[CHAIN] c1c5e96e6db357fc -> ab508cb1799e91ff
[CHAIN] ab508cb1799e91ff -> 94a2b190e21962f8
[CHAIN] 94a2b190e21962f8 -> a6799a0d824f3f1c
[CHAIN] a6799a0d824f3f1c -> 9de41799e5573795
[CHAIN] 9de41799e5573795 -> 6fa33dfd59fbb3b5
[CHAIN] 6fa33dfd59fbb3b5 -> 9180aef204f692ed
[CHAIN] 9180aef204f692ed -> e66cf10d7d067c9c
[CHAIN] e66cf10d7d067c9c -> a1eb37dcb0acde25
[CHAIN] a1eb37dcb0acde25 -> 62679e76e4d0a41e
[CHAIN] 62679e76e4d0a41e -> 2a79d96cf87d905c
[CHAIN] 2a79d96cf87d905c -> b269699e52bf1df2
[CHAIN] b269699e52bf1df2 -> 71e4b0f8a0d009ed
[CHAIN] 71e4b0f8a0d009ed -> 995e771ea55da01a
[CHAIN] 995e771ea55da01a -> 4d26b9db9191975f
[CHAIN] 4d26b9db9191975f -> 39eaf849127afd4d
[CHAIN] 39eaf849127afd4d -> c654b7c49d52aabe
[CHAIN] c654b7c49d52aabe -> c65418654d8054ee
[CHAIN] c65418654d8054ee -> 09507310487d28d7
[CHAIN] 09507310487d28d7 -> d401f44dafabb9f4
[CHAIN] d401f44dafabb9f4 -> 5e380f894017a74d
[CHAIN] 5e380f894017a74d -> e1fbbaa877e425bb
[CHAIN] e1fbbaa877e425bb -> 878e2a0eea836631
[CHAIN] 878e2a0eea836631 -> 4c32bedb70ed3fe4
[CHAIN] 4c32bedb70ed3fe4 -> 42e36e5599b493b9
[CHAIN] 42e36e5599b493b9 -> 2fece991bfd1d239
[CHAIN] 2fece991bfd1d239 -> 7264f6fa95212465
[CHAIN] 7264f6fa95212465 -> e706910d1f4f20f9
[CHAIN] e706910d1f4f20f9 -> 1123cc66f701e833
[CHAIN] 1123cc66f701e833 -> b12c75c7eb198914
[CHAIN] b12c75c7eb198914 -> ec73cd1011386467
[CHAIN] ec73cd1011386467 -> 3d772f584c317227
[CHAIN] 3d772f584c317227 -> f1b21bb4871112bc
[CHAIN] f1b21bb4871112bc -> 9b6ac34a8ffd147a
[CHAIN] 9b6ac34a8ffd147a -> 69283870a7b3e57e
[CHAIN] 69283870a7b3e57e -> 5487ed060961d071
[CHAIN] 5487ed060961d071 -> 68b7cd06e3c37a4d
[CHAIN] 68b7cd06e3c37a4d -> 1561fb467a52174c
[CHAIN] 1561fb467a52174c -> ec0b9d16720aa2b7
[CHAIN] ec0b9d16720aa2b7 -> 8ffb033a9cfdc6f0
[CHAIN] 8ffb033a9cfdc6f0 -> 738369eb2fa4842d
[CHAIN] 738369eb2fa4842d -> 3dc6fdb965ec5af5
[CHAIN] 3dc6fdb965ec5af5 -> a5db3bf9d4fe8ebe
[CHAIN] a5db3bf9d4fe8ebe -> 7e40f0299ae39e14
[CHAIN] 7e40f0299ae39e14 -> 5d764ef1e36cdcef
[CHAIN] 5d764ef1e36cdcef -> ba12565e7ec21482
[CHAIN] ba12565e7ec21482 -> 3c2e954b581f7484
[CHAIN] 3c2e954b581f7484 -> 33546e9afa7143f0
[CHAIN] 33546e9afa7143f0 -> 2024c97e9d9fd291
[CHAIN] 2024c97e9d9fd291 -> 1fff81d5f91b2485
[CHAIN] 1fff81d5f91b2485 -> 73aa1d5ca2fd415b
[CHAIN] 73aa1d5ca2fd415b -> ee9687ddd673a802
[CHAIN] ee9687ddd673a802 -> 1f6afd128f3ae53a
[CHAIN] 1f6afd128f3ae53a -> 7614a6aeed7d6d33
[CHAIN] 7614a6aeed7d6d33 -> 1cce572210dffca5
[CHAIN] 1cce572210dffca5 -> 65fdc830bb5b18d8
[CHAIN] 65fdc830bb5b18d8 -> f355e41721822296
[CHAIN] f355e41721822296 -> 42b3465e0c9edf7b
[CHAIN] 42b3465e0c9edf7b -> 2431ad2d313aec40
[CHAIN] 2431ad2d313aec40 -> dd969b96ce836295
[CHAIN] dd969b96ce836295 -> 0e98557978d657cf
[CHAIN] 0e98557978d657cf -> ba3f95674f1ef252
[CHAIN] ba3f95674f1ef252 -> 6fc102ef5e50d08b
[CHAIN] 6fc102ef5e50d08b -> f7e9b29cc2459c42
[CHAIN] f7e9b29cc2459c42 -> 0b7032410f9c6520
[CHAIN] 0b7032410f9c6520 -> a5b74f249a8f2d02
[CHAIN] a5b74f249a8f2d02 -> 2a2cd7c75955e6de
[CHAIN] 2a2cd7c75955e6de -> 14fb1baafef97670
[CHAIN] 14fb1baafef97670 -> 1a43294d2f2cfc44
[CHAIN] 1a43294d2f2cfc44 -> 868c5299abc7bb63
[CHAIN] 868c5299abc7bb63 -> 958cb1f6d14e8035
[CHAIN] 958cb1f6d14e8035 -> 23934bce5c8dc57d
[CHAIN] 23934bce5c8dc57d -> dde31c9bd20c5458
[CHAIN] dde31c9bd20c5458 -> 52705bfffb72fb93
[CHAIN] 52705bfffb72fb93 -> 0fa67d8785c5400d
[CHAIN] 0fa67d8785c5400d -> 3e0887f0699470e8
[CHAIN] 3e0887f0699470e8 -> 10ba85d7b517223f
[CHAIN] 10ba85d7b517223f -> cc1a545e41167099
[CHAIN] cc1a545e41167099 -> 514a80efa3c53a6c
[CHAIN] 514a80efa3c53a6c -> c98e206c6d9800f7
[CHAIN] c98e206c6d9800f7 -> 18cb86a17ae44184
[CHAIN] 18cb86a17ae44184 -> 5fed552e92d5af96
[CHAIN] 5fed552e92d5af96 -> 0ec2ab7fd8dfaa07
[CHAIN] 0ec2ab7fd8dfaa07 -> e8fd835bfa0d1264
[CHAIN] e8fd835bfa0d1264 -> c385626596f5b815
[CHAIN] c385626596f5b815 -> ed93a0fc6587641f
[CHAIN] ed93a0fc6587641f -> 19a1b3d91e259b56
[CHAIN] 19a1b3d91e259b56 -> 29c9a79ae8d90f6a
[CHAIN] 29c9a79ae8d90f6a -> 84da446f0120c11f
[CHAIN] 84da446f0120c11f -> 9a8fa18c1740848c
[CHAIN] 9a8fa18c1740848c -> d20a386f026e0c2b
[CHAIN] d20a386f026e0c2b -> 7821254ed2f7ceec
[CHAIN] 7821254ed2f7ceec -> f85646ce6b7a9025
[CHAIN] f85646ce6b7a9025 -> fb6d4dca1b904c57
[CHAIN] fb6d4dca1b904c57 -> c1cb9f79d58ad473
[CHAIN] c1cb9f79d58ad473 -> c102dfc1c68a8457
[CHAIN] c102dfc1c68a8457 -> 8a81b8bf60cb7cfe
[CHAIN] 8a81b8bf60cb7cfe -> bba6ccf7a9bd571d
[CHAIN] bba6ccf7a9bd571d -> 1e6ae8bd9ef8b65c
[CHAIN] 1e6ae8bd9ef8b65c -> e34036fe6d6e3679
[CHAIN] e34036fe6d6e3679 -> c1a66743378eb16b
[CHAIN] c1a66743378eb16b -> c7315992adb82c62
[CHAIN] c7315992adb82c62 -> 4bfecf492f71864a
[CHAIN] 4bfecf492f71864a -> 7cffdc2ca186dbbe
[CHAIN] 7cffdc2ca186dbbe -> fb8623c59a045285
[CHAIN] fb8623c59a045285 -> d68d819a9433c0fb
[CHAIN] d68d819a9433c0fb -> 4312f551ff80bf07
[CHAIN] 4312f551ff80bf07 -> c61546cc7101bc2b
[CHAIN] c61546cc7101bc2b -> c618293d084989ed
[CHAIN] c618293d084989ed -> 7f64845e54a09ad1
[CHAIN] 7f64845e54a09ad1 -> 6616d02dec830037
[CHAIN] 6616d02dec830037 -> ce30e81b998a391f
[CHAIN] ce30e81b998a391f -> cd8fdd17e034e579
[CHAIN] cd8fdd17e034e579 -> d02320cec8e73543
[CHAIN] d02320cec8e73543 -> a6e0ff96a7677d76
[CHAIN] a6e0ff96a7677d76 -> 3e85ed977f2b7ba2
[CHAIN] 3e85ed977f2b7ba2 -> dc39cc1555eb939c
[CHAIN] dc39cc1555eb939c -> ef1f2cfadee04d73
[CHAIN] ef1f2cfadee04d73 -> fa51e6fb4a4bf0af
[CHAIN] fa51e6fb4a4bf0af -> 4c4db5bbd6835786
[CHAIN] 4c4db5bbd6835786 -> 94a6e783ee40bffd
[CHAIN] 94a6e783ee40bffd -> 3f3de8340bca9682
[CHAIN] 3f3de8340bca9682 -> 88319463fd3b1940
[CHAIN] 88319463fd3b1940 -> 3869a942b1f6691a
[CHAIN] 3869a942b1f6691a -> e7aa19cec249ca02
[CHAIN] e7aa19cec249ca02 -> 9f200f97bec03ea9
[CHAIN] 9f200f97bec03ea9 -> eb393cf3fa249756
[CHAIN] eb393cf3fa249756 -> d4f409a2ff305460
[CHAIN] d4f409a2ff305460 -> 4ea2cbc40a0d9138
[CHAIN] 4ea2cbc40a0d9138 -> bd6085f294a53cb1
[CHAIN] bd6085f294a53cb1 -> e915fbda66ee7060
[CHAIN] e915fbda66ee7060 -> 971d2d241f238642
[CHAIN] BF_ENCRYPT_CHAIN_END
[*] Done!
[HANDSHAKE] LEAVE retval=0x3
[HANDSHAKE] candidate=ecx socket=0x22abc38 cipher_ctx=0x22acc40 p_array=0x22acc80 p0=0x186c0ec8 enabled=0x09 dec_num=1930335062 enc_num=90408505 server_ivec=61ed2572c8cbcd54 client_ivec=e4b29df7e6a3c5f4
[HANDSHAKE] candidate=arg0 socket=0x265ff08 cipher_ctx=0x2660f10 p_array=0x2660f50 p0=0x00000000 enabled=0x00 dec_num=0 enc_num=0 server_ivec=0000000000000000 client_ivec=0000000000000000
