[*] Frida BF Key Capture v2 — 2026-03-29T19:00:29.826Z
[*] Log file: F:\Sentinel\tools\frida_capture.log
[*] Hooked BF_cfb64_encrypt at 0x12410f0
[*] Hooked DoReceiveShakeHand at 0xfeeb6c
[*] Hooked wrappers
[*] All hooks installed! Login to capture the key.


[!] ===== HANDSHAKE STARTED =====
[!] DoReceiveShakeHand called
[!] Context ptr: 0x171aff08
[!] DoReceiveShakeHand returned: 0x0
[!] ===== HANDSHAKE ENDED =====


[!] ===== HANDSHAKE STARTED =====
[!] DoReceiveShakeHand called
[!] Context ptr: 0x171aff08
[!] DoReceiveShakeHand returned: 0x0
[!] ===== HANDSHAKE ENDED =====


[!] ===== HANDSHAKE STARTED =====
[!] DoReceiveShakeHand called
[!] Context ptr: 0x171aff08

[+] ======= BF_cfb64_encrypt call #1 =======
[+] Mode: DECRYPT
[+] Length: 15 bytes
[+] BF_KEY ptr: 0x171ae5a0
[+] IV ptr: 0x171aee24
[+] num ptr: 0x171ae558 (value: 0)

[+] ========== BLOWFISH KEY SCHEDULE ==========
[+] P-array (18 x uint32):
  P[0] = 0xdb298a75
  P[1] = 0x0000001d
  P[2] = 0x3c83ff0c
  P[3] = 0x00000002
  P[4] = 0x0dec4548
  P[5] = 0x00000002
  P[6] = 0xf8c273e0
  P[7] = 0x0000000b
  P[8] = 0x38a99512
  P[9] = 0x00000000
  P[10] = 0xfc7fcfc8
  P[11] = 0x00000001
  P[12] = 0x4e110080
  P[13] = 0x00000014
  P[14] = 0xf8c13f63
  P[15] = 0x00000010
  P[16] = 0x8523e092
  P[17] = 0x00000012
[+] P-array raw hex: db298a750000001d3c83ff0c000000020dec454800000002f8c273e00000000b38a9951200000000fc7fcfc8000000014e11008000000014f8c13f63000000108523e09200000012

[+] S-box[0] (first 16 entries):
  S[0][0] = 0x8f496087
  S[0][1] = 0x00000012
  S[0][2] = 0x9fbc973b
  S[0][3] = 0x00000014
  S[0][4] = 0x22969a7b
  S[0][5] = 0x00000009
  S[0][6] = 0xb892fffa
  S[0][7] = 0x00000001
  S[0][8] = 0xf6d19ec7
  S[0][9] = 0x00000018
  S[0][10] = 0xf6c53add
  S[0][11] = 0x00000002
  S[0][12] = 0x5a66f96e
  S[0][13] = 0x00000004
  S[0][14] = 0x00000000
  S[0][15] = 0x570dbc27
[+] S[0] raw hex: 8f496087000000129fbc973b0000001422969a7b00000009b892fffa00000001f6d19ec700000018f6c53add000000025a66f96e0000000400000000570dbc27

[+] S-box[1] (first 16 entries):
  S[1][0] = 0x00000000
  S[1][1] = 0x00000000
  S[1][2] = 0x00000000
  S[1][3] = 0x00000000
  S[1][4] = 0x00000000
  S[1][5] = 0x00000000
  S[1][6] = 0x00000000
  S[1][7] = 0x00000000
  S[1][8] = 0x00000000
  S[1][9] = 0x00000000
  S[1][10] = 0x00000000
  S[1][11] = 0x00000000
  S[1][12] = 0x00000000
  S[1][13] = 0x00000000
  S[1][14] = 0x00000000
  S[1][15] = 0x00000000
[+] S[1] raw hex: 00000000000000000000000000000000000000000000000000000000000000000000000000000000000000000000000000000000000000000000000000000000

[+] S-box[2] (first 16 entries):
  S[2][0] = 0xfffffffe
  S[2][1] = 0x171aee34
  S[2][2] = 0x77356414
  S[2][3] = 0x00000e5c
  S[2][4] = 0x171aee20
  S[2][5] = 0x00000001
  S[2][6] = 0x171aee28
  S[2][7] = 0x171aee48
  S[2][8] = 0x00000000
  S[2][9] = 0x00000000
  S[2][10] = 0x18afe418
  S[2][11] = 0x171aee30
  S[2][12] = 0x02197818
  S[2][13] = 0x00000800
  S[2][14] = 0x00000800
  S[2][15] = 0x00000000
[+] S[2] raw hex: fffffffe171aee347735641400000e5c171aee2000000001171aee28171aee48000000000000000018afe418171aee3002197818000008000000080000000000

[+] S-box[3] (first 16 entries):
  S[3][0] = 0x0e9800b8
  S[3][1] = 0x15d29e18
  S[3][2] = 0x15d29e18
  S[3][3] = 0x565597fe
  S[3][4] = 0x025c0008
  S[3][5] = 0x00000040
  S[3][6] = 0x0e98b800
  S[3][7] = 0x0e98b800
  S[3][8] = 0x00000000
  S[3][9] = 0x00000000
  S[3][10] = 0x15d29e18
  S[3][11] = 0x15d29e18
  S[3][12] = 0x565597fe
  S[3][13] = 0x15d29e18
  S[3][14] = 0x0e98b800
  S[3][15] = 0x00000000
[+] S[3] raw hex: 0e9800b815d29e1815d29e18565597fe025c0008000000400e98b8000e98b800000000000000000015d29e1815d29e18565597fe15d29e180e98b80000000000

[+] Full BF_KEY hex dump (4168 bytes):
           0  1  2  3  4  5  6  7  8  9  A  B  C  D  E  F  0123456789ABCDEF
171ae5a0  75 8a 29 db 1d 00 00 00 0c ff 83 3c 02 00 00 00  u.)........<....
171ae5b0  48 45 ec 0d 02 00 00 00 e0 73 c2 f8 0b 00 00 00  HE.......s......
171ae5c0  12 95 a9 38 00 00 00 00 c8 cf 7f fc 01 00 00 00  ...8............
171ae5d0  80 00 11 4e 14 00 00 00 63 3f c1 f8 10 00 00 00  ...N....c?......
171ae5e0  92 e0 23 85 12 00 00 00 87 60 49 8f 12 00 00 00  ..#......`I.....
171ae5f0  3b 97 bc 9f 14 00 00 00 7b 9a 96 22 09 00 00 00  ;.......{.."....
171ae600  fa ff 92 b8 01 00 00 00 c7 9e d1 f6 18 00 00 00  ................
171ae610  dd 3a c5 f6 02 00 00 00 6e f9 66 5a 04 00 00 00  .:......n.fZ....
171ae620  00 00 00 00 27 bc 0d 57 c8 f0 1a 17 00 00 00 00  ....'..W........
171ae630  36 bc 0d 57 00 00 00 00 d0 f0 1a 17 ff ff ff ff  6..W............
171ae640  08 00 00 00 00 00 00 00 08 00 00 00 25 00 00 00  ............%...
171ae650  00 00 00 00 d0 ea 1a 17 f3 ab 98 0e 48 eb 1a 17  ............H...
171ae660  08 00 00 00 07 ea 1a 17 00 00 00 00 00 00 00 00  ................
171ae670  f9 ff ff ff 00 00 00 00 00 00 1a 17 80 e8 1a 17  ................
171ae680  08 00 00 00 00 00 00 00 19 f1 1a 17 ff ff ff ff  ................
171ae690  01 00 00 00 00 00 00 00 01 00 00 00 25 00 00 00  ............%...
171ae6a0  00 00 00 00 20 eb 1a 17 eb 3c 98 0e 98 eb 1a 17  .... ....<......
171ae6b0  01 00 00 00 07 00 00 00 00 00 00 00 00 00 00 00  ................
171ae6c0  00 00 00 00 00 00 00 00 00 00 00 00 d7 e8 1a 17  ................
171ae6d0  01 00 00 00 00 00 00 00 00 00 00 00 00 00 00 00  ................
171ae6e0  00 00 00 00 00 00 00 00 00 00 00 00 00 00 00 00  ................
171ae6f0  00 00 00 00 00 00 00 00 00 00 00 00 00 00 00 00  ................
171ae700  00 00 00 00 00 00 00 00 00 00 00 00 00 00 00 00  ................
171ae710  00 00 00 00 00 00 00 00 00 00 00 00 00 00 00 00  ................
171ae720  00 00 00 00 00 00 00 00 00 00 00 00 00 00 00 00  ................
171ae730  00 00 00 00 00 00 00 00 00 00 00 00 00 00 00 00  ................
171ae740  00 00 00 00 00 00 00 00 00 00 00 00 00 00 00 00  ................
171ae750  00 00 00 00 00 00 00 00 00 00 00 00 00 00 00 00  ................
171ae760  00 00 00 00 00 00 00 00 00 00 00 00 00 00 00 00  ................
171ae770  00 00 00 00 00 00 00 00 00 00 00 00 00 00 00 00  ................
171ae780  00 00 00 00 00 00 00 00 00 00 00 00 00 00 00 00  ................
171ae790  00 00 00 00 00 00 00 00 00 00 00 00 00 00 00 00  ................
171ae7a0  00 00 00 00 00 00 00 00 00 00 00 00 00 00 00 00  ................
171ae7b0  00 00 00 00 00 00 00 00 00 00 00 00 00 00 00 00  ................
171ae7c0  00 00 00 00 00 00 00 00 00 00 00 00 00 00 00 00  ................
171ae7d0  00 00 00 00 00 00 00 00 00 00 00 00 00 00 00 00  ................
171ae7e0  00 00 00 00 00 00 00 00 00 00 00 00 00 00 00 00  ................
171ae7f0  00 00 00 00 00 00 00 00 00 00 00 00 00 00 00 00  ................
171ae800  00 00 00 00 00 00 00 00 00 00 00 00 00 00 00 00  ................
171ae810  00 00 00 00 00 00 00 00 00 00 00 00 00 00 00 00  ................
171ae820  00 00 00 00 00 00 00 00 00 00 00 00 00 00 00 00  ................
171ae830  00 00 00 00 00 00 00 00 00 00 00 00 00 00 00 00  ................
171ae840  00 00 00 00 00 00 00 00 00 00 00 00 00 00 00 00  ................
171ae850  00 00 00 00 00 00 00 00 00 00 00 00 00 00 00 00  ................
171ae860  00 00 00 00 00 00 00 00 00 00 00 00 00 00 00 00  ................
171ae870  00 00 00 00 00 00 00 00 00 00 00 00 00 00 00 00  ................
171ae880  31 37 31 61 66 66 30 38 00 00 00 00 00 00 00 00  171aff08........
171ae890  00 00 00 00 00 00 00 00 00 00 00 00 00 00 00 00  ................
171ae8a0  00 00 00 00 00 00 00 00 00 00 00 00 00 00 00 00  ................
171ae8b0  00 00 00 00 00 00 00 00 00 00 00 00 00 00 00 00  ................
171ae8c0  00 00 00 00 00 00 00 00 00 00 00 00 00 00 00 00  ................
171ae8d0  00 00 00 00 00 00 00 30 00 00 00 00 00 00 00 00  .......0........
171ae8e0  00 00 00 00 00 00 00 00 00 00 00 00 00 00 00 00  ................
171ae8f0  00 00 00 00 00 00 00 00 00 00 00 00 00 00 00 00  ................
171ae900  00 00 00 00 00 00 00 00 00 00 00 00 00 00 00 00  ................
171ae910  00 00 00 00 00 00 00 00 00 00 00 00 00 00 00 00  ................
171ae920  00 00 00 00 00 00 00 00 00 00 00 00 00 00 00 00  ................
171ae930  00 00 00 00 00 00 00 00 00 00 00 00 00 00 00 00  ................
171ae940  00 00 00 00 00 00 00 00 00 00 00 00 00 00 00 00  ................
171ae950  00 00 00 00 00 00 00 00 00 00 00 00 00 00 00 00  ................
171ae960  00 00 00 00 00 00 00 00 00 00 00 00 00 00 00 00  ................
171ae970  00 00 00 00 00 00 00 00 00 00 00 00 00 00 00 00  ................
171ae980  00 00 00 00 00 00 00 00 00 00 00 00 00 00 00 00  ................
171ae990  00 00 00 00 00 00 00 00 00 00 00 00 00 00 00 00  ................
171ae9a0  00 00 00 00 00 00 00 00 00 00 00 00 00 00 00 00  ................
171ae9b0  00 00 00 00 00 00 00 00 00 00 00 00 00 00 00 00  ................
171ae9c0  00 00 00 00 00 00 00 00 00 00 00 00 00 00 00 00  ................
171ae9d0  00 00 00 00 00 00 00 00 00 00 00 00 00 00 00 00  ................
171ae9e0  00 00 00 00 00 00 00 00 00 00 00 00 00 00 00 00  ................
171ae9f0  00 00 00 00 00 00 00 00 00 00 00 00 00 00 00 00  ................
171aea00  00 00 00 00 00 00 00 00 00 00 00 00 00 00 00 00  ................
171aea10  00 00 00 00 00 00 00 00 00 00 00 00 00 00 00 00  ................
171aea20  00 00 00 00 00 00 00 00 00 00 00 00 00 00 00 00  ................
171aea30  00 00 00 00 00 00 00 00 00 00 00 00 00 00 00 00  ................
171aea40  00 00 00 00 00 00 00 00 00 00 00 00 00 00 00 00  ................
171aea50  00 00 00 00 00 00 00 00 00 00 00 00 00 00 00 00  ................
171aea60  00 00 00 00 00 00 00 00 00 00 00 00 00 00 00 00  ................
171aea70  00 00 00 00 00 00 00 00 00 00 00 00 00 00 00 00  ................
171aea80  00 00 00 00 00 00 00 00 00 00 00 00 00 00 00 00  ................
171aea90  00 00 00 00 38 e6 1a 17 00 00 00 00 02 00 00 00  ....8...........
171aeaa0  00 00 00 00 a0 2c 1b c0 f8 ea 1a 17 8d 04 0e 57  .....,.........W
171aeab0  25 00 00 00 00 00 00 00 c8 f0 1a 17 dc ea 1a 17  %...............
171aeac0  78 0e 35 77 03 00 00 00 50 0e 35 77 20 e1 01 31  x.5w....P.5w ..1
171aead0  00 00 00 00 00 00 00 00 00 00 00 00 08 eb 1a 17  ................
171aeae0  28 a6 35 77 fc ea 1a 17 00 eb 1a 17 04 00 00 00  (.5w............
171aeaf0  00 a6 35 77 20 e1 01 31 18 eb 1a 17 c8 59 13 02  ..5w ..1.....Y..
171aeb00  10 e4 af 18 00 00 00 00 68 eb 1a 17 9c 91 a5 77  ........h......w
171aeb10  05 d5 c0 74 50 0e 00 00 01 00 00 00 00 00 00 00  ...tP...........
171aeb20  20 e1 01 31 10 ec 1a 17 00 00 00 00 0b 00 00 00   ..1............
171aeb30  0b 00 00 00 00 00 00 00 00 00 00 00 00 00 00 00  ................
171aeb40  00 00 00 00 00 00 00 00 5c 0e 00 00 cf 41 c1 74  ........\....A.t
171aeb50  00 00 00 00 50 0e 00 00 60 79 fe ff ff ff ff ff  ....P...`y......
171aeb60  00 00 00 00 00 00 00 00 70 ec 1a 17 f3 41 c1 74  ........p....A.t
171aeb70  01 00 00 00 59 42 c1 74 6c 52 ce f2 58 3a a6 12  ....YB.tlR..X:..
171aeb80  80 3d c1 74 5c 0e 00 00 00 00 00 00 1c 00 00 00  .=.t\...........
171aeb90  1c 00 00 00 e8 3c 98 0e 00 00 00 00 00 00 00 00  .....<..........
171aeba0  00 00 00 00 1c 00 00 00 00 00 00 00 00 00 00 00  ................
171aebb0  01 00 00 00 00 00 00 00 30 ed 1a 17 00 00 00 00  ........0.......
171aebc0  28 ed 1a 17 d8 eb 1a 17 ec ec 1a 17 2d 00 00 00  (...........-...
171aebd0  70 f0 1a 17 00 00 00 00 2c ec 1a 17 01 00 00 00  p.......,.......
171aebe0  2d 00 00 00 01 00 00 00 01 00 00 00 00 00 00 00  -...............
171aebf0  00 00 00 00 f7 42 a6 77 6c f0 1a 17 30 ed 1a 17  .....B.wl...0...
171aec00  6c 00 00 00 10 ec 1a 17 5c 0e 00 00 01 00 00 00  l.......\.......
171aec10  a0 1c e9 ff ff ff ff ff 01 00 00 00 00 00 00 00  ................
171aec20  5c 0e 00 00 01 00 00 00 00 00 00 00 01 00 00 00  \...............
171aec30  00 00 00 00 28 f1 1a 17 ff ff ff ff 20 00 00 00  ....(....... ...
171aec40  1b 00 00 00 28 f1 1a 17 90 f0 1a 17 01 00 00 00  ....(...........
171aec50  00 00 00 00 6c 52 ce f2 78 eb 1a 17 20 00 00 00  ....lR..x... ...
171aec60  f8 ec 1a 17 20 e2 c0 74 24 a1 17 91 fe ff ff ff  .... ..t$.......
171aec70  08 ed 1a 17 ae a5 35 77 5d 0e 00 00 30 ed 1a 17  ......5w]...0...
171aec80  00 00 00 00 00 00 00 00 28 ed 1a 17 ec ec 1a 17  ........(.......
171aec90  59 1a bf dc 18 78 19 02 18 78 19 02 00 00 00 00  Y....x...x......
171aeca0  00 00 00 00 00 00 00 00 00 00 00 00 c8 59 13 02  .............Y..
171aecb0  10 e4 af 18 00 00 00 00 00 00 00 00 00 00 00 00  ................
171aecc0  00 00 00 00 00 00 00 00 00 00 00 00 01 00 00 00  ................
171aecd0  5c 0e 00 00 00 00 00 00 00 00 00 00 00 00 00 00  \...............
171aece0  00 00 00 00 00 00 00 00 00 00 00 00 00 00 00 00  ................
171aecf0  90 ec 1a 17 00 00 00 00 6c fe 1a 17 00 bf 35 77  ........l.....5w
171aed00  a9 00 92 bc fe ff ff ff 38 ee 1a 17 53 6e 13 01  ........8...Sn..
171aed10  5d 0e 00 00 30 ed 1a 17 00 00 00 00 00 00 00 00  ]...0...........
171aed20  28 ed 1a 17 5e 6e 13 01 00 00 00 00 f0 49 02 00  (...^n.......I..
171aed30  01 00 00 00 5c 0e 00 00 01 00 00 00 00 00 00 00  ....\...........
171aed40  1c 00 01 00 01 00 00 00 a3 de a6 77 6c ed 1a 17  ...........wl...
171aed50  81 79 a4 77 c0 68 b1 77 cc 91 a5 77 8a f8 c1 74  .y.w.h.w...w...t
171aed60  5c 0e 00 00 50 0e 00 00 00 00 00 00 00 00 00 00  \...P...........
171aed70  a8 ed 1a 17 17 20 01 00 98 ed 1a 17 10 00 00 00  ..... ..........
171aed80  00 00 00 00 00 00 00 00 f0 53 ce f2 58 3a a6 12  .........S..X:..
171aed90  90 f6 c1 74 00 00 00 00 20 ee 1a 17 01 00 00 00  ...t.... .......
171aeda0  00 00 00 00 20 00 00 00 00 00 00 00 65 01 00 00  .... .......e...
171aedb0  24 f2 1a 17 00 00 00 00 00 00 00 00 20 e1 01 31  $........... ..1
171aedc0  50 0e 00 00 00 00 00 00 a8 ed 1a 17 00 00 00 00  P...............
171aedd0  f4 ed 1a 17 88 ed 1a 17 6c 00 00 00 6c fe 1a 17  ........l...l...
171aede0  20 e2 c0 74 1c 99 17 91 fe ff ff ff 34 ee 1a 17   ..t........4...
171aedf0  14 64 35 77 5c 0e 00 00 20 ee 1a 17 01 00 00 00  .d5w\... .......
171aee00  28 ee 1a 17 48 ee 1a 17 00 00 00 00 00 00 00 00  (...H...........
171aee10  18 e4 af 18 30 ee 1a 17 18 78 19 02 00 08 00 00  ....0....x......
171aee20  00 08 00 00 00 00 00 00 00 00 00 00 bb 43 c6 c2  .............C..
171aee30  6c fe 1a 17 d9 1e 4a 01 ff ff ff ff 78 fe 1a 17  l.....J.....x...
171aee40  33 ec fe 00 68 f6 1a 17 65 01 00 00 ff 53 c6 c2  3...h...e....S..
171aee50  18 78 19 02 e0 e2 01 31 08 ff 1a 17 08 ff 1a 17  .x.....1........
171aee60  02 00 00 00 d4 f5 1a 17 b4 f0 1a 17 00 00 00 00  ................
171aee70  bc f0 1a 17 ff ff ff ff 01 00 00 00 00 00 00 00  ................
171aee80  02 00 00 00 f4 f5 1a 17 02 00 00 00 fc f5 1a 17  ................
171aee90  00 00 00 00 00 00 00 00 00 00 00 00 00 00 00 00  ................
171aeea0  00 00 00 00 00 00 00 00 00 00 00 00 00 00 00 00  ................
171aeeb0  00 00 00 00 00 00 00 00 00 00 00 00 00 00 00 00  ................
171aeec0  00 00 00 00 00 00 00 00 00 00 00 00 00 00 00 00  ................
171aeed0  00 00 00 00 00 00 00 00 00 00 00 00 00 00 00 00  ................
171aeee0  00 00 00 00 00 00 00 00 00 00 00 00 00 00 00 00  ................
171aeef0  00 00 00 00 00 00 00 00 00 00 00 00 00 00 00 00  ................
171aef00  00 00 00 00 00 00 00 00 00 00 00 00 00 00 00 00  ................
171aef10  00 00 00 00 00 00 00 00 00 00 00 00 00 00 00 00  ................
171aef20  00 00 00 00 00 00 00 00 00 00 00 00 00 00 00 00  ................
171aef30  00 00 00 00 00 00 00 00 00 00 00 00 00 00 00 00  ................
171aef40  00 00 00 00 00 00 00 00 00 00 00 00 00 00 00 00  ................
171aef50  00 00 00 00 00 00 00 00 fc ef 1a 17 00 08 00 00  ................
171aef60  00 00 00 00 00 00 00 00 00 00 00 00 01 00 00 00  ................
171aef70  a3 de a6 77 94 ef 1a 17 f1 5e a4 77 c0 68 b1 77  ...w.....^.w.h.w
171aef80  40 f2 1a 17 a2 3d 6e 56 98 3c ed 0f a8 20 1d 15  @....=nV.<... ..
171aef90  ff ff ff ff 01 00 00 00 98 3c ed 0f 38 f0 1a 17  .........<..8...
171aefa0  a8 20 1d 15 00 00 08 00 00 00 08 00 16 7c 6c 56  . ...........|lV
171aefb0  98 3c ed 0f 98 96 d1 15 00 00 0b 00 a8 20 1d 15  .<........... ..
171aefc0  00 00 08 00 e7 54 6f 56 98 3c ed 0f a8 20 1d 15  .....ToV.<... ..
171aefd0  00 00 08 00 01 00 00 00 a0 f1 1a 17 98 3c ed 0f  .............<..
171aefe0  18 9e d2 15 98 3c ed 0f fc f1 1a 17 88 f0 1a 17  .....<..........
171aeff0  68 c8 98 0e 00 00 08 00 a0 f1 1a 17 16 7c 6c 56  h............|lV
171af000  98 3c ed 0f b8 96 98 0e 00 00 0b 00 01 00 00 00  .<..............
171af010  00 00 00 00 e7 54 6f 56 98 3c ed 0f 00 00 00 00  .....ToV.<......
171af020  00 00 08 00 18 9e d2 15 00 00 04 00 01 00 00 00  ................
171af030  a0 f1 1a 17 98 3c ed 0f 54 f1 1a 17 58 91 98 0e  .....<..T...X...
171af040  08 00 5c 02 14 00 00 00 e0 c9 98 0e 58 91 98 0e  ..\.........X...
171af050  00 00 00 00 00 00 00 00 b9 b1 55 56 08 00 5c 02  ..........UV..\.
171af060  08 00 00 00 58 91 98 0e e0 c9 98 0e 14 00 00 00  ....X...........
171af070  98 3c ed 0f 18 00 00 00 e4 f0 1a 17 08 b4 98 0e  .<..............
171af080  ae a4 55 56 08 00 5c 02 20 00 00 00 18 00 00 00  ..UV..\. .......
171af090  c1 43 56 56 e0 c9 98 0e 18 00 00 00 77 8e 6e 56  .CVV........w.nV
171af0a0  98 3c ed 0f 98 e2 98 0e 00 00 0b 00 98 3c ed 0f  .<...........<..
171af0b0  6c f1 1a 17 00 00 0b 00 e4 f0 1a 17 08 b4 98 0e  l...............
171af0c0  03 00 00 00 08 b4 98 0e 2e ea 6e 56 98 3c ed 0f  ..........nV.<..
171af0d0  48 e5 98 0e 63 00 00 00 00 00 00 00 08 00 5c 02  H...c.........\.
171af0e0  98 3c ed 0f 00 f1 1a 17 67 b8 6e 56 63 b1 55 56  .<......g.nVc.UV
171af0f0  08 00 5c 02 88 00 00 00 68 00 00 00 01 00 00 00  ..\.....h.......
171af100  98 3c ed 0f 63 00 00 00 78 f1 1a 17 46 00 00 00  .<..c...x...F...
171af110  ae a4 55 56 08 00 5c 02 68 00 00 00 63 00 00 00  ..UV..\.h...c...
171af120  c1 43 56 56 48 e5 98 0e 63 00 00 00 44 51 70 56  .CVVH...c...DQpV
171af130  28 9e d2 15 00 00 00 00 30 00 00 00 98 3c ed 0f  (.......0....<..
171af140  98 3c ed 0f 40 b4 98 0e 40 f3 1a 17 8c f1 1a 17  .<..@...@.......
171af150  40 b4 98 0e 18 9e d2 15 18 9e d2 15 fe 97 55 56  @.............UV
171af160  02 d4 70 56 68 d4 70 56 98 3c ed 0f 00 00 00 00  ..pVh.pV.<......
171af170  30 00 00 00 98 3c ed 0f 00 b8 98 0e 00 b8 98 0e  0....<..........
171af180  18 9e d2 15 40 b4 98 0e 00 00 00 00 00 b8 98 0e  ....@...........
171af190  5c f2 1a 17 56 62 6e 56 98 3c ed 0f 00 b8 98 0e  \...VbnV.<......
171af1a0  00 00 00 00 00 00 01 00 00 40 00 00 08 b4 98 0e  .........@......
171af1b0  08 b4 98 0e 00 00 00 00 03 00 00 00 18 9e d2 15  ................
171af1c0  18 9e d2 15 fe 97 55 56 18 9e d2 15 08 b4 98 0e  ......UV........
171af1d0  00 00 00 00 20 b4 98 0e 18 9e d2 15 00 00 08 00  .... ...........
171af1e0  50 02 d2 15 24 f2 1a 17 b8 00 98 0e 18 9e d2 15  P...$...........
171af1f0  18 9e d2 15 fe 97 55 56 08 00 5c 02 40 00 00 00  ......UV..\.@...
171af200  00 b8 98 0e 00 b8 98 0e 00 00 00 00 00 00 00 00  ................
171af210  18 9e d2 15 18 9e d2 15 fe 97 55 56 18 9e d2 15  ..........UV....
171af220  00 b8 98 0e 00 00 00 00 18 b8 98 0e 18 9e d2 15  ................
171af230  18 9e d2 15 fe 97 55 56 08 00 5c 02 00 20 00 00  ......UV..\.. ..
171af240  8c 7c 6e 56 98 3c ed 0f 48 e5 98 0e 00 00 0b 00  .|nV.<..H.......
171af250  00 00 0b 00 48 e5 98 0e 94 f2 1a 17 60 26 5f 57  ....H.......`&_W
171af260  60 e5 98 0e c0 4d 16 57 1f fb 64 56 5a 00 00 00  `....M.W..dVZ...
171af270  a0 a4 65 56 60 26 5f 57 88 95 65 56 10 7c 98 0e  ..eV`&_W..eV.|..
171af280  90 f3 1a 17 60 e5 98 0e c0 4d 16 57 7c f3 1a 17  ....`....M.W|...
171af290  08 7c 98 0e 10 7c 98 0e e3 e4 65 56 08 00 00 00  .|...|....eV....
171af2a0  9a 9c 57 56 00 00 00 00 00 00 03 00 f0 94 60 02  ..WV..........`.
171af2b0  42 00 00 00 f8 f2 1a 17 e8 39 98 0e 00 00 00 00  B........9......
171af2c0  01 00 00 00 70 95 60 02 33 1f 65 56 00 00 00 00  ....p.`.3.eV....
171af2d0  58 3e 5c 02 42 00 00 00 42 00 00 00 e8 39 98 0e  X>\.B...B....9..
171af2e0  60 26 5f 57 00 00 04 00 08 00 00 00 1f fb 64 56  `&_W..........dV
171af2f0  5a 00 00 00 a0 a4 65 56 60 26 5f 57 08 00 00 00  Z.....eV`&_W....
171af300  d9 97 65 56 00 00 00 00 00 00 04 00 60 26 5f 57  ..eV........`&_W
171af310  08 00 00 00 04 00 00 00 00 00 00 00 08 7c 98 0e  .............|..
171af320  80 76 97 0e a6 96 65 56 30 b1 60 57 00 00 00 00  .v....eV0.`W....
171af330  00 00 00 00 00 00 00 00 80 76 97 0e 98 3c ed 0f  .........v...<..
171af340  08 7c 98 0e 08 80 98 0e 00 00 00 00 e5 94 60 56  .|............`V
171af350  00 00 00 00 80 76 97 0e 9a 98 57 56 80 76 97 0e  .....v....WV.v..
171af360  98 3c ed 0f 60 e5 98 0e 00 00 00 00 00 00 04 00  .<..`...........
171af370  bc f3 1a 17 c8 53 d1 15 98 3c ed 0f c3 11 57 56  .....S...<....WV
171af380  90 f3 1a 17 02 00 00 00 98 3c ed 0f 00 00 00 00  .........<......
171af390  98 3c ed 0f 02 00 00 00 98 f5 1a 17 c8 53 d1 15  .<...........S..
171af3a0  00 00 00 00 00 00 00 00 00 00 00 00 00 00 00 00  ................
171af3b0  00 00 00 00 60 e5 98 0e 00 00 00 00 34 f4 1a 17  ....`.......4...
171af3c0  e7 54 6f 56 98 3c ed 0f 00 00 00 00 00 00 04 00  .ToV.<..........
171af3d0  02 00 00 00 98 f5 1a 17 98 3c ed 0f 18 9e d2 15  .........<......
171af3e0  98 2d ed 0f c4 f5 1a 17 00 00 00 00 a8 ca 98 0e  .-..............
171af3f0  00 00 08 00 98 f5 1a 17 08 00 00 00 f0 ab 98 0e  ................
171af400  a8 cf d1 15 14 00 00 00 02 00 00 00 00 00 00 00  ................
171af410  03 00 00 00 10 b8 98 0e 00 00 00 00 98 3c ed 0f  .............<..
171af420  18 9e d2 15 00 00 04 00 00 00 00 00 98 f5 1a 17  ................
171af430  98 3c ed 0f 50 f5 1a 17 cc 8e 6d 56 98 3c ed 00  .<..P.....mV.<..
171af440  a8 ca 98 0e 00 00 08 00 00 00 00 00 00 00 04 00  ................
171af450  02 00 00 00 37 11 57 56 00 00 00 00 a8 f5 1a 17  ....7.WV........
171af460  98 3c ed 0f 00 b8 98 0e 18 9e d2 15 39 a2 13 4a  .<..........9..J
171af470  64 02 d2 15 60 26 5f 57 68 02 d2 15 fc f4 1a 17  d...`&_Wh.......
171af480  1f fb 64 56 5a 00 00 00 a0 a4 65 56 60 26 5f 57  ..dVZ.....eV`&_W
171af490  88 95 65 56 20 7c 98 0e ac f4 1a 17 a0 1d 10 57  ..eV |.........W
171af4a0  40 06 95 2c 1c 00 00 00 c4 f4 1a 17 02 ae 0f 57  @..,...........W
171af4b0  03 00 00 00 a8 00 00 00 b4 32 1b c0 10 f5 1a 17  .........2......
171af4c0  16 b4 0f 57 e0 f4 1a 17 03 00 00 00 d4 01 11 2c  ...W...........,
171af4d0  1c 00 00 00 03 00 00 00 00 00 00 00 ff ff ff ff  ................
171af4e0  fe ff ff ff 00 00 00 00 0c f5 1a 17 cb 45 a7 77  .............E.w
171af4f0  50 04 26 26 09 33 a3 77 03 00 00 00 00 00 00 00  P.&&.3.w........
171af500  1c 00 00 00 1c 00 00 00 b8 01 11 2c 18 f5 1a 17  ...........,....
171af510  50 3e 0e 57 50 04 26 26 5c f5 1a 17 a9 b2 0f 57  P>.WP.&&\......W
171af520  03 00 00 00 8b b2 0f 57 54 33 1b c0 1c 00 00 00  .......WT3......
171af530  4c 06 95 2c b8 01 11 2c a8 00 00 00 00 00 00 00  L..,...,........
171af540  1c 00 00 00 28 f5 1a 17 20 82 0d 57 ec f5 1a 17  ....(... ..W....
171af550  20 82 0d 57 a8 99 5f 80 fe ff ff ff 84 f5 1a 17   ..W.._.........
171af560  01 11 0e 57 03 00 00 00 b8 01 11 2c 1c 00 00 00  ...W.......,....
171af570  9c f5 1a 17 40 06 95 2c 40 06 95 2c 00 00 00 00  ....@..,@..,....
171af580  a0 a0 98 0e c4 f5 1a 17 fe ff ff ff 60 26 5f 57  ............`&_W
171af590  00 00 04 00 08 00 00 00 1f fb 64 56 5a 00 00 00  ..........dVZ...
171af5a0  a0 a4 65 56 60 26 5f 57 08 00 00 00 d9 97 65 56  ..eV`&_W......eV
171af5b0  00 00 00 00 00 00 04 00 5c f6 1a 17 34 f6 1a 17  ........\...4...
171af5c0  5c f6 1a 17 34 f6 1a 17 5c f6 1a 17 00 00 00 00  \...4...\.......
171af5d0  08 00 00 00 e0 e3 65 56 08 00 00 00 08 7c 98 0e  ......eV.....|..
171af5e0  04 00 00 00 fc e3 65 56                          ......eV
[+] ========== KEY DUMP COMPLETE ==========

[+] IV (8 bytes):
           0  1  2  3  4  5  6  7  8  9  A  B  C  D  E  F  0123456789ABCDEF
171aee24  00 00 00 00 00 00 00 00                          ........
[+] Input data (first 15 bytes):
           0  1  2  3  4  5  6  7  8  9  A  B  C  D  E  F  0123456789ABCDEF
171af668  0c f6 1b 5b 46 45 09 00 d6 fd 88 60 73 c7 46     ...[FE.....`s.F
[+] Output data after DECRYPT (first 15 bytes):
           0  1  2  3  4  5  6  7  8  9  A  B  C  D  E  F  0123456789ABCDEF
171aea24  b0 7c 9b be f9 f5 1d 1d 42 7a 69 5a 01 00 00     .|......BziZ...

[+] ======= BF_cfb64_encrypt call #2 =======
[+] Mode: DECRYPT
[+] Length: 346 bytes
[+] BF_KEY ptr: 0x171ae5a0
[+] IV ptr: 0x171aee24
[+] num ptr: 0x171ae558 (value: 7)
[+] IV (8 bytes):
           0  1  2  3  4  5  6  7  8  9  A  B  C  D  E  F  0123456789ABCDEF
171aee24  d6 fd 88 60 73 c7 46 4d                          ...`s.FM
[+] Input data (first 64 bytes):
           0  1  2  3  4  5  6  7  8  9  A  B  C  D  E  F  0123456789ABCDEF
171af677  69 5a b4 a5 b1 37 1f ad 31 ed 18 ea 25 37 17 f0  iZ...7..1...%7..
171af687  3d 82 94 8c c1 4f a7 e5 66 4a c6 d8 55 eb 02 ce  =....O..fJ..U...
171af697  7e bd 2e 87 46 c8 12 30 eb 76 bf bc 3a bd 94 26  ~...F..0.v..:..&
171af6a7  47 14 50 a3 be e5 1a a4 9b bd cb b5 d3 cd 8a fe  G.P.............
[+] Output data after DECRYPT (first 64 bytes):
           0  1  2  3  4  5  6  7  8  9  A  B  C  D  E  F  0123456789ABCDEF
171aea33  24 00 00 00 a9 7a 1f 8c a9 7e f2 ac e0 25 71 1d  $....z...~...%q.
171aea43  8b 78 6f 9f d1 a0 8a 49 b9 21 95 4c e7 25 f5 81  .xo....I.!.L.%..
171aea53  10 f8 d6 11 6c c8 3c 3f 08 00 00 00 57 1d cb 60  ....l.<?....W..`
171aea63  0e 8d ea 2c 08 00 00 00 09 49 f9 a7 b4 93 9a 63  ...,.....I.....c

[+] ======= BF_cfb64_encrypt call #3 =======
[+] Mode: ENCRYPT
[+] Length: 182 bytes
[+] BF_KEY ptr: 0x171ae978
[+] IV ptr: 0x171aee30
[+] num ptr: 0x171ae964 (value: 0)
[+] IV (8 bytes):
           0  1  2  3  4  5  6  7  8  9  A  B  C  D  E  F  0123456789ABCDEF
171aee30  00 00 00 00 00 00 00 00                          ........
[+] Input data (first 64 bytes):
           0  1  2  3  4  5  6  7  8  9  A  B  C  D  E  F  0123456789ABCDEF
171ae9fc  48 75 a0 a7 ba 8e 4f af 00 00 00 1b 00 00 00 4d  Hu....O........M
171aea0c  98 fc 6f d9 50 6b e4 cb 61 3e b9 01 1c da 00 1d  ..o.Pk..a>......
171aea1c  37 fb 73 52 24 bb 81 6b 04 97 80 00 00 00 32 35  7.sR$..k......25
171aea2c  41 38 32 36 31 33 38 36 41 35 38 36 38 35 35 46  A8261386A586855F
[+] Output data after ENCRYPT (first 64 bytes):
           0  1  2  3  4  5  6  7  8  9  A  B  C  D  E  F  0123456789ABCDEF
171aee68  f4 ff 20 42 05 3e 5b b2 47 db 53 8c 72 2c e6 b4  .. B.>[.G.S.r,..
171aee78  bb a8 a6 40 12 22 3f 8e e8 7c 2e fb 61 cf fb c9  ...@."?..|..a...
171aee88  60 7f 7f 6d 4a ca d5 45 38 d4 be ae f5 d1 e0 a2  `..mJ..E8.......
171aee98  45 ed df ac 48 30 4d 0d d2 91 cb 68 3f 2a 1f 5b  E...H0M....h?*.[
[!] DoReceiveShakeHand returned: 0x3
[!] ===== HANDSHAKE ENDED =====

[>] Encrypt wrapper called — context: 0x2198820

[+] ======= BF_cfb64_encrypt call #4 =======
[+] Mode: ENCRYPT
[+] Length: 52 bytes
[+] BF_KEY ptr: 0x219946c
[+] IV ptr: 0x2199441
[+] num ptr: 0x2199434 (value: 0)
[+] IV (8 bytes):
           0  1  2  3  4  5  6  7  8  9  A  B  C  D  E  F  0123456789ABCDEF
02199441  09 49 f9 a7 b4 93 9a 63                          .I.....c
[+] Input data (first 52 bytes):
           0  1  2  3  4  5  6  7  8  9  A  B  C  D  E  F  0123456789ABCDEF
02198820  34 00 7d 09 e4 29 f1 a7 05 31 0f 1b f9 1b c8 3b  4.}..)...1.....;
02198830  1a 82 fd 21 d7 6b 3e 6a c3 b5 20 95 fc f8 ac 6d  ...!.k>j.. ....m
02198840  15 66 2f f5 1d 2c 07 99 dd d9 8e 99 d2 68 99 e5  .f/..,.......h..
02198850  6d 13 dd 13                                      m...
[+] Output data after ENCRYPT (first 52 bytes):
           0  1  2  3  4  5  6  7  8  9  A  B  C  D  E  F  0123456789ABCDEF
02197820  66 59 a4 86 8d 2d 56 60 7a 10 c5 2a 60 c6 05 ef  fY...-V`z..*`...
02197830  0e 4a dc 7e f4 cf 4b 8d 36 63 ac ac 8d c3 b5 f3  .J.~..K.6c......
02197840  10 25 c7 b6 c2 ec 3c 43 ee 9a d5 a0 81 d5 86 66  .%....<C.......f
02197850  1d a6 01 43                                      ...C
[>] Encrypt wrapper called — context: 0x16f83f8

[+] ======= BF_cfb64_encrypt call #5 =======
[+] Mode: ENCRYPT
[+] Length: 8 bytes
[+] BF_KEY ptr: 0x219946c
[+] IV ptr: 0x2199441
[+] num ptr: 0x2199434 (value: 4)
[+] IV (8 bytes):
           0  1  2  3  4  5  6  7  8  9  A  B  C  D  E  F  0123456789ABCDEF
02199441  1d a6 01 43 bf 15 80 78                          ...C...x
[+] Input data (first 8 bytes):
           0  1  2  3  4  5  6  7  8  9  A  B  C  D  E  F  0123456789ABCDEF
016f83f8  54 51 43 6c 69 65 6e 74                          TQClient
[+] Output data after ENCRYPT (first 8 bytes):
           0  1  2  3  4  5  6  7  8  9  A  B  C  D  E  F  0123456789ABCDEF
02197820  eb 44 c3 14 44 fe c4 f4                          .D..D...
[>] Decrypt wrapper called — context: 0x171afe9c

[+] ======= BF_cfb64_encrypt call #6 =======
[+] Mode: DECRYPT
[+] Length: 2 bytes
[+] BF_KEY ptr: 0x219946c
[+] IV ptr: 0x2199439
[+] num ptr: 0x2199430 (value: 0)
[+] IV (8 bytes):
           0  1  2  3  4  5  6  7  8  9  A  B  C  D  E  F  0123456789ABCDEF
02199439  57 1d cb 60 0e 8d ea 2c                          W..`...,
[+] Input data (first 2 bytes):
           0  1  2  3  4  5  6  7  8  9  A  B  C  D  E  F  0123456789ABCDEF
171afe9c  3e aa                                            >.
[+] Output data after DECRYPT (first 2 bytes):
           0  1  2  3  4  5  6  7  8  9  A  B  C  D  E  F  0123456789ABCDEF
02197820  38 00                                            8.
[>] Decrypt wrapper called — context: 0x2198022

[+] ======= BF_cfb64_encrypt call #7 =======
[+] Mode: DECRYPT
[+] Length: 62 bytes
[+] BF_KEY ptr: 0x219946c
[+] IV ptr: 0x2199439
[+] num ptr: 0x2199430 (value: 2)
[+] IV (8 bytes):
           0  1  2  3  4  5  6  7  8  9  A  B  C  D  E  F  0123456789ABCDEF
02199439  3e aa e6 d6 72 e2 e3 ca                          >...r...
[+] Input data (first 62 bytes):
           0  1  2  3  4  5  6  7  8  9  A  B  C  D  E  F  0123456789ABCDEF
02198022  df df 7a 1d 1c 35 84 dc 9b 3c 08 f2 47 1c 64 a3  ..z..5...<..G.d.
02198032  2b 87 15 cc ef a0 58 10 30 c9 e0 f7 af bc fe 8d  +.....X.0.......
02198042  13 c5 31 98 80 b9 8e 50 53 59 b5 29 81 ad 1f 38  ..1....PSY.)...8
02198052  35 d6 f6 3e 1f e6 42 f0 85 09 b5 e6 e9 d6        5..>..B.......
[+] Output data after DECRYPT (first 62 bytes):
           0  1  2  3  4  5  6  7  8  9  A  B  C  D  E  F  0123456789ABCDEF
02197820  39 09 08 ff ff ff 07 10 b5 10 18 00 20 b0 09 30  9........... ..0
02197830  00 38 00 40 01 48 00 72 06 53 59 53 54 45 4d 72  .8.@.H.r.SYSTEMr
02197840  08 41 4c 4c 55 53 45 52 53 72 00 72 09 41 4e 53  .ALLUSERSr.r.ANS
02197850  57 45 52 5f 4f 4b 54 51 53 65 72 76 65 72        WER_OKTQServer
[>] Decrypt wrapper called — context: 0x171afe9c

[+] ======= BF_cfb64_encrypt call #8 =======
[+] Mode: DECRYPT
[+] Length: 2 bytes
[+] BF_KEY ptr: 0x219946c
[+] IV ptr: 0x2199439
[+] num ptr: 0x2199430 (value: 0)
[+] IV (8 bytes):
           0  1  2  3  4  5  6  7  8  9  A  B  C  D  E  F  0123456789ABCDEF
02199439  42 f0 85 09 b5 e6 e9 d6                          B.......
[+] Input data (first 2 bytes):
           0  1  2  3  4  5  6  7  8  9  A  B  C  D  E  F  0123456789ABCDEF
171afe9c  8c b7                                            ..
[+] Output data after DECRYPT (first 2 bytes):
           0  1  2  3  4  5  6  7  8  9  A  B  C  D  E  F  0123456789ABCDEF
02197820  0c 00                                            ..
[>] Decrypt wrapper called — context: 0x2198022

[+] ======= BF_cfb64_encrypt call #9 =======
[+] Mode: DECRYPT
[+] Length: 18 bytes
[+] BF_KEY ptr: 0x219946c
[+] IV ptr: 0x2199439
[+] num ptr: 0x2199430 (value: 2)
[+] IV (8 bytes):
           0  1  2  3  4  5  6  7  8  9  A  B  C  D  E  F  0123456789ABCDEF
02199439  8c b7 6e ef 0e 8a 3d 69                          ..n...=i
[+] Input data (first 18 bytes):
           0  1  2  3  4  5  6  7  8  9  A  B  C  D  E  F  0123456789ABCDEF
02198022  3d e6 0e 8a 3d 69 3e 51 cb 9a e9 c4 9e bc 3b 34  =...=i>Q......;4
02198032  90 46                                            .F
[+] Output data after DECRYPT (first 18 bytes):
           0  1  2  3  4  5  6  7  8  9  A  B  C  D  E  F  0123456789ABCDEF
02197820  53 09 00 00 00 00 00 00 00 00 54 51 53 65 72 76  S.........TQServ
02197830  65 72                                            er
[>] Decrypt wrapper called — context: 0x171afe9c

[+] ======= BF_cfb64_encrypt call #10 =======
[+] Mode: DECRYPT
[+] Length: 2 bytes
[+] BF_KEY ptr: 0x219946c
[+] IV ptr: 0x2199439
[+] num ptr: 0x2199430 (value: 4)
[+] IV (8 bytes):
           0  1  2  3  4  5  6  7  8  9  A  B  C  D  E  F  0123456789ABCDEF
02199439  3b 34 90 46 ae a0 03 42                          ;4.F...B
[+] Input data (first 2 bytes):
           0  1  2  3  4  5  6  7  8  9  A  B  C  D  E  F  0123456789ABCDEF
171afe9c  aa a2                                            ..
[+] Output data after DECRYPT (first 2 bytes):
           0  1  2  3  4  5  6  7  8  9  A  B  C  D  E  F  0123456789ABCDEF
02197820  04 02                                            ..
[>] Decrypt wrapper called — context: 0x2198022

[+] ======= BF_cfb64_encrypt call #11 =======
[+] Mode: DECRYPT
[+] Length: 522 bytes
[+] BF_KEY ptr: 0x219946c
[+] IV ptr: 0x2199439
[+] num ptr: 0x2199430 (value: 6)
[+] IV (8 bytes):
           0  1  2  3  4  5  6  7  8  9  A  B  C  D  E  F  0123456789ABCDEF
02199439  3b 34 90 46 aa a2 03 42                          ;4.F...B
[+] Input data (first 64 bytes):
           0  1  2  3  4  5  6  7  8  9  A  B  C  D  E  F  0123456789ABCDEF
02198022  3d 4b 18 54 86 0b 34 32 bf 95 20 80 af e9 28 6b  =K.T..42.. ...(k
02198032  fc e2 60 98 5e d3 ea 24 4e 8b 66 ff fb 11 b7 8e  ..`.^..$N.f.....
02198042  8f 7c de ff 78 19 ec 9a 2a 85 52 c0 ae b5 99 3d  .|..x...*.R....=
02198052  04 1c 47 65 10 6f fe ae 6e 2c dc 0b b7 7f 97 c8  ..Ge.o..n,......
[+] Output data after DECRYPT (first 64 bytes):
           0  1  2  3  4  5  6  7  8  9  A  B  C  D  E  F  0123456789ABCDEF
02197820  3e 09 00 00 00 00 00 00 00 00 00 00 00 00 00 00  >...............
02197830  00 00 00 00 00 00 00 00 00 00 00 00 00 00 00 00  ................
02197840  00 00 00 00 00 00 00 00 00 00 00 00 00 00 00 00  ................
02197850  00 00 00 00 00 00 00 00 00 00 00 00 00 00 00 00  ................
[>] Decrypt wrapper called — context: 0x171afe9c

[+] ======= BF_cfb64_encrypt call #12 =======
[+] Mode: DECRYPT
[+] Length: 2 bytes
[+] BF_KEY ptr: 0x219946c
[+] IV ptr: 0x2199439
[+] num ptr: 0x2199430 (value: 0)
[+] IV (8 bytes):
           0  1  2  3  4  5  6  7  8  9  A  B  C  D  E  F  0123456789ABCDEF
02199439  09 ab c0 90 64 e0 df 3d                          ....d..=
[+] Input data (first 2 bytes):
           0  1  2  3  4  5  6  7  8  9  A  B  C  D  E  F  0123456789ABCDEF
171afe9c  df 6b                                            .k
[+] Output data after DECRYPT (first 2 bytes):
           0  1  2  3  4  5  6  7  8  9  A  B  C  D  E  F  0123456789ABCDEF
02197820  40 00                                            @.
[>] Decrypt wrapper called — context: 0x2198022

[+] ======= BF_cfb64_encrypt call #13 =======
[+] Mode: DECRYPT
[+] Length: 70 bytes
[+] BF_KEY ptr: 0x219946c
[+] IV ptr: 0x2199439
[+] num ptr: 0x2199430 (value: 2)
[+] IV (8 bytes):
           0  1  2  3  4  5  6  7  8  9  A  B  C  D  E  F  0123456789ABCDEF
02199439  df 6b 41 76 22 f5 9b 2b                          .kAv"..+
[+] Input data (first 64 bytes):
           0  1  2  3  4  5  6  7  8  9  A  B  C  D  E  F  0123456789ABCDEF
02198022  78 7f 2a 0a 64 d4 f5 69 47 38 06 05 f3 51 28 f9  x.*.d..iG8...Q(.
02198032  62 8f d6 99 c9 dd a8 bb af 5c a2 58 78 76 4e 63  b........\.XxvNc
02198042  a5 74 83 94 b4 0c f3 81 e7 06 56 ac 34 b1 cf 70  .t........V.4..p
02198052  38 e8 a4 6f 1b e2 11 9d b8 aa 25 58 0e 93 c4 44  8..o......%X...D
[+] Output data after DECRYPT (first 64 bytes):
           0  1  2  3  4  5  6  7  8  9  A  B  C  D  E  F  0123456789ABCDEF
02197820  39 09 08 ff ff ff 07 10 d0 0f 18 00 20 b0 09 30  9........... ..0
02197830  00 38 00 40 01 48 00 72 06 53 59 53 54 45 4d 72  .8.@.H.r.SYSTEMr
02197840  07 4c 65 70 6f 53 65 6e 72 00 72 12 53 54 52 5f  .LepoSenr.r.STR_
02197850  46 45 45 54 59 50 45 5f 46 52 45 45 40 40 54 51  FEETYPE_FREE@@TQ
[>] Decrypt wrapper called — context: 0x171afe9c

[+] ======= BF_cfb64_encrypt call #14 =======
[+] Mode: DECRYPT
[+] Length: 2 bytes
[+] BF_KEY ptr: 0x219946c
[+] IV ptr: 0x2199439
[+] num ptr: 0x2199430 (value: 0)
[+] IV (8 bytes):
           0  1  2  3  4  5  6  7  8  9  A  B  C  D  E  F  0123456789ABCDEF
02199439  c4 44 ea 02 0e 52 48 24                          .D...RH$
[+] Input data (first 2 bytes):
           0  1  2  3  4  5  6  7  8  9  A  B  C  D  E  F  0123456789ABCDEF
171afe9c  54 3c                                            T<
[+] Output data after DECRYPT (first 2 bytes):
           0  1  2  3  4  5  6  7  8  9  A  B  C  D  E  F  0123456789ABCDEF
02197820  41 00                                            A.
[>] Decrypt wrapper called — context: 0x2198022

[+] ======= BF_cfb64_encrypt call #15 =======
[+] Mode: DECRYPT
[+] Length: 71 bytes
[+] BF_KEY ptr: 0x219946c
[+] IV ptr: 0x2199439
[+] num ptr: 0x2199430 (value: 2)
[+] IV (8 bytes):
           0  1  2  3  4  5  6  7  8  9  A  B  C  D  E  F  0123456789ABCDEF
02199439  54 3c 61 0b 1b 28 af 1b                          T<a..(..
[+] Input data (first 64 bytes):
           0  1  2  3  4  5  6  7  8  9  A  B  C  D  E  F  0123456789ABCDEF
02198022  58 02 13 d7 50 e4 82 60 f1 5d c9 35 fb 36 5b 0e  X...P..`.].5.6[.
02198032  ac d4 65 9b 26 5f 8b 71 55 a1 6a 15 49 8b a9 d3  ..e.&_.qU.j.I...
02198042  f1 02 91 44 48 9e 3f a7 e3 40 f0 d4 2c 66 df 97  ...DH.?..@..,f..
02198052  b3 95 91 a1 44 27 34 4e d3 46 9e c4 ba c1 c4 e2  ....D'4N.F......
[+] Output data after DECRYPT (first 64 bytes):
           0  1  2  3  4  5  6  7  8  9  A  B  C  D  E  F  0123456789ABCDEF
02197820  39 09 08 ff ff ff 07 10 d0 0f 18 00 20 b0 09 30  9........... ..0
02197830  00 38 00 40 01 48 00 72 06 53 59 53 54 45 4d 72  .8.@.H.r.SYSTEMr
02197840  07 4c 65 70 6f 53 65 6e 72 00 72 13 53 54 52 5f  .LepoSenr.r.STR_
02197850  46 45 45 54 59 50 45 5f 4b 4e 4f 57 4e 40 40 54  FEETYPE_KNOWN@@T
[>] Encrypt wrapper called — context: 0x2198820

[+] ======= BF_cfb64_encrypt call #16 =======
[+] Mode: ENCRYPT
[+] Length: 10 bytes
[+] BF_KEY ptr: 0x219946c
[+] IV ptr: 0x2199441
[+] num ptr: 0x2199434 (value: 4)
[+] IV (8 bytes):
           0  1  2  3  4  5  6  7  8  9  A  B  C  D  E  F  0123456789ABCDEF
02199441  44 fe c4 f4 88 2d a1 bd                          D....-..
[+] Input data (first 10 bytes):
           0  1  2  3  4  5  6  7  8  9  A  B  C  D  E  F  0123456789ABCDEF
02198820  0a 00 f9 09 08 04 48 01 50 04                    ......H.P.
[+] Output data after ENCRYPT (first 10 bytes):
           0  1  2  3  4  5  6  7  8  9  A  B  C  D  E  F  0123456789ABCDEF
02197820  82 2d 58 b4 ee 56 9c 62 b7 03                    .-X..V.b..
[>] Encrypt wrapper called — context: 0x16f83f8

[+] ======= BF_cfb64_encrypt call #17 =======
[+] Mode: ENCRYPT
[+] Length: 8 bytes
[+] BF_KEY ptr: 0x219946c
[+] IV ptr: 0x2199441
[+] num ptr: 0x2199434 (value: 6)
[+] IV (8 bytes):
           0  1  2  3  4  5  6  7  8  9  A  B  C  D  E  F  0123456789ABCDEF
02199441  ee 56 9c 62 b7 03 3a 56                          .V.b..:V
[+] Input data (first 8 bytes):
           0  1  2  3  4  5  6  7  8  9  A  B  C  D  E  F  0123456789ABCDEF
016f83f8  54 51 43 6c 69 65 6e 74                          TQClient
[+] Output data after ENCRYPT (first 8 bytes):
           0  1  2  3  4  5  6  7  8  9  A  B  C  D  E  F  0123456789ABCDEF
02197820  6e 07 68 6b 16 ff d4 f7                          n.hk....
[>] Decrypt wrapper called — context: 0x171afe9c

[+] ======= BF_cfb64_encrypt call #18 =======
[+] Mode: DECRYPT
[+] Length: 2 bytes
[+] BF_KEY ptr: 0x219946c
[+] IV ptr: 0x2199439
[+] num ptr: 0x2199430 (value: 1)
[+] IV (8 bytes):
           0  1  2  3  4  5  6  7  8  9  A  B  C  D  E  F  0123456789ABCDEF
02199439  8e 39 c3 05 4d d4 44 5d                          .9..M.D]
[+] Input data (first 2 bytes):
           0  1  2  3  4  5  6  7  8  9  A  B  C  D  E  F  0123456789ABCDEF
171afe9c  25 c3                                            %.
[+] Output data after DECRYPT (first 2 bytes):
           0  1  2  3  4  5  6  7  8  9  A  B  C  D  E  F  0123456789ABCDEF
02197820  1c 00                                            ..
[>] Decrypt wrapper called — context: 0x2198022

[+] ======= BF_cfb64_encrypt call #19 =======
[+] Mode: DECRYPT
[+] Length: 34 bytes
[+] BF_KEY ptr: 0x219946c
[+] IV ptr: 0x2199439
[+] num ptr: 0x2199430 (value: 3)
[+] IV (8 bytes):
           0  1  2  3  4  5  6  7  8  9  A  B  C  D  E  F  0123456789ABCDEF
02199439  8e 25 c3 05 4d d4 44 5d                          .%..M.D]
[+] Input data (first 34 bytes):
           0  1  2  3  4  5  6  7  8  9  A  B  C  D  E  F  0123456789ABCDEF
02198022  b6 45 dc 44 4d 8c 6e d5 23 d1 0f 6c f4 37 6b fd  .E.DM.n.#..l.7k.
02198032  02 87 86 4c cc 53 23 7a 89 c3 e0 55 b9 d0 e0 02  ...L.S#z...U....
02198042  42 1e                                            B.
[+] Output data after DECRYPT (first 34 bytes):
           0  1  2  3  4  5  6  7  8  9  A  B  C  D  E  F  0123456789ABCDEF
02197820  b3 08 08 00 10 7e 18 02 20 57 28 1d 30 0c 38 00  .....~.. W(.0.8.
02197830  40 33 48 f3 89 a6 ce 06 50 00 54 51 53 65 72 76  @3H.....P.TQServ
02197840  65 72                                            er
[>] Decrypt wrapper called — context: 0x171afe9c

[+] ======= BF_cfb64_encrypt call #20 =======
[+] Mode: DECRYPT
[+] Length: 2 bytes
[+] BF_KEY ptr: 0x219946c
[+] IV ptr: 0x2199439
[+] num ptr: 0x2199430 (value: 5)
[+] IV (8 bytes):
           0  1  2  3  4  5  6  7  8  9  A  B  C  D  E  F  0123456789ABCDEF
02199439  d0 e0 02 42 1e 75 49 15                          ...B.uI.
[+] Input data (first 2 bytes):
           0  1  2  3  4  5  6  7  8  9  A  B  C  D  E  F  0123456789ABCDEF
171afe9c  35 49                                            5I
[+] Output data after DECRYPT (first 2 bytes):
           0  1  2  3  4  5  6  7  8  9  A  B  C  D  E  F  0123456789ABCDEF
02197820  40 00                                            @.
[>] Decrypt wrapper called — context: 0x2198022

[+] ======= BF_cfb64_encrypt call #21 =======
[+] Mode: DECRYPT
[+] Length: 70 bytes
[+] BF_KEY ptr: 0x219946c
[+] IV ptr: 0x2199439
[+] num ptr: 0x2199430 (value: 7)
[+] IV (8 bytes):
           0  1  2  3  4  5  6  7  8  9  A  B  C  D  E  F  0123456789ABCDEF
02199439  d0 e0 02 42 1e 35 49 15                          ...B.5I.
[+] Input data (first 64 bytes):
           0  1  2  3  4  5  6  7  8  9  A  B  C  D  E  F  0123456789ABCDEF
02198022  38 9e d6 ed e9 fd 12 dd d8 2c f2 a9 b2 04 24 9f  8........,....$.
02198032  32 04 cf 13 00 f5 4c dd ea c2 55 b0 c4 e7 bc 31  2.....L...U....1
02198042  74 76 06 0e 1a b2 85 e1 12 29 01 9d 8e 79 6b e3  tv.......)...yk.
02198052  02 5e 80 a0 ee 6e 06 18 5e 88 b1 d3 bf aa f2 c4  .^...n..^.......
[+] Output data after DECRYPT (first 64 bytes):
           0  1  2  3  4  5  6  7  8  9  A  B  C  D  E  F  0123456789ABCDEF
02197820  2d 09 08 00 10 00 1a 07 08 de 80 cb 01 10 00 1a  -...............
02197830  07 08 a1 d4 cb 01 10 00 1a 07 08 cd fc cb 01 10  ................
02197840  00 1a 07 08 f4 83 cc 01 10 00 1a 07 08 eb 9c cc  ................
02197850  01 10 00 1a 07 08 e7 b9 cc 01 10 00 30 00 54 51  ............0.TQ
[>] Decrypt wrapper called — context: 0x171afe9c

[+] ======= BF_cfb64_encrypt call #22 =======
[+] Mode: DECRYPT
[+] Length: 2 bytes
[+] BF_KEY ptr: 0x219946c
[+] IV ptr: 0x2199439
[+] num ptr: 0x2199430 (value: 5)
[+] IV (8 bytes):
           0  1  2  3  4  5  6  7  8  9  A  B  C  D  E  F  0123456789ABCDEF
02199439  96 9a 73 4e a2 97 8c 4e                          ..sN...N
[+] Input data (first 2 bytes):
           0  1  2  3  4  5  6  7  8  9  A  B  C  D  E  F  0123456789ABCDEF
171afe9c  9d 8c                                            ..
[+] Output data after DECRYPT (first 2 bytes):
           0  1  2  3  4  5  6  7  8  9  A  B  C  D  E  F  0123456789ABCDEF
02197820  0a 00                                            ..
[>] Decrypt wrapper called — context: 0x2198022

[+] ======= BF_cfb64_encrypt call #23 =======
[+] Mode: DECRYPT
[+] Length: 16 bytes
[+] BF_KEY ptr: 0x219946c
[+] IV ptr: 0x2199439
[+] num ptr: 0x2199430 (value: 7)
[+] IV (8 bytes):
           0  1  2  3  4  5  6  7  8  9  A  B  C  D  E  F  0123456789ABCDEF
02199439  96 9a 73 4e a2 9d 8c 4e                          ..sN...N
[+] Input data (first 16 bytes):
           0  1  2  3  4  5  6  7  8  9  A  B  C  D  E  F  0123456789ABCDEF
02198022  db 07 e6 42 61 8b 2d 7a 48 51 d3 46 d5 f8 86 a7  ...Ba.-zHQ.F....
[+] Output data after DECRYPT (first 16 bytes):
           0  1  2  3  4  5  6  7  8  9  A  B  C  D  E  F  0123456789ABCDEF
02197820  95 09 08 02 10 00 18 00 54 51 53 65 72 76 65 72  ........TQServer
[>] Decrypt wrapper called — context: 0x171afe9c

[+] ======= BF_cfb64_encrypt call #24 =======
[+] Mode: DECRYPT
[+] Length: 2 bytes
[+] BF_KEY ptr: 0x219946c
[+] IV ptr: 0x2199439
[+] num ptr: 0x2199430 (value: 7)
[+] IV (8 bytes):
           0  1  2  3  4  5  6  7  8  9  A  B  C  D  E  F  0123456789ABCDEF
02199439  51 d3 46 d5 f8 86 a7 db                          Q.F.....
[+] Input data (first 2 bytes):
           0  1  2  3  4  5  6  7  8  9  A  B  C  D  E  F  0123456789ABCDEF
171afe9c  bf 5c                                            .\
[+] Output data after DECRYPT (first 2 bytes):
           0  1  2  3  4  5  6  7  8  9  A  B  C  D  E  F  0123456789ABCDEF
02197820  64 00                                            d.
[>] Decrypt wrapper called — context: 0x2198022

[+] ======= BF_cfb64_encrypt call #25 =======
[+] Mode: DECRYPT
[+] Length: 106 bytes
[+] BF_KEY ptr: 0x219946c
[+] IV ptr: 0x2199439
[+] num ptr: 0x2199430 (value: 1)
[+] IV (8 bytes):
           0  1  2  3  4  5  6  7  8  9  A  B  C  D  E  F  0123456789ABCDEF
02199439  5c d0 99 59 c2 ba c7 14                          \..Y....
[+] Input data (first 64 bytes):
           0  1  2  3  4  5  6  7  8  9  A  B  C  D  E  F  0123456789ABCDEF
02198022  e9 90 51 42 44 38 13 71 ae 46 44 d7 45 a4 c3 f8  ..QBD8.q.FD.E...
02198032  9b 41 5a 31 f8 2f ae 6c c4 53 7f 1d e0 e7 5a e2  .AZ1./.l.S....Z.
02198042  c5 c5 86 5d a0 69 73 84 05 0a e1 51 77 e0 f5 83  ...].is....Qw...
02198052  0d 6b df 1f d3 92 55 42 66 4c be ba 5c f7 87 53  .k....UBfL..\..S
[+] Output data after DECRYPT (first 64 bytes):
           0  1  2  3  4  5  6  7  8  9  A  B  C  D  E  F  0123456789ABCDEF
02197820  39 09 08 80 fe ff 07 10 d5 0f 18 00 20 b0 09 30  9........... ..0
02197830  00 38 00 40 01 48 00 50 00 5a 00 72 06 53 59 53  .8.@.H.P.Z.r.SYS
02197840  54 45 4d 72 07 4c 65 70 6f 53 65 6e 72 00 72 32  TEMr.LepoSenr.r2
02197850  53 54 52 5f 49 44 5f 74 52 75 6e 65 44 65 63 6f  STR_ID_tRuneDeco
[>] Decrypt wrapper called — context: 0x171afe9c

[+] ======= BF_cfb64_encrypt call #26 =======
[+] Mode: DECRYPT
[+] Length: 2 bytes
[+] BF_KEY ptr: 0x219946c
[+] IV ptr: 0x2199439
[+] num ptr: 0x2199430 (value: 3)
[+] IV (8 bytes):
           0  1  2  3  4  5  6  7  8  9  A  B  C  D  E  F  0123456789ABCDEF
02199439  27 e8 6f 37 c6 4e 0b 97                          '.o7.N..
[+] Input data (first 2 bytes):
           0  1  2  3  4  5  6  7  8  9  A  B  C  D  E  F  0123456789ABCDEF
171afe9c  3b c6                                            ;.
[+] Output data after DECRYPT (first 2 bytes):
           0  1  2  3  4  5  6  7  8  9  A  B  C  D  E  F  0123456789ABCDEF
02197820  0c 00                                            ..
[>] Decrypt wrapper called — context: 0x2198022

[+] ======= BF_cfb64_encrypt call #27 =======
[+] Mode: DECRYPT
[+] Length: 18 bytes
[+] BF_KEY ptr: 0x219946c
[+] IV ptr: 0x2199439
[+] num ptr: 0x2199430 (value: 5)
[+] IV (8 bytes):
           0  1  2  3  4  5  6  7  8  9  A  B  C  D  E  F  0123456789ABCDEF
02199439  27 e8 6f 3b c6 4e 0b 97                          '.o;.N..
[+] Input data (first 18 bytes):
           0  1  2  3  4  5  6  7  8  9  A  B  C  D  E  F  0123456789ABCDEF
02198022  d6 02 9f 09 0f 0a 9a 46 67 21 19 52 a9 5b 47 83  .......Fg!.R.[G.
02198032  b4 4f                                            .O
[+] Output data after DECRYPT (first 18 bytes):
           0  1  2  3  4  5  6  7  8  9  A  B  C  D  E  F  0123456789ABCDEF
02197820  98 09 08 00 10 00 18 00 20 00 54 51 53 65 72 76  ........ .TQServ
02197830  65 72                                            er
[>] Decrypt wrapper called — context: 0x171afe9c

[+] ======= BF_cfb64_encrypt call #28 =======
[+] Mode: DECRYPT
[+] Length: 2 bytes
[+] BF_KEY ptr: 0x219946c
[+] IV ptr: 0x2199439
[+] num ptr: 0x2199430 (value: 7)
[+] IV (8 bytes):
           0  1  2  3  4  5  6  7  8  9  A  B  C  D  E  F  0123456789ABCDEF
02199439  52 a9 5b 47 83 b4 4f 16                          R.[G..O.
[+] Input data (first 2 bytes):
           0  1  2  3  4  5  6  7  8  9  A  B  C  D  E  F  0123456789ABCDEF
171afe9c  0a 6b                                            .k
[+] Output data after DECRYPT (first 2 bytes):
           0  1  2  3  4  5  6  7  8  9  A  B  C  D  E  F  0123456789ABCDEF
02197820  1c 00                                            ..
[>] Decrypt wrapper called — context: 0x2198022

[+] ======= BF_cfb64_encrypt call #29 =======
[+] Mode: DECRYPT
[+] Length: 34 bytes
[+] BF_KEY ptr: 0x219946c
[+] IV ptr: 0x2199439
[+] num ptr: 0x2199430 (value: 1)
[+] IV (8 bytes):
           0  1  2  3  4  5  6  7  8  9  A  B  C  D  E  F  0123456789ABCDEF
02199439  6b 4e 32 de 52 a5 c4 53                          kN2.R..S
[+] Input data (first 34 bytes):
           0  1  2  3  4  5  6  7  8  9  A  B  C  D  E  F  0123456789ABCDEF
02198022  1c 3b de 52 a5 c4 53 a4 e4 4f db 7a c8 4a d2 b7  .;.R..S..O.z.J..
02198032  79 79 92 61 16 7d 14 28 6a 1c 90 26 0e 3b 6d db  yy.a.}.(j..&.;m.
02198042  a5 13                                            ..
[+] Output data after DECRYPT (first 34 bytes):
           0  1  2  3  4  5  6  7  8  9  A  B  C  D  E  F  0123456789ABCDEF
02197820  52 09 00 00 00 00 00 00 00 00 0f 00 00 00 0f 27  R..............'
02197830  00 00 03 00 00 00 56 00 00 00 54 51 53 65 72 76  ......V...TQServ
02197840  65 72                                            er
[>] Decrypt wrapper called — context: 0x171afe9c

[+] ======= BF_cfb64_encrypt call #30 =======
[+] Mode: DECRYPT
[+] Length: 2 bytes
[+] BF_KEY ptr: 0x219946c
[+] IV ptr: 0x2199439
[+] num ptr: 0x2199430 (value: 3)
[+] IV (8 bytes):
           0  1  2  3  4  5  6  7  8  9  A  B  C  D  E  F  0123456789ABCDEF
02199439  db a5 13 7b cc b2 21 ad                          ...{..!.
[+] Input data (first 2 bytes):
           0  1  2  3  4  5  6  7  8  9  A  B  C  D  E  F  0123456789ABCDEF
171afe9c  38 cd                                            8.
[+] Output data after DECRYPT (first 2 bytes):
           0  1  2  3  4  5  6  7  8  9  A  B  C  D  E  F  0123456789ABCDEF
02197820  43 01                                            C.
[>] Decrypt wrapper called — context: 0x2198022

[+] ======= BF_cfb64_encrypt call #31 =======
[+] Mode: DECRYPT
[+] Length: 329 bytes
[+] BF_KEY ptr: 0x219946c
[+] IV ptr: 0x2199439
[+] num ptr: 0x2199430 (value: 5)
[+] IV (8 bytes):
           0  1  2  3  4  5  6  7  8  9  A  B  C  D  E  F  0123456789ABCDEF
02199439  db a5 13 38 cd b2 21 ad                          ...8..!.
[+] Input data (first 64 bytes):
           0  1  2  3  4  5  6  7  8  9  A  B  C  D  E  F  0123456789ABCDEF
02198022  aa 28 a5 42 dc 53 d8 e6 94 a4 11 3b 87 1f 27 3b  .(.B.S.....;..';
02198032  3e c0 b6 f9 15 71 9b 2d 3f 62 35 94 2f 8b bd 3b  >....q.-?b5./..;
02198042  9e 94 d4 fc 7e 41 38 bb 22 c3 9f 53 30 15 fc 46  ....~A8."..S0..F
02198052  59 1a e9 ba 7a 5a b4 07 aa a0 05 95 13 96 0a e4  Y...zZ..........
[+] Output data after DECRYPT (first 64 bytes):
           0  1  2  3  4  5  6  7  8  9  A  B  C  D  E  F  0123456789ABCDEF
02197820  18 09 08 03 12 06 08 01 18 00 20 00 12 06 08 02  .......... .....
02197830  18 00 20 00 12 06 08 03 18 00 20 00 12 06 08 04  .. ....... .....
02197840  18 00 20 00 12 06 08 05 18 00 20 00 12 06 08 06  .. ....... .....
02197850  18 00 20 00 12 06 08 07 18 00 20 00 12 06 08 08  .. ....... .....
[>] Decrypt wrapper called — context: 0x171afe9c

[+] ======= BF_cfb64_encrypt call #32 =======
[+] Mode: DECRYPT
[+] Length: 2 bytes
[+] BF_KEY ptr: 0x219946c
[+] IV ptr: 0x2199439
[+] num ptr: 0x2199430 (value: 6)
[+] IV (8 bytes):
           0  1  2  3  4  5  6  7  8  9  A  B  C  D  E  F  0123456789ABCDEF
02199439  f5 ab 5c e9 04 be de c8                          ..\.....
[+] Input data (first 2 bytes):
           0  1  2  3  4  5  6  7  8  9  A  B  C  D  E  F  0123456789ABCDEF
171afe9c  da c8                                            ..
[+] Output data after DECRYPT (first 2 bytes):
           0  1  2  3  4  5  6  7  8  9  A  B  C  D  E  F  0123456789ABCDEF
02197820  04 00                                            ..
[>] Decrypt wrapper called — context: 0x2198022

[+] ======= BF_cfb64_encrypt call #33 =======
[+] Mode: DECRYPT
[+] Length: 10 bytes
[+] BF_KEY ptr: 0x219946c
[+] IV ptr: 0x2199439
[+] num ptr: 0x2199430 (value: 0)
[+] IV (8 bytes):
           0  1  2  3  4  5  6  7  8  9  A  B  C  D  E  F  0123456789ABCDEF
02199439  f5 ab 5c e9 04 be da c8                          ..\.....
[+] Input data (first 10 bytes):
           0  1  2  3  4  5  6  7  8  9  A  B  C  D  E  F  0123456789ABCDEF
02198022  9f f7 38 bc 72 ad f8 71 db 88                    ..8.r..q..
[+] Output data after DECRYPT (first 10 bytes):
           0  1  2  3  4  5  6  7  8  9  A  B  C  D  E  F  0123456789ABCDEF
02197820  e7 07 54 51 53 65 72 76 65 72                    ..TQServer
[>] Decrypt wrapper called — context: 0x171afe9c

[+] ======= BF_cfb64_encrypt call #34 =======
[+] Mode: DECRYPT
[+] Length: 2 bytes
[+] BF_KEY ptr: 0x219946c
[+] IV ptr: 0x2199439
[+] num ptr: 0x2199430 (value: 2)
[+] IV (8 bytes):
           0  1  2  3  4  5  6  7  8  9  A  B  C  D  E  F  0123456789ABCDEF
02199439  db 88 f2 8a 5c 02 92 18                          ....\...
[+] Input data (first 2 bytes):
           0  1  2  3  4  5  6  7  8  9  A  B  C  D  E  F  0123456789ABCDEF
171afe9c  ee 8b                                            ..
[+] Output data after DECRYPT (first 2 bytes):
           0  1  2  3  4  5  6  7  8  9  A  B  C  D  E  F  0123456789ABCDEF
02197820  1c 01                                            ..
[>] Decrypt wrapper called — context: 0x2198022

[+] ======= BF_cfb64_encrypt call #35 =======
[+] Mode: DECRYPT
[+] Length: 290 bytes
[+] BF_KEY ptr: 0x219946c
[+] IV ptr: 0x2199439
[+] num ptr: 0x2199430 (value: 4)
[+] IV (8 bytes):
           0  1  2  3  4  5  6  7  8  9  A  B  C  D  E  F  0123456789ABCDEF
02199439  db 88 ee 8b 5c 02 92 18                          ....\...
[+] Input data (first 64 bytes):
           0  1  2  3  4  5  6  7  8  9  A  B  C  D  E  F  0123456789ABCDEF
02198022  9e 0a 85 18 5e 91 77 f6 f0 07 1e 70 58 42 fa 80  ....^.w....pXB..
02198032  30 ec 02 52 71 4a 00 94 5b ca d8 e0 a5 28 61 7e  0..RqJ..[....(a~
02198042  0d f3 b8 c7 08 48 7e 98 ce 1d 49 98 a8 1d fc f6  .....H~...I.....
02198052  a4 04 a7 91 6b 52 5c 2e 84 dd a6 77 ca 27 39 ba  ....kR\....w.'9.
[+] Output data after DECRYPT (first 64 bytes):
           0  1  2  3  4  5  6  7  8  9  A  B  C  D  E  F  0123456789ABCDEF
02197820  c2 08 17 00 00 00 01 00 00 00 e3 17 34 01 aa 3a  ............4..:
02197830  34 01 03 00 00 00 c5 16 34 01 2d 17 34 01 04 00  4.......4.-.4...
02197840  00 00 8f ec 33 01 04 3f 34 01 0c 00 00 00 3d 3c  ....3..?4.....=<
02197850  34 01 99 3c 34 01 37 00 00 00 e1 3d 34 01 45 3e  4..<4.7....=4.E>
[>] Decrypt wrapper called — context: 0x171afe9c

[+] ======= BF_cfb64_encrypt call #36 =======
[+] Mode: DECRYPT
[+] Length: 2 bytes
[+] BF_KEY ptr: 0x219946c
[+] IV ptr: 0x2199439
[+] num ptr: 0x2199430 (value: 6)
[+] IV (8 bytes):
           0  1  2  3  4  5  6  7  8  9  A  B  C  D  E  F  0123456789ABCDEF
02199439  b2 b2 95 17 22 28 c2 75                          ...."(.u
[+] Input data (first 2 bytes):
           0  1  2  3  4  5  6  7  8  9  A  B  C  D  E  F  0123456789ABCDEF
171afe9c  d4 75                                            .u
[+] Output data after DECRYPT (first 2 bytes):
           0  1  2  3  4  5  6  7  8  9  A  B  C  D  E  F  0123456789ABCDEF
02197820  16 00                                            ..
[>] Decrypt wrapper called — context: 0x2198022

[+] ======= BF_cfb64_encrypt call #37 =======
[+] Mode: DECRYPT
[+] Length: 28 bytes
[+] BF_KEY ptr: 0x219946c
[+] IV ptr: 0x2199439
[+] num ptr: 0x2199430 (value: 0)
[+] IV (8 bytes):
           0  1  2  3  4  5  6  7  8  9  A  B  C  D  E  F  0123456789ABCDEF
02199439  b2 b2 95 17 22 28 d4 75                          ...."(.u
[+] Input data (first 28 bytes):
           0  1  2  3  4  5  6  7  8  9  A  B  C  D  E  F  0123456789ABCDEF
02198022  61 9d 1e 8f 5e 71 52 b9 0d 1e 4a aa 13 22 66 fb  a...^qR...J.."f.
02198032  d2 ff ef a7 93 42 31 b5 55 36 84 7c              .....B1.U6.|
[+] Output data after DECRYPT (first 28 bytes):
           0  1  2  3  4  5  6  7  8  9  A  B  C  D  E  F  0123456789ABCDEF
02197820  2d 08 fa 35 4b 00 00 00 00 00 00 00 00 00 00 00  -..5K...........
02197830  00 00 00 00 54 51 53 65 72 76 65 72              ....TQServer
[>] Decrypt wrapper called — context: 0x171afe9c

[+] ======= BF_cfb64_encrypt call #38 =======
[+] Mode: DECRYPT
[+] Length: 2 bytes
[+] BF_KEY ptr: 0x219946c
[+] IV ptr: 0x2199439
[+] num ptr: 0x2199430 (value: 4)
[+] IV (8 bytes):
           0  1  2  3  4  5  6  7  8  9  A  B  C  D  E  F  0123456789ABCDEF
02199439  55 36 84 7c 15 5d 70 9c                          U6.|.]p.
[+] Input data (first 2 bytes):
           0  1  2  3  4  5  6  7  8  9  A  B  C  D  E  F  0123456789ABCDEF
171afe9c  03 5d                                            .]
[+] Output data after DECRYPT (first 2 bytes):
           0  1  2  3  4  5  6  7  8  9  A  B  C  D  E  F  0123456789ABCDEF
02197820  16 00                                            ..
[>] Decrypt wrapper called — context: 0x2198022

[+] ======= BF_cfb64_encrypt call #39 =======
[+] Mode: DECRYPT
[+] Length: 28 bytes
[+] BF_KEY ptr: 0x219946c
[+] IV ptr: 0x2199439
[+] num ptr: 0x2199430 (value: 6)
[+] IV (8 bytes):
           0  1  2  3  4  5  6  7  8  9  A  B  C  D  E  F  0123456789ABCDEF
02199439  55 36 84 7c 03 5d 70 9c                          U6.|.]p.
[+] Input data (first 28 bytes):
           0  1  2  3  4  5  6  7  8  9  A  B  C  D  E  F  0123456789ABCDEF
02198022  5d 94 d7 07 ac be 31 fc 69 80 5e 7e c6 20 5f a7  ].....1.i.^~. _.
02198032  e4 61 42 ad 3e a1 e6 22 bd c7 6c 2a              .aB.>.."..l*
[+] Output data after DECRYPT (first 28 bytes):
           0  1  2  3  4  5  6  7  8  9  A  B  C  D  E  F  0123456789ABCDEF
02197820  2d 08 fa 35 4b 00 00 00 00 00 00 00 00 00 05 00  -..5K...........
02197830  00 00 00 00 54 51 53 65 72 76 65 72              ....TQServer
[>] Decrypt wrapper called — context: 0x171afe9c

[+] ======= BF_cfb64_encrypt call #40 =======
[+] Mode: DECRYPT
[+] Length: 2 bytes
[+] BF_KEY ptr: 0x219946c
[+] IV ptr: 0x2199439
[+] num ptr: 0x2199430 (value: 2)
[+] IV (8 bytes):
           0  1  2  3  4  5  6  7  8  9  A  B  C  D  E  F  0123456789ABCDEF
02199439  6c 2a 99 a9 a9 34 c6 10                          l*...4..
[+] Input data (first 2 bytes):
           0  1  2  3  4  5  6  7  8  9  A  B  C  D  E  F  0123456789ABCDEF
171afe9c  27 a9                                            '.
[+] Output data after DECRYPT (first 2 bytes):
           0  1  2  3  4  5  6  7  8  9  A  B  C  D  E  F  0123456789ABCDEF
02197820  be 00                                            ..
[>] Decrypt wrapper called — context: 0x2198022

[+] ======= BF_cfb64_encrypt call #41 =======
[+] Mode: DECRYPT
[+] Length: 196 bytes
[+] BF_KEY ptr: 0x219946c
[+] IV ptr: 0x2199439
[+] num ptr: 0x2199430 (value: 4)
[+] IV (8 bytes):
           0  1  2  3  4  5  6  7  8  9  A  B  C  D  E  F  0123456789ABCDEF
02199439  6c 2a 27 a9 a9 34 c6 10                          l*'..4..
[+] Input data (first 64 bytes):
           0  1  2  3  4  5  6  7  8  9  A  B  C  D  E  F  0123456789ABCDEF
02198022  71 33 ce ea 03 6c dc 9c 46 85 81 60 af 03 6f a3  q3...l..F..`..o.
02198032  a2 86 03 3d 58 48 1e 98 d4 d7 2e 1b d0 7d d4 68  ...=XH.......}.h
02198042  a4 4c 6c 9b 75 0e b6 39 1d ea 64 ba 02 9d 56 f1  .Ll.u..9..d...V.
02198052  c1 63 a6 99 e2 43 18 91 1c 87 63 5e 8b 08 7b ae  .c...C....c^..{.
[+] Output data after DECRYPT (first 64 bytes):
           0  1  2  3  4  5  6  7  8  9  A  B  C  D  E  F  0123456789ABCDEF
02197820  d8 07 08 fa eb ac 02 10 00 18 c0 a5 25 20 03 28  ............% .(
02197830  ac 02 30 00 38 db 06 40 00 48 00 50 00 58 00 60  ..0.8..@.H.P.X.`
02197840  00 68 10 70 06 78 09 80 01 00 88 01 00 90 01 9a  .h.p.x..........
02197850  02 98 01 00 a0 01 00 a8 01 08 b0 01 d0 0f b8 01  ................
[>] Decrypt wrapper called — context: 0x171afe9c

[+] ======= BF_cfb64_encrypt call #42 =======
[+] Mode: DECRYPT
[+] Length: 2 bytes
[+] BF_KEY ptr: 0x219946c
[+] IV ptr: 0x2199439
[+] num ptr: 0x2199430 (value: 0)
[+] IV (8 bytes):
           0  1  2  3  4  5  6  7  8  9  A  B  C  D  E  F  0123456789ABCDEF
02199439  ce 3b 9e 77 db 28 b6 ae                          .;.w.(..
[+] Input data (first 2 bytes):
           0  1  2  3  4  5  6  7  8  9  A  B  C  D  E  F  0123456789ABCDEF
171afe9c  f3 1e                                            ..
[+] Output data after DECRYPT (first 2 bytes):
           0  1  2  3  4  5  6  7  8  9  A  B  C  D  E  F  0123456789ABCDEF
02197820  31 00                                            1.
[>] Decrypt wrapper called — context: 0x2198022

[+] ======= BF_cfb64_encrypt call #43 =======
[+] Mode: DECRYPT
[+] Length: 55 bytes
[+] BF_KEY ptr: 0x219946c
[+] IV ptr: 0x2199439
[+] num ptr: 0x2199430 (value: 2)
[+] IV (8 bytes):
           0  1  2  3  4  5  6  7  8  9  A  B  C  D  E  F  0123456789ABCDEF
02199439  f3 1e 77 b5 b3 77 25 5b                          ..w..w%[
[+] Input data (first 55 bytes):
           0  1  2  3  4  5  6  7  8  9  A  B  C  D  E  F  0123456789ABCDEF
02198022  89 b2 bb 8d ce f7 85 74 44 2c 4f 51 e3 59 ca 78  .......tD,OQ.Y.x
02198032  53 b7 4d fd ca 5a 24 d0 28 07 66 94 6c 69 00 96  S.M..Z$.(.f.li..
02198042  98 d8 f7 a2 c8 72 55 e3 ed 01 13 57 41 fd 92 56  .....rU....WA..V
02198052  9f 88 e7 f0 9b c8 c8                             .......
[+] Output data after DECRYPT (first 55 bytes):
           0  1  2  3  4  5  6  7  8  9  A  B  C  D  E  F  0123456789ABCDEF
02197820  fe 07 08 fa eb ac 02 12 26 08 19 18 00 18 00 18  ........&.......
02197830  00 18 00 18 00 18 00 18 00 18 00 18 00 18 00 18  ................
02197840  00 18 00 18 00 18 00 18 00 18 00 18 00 18 00 54  ...............T
02197850  51 53 65 72 76 65 72                             QServer
[>] Decrypt wrapper called — context: 0x171afe9c

[+] ======= BF_cfb64_encrypt call #44 =======
[+] Mode: DECRYPT
[+] Length: 2 bytes
[+] BF_KEY ptr: 0x219946c
[+] IV ptr: 0x2199439
[+] num ptr: 0x2199430 (value: 1)
[+] IV (8 bytes):
           0  1  2  3  4  5  6  7  8  9  A  B  C  D  E  F  0123456789ABCDEF
02199439  c8 ce 48 fc e3 0e 76 dc                          ..H...v.
[+] Input data (first 2 bytes):
           0  1  2  3  4  5  6  7  8  9  A  B  C  D  E  F  0123456789ABCDEF
171afe9c  c1 48                                            .H
[+] Output data after DECRYPT (first 2 bytes):
           0  1  2  3  4  5  6  7  8  9  A  B  C  D  E  F  0123456789ABCDEF
02197820  0f 00                                            ..
[>] Decrypt wrapper called — context: 0x2198022

[+] ======= BF_cfb64_encrypt call #45 =======
[+] Mode: DECRYPT
[+] Length: 21 bytes
[+] BF_KEY ptr: 0x219946c
[+] IV ptr: 0x2199439
[+] num ptr: 0x2199430 (value: 3)
[+] IV (8 bytes):
           0  1  2  3  4  5  6  7  8  9  A  B  C  D  E  F  0123456789ABCDEF
02199439  c8 c1 48 fc e3 0e 76 dc                          ..H...v.
[+] Input data (first 21 bytes):
           0  1  2  3  4  5  6  7  8  9  A  B  C  D  E  F  0123456789ABCDEF
02198022  02 e4 06 8c 37 88 4a 0e 63 19 94 06 16 9d 3b c9  ....7.J.c.....;.
02198032  11 bd c5 47 c2                                   ...G.
[+] Output data after DECRYPT (first 21 bytes):
           0  1  2  3  4  5  6  7  8  9  A  B  C  D  E  F  0123456789ABCDEF
02197820  fe 07 08 fa eb ac 02 12 04 08 4d 10 00 54 51 53  ..........M..TQS
02197830  65 72 76 65 72                                   erver
[>] Decrypt wrapper called — context: 0x171afe9c

[+] ======= BF_cfb64_encrypt call #46 =======
[+] Mode: DECRYPT
[+] Length: 2 bytes
[+] BF_KEY ptr: 0x219946c
[+] IV ptr: 0x2199439
[+] num ptr: 0x2199430 (value: 0)
[+] IV (8 bytes):
           0  1  2  3  4  5  6  7  8  9  A  B  C  D  E  F  0123456789ABCDEF
02199439  9d 3b c9 11 bd c5 47 c2                          .;....G.
[+] Input data (first 2 bytes):
           0  1  2  3  4  5  6  7  8  9  A  B  C  D  E  F  0123456789ABCDEF
171afe9c  db b0                                            ..
[+] Output data after DECRYPT (first 2 bytes):
           0  1  2  3  4  5  6  7  8  9  A  B  C  D  E  F  0123456789ABCDEF
02197820  25 00                                            %.
[>] Decrypt wrapper called — context: 0x2198022

[+] ======= BF_cfb64_encrypt call #47 =======
[+] Mode: DECRYPT
[+] Length: 43 bytes
[+] BF_KEY ptr: 0x219946c
[+] IV ptr: 0x2199439
[+] num ptr: 0x2199430 (value: 2)
[+] IV (8 bytes):
           0  1  2  3  4  5  6  7  8  9  A  B  C  D  E  F  0123456789ABCDEF
02199439  db b0 13 03 d6 5e dc 60                          .....^.`
[+] Input data (first 43 bytes):
           0  1  2  3  4  5  6  7  8  9  A  B  C  D  E  F  0123456789ABCDEF
02198022  ed 04 de a4 37 cc 41 0a fc 14 72 55 02 10 34 19  ....7.A...rU..4.
02198032  e7 bd 6f e3 6c 31 08 92 ce 1d 1b 89 6d c3 f6 e6  ..o.l1......m...
02198042  17 d5 a9 5f 31 aa 16 52 47 62 71                 ..._1..RGbq
[+] Output data after DECRYPT (first 43 bytes):
           0  1  2  3  4  5  6  7  8  9  A  B  C  D  E  F  0123456789ABCDEF
02197820  fe 07 08 fa eb ac 02 12 04 08 4f 10 00 12 05 08  ..........O.....
02197830  50 10 ac 02 12 0d 08 a9 01 10 f4 fe 83 d1 b4 dc  P...............
02197840  ec 8c 27 54 51 53 65 72 76 65 72                 ..'TQServer
[>] Decrypt wrapper called — context: 0x171afe9c

[+] ======= BF_cfb64_encrypt call #48 =======
[+] Mode: DECRYPT
[+] Length: 2 bytes
[+] BF_KEY ptr: 0x219946c
[+] IV ptr: 0x2199439
[+] num ptr: 0x2199430 (value: 5)
[+] IV (8 bytes):
           0  1  2  3  4  5  6  7  8  9  A  B  C  D  E  F  0123456789ABCDEF
02199439  16 52 47 62 71 26 22 07                          .RGbq&".
[+] Input data (first 2 bytes):
           0  1  2  3  4  5  6  7  8  9  A  B  C  D  E  F  0123456789ABCDEF
171afe9c  2b 22                                            +"
[+] Output data after DECRYPT (first 2 bytes):
           0  1  2  3  4  5  6  7  8  9  A  B  C  D  E  F  0123456789ABCDEF
02197820  0d 00                                            ..
[>] Decrypt wrapper called — context: 0x2198022

[+] ======= BF_cfb64_encrypt call #49 =======
[+] Mode: DECRYPT
[+] Length: 19 bytes
[+] BF_KEY ptr: 0x219946c
[+] IV ptr: 0x2199439
[+] num ptr: 0x2199430 (value: 7)
[+] IV (8 bytes):
           0  1  2  3  4  5  6  7  8  9  A  B  C  D  E  F  0123456789ABCDEF
02199439  16 52 47 62 71 2b 22 07                          .RGbq+".
[+] Input data (first 19 bytes):
           0  1  2  3  4  5  6  7  8  9  A  B  C  D  E  F  0123456789ABCDEF
02198022  4d 8d 3c 18 00 04 c4 28 29 a8 9e e7 7f c9 5d e5  M.<....().....].
02198032  45 d6 ec                                         E..
[+] Output data after DECRYPT (first 19 bytes):
           0  1  2  3  4  5  6  7  8  9  A  B  C  D  E  F  0123456789ABCDEF
02197820  4a 08 08 00 10 fa eb ac 02 18 00 54 51 53 65 72  J..........TQSer
02197830  76 65 72                                         ver
[>] Decrypt wrapper called — context: 0x171afe9c

[+] ======= BF_cfb64_encrypt call #50 =======
[+] Mode: DECRYPT
[+] Length: 2 bytes
[+] BF_KEY ptr: 0x219946c
[+] IV ptr: 0x2199439
[+] num ptr: 0x2199430 (value: 2)
[+] IV (8 bytes):
           0  1  2  3  4  5  6  7  8  9  A  B  C  D  E  F  0123456789ABCDEF
02199439  d6 ec 84 b4 58 1d 98 d4                          ....X...
[+] Input data (first 2 bytes):
           0  1  2  3  4  5  6  7  8  9  A  B  C  D  E  F  0123456789ABCDEF
171afe9c  d0 b4                                            ..
[+] Output data after DECRYPT (first 2 bytes):
           0  1  2  3  4  5  6  7  8  9  A  B  C  D  E  F  0123456789ABCDEF
02197820  54 00                                            T.
[>] Decrypt wrapper called — context: 0x2198022

[+] ======= BF_cfb64_encrypt call #51 =======
[+] Mode: DECRYPT
[+] Length: 90 bytes
[+] BF_KEY ptr: 0x219946c
[+] IV ptr: 0x2199439
[+] num ptr: 0x2199430 (value: 4)
[+] IV (8 bytes):
           0  1  2  3  4  5  6  7  8  9  A  B  C  D  E  F  0123456789ABCDEF
02199439  d6 ec d0 b4 58 1d 98 d4                          ....X...
[+] Input data (first 64 bytes):
           0  1  2  3  4  5  6  7  8  9  A  B  C  D  E  F  0123456789ABCDEF
02198022  db 14 98 d4 85 7c 62 ac 51 35 8b a6 bd 85 b6 28  .....|b.Q5.....(
02198032  0d 10 27 bb 29 c2 b8 2c 93 6d 02 27 7e f8 fa 32  ..'.)..,.m.'~..2
02198042  42 df de 25 eb b5 cc d4 1a 9c f8 02 4a fb fd f0  B..%........J...
02198052  9e ec 9a 49 f6 fd ab 71 03 00 22 13 c4 74 58 fe  ...I...q.."..tX.
[+] Output data after DECRYPT (first 64 bytes):
           0  1  2  3  4  5  6  7  8  9  A  B  C  D  E  F  0123456789ABCDEF
02197820  83 09 00 00 00 00 fa 35 4b 00 11 00 00 00 00 00  .......5K.......
02197830  00 00 00 00 00 00 00 00 00 00 00 00 00 00 00 00  ................
02197840  18 00 00 18 00 00 00 00 00 00 00 08 00 00 00 00  ................
02197850  00 00 00 00 00 00 00 00 00 00 00 00 00 00 00 00  ................
[>] Decrypt wrapper called — context: 0x171afe9c

[+] ======= BF_cfb64_encrypt call #52 =======
[+] Mode: DECRYPT
[+] Length: 2 bytes
[+] BF_KEY ptr: 0x219946c
[+] IV ptr: 0x2199439
[+] num ptr: 0x2199430 (value: 6)
[+] IV (8 bytes):
           0  1  2  3  4  5  6  7  8  9  A  B  C  D  E  F  0123456789ABCDEF
02199439  ea 09 00 31 b0 de 0a 13                          ...1....
[+] Input data (first 2 bytes):
           0  1  2  3  4  5  6  7  8  9  A  B  C  D  E  F  0123456789ABCDEF
171afe9c  10 13                                            ..
[+] Output data after DECRYPT (first 2 bytes):
           0  1  2  3  4  5  6  7  8  9  A  B  C  D  E  F  0123456789ABCDEF
02197820  1a 00                                            ..
[>] Decrypt wrapper called — context: 0x2198022

[+] ======= BF_cfb64_encrypt call #53 =======
[+] Mode: DECRYPT
[+] Length: 32 bytes
[+] BF_KEY ptr: 0x219946c
[+] IV ptr: 0x2199439
[+] num ptr: 0x2199430 (value: 0)
[+] IV (8 bytes):
           0  1  2  3  4  5  6  7  8  9  A  B  C  D  E  F  0123456789ABCDEF
02199439  ea 09 00 31 b0 de 10 13                          ...1....
[+] Input data (first 32 bytes):
           0  1  2  3  4  5  6  7  8  9  A  B  C  D  E  F  0123456789ABCDEF
02198022  ec bb b8 4f f1 38 4a 41 1c 11 74 e7 b6 2c 4b e2  ...O.8JA..t..,K.
02198032  f6 ea b2 f0 64 86 bf 9c 34 77 14 95 51 c2 94 a6  ....d...4w..Q...
[+] Output data after DECRYPT (first 32 bytes):
           0  1  2  3  4  5  6  7  8  9  A  B  C  D  E  F  0123456789ABCDEF
02197820  69 08 07 00 00 00 00 00 00 00 00 00 00 00 00 00  i...............
02197830  00 00 00 00 00 00 00 00 54 51 53 65 72 76 65 72  ........TQServer
[>] Decrypt wrapper called — context: 0x171afe9c

[+] ======= BF_cfb64_encrypt call #54 =======
[+] Mode: DECRYPT
[+] Length: 2 bytes
[+] BF_KEY ptr: 0x219946c
[+] IV ptr: 0x2199439
[+] num ptr: 0x2199430 (value: 0)
[+] IV (8 bytes):
           0  1  2  3  4  5  6  7  8  9  A  B  C  D  E  F  0123456789ABCDEF
02199439  34 77 14 95 51 c2 94 a6                          4w..Q...
[+] Input data (first 2 bytes):
           0  1  2  3  4  5  6  7  8  9  A  B  C  D  E  F  0123456789ABCDEF
171afe9c  8c d1                                            ..
[+] Output data after DECRYPT (first 2 bytes):
           0  1  2  3  4  5  6  7  8  9  A  B  C  D  E  F  0123456789ABCDEF
02197820  11 00                                            ..
[>] Decrypt wrapper called — context: 0x2198022

[+] ======= BF_cfb64_encrypt call #55 =======
[+] Mode: DECRYPT
[+] Length: 23 bytes
[+] BF_KEY ptr: 0x219946c
[+] IV ptr: 0x2199439
[+] num ptr: 0x2199430 (value: 2)
[+] IV (8 bytes):
           0  1  2  3  4  5  6  7  8  9  A  B  C  D  E  F  0123456789ABCDEF
02199439  8c d1 f8 04 5a bf cd 0c                          ....Z...
[+] Input data (first 23 bytes):
           0  1  2  3  4  5  6  7  8  9  A  B  C  D  E  F  0123456789ABCDEF
02198022  42 0c 52 bf dd 0c 5e 32 cf 9e 54 23 6e 83 a5 fc  B.R...^2..T#n...
02198032  01 2d bf 8a ad b2 c5                             .-.....
[+] Output data after DECRYPT (first 23 bytes):
           0  1  2  3  4  5  6  7  8  9  A  B  C  D  E  F  0123456789ABCDEF
02197820  ba 08 08 00 10 00 18 fa eb ac 02 20 01 28 00 54  ........... .(.T
02197830  51 53 65 72 76 65 72                             QServer
[>] Decrypt wrapper called — context: 0x171afe9c

[+] ======= BF_cfb64_encrypt call #56 =======
[+] Mode: DECRYPT
[+] Length: 2 bytes
[+] BF_KEY ptr: 0x219946c
[+] IV ptr: 0x2199439
[+] num ptr: 0x2199430 (value: 1)
[+] IV (8 bytes):
           0  1  2  3  4  5  6  7  8  9  A  B  C  D  E  F  0123456789ABCDEF
02199439  c5 4e a8 7b a5 bf 1f 4d                          .N.{...M
[+] Input data (first 2 bytes):
           0  1  2  3  4  5  6  7  8  9  A  B  C  D  E  F  0123456789ABCDEF
171afe9c  44 a8                                            D.
[+] Output data after DECRYPT (first 2 bytes):
           0  1  2  3  4  5  6  7  8  9  A  B  C  D  E  F  0123456789ABCDEF
02197820  0a 00                                            ..
[>] Decrypt wrapper called — context: 0x2198022

[+] ======= BF_cfb64_encrypt call #57 =======
[+] Mode: DECRYPT
[+] Length: 16 bytes
[+] BF_KEY ptr: 0x219946c
[+] IV ptr: 0x2199439
[+] num ptr: 0x2199430 (value: 3)
[+] IV (8 bytes):
           0  1  2  3  4  5  6  7  8  9  A  B  C  D  E  F  0123456789ABCDEF
02199439  c5 44 a8 7b a5 bf 1f 4d                          .D.{...M
[+] Input data (first 16 bytes):
           0  1  2  3  4  5  6  7  8  9  A  B  C  D  E  F  0123456789ABCDEF
02198022  8b ac b7 1f 5d 12 cd bd 56 40 fc 15 95 06 bb cf  ....]...V@......
[+] Output data after DECRYPT (first 16 bytes):
           0  1  2  3  4  5  6  7  8  9  A  B  C  D  E  F  0123456789ABCDEF
02197820  f0 09 08 00 10 00 18 00 54 51 53 65 72 76 65 72  ........TQServer
[>] Decrypt wrapper called — context: 0x171afe9c

[+] ======= BF_cfb64_encrypt call #58 =======
[+] Mode: DECRYPT
[+] Length: 2 bytes
[+] BF_KEY ptr: 0x219946c
[+] IV ptr: 0x2199439
[+] num ptr: 0x2199430 (value: 3)
[+] IV (8 bytes):
           0  1  2  3  4  5  6  7  8  9  A  B  C  D  E  F  0123456789ABCDEF
02199439  06 bb cf bf 49 a1 13 e2                          ....I...
[+] Input data (first 2 bytes):
           0  1  2  3  4  5  6  7  8  9  A  B  C  D  E  F  0123456789ABCDEF
171afe9c  5e 4a                                            ^J
[+] Output data after DECRYPT (first 2 bytes):
           0  1  2  3  4  5  6  7  8  9  A  B  C  D  E  F  0123456789ABCDEF
02197820  e1 03                                            ..
[>] Decrypt wrapper called — context: 0x2198022

[+] ======= BF_cfb64_encrypt call #59 =======
[+] Mode: DECRYPT
[+] Length: 999 bytes
[+] BF_KEY ptr: 0x219946c
[+] IV ptr: 0x2199439
[+] num ptr: 0x2199430 (value: 5)
[+] IV (8 bytes):
           0  1  2  3  4  5  6  7  8  9  A  B  C  D  E  F  0123456789ABCDEF
02199439  06 bb cf 5e 4a a1 13 e2                          ...^J...
[+] Input data (first 64 bytes):
           0  1  2  3  4  5  6  7  8  9  A  B  C  D  E  F  0123456789ABCDEF
02198022  8a 1b e8 28 13 5d 17 08 f9 d0 43 64 ce 6b 1c 07  ...(.]....Cd.k..
02198032  6a fa 10 f8 ac bc 1c 96 31 ed 5e ab 7a 44 8c 07  j.......1.^.zD..
02198042  df fc 83 16 5d 69 3e 80 f9 f7 46 81 31 55 ac bc  ....]i>...F.1U..
02198052  27 01 42 97 84 1a 3f 2e fa 0a dc 3b 45 f3 0b 5c  '.B...?....;E..\
[+] Output data after DECRYPT (first 64 bytes):
           0  1  2  3  4  5  6  7  8  9  A  B  C  D  E  F  0123456789ABCDEF
02197820  2b 08 0a 1e 08 31 10 01 1a 07 50 79 72 61 6d 69  +....1....Pyrami
02197830  64 20 df 1e 28 a2 03 30 ce 01 38 00 40 01 48 09  d ..(..0..8.@.H.
02197840  50 02 0a 15 08 02 10 00 1a 07 45 6d 65 72 61 6c  P.........Emeral
02197850  64 38 00 40 01 48 01 50 01 0a 13 08 04 10 00 1a  d8.@.H.P........
[>] Decrypt wrapper called — context: 0x171afe9c

[+] ======= BF_cfb64_encrypt call #60 =======
[+] Mode: DECRYPT
[+] Length: 2 bytes
[+] BF_KEY ptr: 0x219946c
[+] IV ptr: 0x2199439
[+] num ptr: 0x2199430 (value: 4)
[+] IV (8 bytes):
           0  1  2  3  4  5  6  7  8  9  A  B  C  D  E  F  0123456789ABCDEF
02199439  6b 46 4b 8e 59 a8 a9 ff                          kFK.Y...
[+] Input data (first 2 bytes):
           0  1  2  3  4  5  6  7  8  9  A  B  C  D  E  F  0123456789ABCDEF
171afe9c  b1 ab                                            ..
[+] Output data after DECRYPT (first 2 bytes):
           0  1  2  3  4  5  6  7  8  9  A  B  C  D  E  F  0123456789ABCDEF
02197820  e8 03                                            ..
[>] Decrypt wrapper called — context: 0x2198022

[+] ======= BF_cfb64_encrypt call #61 =======
[+] Mode: DECRYPT
[+] Length: 1006 bytes
[+] BF_KEY ptr: 0x219946c
[+] IV ptr: 0x2199439
[+] num ptr: 0x2199430 (value: 6)
[+] IV (8 bytes):
           0  1  2  3  4  5  6  7  8  9  A  B  C  D  E  F  0123456789ABCDEF
02199439  6b 46 4b 8e b1 ab a9 ff                          kFK.....
[+] Input data (first 64 bytes):
           0  1  2  3  4  5  6  7  8  9  A  B  C  D  E  F  0123456789ABCDEF
02198022  82 f7 02 7a 31 63 65 d0 ab 4f 86 f7 64 ca a9 86  ...z1ce..O..d...
02198032  4b 6c 68 2d f9 e1 e0 99 6c 05 d3 af a0 6f 65 78  Klh-....l....oex
02198042  61 39 24 98 2a 05 64 c6 38 a0 84 3a cd cd c7 0c  a9$.*.d.8..:....
02198052  68 e6 d5 af e9 1e 11 be 99 f7 90 62 76 d2 cc 54  h..........bv..T
[+] Output data after DECRYPT (first 64 bytes):
           0  1  2  3  4  5  6  7  8  9  A  B  C  D  E  F  0123456789ABCDEF
02197820  2b 08 0a 1d 08 66 10 01 1a 06 52 65 61 6c 6d 32  +....f....Realm2
02197830  20 df 1e 28 c8 02 30 c6 01 38 03 40 01 48 00 50   ..(..0..8.@.H.P
02197840  02 0a 14 08 6a 10 00 1a 06 52 65 61 6c 6d 37 38  ....j....Realm78
02197850  03 40 01 48 00 50 07 0a 19 08 6b 10 00 1a 0b 54  .@.H.P....k....T
[>] Decrypt wrapper called — context: 0x171afe9c

[+] ======= BF_cfb64_encrypt call #62 =======
[+] Mode: DECRYPT
[+] Length: 2 bytes
[+] BF_KEY ptr: 0x219946c
[+] IV ptr: 0x2199439
[+] num ptr: 0x2199430 (value: 4)
[+] IV (8 bytes):
           0  1  2  3  4  5  6  7  8  9  A  B  C  D  E  F  0123456789ABCDEF
02199439  c1 ff ab ed 68 5a 50 1b                          ....hZP.
[+] Input data (first 2 bytes):
           0  1  2  3  4  5  6  7  8  9  A  B  C  D  E  F  0123456789ABCDEF
171afe9c  86 59                                            .Y
[+] Output data after DECRYPT (first 2 bytes):
           0  1  2  3  4  5  6  7  8  9  A  B  C  D  E  F  0123456789ABCDEF
02197820  ee 03                                            ..
[>] Decrypt wrapper called — context: 0x2198022

[+] ======= BF_cfb64_encrypt call #63 =======
[+] Mode: DECRYPT
[+] Length: 1012 bytes
[+] BF_KEY ptr: 0x219946c
[+] IV ptr: 0x2199439
[+] num ptr: 0x2199430 (value: 6)
[+] IV (8 bytes):
           0  1  2  3  4  5  6  7  8  9  A  B  C  D  E  F  0123456789ABCDEF
02199439  c1 ff ab ed 86 59 50 1b                          .....YP.
[+] Input data (first 64 bytes):
           0  1  2  3  4  5  6  7  8  9  A  B  C  D  E  F  0123456789ABCDEF
02198022  7b 13 96 08 19 94 57 8e 65 c3 da 7a af 9b fe 45  {.....W.e..z...E
02198032  ef 7e d5 b3 b4 1e d3 b2 59 74 64 b1 21 e5 99 ee  .~......Ytd.!...
02198042  60 bc 03 e8 0f d4 a9 5d 93 8b cf b3 cd 56 8d 6f  `......].....V.o
02198052  0b 9b c0 58 88 52 be ee 50 d7 63 4a 97 23 03 d2  ...X.R..P.cJ.#..
[+] Output data after DECRYPT (first 64 bytes):
           0  1  2  3  4  5  6  7  8  9  A  B  C  D  E  F  0123456789ABCDEF
02197820  2b 08 0a 17 08 c9 01 10 00 1a 08 43 53 5f 55 53  +..........CS_US
02197830  31 30 30 38 07 40 01 48 00 50 00 0a 17 08 ca 01  1008.@.H.P......
02197840  10 00 1a 08 43 53 5f 55 53 31 30 31 38 07 40 01  ....CS_US1018.@.
02197850  48 00 50 00 0a 17 08 cc 01 10 00 1a 08 43 53 5f  H.P..........CS_
[>] Decrypt wrapper called — context: 0x171afe9c

[+] ======= BF_cfb64_encrypt call #64 =======
[+] Mode: DECRYPT
[+] Length: 2 bytes
[+] BF_KEY ptr: 0x219946c
[+] IV ptr: 0x2199439
[+] num ptr: 0x2199430 (value: 2)
[+] IV (8 bytes):
           0  1  2  3  4  5  6  7  8  9  A  B  C  D  E  F  0123456789ABCDEF
02199439  a3 b5 72 8a 4a e8 40 7f                          ..r.J.@.
[+] Input data (first 2 bytes):
           0  1  2  3  4  5  6  7  8  9  A  B  C  D  E  F  0123456789ABCDEF
171afe9c  18 88                                            ..
[+] Output data after DECRYPT (first 2 bytes):
           0  1  2  3  4  5  6  7  8  9  A  B  C  D  E  F  0123456789ABCDEF
02197820  6a 02                                            j.
[>] Decrypt wrapper called — context: 0x2198022

[+] ======= BF_cfb64_encrypt call #65 =======
[+] Mode: DECRYPT
[+] Length: 624 bytes
[+] BF_KEY ptr: 0x219946c
[+] IV ptr: 0x2199439
[+] num ptr: 0x2199430 (value: 4)
[+] IV (8 bytes):
           0  1  2  3  4  5  6  7  8  9  A  B  C  D  E  F  0123456789ABCDEF
02199439  a3 b5 18 88 4a e8 40 7f                          ....J.@.
[+] Input data (first 64 bytes):
           0  1  2  3  4  5  6  7  8  9  A  B  C  D  E  F  0123456789ABCDEF
02198022  61 e0 4a 62 69 1c 1b 84 48 d9 fd fa 6a 98 b6 4d  a.Jbi...H...j..M
02198032  06 c8 e1 ad d9 72 c3 85 50 b7 29 50 c7 46 54 68  .....r..P.)P.FTh
02198042  9e aa eb 11 16 50 9d 94 2c 48 bc a5 87 cc f7 d1  .....P..,H......
02198052  e4 54 b2 2e 42 9d 24 b9 64 ea 83 81 1c ae 1a fd  .T..B.$.d.......
[+] Output data after DECRYPT (first 64 bytes):
           0  1  2  3  4  5  6  7  8  9  A  B  C  D  E  F  0123456789ABCDEF
02197820  2b 08 0a 1d 08 f5 05 10 00 1a 0e d9 81 d8 b1 d8  +...............
02197830  b3 d8 a7 d9 86 5f 31 30 37 38 00 40 09 48 07 50  ....._1078.@.H.P
02197840  12 0a 19 08 f6 05 10 00 1a 0a d8 b4 d8 b1 d9 81  ................
02197850  5f 31 30 38 38 00 40 09 48 08 50 12 0a 19 08 f7  _1088.@.H.P.....
[>] Decrypt wrapper called — context: 0x171afe9c

[+] ======= BF_cfb64_encrypt call #66 =======
[+] Mode: DECRYPT
[+] Length: 2 bytes
[+] BF_KEY ptr: 0x219946c
[+] IV ptr: 0x2199439
[+] num ptr: 0x2199430 (value: 4)
[+] IV (8 bytes):
           0  1  2  3  4  5  6  7  8  9  A  B  C  D  E  F  0123456789ABCDEF
02199439  c6 d4 c4 56 a0 b9 0a 9a                          ...V....
[+] Input data (first 2 bytes):
           0  1  2  3  4  5  6  7  8  9  A  B  C  D  E  F  0123456789ABCDEF
171afe9c  c4 b9                                            ..
[+] Output data after DECRYPT (first 2 bytes):
           0  1  2  3  4  5  6  7  8  9  A  B  C  D  E  F  0123456789ABCDEF
02197820  64 00                                            d.
[>] Decrypt wrapper called — context: 0x2198022

[+] ======= BF_cfb64_encrypt call #67 =======
[+] Mode: DECRYPT
[+] Length: 106 bytes
[+] BF_KEY ptr: 0x219946c
[+] IV ptr: 0x2199439
[+] num ptr: 0x2199430 (value: 6)
[+] IV (8 bytes):
           0  1  2  3  4  5  6  7  8  9  A  B  C  D  E  F  0123456789ABCDEF
02199439  c6 d4 c4 56 c4 b9 0a 9a                          ...V....
[+] Input data (first 64 bytes):
           0  1  2  3  4  5  6  7  8  9  A  B  C  D  E  F  0123456789ABCDEF
02198022  33 93 25 59 37 a2 1f b6 c4 74 a4 62 8f ab 11 61  3.%Y7....t.b...a
02198032  d2 a2 de 70 18 79 3d 6b 6c 71 c1 8f 27 68 ff 0f  ...p.y=klq..'h..
02198042  7a 95 6d 4a 61 0e 71 8b 46 ff 7b c9 b2 ac 2f 7a  z.mJa.q.F.{.../z
02198052  d3 5d 02 cd 46 ab dc 37 87 06 c9 a2 db b8 80 ef  .]..F..7........
[+] Output data after DECRYPT (first 64 bytes):
           0  1  2  3  4  5  6  7  8  9  A  B  C  D  E  F  0123456789ABCDEF
02197820  39 09 08 ff ff ff 07 10 c4 13 18 00 20 b0 09 30  9........... ..0
02197830  00 38 00 40 01 48 00 50 00 5a 00 72 0b 6d 6c 79  .8.@.H.P.Z.r.mly
02197840  61 74 67 73 72 61 74 31 72 08 41 4c 4c 55 53 45  atgsrat1r.ALLUSE
02197850  52 53 72 00 72 2c 53 5f 5f 5f 38 36 30 30 43 70  RSr.r,S___8600Cp
[>] Decrypt wrapper called — context: 0x171afe9c

[+] ======= BF_cfb64_encrypt call #68 =======
[+] Mode: DECRYPT
[+] Length: 2 bytes
[+] BF_KEY ptr: 0x219946c
[+] IV ptr: 0x2199439
[+] num ptr: 0x2199430 (value: 0)
[+] IV (8 bytes):
           0  1  2  3  4  5  6  7  8  9  A  B  C  D  E  F  0123456789ABCDEF
02199439  b3 9d 74 75 65 a9 e4 84                          ..tue...
[+] Input data (first 2 bytes):
           0  1  2  3  4  5  6  7  8  9  A  B  C  D  E  F  0123456789ABCDEF
171afe9c  a6 ff                                            ..
[+] Output data after DECRYPT (first 2 bytes):
           0  1  2  3  4  5  6  7  8  9  A  B  C  D  E  F  0123456789ABCDEF
02197820  c0 00                                            ..
[>] Decrypt wrapper called — context: 0x2198022

[+] ======= BF_cfb64_encrypt call #69 =======
[+] Mode: DECRYPT
[+] Length: 198 bytes
[+] BF_KEY ptr: 0x219946c
[+] IV ptr: 0x2199439
[+] num ptr: 0x2199430 (value: 2)
[+] IV (8 bytes):
           0  1  2  3  4  5  6  7  8  9  A  B  C  D  E  F  0123456789ABCDEF
02199439  a6 ff bf 90 07 48 e7 40                          .....H.@
[+] Input data (first 64 bytes):
           0  1  2  3  4  5  6  7  8  9  A  B  C  D  E  F  0123456789ABCDEF
02198022  6e 98 04 48 e7 40 9f bf ec d3 f6 39 8d d4 16 24  n..H.@.....9...$
02198032  af 4d 73 86 63 45 5a 12 64 78 6a fc 2d a0 08 fb  .Ms.cEZ.dxj.-...
02198042  4e 68 4b b9 a8 9d 52 60 b8 8b 26 e4 c4 bf d0 c2  NhK...R`..&.....
02198052  b8 b0 89 59 f6 60 68 90 3c fc b5 14 c8 ef 68 1a  ...Y.`h.<.....h.
[+] Output data after DECRYPT (first 64 bytes):
           0  1  2  3  4  5  6  7  8  9  A  B  C  D  E  F  0123456789ABCDEF
02197820  d1 08 03 00 00 00 fa 35 4b 00 00 00 00 00 00 00  .......5K.......
02197830  00 00 00 00 00 00 00 00 00 00 00 00 00 00 00 00  ................
02197840  00 00 00 00 00 00 00 00 00 00 00 00 00 00 00 00  ................
02197850  00 00 00 00 00 00 00 00 00 00 00 00 00 00 00 00  ................
[>] Decrypt wrapper called — context: 0x171afe9c

[+] ======= BF_cfb64_encrypt call #70 =======
[+] Mode: DECRYPT
[+] Length: 2 bytes
[+] BF_KEY ptr: 0x219946c
[+] IV ptr: 0x2199439
[+] num ptr: 0x2199430 (value: 0)
[+] IV (8 bytes):
           0  1  2  3  4  5  6  7  8  9  A  B  C  D  E  F  0123456789ABCDEF
02199439  c3 ac ca e9 4b 9e b9 c4                          ....K...
[+] Input data (first 2 bytes):
           0  1  2  3  4  5  6  7  8  9  A  B  C  D  E  F  0123456789ABCDEF
171afe9c  a9 d8                                            ..
[+] Output data after DECRYPT (first 2 bytes):
           0  1  2  3  4  5  6  7  8  9  A  B  C  D  E  F  0123456789ABCDEF
02197820  43 00                                            C.
[>] Decrypt wrapper called — context: 0x2198022

[+] ======= BF_cfb64_encrypt call #71 =======
[+] Mode: DECRYPT
[+] Length: 73 bytes
[+] BF_KEY ptr: 0x219946c
[+] IV ptr: 0x2199439
[+] num ptr: 0x2199430 (value: 2)
[+] IV (8 bytes):
           0  1  2  3  4  5  6  7  8  9  A  B  C  D  E  F  0123456789ABCDEF
02199439  a9 d8 05 f4 c1 ef 58 8a                          ......X.
[+] Input data (first 64 bytes):
           0  1  2  3  4  5  6  7  8  9  A  B  C  D  E  F  0123456789ABCDEF
02198022  1a fd c9 ed 48 0b 90 03 f6 22 4c f8 15 90 7d f8  ....H...."L...}.
02198032  73 19 83 12 09 89 38 e4 9a 19 00 cc 5a ce 78 70  s.....8.....Z.xp
02198042  a5 2d 73 f4 1b 06 66 ab 5a f7 89 38 e2 6b dc 88  .-s...f.Z..8.k..
02198052  71 88 43 d8 d7 6a 74 49 f6 db 0d 78 62 2f 19 08  q.C..jtI...xb/..
[+] Output data after DECRYPT (first 64 bytes):
           0  1  2  3  4  5  6  7  8  9  A  B  C  D  E  F  0123456789ABCDEF
02197820  1f 09 08 02 10 81 8e ce 1c 18 00 20 00 28 01 30  ........... .(.0
02197830  01 38 0a 42 2c 08 00 10 00 18 fa eb ac 02 20 fa  .8.B,......... .
02197840  eb ac 02 2a 07 4c 65 70 6f 53 65 6e 32 07 4c 65  ...*.LepoSen2.Le
02197850  70 6f 53 65 6e 38 00 40 00 48 00 50 00 58 00 60  poSen8.@.H.P.X.`
[>] Decrypt wrapper called — context: 0x171afe9c

[+] ======= BF_cfb64_encrypt call #72 =======
[+] Mode: DECRYPT
[+] Length: 2 bytes
[+] BF_KEY ptr: 0x219946c
[+] IV ptr: 0x2199439
[+] num ptr: 0x2199430 (value: 3)
[+] IV (8 bytes):
           0  1  2  3  4  5  6  7  8  9  A  B  C  D  E  F  0123456789ABCDEF
02199439  b0 53 53 38 07 90 91 f6                          .SS8....
[+] Input data (first 2 bytes):
           0  1  2  3  4  5  6  7  8  9  A  B  C  D  E  F  0123456789ABCDEF
171afe9c  7b 07                                            {.
[+] Output data after DECRYPT (first 2 bytes):
           0  1  2  3  4  5  6  7  8  9  A  B  C  D  E  F  0123456789ABCDEF
02197820  43 00                                            C.
[>] Decrypt wrapper called — context: 0x2198022

[+] ======= BF_cfb64_encrypt call #73 =======
[+] Mode: DECRYPT
[+] Length: 73 bytes
[+] BF_KEY ptr: 0x219946c
[+] IV ptr: 0x2199439
[+] num ptr: 0x2199430 (value: 5)
[+] IV (8 bytes):
           0  1  2  3  4  5  6  7  8  9  A  B  C  D  E  F  0123456789ABCDEF
02199439  b0 53 53 7b 07 90 91 f6                          .SS{....
[+] Input data (first 64 bytes):
           0  1  2  3  4  5  6  7  8  9  A  B  C  D  E  F  0123456789ABCDEF
02198022  8f 98 fe 98 ff d2 99 48 9a 4e 43 d7 0f 07 80 b3  .......H.NC.....
02198032  f7 d6 bb ac e9 d8 9c 67 6d dc 97 78 8d b2 35 92  .......gm..x..5.
02198042  cb 12 79 f8 fe 26 b9 d7 9e 23 9c e8 06 9c b6 a3  ..y..&...#......
02198052  ed 0a 21 94 09 0f dd ab 68 f6 5c cd 45 94 8a c9  ..!.....h.\.E...
[+] Output data after DECRYPT (first 64 bytes):
           0  1  2  3  4  5  6  7  8  9  A  B  C  D  E  F  0123456789ABCDEF
02197820  1f 09 08 02 10 82 8e ce 1c 18 00 20 00 28 01 30  ........... .(.0
02197830  01 38 0a 42 2c 08 00 10 00 18 fa eb ac 02 20 fa  .8.B,......... .
02197840  eb ac 02 2a 07 4c 65 70 6f 53 65 6e 32 07 4c 65  ...*.LepoSen2.Le
02197850  70 6f 53 65 6e 38 00 40 00 48 00 50 00 58 00 60  poSen8.@.H.P.X.`
[>] Decrypt wrapper called — context: 0x171afe9c

[+] ======= BF_cfb64_encrypt call #74 =======
[+] Mode: DECRYPT
[+] Length: 2 bytes
[+] BF_KEY ptr: 0x219946c
[+] IV ptr: 0x2199439
[+] num ptr: 0x2199430 (value: 6)
[+] IV (8 bytes):
           0  1  2  3  4  5  6  7  8  9  A  B  C  D  E  F  0123456789ABCDEF
02199439  6c 1e 3f 81 d8 76 30 f5                          l.?..v0.
[+] Input data (first 2 bytes):
           0  1  2  3  4  5  6  7  8  9  A  B  C  D  E  F  0123456789ABCDEF
171afe9c  73 f5                                            s.
[+] Output data after DECRYPT (first 2 bytes):
           0  1  2  3  4  5  6  7  8  9  A  B  C  D  E  F  0123456789ABCDEF
02197820  43 00                                            C.
[>] Decrypt wrapper called — context: 0x2198022

[+] ======= BF_cfb64_encrypt call #75 =======
[+] Mode: DECRYPT
[+] Length: 73 bytes
[+] BF_KEY ptr: 0x219946c
[+] IV ptr: 0x2199439
[+] num ptr: 0x2199430 (value: 0)
[+] IV (8 bytes):
           0  1  2  3  4  5  6  7  8  9  A  B  C  D  E  F  0123456789ABCDEF
02199439  6c 1e 3f 81 d8 76 73 f5                          l.?..vs.
[+] Input data (first 64 bytes):
           0  1  2  3  4  5  6  7  8  9  A  B  C  D  E  F  0123456789ABCDEF
02198022  b3 c8 06 be 65 60 a1 53 0b 14 db 51 d0 45 d7 6e  ....e`.S...Q.E.n
02198032  c3 cf 77 02 b5 c3 70 8b c1 e4 d6 ad b3 00 e2 cc  ..w...p.........
02198042  3a 62 9b 75 55 69 8e 79 77 8a 7c 3a 41 70 b0 cd  :b.uUi.yw.|:Ap..
02198052  0c 03 f6 6e a7 9d fe b0 90 6e 14 cb 50 7b 04 e7  ...n.....n..P{..
[+] Output data after DECRYPT (first 64 bytes):
           0  1  2  3  4  5  6  7  8  9  A  B  C  D  E  F  0123456789ABCDEF
02197820  1f 09 08 02 10 83 8e ce 1c 18 00 20 00 28 01 30  ........... .(.0
02197830  01 38 0a 42 2c 08 00 10 00 18 fa eb ac 02 20 fa  .8.B,......... .
02197840  eb ac 02 2a 07 4c 65 70 6f 53 65 6e 32 07 4c 65  ...*.LepoSen2.Le
02197850  70 6f 53 65 6e 38 00 40 00 48 00 50 00 58 00 60  poSen8.@.H.P.X.`
[>] Decrypt wrapper called — context: 0x171afe9c

[+] ======= BF_cfb64_encrypt call #76 =======
[+] Mode: DECRYPT
[+] Length: 2 bytes
[+] BF_KEY ptr: 0x219946c
[+] IV ptr: 0x2199439
[+] num ptr: 0x2199430 (value: 1)
[+] IV (8 bytes):
           0  1  2  3  4  5  6  7  8  9  A  B  C  D  E  F  0123456789ABCDEF
02199439  91 19 99 fd 40 d0 4a 62                          ....@.Jb
[+] Input data (first 2 bytes):
           0  1  2  3  4  5  6  7  8  9  A  B  C  D  E  F  0123456789ABCDEF
171afe9c  5a 99                                            Z.
[+] Output data after DECRYPT (first 2 bytes):
           0  1  2  3  4  5  6  7  8  9  A  B  C  D  E  F  0123456789ABCDEF
02197820  43 00                                            C.
[>] Decrypt wrapper called — context: 0x2198022

[+] ======= BF_cfb64_encrypt call #77 =======
[+] Mode: DECRYPT
[+] Length: 73 bytes
[+] BF_KEY ptr: 0x219946c
[+] IV ptr: 0x2199439
[+] num ptr: 0x2199430 (value: 3)
[+] IV (8 bytes):
           0  1  2  3  4  5  6  7  8  9  A  B  C  D  E  F  0123456789ABCDEF
02199439  91 5a 99 fd 40 d0 4a 62                          .Z..@.Jb
[+] Input data (first 64 bytes):
           0  1  2  3  4  5  6  7  8  9  A  B  C  D  E  F  0123456789ABCDEF
02198022  e2 49 d8 48 72 71 c2 25 8f 9c 67 04 68 95 34 28  .I.Hrq.%..g.h.4(
02198032  01 b7 54 da e6 a1 a6 3b 59 36 dc 19 a1 73 55 48  ..T....;Y6...sUH
02198042  fa e6 6a b5 62 18 07 c6 0f 25 7c 51 e4 b4 cb 4f  ..j.b....%|Q...O
02198052  33 d5 16 93 e7 f8 3a b4 c1 70 bd 58 55 ba d3 10  3.....:..p.XU...
[+] Output data after DECRYPT (first 64 bytes):
           0  1  2  3  4  5  6  7  8  9  A  B  C  D  E  F  0123456789ABCDEF
02197820  1f 09 08 02 10 84 8e ce 1c 18 00 20 00 28 01 30  ........... .(.0
02197830  01 38 0a 42 2c 08 00 10 00 18 fa eb ac 02 20 fa  .8.B,......... .
02197840  eb ac 02 2a 07 4c 65 70 6f 53 65 6e 32 07 4c 65  ...*.LepoSen2.Le
02197850  70 6f 53 65 6e 38 00 40 00 48 00 50 00 58 00 60  poSen8.@.H.P.X.`
[>] Decrypt wrapper called — context: 0x171afe9c

[+] ======= BF_cfb64_encrypt call #78 =======
[+] Mode: DECRYPT
[+] Length: 2 bytes
[+] BF_KEY ptr: 0x219946c
[+] IV ptr: 0x2199439
[+] num ptr: 0x2199430 (value: 4)
[+] IV (8 bytes):
           0  1  2  3  4  5  6  7  8  9  A  B  C  D  E  F  0123456789ABCDEF
02199439  fb 42 ca c1 b0 e3 4f 6a                          .B....Oj
[+] Input data (first 2 bytes):
           0  1  2  3  4  5  6  7  8  9  A  B  C  D  E  F  0123456789ABCDEF
171afe9c  58 e3                                            X.
[+] Output data after DECRYPT (first 2 bytes):
           0  1  2  3  4  5  6  7  8  9  A  B  C  D  E  F  0123456789ABCDEF
02197820  e8 00                                            ..
[>] Decrypt wrapper called — context: 0x2198022

[+] ======= BF_cfb64_encrypt call #79 =======
[+] Mode: DECRYPT
[+] Length: 238 bytes
[+] BF_KEY ptr: 0x219946c
[+] IV ptr: 0x2199439
[+] num ptr: 0x2199430 (value: 6)
[+] IV (8 bytes):
           0  1  2  3  4  5  6  7  8  9  A  B  C  D  E  F  0123456789ABCDEF
02199439  fb 42 ca c1 58 e3 4f 6a                          .B..X.Oj
[+] Input data (first 64 bytes):
           0  1  2  3  4  5  6  7  8  9  A  B  C  D  E  F  0123456789ABCDEF
02198022  95 62 2d ac 5e c3 80 da 75 16 4c 68 72 d4 34 cd  .b-.^...u.Lhr.4.
02198032  8b ff 96 1e cd 4d ca f3 8a c1 ab c1 f8 83 39 9c  .....M........9.
02198042  ff 15 53 80 56 9f 5a b0 45 32 85 e4 76 2b 5e b3  ..S.V.Z.E2..v+^.
02198052  a6 15 63 cc ff 43 d2 63 3a da 2e 3c 77 9b ed f3  ..c..C.c:..<w...
[+] Output data after DECRYPT (first 64 bytes):
           0  1  2  3  4  5  6  7  8  9  A  B  C  D  E  F  0123456789ABCDEF
02197820  da 08 01 00 00 00 00 00 00 00 01 00 00 00 00 00  ................
02197830  00 00 00 00 00 00 00 00 00 00 00 00 00 00 00 00  ................
02197840  00 00 00 00 00 00 00 00 00 00 00 00 00 00 00 00  ................
02197850  00 00 00 00 00 00 00 00 00 00 00 00 00 00 00 00  ................
[>] Decrypt wrapper called — context: 0x171afe9c

[+] ======= BF_cfb64_encrypt call #80 =======
[+] Mode: DECRYPT
[+] Length: 2 bytes
[+] BF_KEY ptr: 0x219946c
[+] IV ptr: 0x2199439
[+] num ptr: 0x2199430 (value: 4)
[+] IV (8 bytes):
           0  1  2  3  4  5  6  7  8  9  A  B  C  D  E  F  0123456789ABCDEF
02199439  49 bc ad 6c 88 6f 2c 6e                          I..l.o,n
[+] Input data (first 2 bytes):
           0  1  2  3  4  5  6  7  8  9  A  B  C  D  E  F  0123456789ABCDEF
171afe9c  b8 6f                                            .o
[+] Output data after DECRYPT (first 2 bytes):
           0  1  2  3  4  5  6  7  8  9  A  B  C  D  E  F  0123456789ABCDEF
02197820  30 00                                            0.
[>] Decrypt wrapper called — context: 0x2198022

[+] ======= BF_cfb64_encrypt call #81 =======
[+] Mode: DECRYPT
[+] Length: 54 bytes
[+] BF_KEY ptr: 0x219946c
[+] IV ptr: 0x2199439
[+] num ptr: 0x2199430 (value: 6)
[+] IV (8 bytes):
           0  1  2  3  4  5  6  7  8  9  A  B  C  D  E  F  0123456789ABCDEF
02199439  49 bc ad 6c b8 6f 2c 6e                          I..l.o,n
[+] Input data (first 54 bytes):
           0  1  2  3  4  5  6  7  8  9  A  B  C  D  E  F  0123456789ABCDEF
02198022  62 66 b8 92 52 51 04 a1 cf f6 9f 81 7f 50 ea 99  bf..RQ.......P..
02198032  e8 4a e9 16 a8 d3 4d 03 dd e4 8d fa 18 28 05 82  .J....M......(..
02198042  23 65 eb 54 24 b4 c2 bb f2 b7 3c 78 8d cc ea bc  #e.T$.....<x....
02198052  06 61 37 17 4e e1                                .a7.N.
[+] Output data after DECRYPT (first 54 bytes):
           0  1  2  3  4  5  6  7  8  9  A  B  C  D  E  F  0123456789ABCDEF
02197820  4e 08 03 00 02 00 01 00 00 00 00 00 00 00 00 00  N...............
02197830  00 00 00 00 00 00 da 88 00 00 00 00 00 00 00 00  ................
02197840  00 00 0d 89 00 00 00 00 00 00 00 00 00 00 54 51  ..............TQ
02197850  53 65 72 76 65 72                                Server
[>] Decrypt wrapper called — context: 0x171afe9c

[+] ======= BF_cfb64_encrypt call #82 =======
[+] Mode: DECRYPT
[+] Length: 2 bytes
[+] BF_KEY ptr: 0x219946c
[+] IV ptr: 0x2199439
[+] num ptr: 0x2199430 (value: 4)
[+] IV (8 bytes):
           0  1  2  3  4  5  6  7  8  9  A  B  C  D  E  F  0123456789ABCDEF
02199439  37 17 4e e1 af f1 20 ac                          7.N... .
[+] Input data (first 2 bytes):
           0  1  2  3  4  5  6  7  8  9  A  B  C  D  E  F  0123456789ABCDEF
171afe9c  a3 f1                                            ..
[+] Output data after DECRYPT (first 2 bytes):
           0  1  2  3  4  5  6  7  8  9  A  B  C  D  E  F  0123456789ABCDEF
02197820  0c 00                                            ..
[>] Decrypt wrapper called — context: 0x2198022

[+] ======= BF_cfb64_encrypt call #83 =======
[+] Mode: DECRYPT
[+] Length: 18 bytes
[+] BF_KEY ptr: 0x219946c
[+] IV ptr: 0x2199439
[+] num ptr: 0x2199430 (value: 6)
[+] IV (8 bytes):
           0  1  2  3  4  5  6  7  8  9  A  B  C  D  E  F  0123456789ABCDEF
02199439  37 17 4e e1 a3 f1 20 ac                          7.N... .
[+] Input data (first 18 bytes):
           0  1  2  3  4  5  6  7  8  9  A  B  C  D  E  F  0123456789ABCDEF
02198022  d2 a4 2d e8 05 e5 fc 6e 6d bf fd d6 12 83 47 63  ..-....nm.....Gc
02198032  82 ca                                            ..
[+] Output data after DECRYPT (first 18 bytes):
           0  1  2  3  4  5  6  7  8  9  A  B  C  D  E  F  0123456789ABCDEF
02197820  f2 08 fa 35 4b 00 00 03 00 00 54 51 53 65 72 76  ...5K.....TQServ
02197830  65 72                                            er
[>] Decrypt wrapper called — context: 0x171afe9c

[+] ======= BF_cfb64_encrypt call #84 =======
[+] Mode: DECRYPT
[+] Length: 2 bytes
[+] BF_KEY ptr: 0x219946c
[+] IV ptr: 0x2199439
[+] num ptr: 0x2199430 (value: 0)
[+] IV (8 bytes):
           0  1  2  3  4  5  6  7  8  9  A  B  C  D  E  F  0123456789ABCDEF
02199439  fd d6 12 83 47 63 82 ca                          ....Gc..
[+] Input data (first 2 bytes):
           0  1  2  3  4  5  6  7  8  9  A  B  C  D  E  F  0123456789ABCDEF
171afe9c  81 0c                                            ..
[+] Output data after DECRYPT (first 2 bytes):
           0  1  2  3  4  5  6  7  8  9  A  B  C  D  E  F  0123456789ABCDEF
02197820  2c 00                                            ,.
[>] Decrypt wrapper called — context: 0x2198022

[+] ======= BF_cfb64_encrypt call #85 =======
[+] Mode: DECRYPT
[+] Length: 50 bytes
[+] BF_KEY ptr: 0x219946c
[+] IV ptr: 0x2199439
[+] num ptr: 0x2199430 (value: 2)
[+] IV (8 bytes):
           0  1  2  3  4  5  6  7  8  9  A  B  C  D  E  F  0123456789ABCDEF
02199439  81 0c 2e 6d 47 ac c5 13                          ...mG...
[+] Input data (first 50 bytes):
           0  1  2  3  4  5  6  7  8  9  A  B  C  D  E  F  0123456789ABCDEF
02198022  df 6a 47 ac c5 13 f9 8d 89 28 a2 ef a4 26 b1 17  .jG......(...&..
02198032  f2 65 ee 24 de 27 9c e2 4f 3d 3d b2 6e 21 73 44  .e.$.'..O==.n!sD
02198042  e7 da 31 e9 e3 5f 63 30 71 3b 11 18 d0 43 98 a8  ..1.._c0q;...C..
02198052  40 41                                            @A
[+] Output data after DECRYPT (first 50 bytes):
           0  1  2  3  4  5  6  7  8  9  A  B  C  D  E  F  0123456789ABCDEF
02197820  f1 07 00 00 00 00 00 00 00 00 00 00 00 00 00 00  ................
02197830  00 00 00 00 00 00 00 00 00 00 00 00 00 00 00 00  ................
02197840  00 00 00 00 00 00 e8 03 00 00 54 51 53 65 72 76  ..........TQServ
02197850  65 72                                            er
[>] Decrypt wrapper called — context: 0x171afe9c

[+] ======= BF_cfb64_encrypt call #86 =======
[+] Mode: DECRYPT
[+] Length: 2 bytes
[+] BF_KEY ptr: 0x219946c
[+] IV ptr: 0x2199439
[+] num ptr: 0x2199430 (value: 4)
[+] IV (8 bytes):
           0  1  2  3  4  5  6  7  8  9  A  B  C  D  E  F  0123456789ABCDEF
02199439  98 a8 40 41 38 76 bb 99                          ..@A8v..
[+] Input data (first 2 bytes):
           0  1  2  3  4  5  6  7  8  9  A  B  C  D  E  F  0123456789ABCDEF
171afe9c  77 76                                            wv
[+] Output data after DECRYPT (first 2 bytes):
           0  1  2  3  4  5  6  7  8  9  A  B  C  D  E  F  0123456789ABCDEF
02197820  4f 00                                            O.
[>] Decrypt wrapper called — context: 0x2198022

[+] ======= BF_cfb64_encrypt call #87 =======
[+] Mode: DECRYPT
[+] Length: 85 bytes
[+] BF_KEY ptr: 0x219946c
[+] IV ptr: 0x2199439
[+] num ptr: 0x2199430 (value: 6)
[+] IV (8 bytes):
           0  1  2  3  4  5  6  7  8  9  A  B  C  D  E  F  0123456789ABCDEF
02199439  98 a8 40 41 77 76 bb 99                          ..@Awv..
[+] Input data (first 64 bytes):
           0  1  2  3  4  5  6  7  8  9  A  B  C  D  E  F  0123456789ABCDEF
02198022  82 90 4d 1e f2 00 9d 72 52 89 67 14 9a 36 b3 cf  ..M....rR.g..6..
02198032  71 2c 34 55 a9 b8 24 04 4a 19 f4 ae 9f d2 34 f8  q,4U..$.J.....4.
02198042  28 48 99 f7 d3 68 66 03 06 4a 14 4a 05 2a 70 36  (H...hf..J.J.*p6
02198052  56 92 c6 e9 03 fa ea 00 24 74 62 4a cc 0b 3c ad  V.......$tbJ..<.
[+] Output data after DECRYPT (first 64 bytes):
           0  1  2  3  4  5  6  7  8  9  A  B  C  D  E  F  0123456789ABCDEF
02197820  39 09 08 80 fe ff 07 10 d5 0f 18 00 20 b0 09 30  9........... ..0
02197830  00 38 00 40 01 48 00 50 00 5a 00 72 06 53 59 53  .8.@.H.P.Z.r.SYS
02197840  54 45 4d 72 07 4c 65 70 6f 53 65 6e 72 00 72 1d  TEMr.LepoSenr.r.
02197850  53 54 52 5f 53 59 4e 5f 52 45 43 52 55 49 54 5f  STR_SYN_RECRUIT_
[>] Decrypt wrapper called — context: 0x171afe9c

[+] ======= BF_cfb64_encrypt call #88 =======
[+] Mode: DECRYPT
[+] Length: 2 bytes
[+] BF_KEY ptr: 0x219946c
[+] IV ptr: 0x2199439
[+] num ptr: 0x2199430 (value: 3)
[+] IV (8 bytes):
           0  1  2  3  4  5  6  7  8  9  A  B  C  D  E  F  0123456789ABCDEF
02199439  6d 38 f7 cc fd 53 0a 60                          m8...S.`
[+] Input data (first 2 bytes):
           0  1  2  3  4  5  6  7  8  9  A  B  C  D  E  F  0123456789ABCDEF
171afe9c  df fd                                            ..
[+] Output data after DECRYPT (first 2 bytes):
           0  1  2  3  4  5  6  7  8  9  A  B  C  D  E  F  0123456789ABCDEF
02197820  13 00                                            ..
[>] Decrypt wrapper called — context: 0x2198022

[+] ======= BF_cfb64_encrypt call #89 =======
[+] Mode: DECRYPT
[+] Length: 25 bytes
[+] BF_KEY ptr: 0x219946c
[+] IV ptr: 0x2199439
[+] num ptr: 0x2199430 (value: 5)
[+] IV (8 bytes):
           0  1  2  3  4  5  6  7  8  9  A  B  C  D  E  F  0123456789ABCDEF
02199439  6d 38 f7 df fd 53 0a 60                          m8...S.`
[+] Input data (first 25 bytes):
           0  1  2  3  4  5  6  7  8  9  A  B  C  D  E  F  0123456789ABCDEF
02198022  ce 03 65 64 88 fc d8 07 da 93 b7 a9 62 b1 4c 87  ..ed........b.L.
02198032  e1 23 3d 35 87 74 2a ae eb                       .#=5.t*..
[+] Output data after DECRYPT (first 25 bytes):
           0  1  2  3  4  5  6  7  8  9  A  B  C  D  E  F  0123456789ABCDEF
02197820  9d 09 05 00 00 00 00 00 00 00 00 00 00 00 00 00  ................
02197830  00 54 51 53 65 72 76 65 72                       .TQServer
[>] Decrypt wrapper called — context: 0x171afe9c

[+] ======= BF_cfb64_encrypt call #90 =======
[+] Mode: DECRYPT
[+] Length: 2 bytes
[+] BF_KEY ptr: 0x219946c
[+] IV ptr: 0x2199439
[+] num ptr: 0x2199430 (value: 6)
[+] IV (8 bytes):
           0  1  2  3  4  5  6  7  8  9  A  B  C  D  E  F  0123456789ABCDEF
02199439  35 87 74 2a ae eb d9 b4                          5.t*....
[+] Input data (first 2 bytes):
           0  1  2  3  4  5  6  7  8  9  A  B  C  D  E  F  0123456789ABCDEF
171afe9c  d6 b4                                            ..
[+] Output data after DECRYPT (first 2 bytes):
           0  1  2  3  4  5  6  7  8  9  A  B  C  D  E  F  0123456789ABCDEF
02197820  0f 00                                            ..
[>] Decrypt wrapper called — context: 0x2198022

[+] ======= BF_cfb64_encrypt call #91 =======
[+] Mode: DECRYPT
[+] Length: 21 bytes
[+] BF_KEY ptr: 0x219946c
[+] IV ptr: 0x2199439
[+] num ptr: 0x2199430 (value: 0)
[+] IV (8 bytes):
           0  1  2  3  4  5  6  7  8  9  A  B  C  D  E  F  0123456789ABCDEF
02199439  35 87 74 2a ae eb d6 b4                          5.t*....
[+] Input data (first 21 bytes):
           0  1  2  3  4  5  6  7  8  9  A  B  C  D  E  F  0123456789ABCDEF
02198022  c3 6d e7 03 a2 c7 f1 fa b4 ea 19 1c 18 42 f4 04  .m...........B..
02198032  b2 60 07 8c e6                                   .`...
[+] Output data after DECRYPT (first 21 bytes):
           0  1  2  3  4  5  6  7  8  9  A  B  C  D  E  F  0123456789ABCDEF
02197820  fe 07 08 fa eb ac 02 12 04 08 53 10 00 54 51 53  ..........S..TQS
02197830  65 72 76 65 72                                   erver
[>] Decrypt wrapper called — context: 0x171afe9c

[+] ======= BF_cfb64_encrypt call #92 =======
[+] Mode: DECRYPT
[+] Length: 2 bytes
[+] BF_KEY ptr: 0x219946c
[+] IV ptr: 0x2199439
[+] num ptr: 0x2199430 (value: 5)
[+] IV (8 bytes):
           0  1  2  3  4  5  6  7  8  9  A  B  C  D  E  F  0123456789ABCDEF
02199439  b2 60 07 8c e6 9d 25 7d                          .`....%}
[+] Input data (first 2 bytes):
           0  1  2  3  4  5  6  7  8  9  A  B  C  D  E  F  0123456789ABCDEF
171afe9c  88 25                                            .%
[+] Output data after DECRYPT (first 2 bytes):
           0  1  2  3  4  5  6  7  8  9  A  B  C  D  E  F  0123456789ABCDEF
02197820  15 00                                            ..
[>] Decrypt wrapper called — context: 0x2198022

[+] ======= BF_cfb64_encrypt call #93 =======
[+] Mode: DECRYPT
[+] Length: 27 bytes
[+] BF_KEY ptr: 0x219946c
[+] IV ptr: 0x2199439
[+] num ptr: 0x2199430 (value: 7)
[+] IV (8 bytes):
           0  1  2  3  4  5  6  7  8  9  A  B  C  D  E  F  0123456789ABCDEF
02199439  b2 60 07 8c e6 88 25 7d                          .`....%}
[+] Input data (first 27 bytes):
           0  1  2  3  4  5  6  7  8  9  A  B  C  D  E  F  0123456789ABCDEF
02198022  08 3b 80 01 f6 8f b2 7e 0e b6 54 11 d7 bd 0a 2b  .;.....~..T....+
02198032  70 55 dd c8 fc 9c 51 f9 70 60 84                 pU....Q.p`.
[+] Output data after DECRYPT (first 27 bytes):
           0  1  2  3  4  5  6  7  8  9  A  B  C  D  E  F  0123456789ABCDEF
02197820  75 08 08 00 10 fa eb ac 02 18 00 20 00 28 01 30  u.......... .(.0
02197830  31 3a 00 54 51 53 65 72 76 65 72                 1:.TQServer
[>] Decrypt wrapper called — context: 0x171afe9c

[+] ======= BF_cfb64_encrypt call #94 =======
[+] Mode: DECRYPT
[+] Length: 2 bytes
[+] BF_KEY ptr: 0x219946c
[+] IV ptr: 0x2199439
[+] num ptr: 0x2199430 (value: 2)
[+] IV (8 bytes):
           0  1  2  3  4  5  6  7  8  9  A  B  C  D  E  F  0123456789ABCDEF
02199439  60 84 47 98 d7 cd 29 35                          `.G...)5
[+] Input data (first 2 bytes):
           0  1  2  3  4  5  6  7  8  9  A  B  C  D  E  F  0123456789ABCDEF
171afe9c  43 98                                            C.
[+] Output data after DECRYPT (first 2 bytes):
           0  1  2  3  4  5  6  7  8  9  A  B  C  D  E  F  0123456789ABCDEF
02197820  04 00                                            ..
[>] Decrypt wrapper called — context: 0x2198022

[+] ======= BF_cfb64_encrypt call #95 =======
[+] Mode: DECRYPT
[+] Length: 10 bytes
[+] BF_KEY ptr: 0x219946c
[+] IV ptr: 0x2199439
[+] num ptr: 0x2199430 (value: 4)
[+] IV (8 bytes):
           0  1  2  3  4  5  6  7  8  9  A  B  C  D  E  F  0123456789ABCDEF
02199439  60 84 43 98 d7 cd 29 35                          `.C...)5
[+] Input data (first 10 bytes):
           0  1  2  3  4  5  6  7  8  9  A  B  C  D  E  F  0123456789ABCDEF
02198022  34 c5 7d 64 37 2f 78 02 0f 77                    4.}d7/x..w
[+] Output data after DECRYPT (first 10 bytes):
           0  1  2  3  4  5  6  7  8  9  A  B  C  D  E  F  0123456789ABCDEF
02197820  e3 08 54 51 53 65 72 76 65 72                    ..TQServer
[>] Decrypt wrapper called — context: 0x171afe9c

[+] ======= BF_cfb64_encrypt call #96 =======
[+] Mode: DECRYPT
[+] Length: 2 bytes
[+] BF_KEY ptr: 0x219946c
[+] IV ptr: 0x2199439
[+] num ptr: 0x2199430 (value: 6)
[+] IV (8 bytes):
           0  1  2  3  4  5  6  7  8  9  A  B  C  D  E  F  0123456789ABCDEF
02199439  37 2f 78 02 0f 77 6e da                          7/x..wn.
[+] Input data (first 2 bytes):
           0  1  2  3  4  5  6  7  8  9  A  B  C  D  E  F  0123456789ABCDEF
171afe9c  cb da                                            ..
[+] Output data after DECRYPT (first 2 bytes):
           0  1  2  3  4  5  6  7  8  9  A  B  C  D  E  F  0123456789ABCDEF
02197820  a5 00                                            ..
[>] Decrypt wrapper called — context: 0x2198022

[+] ======= BF_cfb64_encrypt call #97 =======
[+] Mode: DECRYPT
[+] Length: 171 bytes
[+] BF_KEY ptr: 0x219946c
[+] IV ptr: 0x2199439
[+] num ptr: 0x2199430 (value: 0)
[+] IV (8 bytes):
           0  1  2  3  4  5  6  7  8  9  A  B  C  D  E  F  0123456789ABCDEF
02199439  37 2f 78 02 0f 77 cb da                          7/x..w..
[+] Input data (first 64 bytes):
           0  1  2  3  4  5  6  7  8  9  A  B  C  D  E  F  0123456789ABCDEF
02198022  75 65 ca f7 6b 1c b9 c4 bb 85 68 af 8e 72 fc 76  ue..k.....h..r.v
02198032  c4 73 02 95 51 15 b5 e3 bf 95 3e b1 e5 64 a6 17  .s..Q.....>..d..
02198042  e6 5a 42 f7 da 02 41 e1 78 c0 a6 f0 b5 a4 19 9d  .ZB...A.x.......
02198052  24 b4 48 c7 e3 84 39 59 7d 27 79 cf 1c e1 e5 a9  $.H...9Y}'y.....
[+] Output data after DECRYPT (first 64 bytes):
           0  1  2  3  4  5  6  7  8  9  A  B  C  D  E  F  0123456789ABCDEF
02197820  1d 08 08 00 2a 0c 08 00 10 03 18 01 20 00 28 00  ....*....... .(.
02197830  28 01 2a 08 08 01 10 3d 18 01 20 00 2a 08 08 02  (.*....=.. .*...
02197840  10 01 18 01 20 00 2a 08 08 03 10 01 18 01 20 00  .... .*....... .
02197850  2a 08 08 04 10 01 18 00 20 00 2a 08 08 04 10 03  *....... .*.....
[>] Decrypt wrapper called — context: 0x171afe9c

[+] ======= BF_cfb64_encrypt call #98 =======
[+] Mode: DECRYPT
[+] Length: 2 bytes
[+] BF_KEY ptr: 0x219946c
[+] IV ptr: 0x2199439
[+] num ptr: 0x2199430 (value: 3)
[+] IV (8 bytes):
           0  1  2  3  4  5  6  7  8  9  A  B  C  D  E  F  0123456789ABCDEF
02199439  d4 85 d2 ec b2 07 20 af                          ...... .
[+] Input data (first 2 bytes):
           0  1  2  3  4  5  6  7  8  9  A  B  C  D  E  F  0123456789ABCDEF
171afe9c  fd b2                                            ..
[+] Output data after DECRYPT (first 2 bytes):
           0  1  2  3  4  5  6  7  8  9  A  B  C  D  E  F  0123456789ABCDEF
02197820  11 00                                            ..
[>] Decrypt wrapper called — context: 0x2198022

[+] ======= BF_cfb64_encrypt call #99 =======
[+] Mode: DECRYPT
[+] Length: 23 bytes
[+] BF_KEY ptr: 0x219946c
[+] IV ptr: 0x2199439
[+] num ptr: 0x2199430 (value: 5)
[+] IV (8 bytes):
           0  1  2  3  4  5  6  7  8  9  A  B  C  D  E  F  0123456789ABCDEF
02199439  d4 85 d2 fd b2 07 20 af                          ...... .
[+] Input data (first 23 bytes):
           0  1  2  3  4  5  6  7  8  9  A  B  C  D  E  F  0123456789ABCDEF
02198022  0a 29 a7 be 9f 65 ff 77 ac b1 1e da a4 23 06 55  .)...e.w.....#.U
02198032  71 d6 c8 f8 13 ad 7e                             q.....~
[+] Output data after DECRYPT (first 23 bytes):
           0  1  2  3  4  5  6  7  8  9  A  B  C  D  E  F  0123456789ABCDEF
02197820  0d 09 08 04 10 00 18 00 20 e9 cb d4 09 28 03 54  ........ ....(.T
02197830  51 53 65 72 76 65 72                             QServer
[>] Decrypt wrapper called — context: 0x171afe9c

[+] ======= BF_cfb64_encrypt call #100 =======
[+] Mode: DECRYPT
[+] Length: 2 bytes
[+] BF_KEY ptr: 0x219946c
[+] IV ptr: 0x2199439
[+] num ptr: 0x2199430 (value: 4)
[+] IV (8 bytes):
           0  1  2  3  4  5  6  7  8  9  A  B  C  D  E  F  0123456789ABCDEF
02199439  f8 13 ad 7e ef eb 75 fa                          ...~..u.
[+] Input data (first 2 bytes):
           0  1  2  3  4  5  6  7  8  9  A  B  C  D  E  F  0123456789ABCDEF
171afe9c  f9 eb                                            ..
[+] Output data after DECRYPT (first 2 bytes):
           0  1  2  3  4  5  6  7  8  9  A  B  C  D  E  F  0123456789ABCDEF
02197820  16 00                                            ..
[>] Decrypt wrapper called — context: 0x2198022

[+] ======= BF_cfb64_encrypt call #101 =======
[+] Mode: DECRYPT
[+] Length: 28 bytes
[+] BF_KEY ptr: 0x219946c
[+] IV ptr: 0x2199439
[+] num ptr: 0x2199430 (value: 6)
[+] IV (8 bytes):
           0  1  2  3  4  5  6  7  8  9  A  B  C  D  E  F  0123456789ABCDEF
02199439  f8 13 ad 7e f9 eb 75 fa                          ...~..u.
[+] Input data (first 28 bytes):
           0  1  2  3  4  5  6  7  8  9  A  B  C  D  E  F  0123456789ABCDEF
02198022  db d9 7c a9 58 3f 77 d6 9b 95 8e 17 ab eb 73 80  ..|.X?w.......s.
02198032  3b dc 51 19 af 6a f3 f5 f0 22 40 56              ;.Q..j..."@V
[+] Output data after DECRYPT (first 28 bytes):
           0  1  2  3  4  5  6  7  8  9  A  B  C  D  E  F  0123456789ABCDEF
02197820  ae 23 08 01 10 8e f4 07 18 00 20 00 28 00 30 00  .#........ .(.0.
02197830  38 00 40 00 54 51 53 65 72 76 65 72              8.@.TQServer
[>] Decrypt wrapper called — context: 0x171afe9c

[+] ======= BF_cfb64_encrypt call #102 =======
[+] Mode: DECRYPT
[+] Length: 2 bytes
[+] BF_KEY ptr: 0x219946c
[+] IV ptr: 0x2199439
[+] num ptr: 0x2199430 (value: 2)
[+] IV (8 bytes):
           0  1  2  3  4  5  6  7  8  9  A  B  C  D  E  F  0123456789ABCDEF
02199439  40 56 47 ed 24 3c 43 bd                          @VG.$<C.
[+] Input data (first 2 bytes):
           0  1  2  3  4  5  6  7  8  9  A  B  C  D  E  F  0123456789ABCDEF
171afe9c  41 ed                                            A.
[+] Output data after DECRYPT (first 2 bytes):
           0  1  2  3  4  5  6  7  8  9  A  B  C  D  E  F  0123456789ABCDEF
02197820  06 00                                            ..
[>] Decrypt wrapper called — context: 0x2198022

[+] ======= BF_cfb64_encrypt call #103 =======
[+] Mode: DECRYPT
[+] Length: 12 bytes
[+] BF_KEY ptr: 0x219946c
[+] IV ptr: 0x2199439
[+] num ptr: 0x2199430 (value: 4)
[+] IV (8 bytes):
           0  1  2  3  4  5  6  7  8  9  A  B  C  D  E  F  0123456789ABCDEF
02199439  40 56 41 ed 24 3c 43 bd                          @VA.$<C.
[+] Input data (first 12 bytes):
           0  1  2  3  4  5  6  7  8  9  A  B  C  D  E  F  0123456789ABCDEF
02198022  8b 35 4b b4 cd 13 aa a1 04 a5 22 fd              .5K.......".
[+] Output data after DECRYPT (first 12 bytes):
           0  1  2  3  4  5  6  7  8  9  A  B  C  D  E  F  0123456789ABCDEF
02197820  af 09 08 09 54 51 53 65 72 76 65 72              ....TQServer
[>] Decrypt wrapper called — context: 0x171afe9c

[+] ======= BF_cfb64_encrypt call #104 =======
[+] Mode: DECRYPT
[+] Length: 2 bytes
[+] BF_KEY ptr: 0x219946c
[+] IV ptr: 0x2199439
[+] num ptr: 0x2199430 (value: 0)
[+] IV (8 bytes):
           0  1  2  3  4  5  6  7  8  9  A  B  C  D  E  F  0123456789ABCDEF
02199439  cd 13 aa a1 04 a5 22 fd                          ......".
[+] Input data (first 2 bytes):
           0  1  2  3  4  5  6  7  8  9  A  B  C  D  E  F  0123456789ABCDEF
171afe9c  00 6d                                            .m
[+] Output data after DECRYPT (first 2 bytes):
           0  1  2  3  4  5  6  7  8  9  A  B  C  D  E  F  0123456789ABCDEF
02197820  0c 00                                            ..
[>] Decrypt wrapper called — context: 0x2198022

[+] ======= BF_cfb64_encrypt call #105 =======
[+] Mode: DECRYPT
[+] Length: 18 bytes
[+] BF_KEY ptr: 0x219946c
[+] IV ptr: 0x2199439
[+] num ptr: 0x2199430 (value: 2)
[+] IV (8 bytes):
           0  1  2  3  4  5  6  7  8  9  A  B  C  D  E  F  0123456789ABCDEF
02199439  00 6d 7f 9e 35 72 c1 57                          .m..5r.W
[+] Input data (first 18 bytes):
           0  1  2  3  4  5  6  7  8  9  A  B  C  D  E  F  0123456789ABCDEF
02198022  55 96 3d 72 d1 57 c2 ae c9 5d 4e e7 d1 5b f2 78  U.=r.W...]N..[.x
02198032  9b d8                                            ..
[+] Output data after DECRYPT (first 18 bytes):
           0  1  2  3  4  5  6  7  8  9  A  B  C  D  E  F  0123456789ABCDEF
02197820  2a 08 08 00 10 00 18 00 20 00 54 51 53 65 72 76  *....... .TQServ
02197830  65 72                                            er
[>] Decrypt wrapper called — context: 0x171afe9c

[+] ======= BF_cfb64_encrypt call #106 =======
[+] Mode: DECRYPT
[+] Length: 2 bytes
[+] BF_KEY ptr: 0x219946c
[+] IV ptr: 0x2199439
[+] num ptr: 0x2199430 (value: 4)
[+] IV (8 bytes):
           0  1  2  3  4  5  6  7  8  9  A  B  C  D  E  F  0123456789ABCDEF
02199439  f2 78 9b d8 ae 9c 94 43                          .x.....C
[+] Input data (first 2 bytes):
           0  1  2  3  4  5  6  7  8  9  A  B  C  D  E  F  0123456789ABCDEF
171afe9c  be 9c                                            ..
[+] Output data after DECRYPT (first 2 bytes):
           0  1  2  3  4  5  6  7  8  9  A  B  C  D  E  F  0123456789ABCDEF
02197820  10 00                                            ..
[>] Decrypt wrapper called — context: 0x2198022

[+] ======= BF_cfb64_encrypt call #107 =======
[+] Mode: DECRYPT
[+] Length: 22 bytes
[+] BF_KEY ptr: 0x219946c
[+] IV ptr: 0x2199439
[+] num ptr: 0x2199430 (value: 6)
[+] IV (8 bytes):
           0  1  2  3  4  5  6  7  8  9  A  B  C  D  E  F  0123456789ABCDEF
02199439  f2 78 9b d8 be 9c 94 43                          .x.....C
[+] Input data (first 22 bytes):
           0  1  2  3  4  5  6  7  8  9  A  B  C  D  E  F  0123456789ABCDEF
02198022  5f 4a e3 8f c1 1b 17 c5 24 a9 eb 2c d5 71 00 18  _J......$..,.q..
02198032  e9 f2 1f c7 de a3                                ......
[+] Output data after DECRYPT (first 22 bytes):
           0  1  2  3  4  5  6  7  8  9  A  B  C  D  E  F  0123456789ABCDEF
02197820  cb 09 08 01 20 00 28 00 30 00 30 00 30 00 54 51  .... .(.0.0.0.TQ
02197830  53 65 72 76 65 72                                Server
[>] Decrypt wrapper called — context: 0x171afe9c

[+] ======= BF_cfb64_encrypt call #108 =======
[+] Mode: DECRYPT
[+] Length: 2 bytes
[+] BF_KEY ptr: 0x219946c
[+] IV ptr: 0x2199439
[+] num ptr: 0x2199430 (value: 4)
[+] IV (8 bytes):
           0  1  2  3  4  5  6  7  8  9  A  B  C  D  E  F  0123456789ABCDEF
02199439  1f c7 de a3 02 35 e5 91                          .....5..
[+] Input data (first 2 bytes):
           0  1  2  3  4  5  6  7  8  9  A  B  C  D  E  F  0123456789ABCDEF
171afe9c  0a 35                                            .5
[+] Output data after DECRYPT (first 2 bytes):
           0  1  2  3  4  5  6  7  8  9  A  B  C  D  E  F  0123456789ABCDEF
02197820  08 00                                            ..
[>] Decrypt wrapper called — context: 0x2198022

[+] ======= BF_cfb64_encrypt call #109 =======
[+] Mode: DECRYPT
[+] Length: 14 bytes
[+] BF_KEY ptr: 0x219946c
[+] IV ptr: 0x2199439
[+] num ptr: 0x2199430 (value: 6)
[+] IV (8 bytes):
           0  1  2  3  4  5  6  7  8  9  A  B  C  D  E  F  0123456789ABCDEF
02199439  1f c7 de a3 0a 35 e5 91                          .....5..
[+] Input data (first 14 bytes):
           0  1  2  3  4  5  6  7  8  9  A  B  C  D  E  F  0123456789ABCDEF
02198022  01 98 1d c3 4e c9 74 67 2e 22 17 e7 66 28        ....N.tg."..f(
[+] Output data after DECRYPT (first 14 bytes):
           0  1  2  3  4  5  6  7  8  9  A  B  C  D  E  F  0123456789ABCDEF
02197820  e4 09 08 0a 20 00 54 51 53 65 72 76 65 72        .... .TQServer
[>] Decrypt wrapper called — context: 0x171afe9c

[+] ======= BF_cfb64_encrypt call #110 =======
[+] Mode: DECRYPT
[+] Length: 2 bytes
[+] BF_KEY ptr: 0x219946c
[+] IV ptr: 0x2199439
[+] num ptr: 0x2199430 (value: 4)
[+] IV (8 bytes):
           0  1  2  3  4  5  6  7  8  9  A  B  C  D  E  F  0123456789ABCDEF
02199439  17 e7 66 28 fa 40 9c 60                          ..f(.@.`
[+] Input data (first 2 bytes):
           0  1  2  3  4  5  6  7  8  9  A  B  C  D  E  F  0123456789ABCDEF
171afe9c  fc 40                                            .@
[+] Output data after DECRYPT (first 2 bytes):
           0  1  2  3  4  5  6  7  8  9  A  B  C  D  E  F  0123456789ABCDEF
02197820  06 00                                            ..
[>] Decrypt wrapper called — context: 0x2198022

[+] ======= BF_cfb64_encrypt call #111 =======
[+] Mode: DECRYPT
[+] Length: 12 bytes
[+] BF_KEY ptr: 0x219946c
[+] IV ptr: 0x2199439
[+] num ptr: 0x2199430 (value: 6)
[+] IV (8 bytes):
           0  1  2  3  4  5  6  7  8  9  A  B  C  D  E  F  0123456789ABCDEF
02199439  17 e7 66 28 fc 40 9c 60                          ..f(.@.`
[+] Input data (first 12 bytes):
           0  1  2  3  4  5  6  7  8  9  A  B  C  D  E  F  0123456789ABCDEF
02198022  78 69 84 33 82 4c e5 f5 2f 5e cd 17              xi.3.L../^..
[+] Output data after DECRYPT (first 12 bytes):
           0  1  2  3  4  5  6  7  8  9  A  B  C  D  E  F  0123456789ABCDEF
02197820  e4 09 08 1e 54 51 53 65 72 76 65 72              ....TQServer
[>] Decrypt wrapper called — context: 0x171afe9c

[+] ======= BF_cfb64_encrypt call #112 =======
[+] Mode: DECRYPT
[+] Length: 2 bytes
[+] BF_KEY ptr: 0x219946c
[+] IV ptr: 0x2199439
[+] num ptr: 0x2199430 (value: 2)
[+] IV (8 bytes):
           0  1  2  3  4  5  6  7  8  9  A  B  C  D  E  F  0123456789ABCDEF
02199439  cd 17 1b 04 c4 30 7c 1b                          .....0|.
[+] Input data (first 2 bytes):
           0  1  2  3  4  5  6  7  8  9  A  B  C  D  E  F  0123456789ABCDEF
171afe9c  1d 04                                            ..
[+] Output data after DECRYPT (first 2 bytes):
           0  1  2  3  4  5  6  7  8  9  A  B  C  D  E  F  0123456789ABCDEF
02197820  06 00                                            ..
[>] Decrypt wrapper called — context: 0x2198022

[+] ======= BF_cfb64_encrypt call #113 =======
[+] Mode: DECRYPT
[+] Length: 12 bytes
[+] BF_KEY ptr: 0x219946c
[+] IV ptr: 0x2199439
[+] num ptr: 0x2199430 (value: 4)
[+] IV (8 bytes):
           0  1  2  3  4  5  6  7  8  9  A  B  C  D  E  F  0123456789ABCDEF
02199439  cd 17 1d 04 c4 30 7c 1b                          .....0|.
[+] Input data (first 12 bytes):
           0  1  2  3  4  5  6  7  8  9  A  B  C  D  E  F  0123456789ABCDEF
02198022  20 39 74 0f f3 9c 20 28 91 4b 91 3e               9t... (.K.>
[+] Output data after DECRYPT (first 12 bytes):
           0  1  2  3  4  5  6  7  8  9  A  B  C  D  E  F  0123456789ABCDEF
02197820  e4 09 08 14 54 51 53 65 72 76 65 72              ....TQServer
[>] Decrypt wrapper called — context: 0x171afe9c

[+] ======= BF_cfb64_encrypt call #114 =======
[+] Mode: DECRYPT
[+] Length: 2 bytes
[+] BF_KEY ptr: 0x219946c
[+] IV ptr: 0x2199439
[+] num ptr: 0x2199430 (value: 0)
[+] IV (8 bytes):
           0  1  2  3  4  5  6  7  8  9  A  B  C  D  E  F  0123456789ABCDEF
02199439  f3 9c 20 28 91 4b 91 3e                          .. (.K.>
[+] Input data (first 2 bytes):
           0  1  2  3  4  5  6  7  8  9  A  B  C  D  E  F  0123456789ABCDEF
171afe9c  a8 bb                                            ..
[+] Output data after DECRYPT (first 2 bytes):
           0  1  2  3  4  5  6  7  8  9  A  B  C  D  E  F  0123456789ABCDEF
02197820  11 00                                            ..
[>] Decrypt wrapper called — context: 0x2198022

[+] ======= BF_cfb64_encrypt call #115 =======
[+] Mode: DECRYPT
[+] Length: 23 bytes
[+] BF_KEY ptr: 0x219946c
[+] IV ptr: 0x2199439
[+] num ptr: 0x2199430 (value: 2)
[+] IV (8 bytes):
           0  1  2  3  4  5  6  7  8  9  A  B  C  D  E  F  0123456789ABCDEF
02199439  a8 bb 46 cc fa 02 ec 1c                          ..F.....
[+] Input data (first 23 bytes):
           0  1  2  3  4  5  6  7  8  9  A  B  C  D  E  F  0123456789ABCDEF
02198022  a8 c5 f2 03 fc 1c 5d 12 f0 bd 86 27 8d 95 bf 7a  ......]....'...z
02198032  43 6f fc af 57 2e ad                             Co..W..
[+] Output data after DECRYPT (first 23 bytes):
           0  1  2  3  4  5  6  7  8  9  A  B  C  D  E  F  0123456789ABCDEF
02197820  ee 09 08 01 10 00 18 00 28 fa eb ac 02 30 00 54  ........(....0.T
02197830  51 53 65 72 76 65 72                             QServer
[>] Decrypt wrapper called — context: 0x171afe9c

[+] ======= BF_cfb64_encrypt call #116 =======
[+] Mode: DECRYPT
[+] Length: 2 bytes
[+] BF_KEY ptr: 0x219946c
[+] IV ptr: 0x2199439
[+] num ptr: 0x2199430 (value: 1)
[+] IV (8 bytes):
           0  1  2  3  4  5  6  7  8  9  A  B  C  D  E  F  0123456789ABCDEF
02199439  ad 58 e5 2e d6 c8 00 6b                          .X.....k
[+] Input data (first 2 bytes):
           0  1  2  3  4  5  6  7  8  9  A  B  C  D  E  F  0123456789ABCDEF
171afe9c  4b e5                                            K.
[+] Output data after DECRYPT (first 2 bytes):
           0  1  2  3  4  5  6  7  8  9  A  B  C  D  E  F  0123456789ABCDEF
02197820  13 00                                            ..
[>] Decrypt wrapper called — context: 0x2198022

[+] ======= BF_cfb64_encrypt call #117 =======
[+] Mode: DECRYPT
[+] Length: 25 bytes
[+] BF_KEY ptr: 0x219946c
[+] IV ptr: 0x2199439
[+] num ptr: 0x2199430 (value: 3)
[+] IV (8 bytes):
           0  1  2  3  4  5  6  7  8  9  A  B  C  D  E  F  0123456789ABCDEF
02199439  ad 4b e5 2e d6 c8 00 6b                          .K.....k
[+] Input data (first 25 bytes):
           0  1  2  3  4  5  6  7  8  9  A  B  C  D  E  F  0123456789ABCDEF
02198022  05 dc c0 01 7b 08 93 f7 a0 28 da 00 38 df 80 f9  ....{....(..8...
02198032  91 7e 75 e5 1c 5e 28 e8 f2                       .~u..^(..
[+] Output data after DECRYPT (first 25 bytes):
           0  1  2  3  4  5  6  7  8  9  A  B  C  D  E  F  0123456789ABCDEF
02197820  2b 0a 08 01 10 00 18 00 28 fa eb ac 02 30 00 38  +.......(....0.8
02197830  00 54 51 53 65 72 76 65 72                       .TQServer
[>] Decrypt wrapper called — context: 0x171afe9c

[+] ======= BF_cfb64_encrypt call #118 =======
[+] Mode: DECRYPT
[+] Length: 2 bytes
[+] BF_KEY ptr: 0x219946c
[+] IV ptr: 0x2199439
[+] num ptr: 0x2199430 (value: 4)
[+] IV (8 bytes):
           0  1  2  3  4  5  6  7  8  9  A  B  C  D  E  F  0123456789ABCDEF
02199439  5e 28 e8 f2 1f 0c 27 c8                          ^(....'.
[+] Input data (first 2 bytes):
           0  1  2  3  4  5  6  7  8  9  A  B  C  D  E  F  0123456789ABCDEF
171afe9c  0f 0c                                            ..
[+] Output data after DECRYPT (first 2 bytes):
           0  1  2  3  4  5  6  7  8  9  A  B  C  D  E  F  0123456789ABCDEF
02197820  10 00                                            ..
[>] Decrypt wrapper called — context: 0x2198022

[+] ======= BF_cfb64_encrypt call #119 =======
[+] Mode: DECRYPT
[+] Length: 22 bytes
[+] BF_KEY ptr: 0x219946c
[+] IV ptr: 0x2199439
[+] num ptr: 0x2199430 (value: 6)
[+] IV (8 bytes):
           0  1  2  3  4  5  6  7  8  9  A  B  C  D  E  F  0123456789ABCDEF
02199439  5e 28 e8 f2 0f 0c 27 c8                          ^(....'.
[+] Input data (first 22 bytes):
           0  1  2  3  4  5  6  7  8  9  A  B  C  D  E  F  0123456789ABCDEF
02198022  1e c2 af a2 9f c0 e4 ce 2e bb 3f f2 e3 8e 0e 10  ..........?.....
02198032  5a 56 fc 89 1b d7                                ZV....
[+] Output data after DECRYPT (first 22 bytes):
           0  1  2  3  4  5  6  7  8  9  A  B  C  D  E  F  0123456789ABCDEF
02197820  39 0a 0a 04 08 03 10 00 0a 04 08 04 10 00 54 51  9.............TQ
02197830  53 65 72 76 65 72                                Server
[>] Decrypt wrapper called — context: 0x171afe9c

[+] ======= BF_cfb64_encrypt call #120 =======
[+] Mode: DECRYPT
[+] Length: 2 bytes
[+] BF_KEY ptr: 0x219946c
[+] IV ptr: 0x2199439
[+] num ptr: 0x2199430 (value: 4)
[+] IV (8 bytes):
           0  1  2  3  4  5  6  7  8  9  A  B  C  D  E  F  0123456789ABCDEF
02199439  fc 89 1b d7 0f 1f 58 1a                          ......X.
[+] Input data (first 2 bytes):
           0  1  2  3  4  5  6  7  8  9  A  B  C  D  E  F  0123456789ABCDEF
171afe9c  1c 1f                                            ..
[+] Output data after DECRYPT (first 2 bytes):
           0  1  2  3  4  5  6  7  8  9  A  B  C  D  E  F  0123456789ABCDEF
02197820  13 00                                            ..
[>] Decrypt wrapper called — context: 0x2198022

[+] ======= BF_cfb64_encrypt call #121 =======
[+] Mode: DECRYPT
[+] Length: 25 bytes
[+] BF_KEY ptr: 0x219946c
[+] IV ptr: 0x2199439
[+] num ptr: 0x2199430 (value: 6)
[+] IV (8 bytes):
           0  1  2  3  4  5  6  7  8  9  A  B  C  D  E  F  0123456789ABCDEF
02199439  fc 89 1b d7 1c 1f 58 1a                          ......X.
[+] Input data (first 25 bytes):
           0  1  2  3  4  5  6  7  8  9  A  B  C  D  E  F  0123456789ABCDEF
02198022  6b 10 c8 2d 8a 7e 50 30 af 02 74 72 da 93 25 7e  k..-.~P0..tr..%~
02198032  6e 45 8f 63 d0 87 fc 69 33                       nE.c...i3
[+] Output data after DECRYPT (first 25 bytes):
           0  1  2  3  4  5  6  7  8  9  A  B  C  D  E  F  0123456789ABCDEF
02197820  33 0a 08 00 10 00 18 00 20 00 28 e9 cb d4 09 30  3....... .(....0
02197830  00 54 51 53 65 72 76 65 72                       .TQServer
[>] Decrypt wrapper called — context: 0x171afe9c

[+] ======= BF_cfb64_encrypt call #122 =======
[+] Mode: DECRYPT
[+] Length: 2 bytes
[+] BF_KEY ptr: 0x219946c
[+] IV ptr: 0x2199439
[+] num ptr: 0x2199430 (value: 7)
[+] IV (8 bytes):
           0  1  2  3  4  5  6  7  8  9  A  B  C  D  E  F  0123456789ABCDEF
02199439  8f 63 d0 87 fc 69 33 9d                          .c...i3.
[+] Input data (first 2 bytes):
           0  1  2  3  4  5  6  7  8  9  A  B  C  D  E  F  0123456789ABCDEF
171afe9c  85 3b                                            .;
[+] Output data after DECRYPT (first 2 bytes):
           0  1  2  3  4  5  6  7  8  9  A  B  C  D  E  F  0123456789ABCDEF
02197820  18 00                                            ..
[>] Decrypt wrapper called — context: 0x2198022

[+] ======= BF_cfb64_encrypt call #123 =======
[+] Mode: DECRYPT
[+] Length: 30 bytes
[+] BF_KEY ptr: 0x219946c
[+] IV ptr: 0x2199439
[+] num ptr: 0x2199430 (value: 1)
[+] IV (8 bytes):
           0  1  2  3  4  5  6  7  8  9  A  B  C  D  E  F  0123456789ABCDEF
02199439  3b ba 55 3c 03 9f bf 36                          ;.U<...6
[+] Input data (first 30 bytes):
           0  1  2  3  4  5  6  7  8  9  A  B  C  D  E  F  0123456789ABCDEF
02198022  82 76 34 03 8f be 26 2c ac 54 9a de 03 57 d6 a3  .v4...&,.T...W..
02198032  92 ba e0 c8 d8 0e 47 dd 9c fd 78 c6 7f 2f        ......G...x../
[+] Output data after DECRYPT (first 30 bytes):
           0  1  2  3  4  5  6  7  8  9  A  B  C  D  E  F  0123456789ABCDEF
02197820  38 23 08 00 10 01 10 00 10 00 10 00 10 00 10 1e  8#..............
02197830  10 ff ff ff ff 0f 54 51 53 65 72 76 65 72        ......TQServer
[>] Decrypt wrapper called — context: 0x171afe9c

[+] ======= BF_cfb64_encrypt call #124 =======
[+] Mode: DECRYPT
[+] Length: 2 bytes
[+] BF_KEY ptr: 0x219946c
[+] IV ptr: 0x2199439
[+] num ptr: 0x2199430 (value: 7)
[+] IV (8 bytes):
           0  1  2  3  4  5  6  7  8  9  A  B  C  D  E  F  0123456789ABCDEF
02199439  dd 9c fd 78 c6 7f 2f 2b                          ...x../+
[+] Input data (first 2 bytes):
           0  1  2  3  4  5  6  7  8  9  A  B  C  D  E  F  0123456789ABCDEF
171afe9c  3a 81                                            :.
[+] Output data after DECRYPT (first 2 bytes):
           0  1  2  3  4  5  6  7  8  9  A  B  C  D  E  F  0123456789ABCDEF
02197820  11 00                                            ..
[>] Decrypt wrapper called — context: 0x2198022

[+] ======= BF_cfb64_encrypt call #125 =======
[+] Mode: DECRYPT
[+] Length: 23 bytes
[+] BF_KEY ptr: 0x219946c
[+] IV ptr: 0x2199439
[+] num ptr: 0x2199430 (value: 1)
[+] IV (8 bytes):
           0  1  2  3  4  5  6  7  8  9  A  B  C  D  E  F  0123456789ABCDEF
02199439  81 34 0e f3 86 c6 18 b5                          .4......
[+] Input data (first 23 bytes):
           0  1  2  3  4  5  6  7  8  9  A  B  C  D  E  F  0123456789ABCDEF
02198022  a7 2d fb 8f 44 19 bd c3 71 b7 f9 87 2a 5a fd 2d  .-..D...q...*Z.-
02198032  ec 04 66 fc 13 34 46                             ..f..4F
[+] Output data after DECRYPT (first 23 bytes):
           0  1  2  3  4  5  6  7  8  9  A  B  C  D  E  F  0123456789ABCDEF
02197820  93 23 08 09 82 01 08 08 00 10 00 18 00 20 00 54  .#........... .T
02197830  51 53 65 72 76 65 72                             QServer
[>] Decrypt wrapper called — context: 0x171afe9c

[+] ======= BF_cfb64_encrypt call #126 =======
[+] Mode: DECRYPT
[+] Length: 2 bytes
[+] BF_KEY ptr: 0x219946c
[+] IV ptr: 0x2199439
[+] num ptr: 0x2199430 (value: 0)
[+] IV (8 bytes):
           0  1  2  3  4  5  6  7  8  9  A  B  C  D  E  F  0123456789ABCDEF
02199439  2d ec 04 66 fc 13 34 46                          -..f..4F
[+] Input data (first 2 bytes):
           0  1  2  3  4  5  6  7  8  9  A  B  C  D  E  F  0123456789ABCDEF
171afe9c  b9 e1                                            ..
[+] Output data after DECRYPT (first 2 bytes):
           0  1  2  3  4  5  6  7  8  9  A  B  C  D  E  F  0123456789ABCDEF
02197820  20 00                                             .
[>] Decrypt wrapper called — context: 0x2198022

[+] ======= BF_cfb64_encrypt call #127 =======
[+] Mode: DECRYPT
[+] Length: 38 bytes
[+] BF_KEY ptr: 0x219946c
[+] IV ptr: 0x2199439
[+] num ptr: 0x2199430 (value: 2)
[+] IV (8 bytes):
           0  1  2  3  4  5  6  7  8  9  A  B  C  D  E  F  0123456789ABCDEF
02199439  b9 e1 ac 9e 77 7f 0c 94                          ....w...
[+] Input data (first 38 bytes):
           0  1  2  3  4  5  6  7  8  9  A  B  C  D  E  F  0123456789ABCDEF
02198022  9f 96 7f 85 e7 38 41 eb 79 39 c7 26 ca 9a 68 9c  .....8A.y9.&..h.
02198032  32 36 c4 dd c1 9a 78 85 38 1b ff 2e 8b b6 73 db  26....x.8.....s.
02198042  1f 16 09 c0 97 e9                                ......
[+] Output data after DECRYPT (first 38 bytes):
           0  1  2  3  4  5  6  7  8  9  A  B  C  D  E  F  0123456789ABCDEF
02197820  33 08 08 fa eb ac 02 18 00 20 00 28 03 48 87 f8  3........ .(.H..
02197830  d3 e0 01 50 02 60 cb 03 68 00 70 00 78 00 54 51  ...P.`..h.p.x.TQ
02197840  53 65 72 76 65 72                                Server
[>] Decrypt wrapper called — context: 0x171afe9c

[+] ======= BF_cfb64_encrypt call #128 =======
[+] Mode: DECRYPT
[+] Length: 2 bytes
[+] BF_KEY ptr: 0x219946c
[+] IV ptr: 0x2199439
[+] num ptr: 0x2199430 (value: 0)
[+] IV (8 bytes):
           0  1  2  3  4  5  6  7  8  9  A  B  C  D  E  F  0123456789ABCDEF
02199439  73 db 1f 16 09 c0 97 e9                          s.......
[+] Input data (first 2 bytes):
           0  1  2  3  4  5  6  7  8  9  A  B  C  D  E  F  0123456789ABCDEF
171afe9c  38 36                                            86
[+] Output data after DECRYPT (first 2 bytes):
           0  1  2  3  4  5  6  7  8  9  A  B  C  D  E  F  0123456789ABCDEF
02197820  fb 03                                            ..
[>] Decrypt wrapper called — context: 0x2198022

[+] ======= BF_cfb64_encrypt call #129 =======
[+] Mode: DECRYPT
[+] Length: 1025 bytes
[+] BF_KEY ptr: 0x219946c
[+] IV ptr: 0x2199439
[+] num ptr: 0x2199430 (value: 2)
[+] IV (8 bytes):
           0  1  2  3  4  5  6  7  8  9  A  B  C  D  E  F  0123456789ABCDEF
02199439  38 36 ce cc a6 c8 18 30                          86.....0
[+] Input data (first 64 bytes):
           0  1  2  3  4  5  6  7  8  9  A  B  C  D  E  F  0123456789ABCDEF
02198022  82 ef ae c9 3a 20 99 4c ca f5 ce e0 0c 4e 55 ab  ....: .L.....NU.
02198032  17 36 b7 cb ad ae 3f 86 80 1c 86 d9 c0 91 d1 10  .6....?.........
02198042  2d 8e 8e e3 dc 4b 50 ee ad 92 32 97 8b c6 9b 2b  -....KP...2....+
02198052  ee cb 24 e8 4d 3e d1 a6 29 4b 26 7e 5b 5a 45 cb  ..$.M>..)K&~[ZE.
[+] Output data after DECRYPT (first 64 bytes):
           0  1  2  3  4  5  6  7  8  9  A  B  C  D  E  F  0123456789ABCDEF
02197820  4c 23 08 01 22 10 08 17 10 01 18 b3 c2 e1 cd d3  L#.."...........
02197830  cd 04 20 00 38 00 22 0a 08 1b 10 01 18 00 20 00  .. .8."....... .
02197840  38 00 22 0a 08 10 10 00 18 00 20 03 38 00 22 0a  8."....... .8.".
02197850  08 15 10 00 18 00 20 03 38 00 22 0a 08 13 10 00  ...... .8.".....
[>] Decrypt wrapper called — context: 0x171afe9c

[+] ======= BF_cfb64_encrypt call #130 =======
[+] Mode: DECRYPT
[+] Length: 2 bytes
[+] BF_KEY ptr: 0x219946c
[+] IV ptr: 0x2199439
[+] num ptr: 0x2199430 (value: 3)
[+] IV (8 bytes):
           0  1  2  3  4  5  6  7  8  9  A  B  C  D  E  F  0123456789ABCDEF
02199439  ab 74 87 12 54 0f 49 71                          .t..T.Iq
[+] Input data (first 2 bytes):
           0  1  2  3  4  5  6  7  8  9  A  B  C  D  E  F  0123456789ABCDEF
171afe9c  ee 57                                            .W
[+] Output data after DECRYPT (first 2 bytes):
           0  1  2  3  4  5  6  7  8  9  A  B  C  D  E  F  0123456789ABCDEF
02197820  fc 03                                            ..
[>] Decrypt wrapper called — context: 0x2198022

[+] ======= BF_cfb64_encrypt call #131 =======
[+] Mode: DECRYPT
[+] Length: 1026 bytes
[+] BF_KEY ptr: 0x219946c
[+] IV ptr: 0x2199439
[+] num ptr: 0x2199430 (value: 5)
[+] IV (8 bytes):
           0  1  2  3  4  5  6  7  8  9  A  B  C  D  E  F  0123456789ABCDEF
02199439  ab 74 87 ee 57 0f 49 71                          .t..W.Iq
[+] Input data (first 64 bytes):
           0  1  2  3  4  5  6  7  8  9  A  B  C  D  E  F  0123456789ABCDEF
02198022  43 6a 79 39 45 5b 1e 0e e3 8f a3 41 57 dd 0f f7  Cjy9E[.....AW...
02198032  7e e6 a0 b5 cb 72 2a e0 c5 c1 5b 6a 29 38 d7 16  ~....r*...[j)8..
02198042  8e 22 1d ed 65 a4 24 70 49 8d a0 47 72 ef 4c d3  ."..e.$pI..Gr.L.
02198052  0b 4d f5 ac ee 4e df 36 1b fe 0a 6e 01 de b0 07  .M...N.6...n....
[+] Output data after DECRYPT (first 64 bytes):
           0  1  2  3  4  5  6  7  8  9  A  B  C  D  E  F  0123456789ABCDEF
02197820  4c 23 08 01 22 0b 08 2a 10 9e 08 18 00 20 00 38  L#.."..*..... .8
02197830  00 22 0b 08 2a 10 9f 08 18 00 20 00 38 00 22 0b  ."..*..... .8.".
02197840  08 2a 10 a0 08 18 00 20 00 38 00 22 0b 08 2a 10  .*..... .8."..*.
02197850  a1 08 18 00 20 00 38 00 22 0b 08 2a 10 a2 08 18  .... .8."..*....
[>] Decrypt wrapper called — context: 0x171afe9c

[+] ======= BF_cfb64_encrypt call #132 =======
[+] Mode: DECRYPT
[+] Length: 2 bytes
[+] BF_KEY ptr: 0x219946c
[+] IV ptr: 0x2199439
[+] num ptr: 0x2199430 (value: 7)
[+] IV (8 bytes):
           0  1  2  3  4  5  6  7  8  9  A  B  C  D  E  F  0123456789ABCDEF
02199439  d6 2f 26 37 20 91 ea 10                          ./&7 ...
[+] Input data (first 2 bytes):
           0  1  2  3  4  5  6  7  8  9  A  B  C  D  E  F  0123456789ABCDEF
171afe9c  a3 8e                                            ..
[+] Output data after DECRYPT (first 2 bytes):
           0  1  2  3  4  5  6  7  8  9  A  B  C  D  E  F  0123456789ABCDEF
02197820  b3 01                                            ..
[>] Decrypt wrapper called — context: 0x2198022

[+] ======= BF_cfb64_encrypt call #133 =======
[+] Mode: DECRYPT
[+] Length: 441 bytes
[+] BF_KEY ptr: 0x219946c
[+] IV ptr: 0x2199439
[+] num ptr: 0x2199430 (value: 1)
[+] IV (8 bytes):
           0  1  2  3  4  5  6  7  8  9  A  B  C  D  E  F  0123456789ABCDEF
02199439  8e 7b 39 b5 af 43 15 b7                          .{9..C..
[+] Input data (first 64 bytes):
           0  1  2  3  4  5  6  7  8  9  A  B  C  D  E  F  0123456789ABCDEF
02198022  37 1a bd ae 61 1e bf 74 1b 84 48 b4 45 51 fd 56  7...a..t..H.EQ.V
02198032  2a 23 81 45 48 98 8d ec 1e 45 b4 fc 9c 75 c1 7d  *#.EH....E...u.}
02198042  3d b4 cf a8 0f 66 a0 c3 17 69 1d a0 92 48 ce c0  =....f...i...H..
02198052  68 ec 5e b8 df 1f 76 1e 6d 99 c6 4d b4 fd 81 1d  h.^...v.m..M....
[+] Output data after DECRYPT (first 64 bytes):
           0  1  2  3  4  5  6  7  8  9  A  B  C  D  E  F  0123456789ABCDEF
02197820  4c 23 08 01 22 0b 08 2b 10 ea 07 18 00 20 00 38  L#.."..+..... .8
02197830  00 22 0b 08 2b 10 eb 07 18 00 20 00 38 00 22 0b  ."..+..... .8.".
02197840  08 2b 10 ec 07 18 00 20 00 38 00 22 0a 08 2f 10  .+..... .8."../.
02197850  01 18 00 20 00 38 00 22 0c 08 30 10 01 18 00 20  ... .8."..0.... 
[>] Decrypt wrapper called — context: 0x171afe9c

[+] ======= BF_cfb64_encrypt call #134 =======
[+] Mode: DECRYPT
[+] Length: 2 bytes
[+] BF_KEY ptr: 0x219946c
[+] IV ptr: 0x2199439
[+] num ptr: 0x2199430 (value: 2)
[+] IV (8 bytes):
           0  1  2  3  4  5  6  7  8  9  A  B  C  D  E  F  0123456789ABCDEF
02199439  74 2d 84 ab dc 96 8b 49                          t-.....I
[+] Input data (first 2 bytes):
           0  1  2  3  4  5  6  7  8  9  A  B  C  D  E  F  0123456789ABCDEF
171afe9c  92 ab                                            ..
[+] Output data after DECRYPT (first 2 bytes):
           0  1  2  3  4  5  6  7  8  9  A  B  C  D  E  F  0123456789ABCDEF
02197820  16 00                                            ..
[>] Decrypt wrapper called — context: 0x2198022

[+] ======= BF_cfb64_encrypt call #135 =======
[+] Mode: DECRYPT
[+] Length: 28 bytes
[+] BF_KEY ptr: 0x219946c
[+] IV ptr: 0x2199439
[+] num ptr: 0x2199430 (value: 4)
[+] IV (8 bytes):
           0  1  2  3  4  5  6  7  8  9  A  B  C  D  E  F  0123456789ABCDEF
02199439  74 2d 92 ab dc 96 8b 49                          t-.....I
[+] Input data (first 28 bytes):
           0  1  2  3  4  5  6  7  8  9  A  B  C  D  E  F  0123456789ABCDEF
02198022  a5 b5 83 48 8f 10 ef 5a 0f 0e ba 8e 66 5e 25 ec  ...H...Z....f^%.
02198032  7f 60 f2 8a 16 e9 43 30 2e 6c 6e f2              .`....C0.ln.
[+] Output data after DECRYPT (first 28 bytes):
           0  1  2  3  4  5  6  7  8  9  A  B  C  D  E  F  0123456789ABCDEF
02197820  79 23 08 01 10 00 18 00 20 e7 07 28 80 94 eb dc  y#...... ..(....
02197830  03 88 01 00 54 51 53 65 72 76 65 72              ....TQServer
[>] Decrypt wrapper called — context: 0x171afe9c

[+] ======= BF_cfb64_encrypt call #136 =======
[+] Mode: DECRYPT
[+] Length: 2 bytes
[+] BF_KEY ptr: 0x219946c
[+] IV ptr: 0x2199439
[+] num ptr: 0x2199430 (value: 0)
[+] IV (8 bytes):
           0  1  2  3  4  5  6  7  8  9  A  B  C  D  E  F  0123456789ABCDEF
02199439  16 e9 43 30 2e 6c 6e f2                          ..C0.ln.
[+] Input data (first 2 bytes):
           0  1  2  3  4  5  6  7  8  9  A  B  C  D  E  F  0123456789ABCDEF
171afe9c  b6 0f                                            ..
[+] Output data after DECRYPT (first 2 bytes):
           0  1  2  3  4  5  6  7  8  9  A  B  C  D  E  F  0123456789ABCDEF
02197820  0a 00                                            ..
[>] Decrypt wrapper called — context: 0x2198022

[+] ======= BF_cfb64_encrypt call #137 =======
[+] Mode: DECRYPT
[+] Length: 16 bytes
[+] BF_KEY ptr: 0x219946c
[+] IV ptr: 0x2199439
[+] num ptr: 0x2199430 (value: 2)
[+] IV (8 bytes):
           0  1  2  3  4  5  6  7  8  9  A  B  C  D  E  F  0123456789ABCDEF
02199439  b6 0f 21 4c 79 cc 67 ba                          ..!Ly.g.
[+] Input data (first 16 bytes):
           0  1  2  3  4  5  6  7  8  9  A  B  C  D  E  F  0123456789ABCDEF
02198022  1a 6f 71 ce 77 ba b9 6f 4a 4c d9 1d a9 04 6a 43  .oq.w..oJL....jC
[+] Output data after DECRYPT (first 16 bytes):
           0  1  2  3  4  5  6  7  8  9  A  B  C  D  E  F  0123456789ABCDEF
02197820  3b 23 08 02 10 00 18 00 54 51 53 65 72 76 65 72  ;#......TQServer
[>] Decrypt wrapper called — context: 0x171afe9c

[+] ======= BF_cfb64_encrypt call #138 =======
[+] Mode: DECRYPT
[+] Length: 2 bytes
[+] BF_KEY ptr: 0x219946c
[+] IV ptr: 0x2199439
[+] num ptr: 0x2199430 (value: 2)
[+] IV (8 bytes):
           0  1  2  3  4  5  6  7  8  9  A  B  C  D  E  F  0123456789ABCDEF
02199439  6a 43 1f 71 37 a5 06 66                          jC.q7..f
[+] Input data (first 2 bytes):
           0  1  2  3  4  5  6  7  8  9  A  B  C  D  E  F  0123456789ABCDEF
171afe9c  07 71                                            .q
[+] Output data after DECRYPT (first 2 bytes):
           0  1  2  3  4  5  6  7  8  9  A  B  C  D  E  F  0123456789ABCDEF
02197820  18 00                                            ..
[>] Decrypt wrapper called — context: 0x2198022

[+] ======= BF_cfb64_encrypt call #139 =======
[+] Mode: DECRYPT
[+] Length: 30 bytes
[+] BF_KEY ptr: 0x219946c
[+] IV ptr: 0x2199439
[+] num ptr: 0x2199430 (value: 4)
[+] IV (8 bytes):
           0  1  2  3  4  5  6  7  8  9  A  B  C  D  E  F  0123456789ABCDEF
02199439  6a 43 07 71 37 a5 06 66                          jC.q7..f
[+] Input data (first 30 bytes):
           0  1  2  3  4  5  6  7  8  9  A  B  C  D  E  F  0123456789ABCDEF
02198022  c9 a2 0e 9c fc 0e 10 aa 60 8d 21 6d 6d f1 ce e2  ........`.!mm...
02198032  9f 8a 1b 93 0b 90 98 d8 67 d7 74 53 c6 82        ........g.tS..
[+] Output data after DECRYPT (first 30 bytes):
           0  1  2  3  4  5  6  7  8  9  A  B  C  D  E  F  0123456789ABCDEF
02197820  fe 07 08 fa eb ac 02 12 04 08 27 10 00 12 07 08  ..........'.....
02197830  a2 01 10 f8 80 6e 54 51 53 65 72 76 65 72        .....nTQServer
[>] Decrypt wrapper called — context: 0x171afe9c

[+] ======= BF_cfb64_encrypt call #140 =======
[+] Mode: DECRYPT
[+] Length: 2 bytes
[+] BF_KEY ptr: 0x219946c
[+] IV ptr: 0x2199439
[+] num ptr: 0x2199430 (value: 2)
[+] IV (8 bytes):
           0  1  2  3  4  5  6  7  8  9  A  B  C  D  E  F  0123456789ABCDEF
02199439  c6 82 e4 ed 4d ff 93 38                          ....M..8
[+] Input data (first 2 bytes):
           0  1  2  3  4  5  6  7  8  9  A  B  C  D  E  F  0123456789ABCDEF
171afe9c  f4 ed                                            ..
[+] Output data after DECRYPT (first 2 bytes):
           0  1  2  3  4  5  6  7  8  9  A  B  C  D  E  F  0123456789ABCDEF
02197820  10 00                                            ..
[>] Decrypt wrapper called — context: 0x2198022

[+] ======= BF_cfb64_encrypt call #141 =======
[+] Mode: DECRYPT
[+] Length: 22 bytes
[+] BF_KEY ptr: 0x219946c
[+] IV ptr: 0x2199439
[+] num ptr: 0x2199430 (value: 4)
[+] IV (8 bytes):
           0  1  2  3  4  5  6  7  8  9  A  B  C  D  E  F  0123456789ABCDEF
02199439  c6 82 f4 ed 4d ff 93 38                          ....M..8
[+] Input data (first 22 bytes):
           0  1  2  3  4  5  6  7  8  9  A  B  C  D  E  F  0123456789ABCDEF
02198022  b3 f8 9b c2 84 56 9e 23 58 25 c3 80 32 45 ce 93  .....V.#X%..2E..
02198032  99 23 37 0b d3 80                                .#7...
[+] Output data after DECRYPT (first 22 bytes):
           0  1  2  3  4  5  6  7  8  9  A  B  C  D  E  F  0123456789ABCDEF
02197820  fe 07 08 fa eb ac 02 12 05 08 a5 01 10 00 54 51  ..............TQ
02197830  53 65 72 76 65 72                                Server
[>] Decrypt wrapper called — context: 0x171afe9c

[+] ======= BF_cfb64_encrypt call #142 =======
[+] Mode: DECRYPT
[+] Length: 2 bytes
[+] BF_KEY ptr: 0x219946c
[+] IV ptr: 0x2199439
[+] num ptr: 0x2199430 (value: 2)
[+] IV (8 bytes):
           0  1  2  3  4  5  6  7  8  9  A  B  C  D  E  F  0123456789ABCDEF
02199439  d3 80 68 4c cc 49 2e 00                          ..hL.I..
[+] Input data (first 2 bytes):
           0  1  2  3  4  5  6  7  8  9  A  B  C  D  E  F  0123456789ABCDEF
171afe9c  60 4c                                            `L
[+] Output data after DECRYPT (first 2 bytes):
           0  1  2  3  4  5  6  7  8  9  A  B  C  D  E  F  0123456789ABCDEF
02197820  08 00                                            ..
[>] Decrypt wrapper called — context: 0x2198022

[+] ======= BF_cfb64_encrypt call #143 =======
[+] Mode: DECRYPT
[+] Length: 14 bytes
[+] BF_KEY ptr: 0x219946c
[+] IV ptr: 0x2199439
[+] num ptr: 0x2199430 (value: 4)
[+] IV (8 bytes):
           0  1  2  3  4  5  6  7  8  9  A  B  C  D  E  F  0123456789ABCDEF
02199439  d3 80 60 4c cc 49 2e 00                          ..`L.I..
[+] Input data (first 14 bytes):
           0  1  2  3  4  5  6  7  8  9  A  B  C  D  E  F  0123456789ABCDEF
02198022  57 41 d1 ff 88 b7 ed c1 89 56 6d 3b 79 2c        WA.......Vm;y,
[+] Output data after DECRYPT (first 14 bytes):
           0  1  2  3  4  5  6  7  8  9  A  B  C  D  E  F  0123456789ABCDEF
02197820  9b 08 ff ff 00 00 54 51 53 65 72 76 65 72        ......TQServer
[>] Decrypt wrapper called — context: 0x171afe9c

[+] ======= BF_cfb64_encrypt call #144 =======
[+] Mode: DECRYPT
[+] Length: 2 bytes
[+] BF_KEY ptr: 0x219946c
[+] IV ptr: 0x2199439
[+] num ptr: 0x2199430 (value: 2)
[+] IV (8 bytes):
           0  1  2  3  4  5  6  7  8  9  A  B  C  D  E  F  0123456789ABCDEF
02199439  79 2c 04 6b 52 1c 1e 74                          y,.kR..t
[+] Input data (first 2 bytes):
           0  1  2  3  4  5  6  7  8  9  A  B  C  D  E  F  0123456789ABCDEF
171afe9c  0b 6b                                            .k
[+] Output data after DECRYPT (first 2 bytes):
           0  1  2  3  4  5  6  7  8  9  A  B  C  D  E  F  0123456789ABCDEF
02197820  0f 00                                            ..
[>] Decrypt wrapper called — context: 0x2198022

[+] ======= BF_cfb64_encrypt call #145 =======
[+] Mode: DECRYPT
[+] Length: 21 bytes
[+] BF_KEY ptr: 0x219946c
[+] IV ptr: 0x2199439
[+] num ptr: 0x2199430 (value: 4)
[+] IV (8 bytes):
           0  1  2  3  4  5  6  7  8  9  A  B  C  D  E  F  0123456789ABCDEF
02199439  79 2c 0b 6b 52 1c 1e 74                          y,.kR..t
[+] Input data (first 21 bytes):
           0  1  2  3  4  5  6  7  8  9  A  B  C  D  E  F  0123456789ABCDEF
02198022  61 14 06 95 27 eb 85 06 8c d7 83 9f bd 7a aa f3  a...'........z..
02198032  14 16 35 69 4f                                   ..5iO
[+] Output data after DECRYPT (first 21 bytes):
           0  1  2  3  4  5  6  7  8  9  A  B  C  D  E  F  0123456789ABCDEF
02197820  33 08 18 e1 2c 50 fa eb ac 02 60 f4 03 54 51 53  3...,P....`..TQS
02197830  65 72 76 65 72                                   erver
[>] Decrypt wrapper called — context: 0x171afe9c

[+] ======= BF_cfb64_encrypt call #146 =======
[+] Mode: DECRYPT
[+] Length: 2 bytes
[+] BF_KEY ptr: 0x219946c
[+] IV ptr: 0x2199439
[+] num ptr: 0x2199430 (value: 1)
[+] IV (8 bytes):
           0  1  2  3  4  5  6  7  8  9  A  B  C  D  E  F  0123456789ABCDEF
02199439  4f 1a dc c9 4c f9 94 78                          O...L..x
[+] Input data (first 2 bytes):
           0  1  2  3  4  5  6  7  8  9  A  B  C  D  E  F  0123456789ABCDEF
171afe9c  06 dc                                            ..
[+] Output data after DECRYPT (first 2 bytes):
           0  1  2  3  4  5  6  7  8  9  A  B  C  D  E  F  0123456789ABCDEF
02197820  1c 00                                            ..
[>] Decrypt wrapper called — context: 0x2198022

[+] ======= BF_cfb64_encrypt call #147 =======
[+] Mode: DECRYPT
[+] Length: 34 bytes
[+] BF_KEY ptr: 0x219946c
[+] IV ptr: 0x2199439
[+] num ptr: 0x2199430 (value: 3)
[+] IV (8 bytes):
           0  1  2  3  4  5  6  7  8  9  A  B  C  D  E  F  0123456789ABCDEF
02199439  4f 06 dc c9 4c f9 94 78                          O...L..x
[+] Input data (first 34 bytes):
           0  1  2  3  4  5  6  7  8  9  A  B  C  D  E  F  0123456789ABCDEF
02198022  fa 44 f1 7e 7f 1b 6b da 0a 93 20 f9 a1 8b 85 59  .D.~..k... ....Y
02198032  2e ab a8 13 97 a6 70 7b 2d 23 cc 01 66 46 ea f5  ......p{-#..fF..
02198042  32 ff                                            2.
[+] Output data after DECRYPT (first 34 bytes):
           0  1  2  3  4  5  6  7  8  9  A  B  C  D  E  F  0123456789ABCDEF
02197820  33 08 08 ea 07 18 ea 07 48 87 f8 d3 e0 01 50 00  3.......H.....P.
02197830  60 4a 68 00 70 92 04 78 dd 02 54 51 53 65 72 76  `Jh.p..x..TQServ
02197840  65 72                                            er
[>] Decrypt wrapper called — context: 0x171afe9c

[+] ======= BF_cfb64_encrypt call #148 =======
[+] Mode: DECRYPT
[+] Length: 2 bytes
[+] BF_KEY ptr: 0x219946c
[+] IV ptr: 0x2199439
[+] num ptr: 0x2199430 (value: 5)
[+] IV (8 bytes):
           0  1  2  3  4  5  6  7  8  9  A  B  C  D  E  F  0123456789ABCDEF
02199439  46 ea f5 32 ff b7 27 12                          F..2..'.
[+] Input data (first 2 bytes):
           0  1  2  3  4  5  6  7  8  9  A  B  C  D  E  F  0123456789ABCDEF
171afe9c  96 27                                            .'
[+] Output data after DECRYPT (first 2 bytes):
           0  1  2  3  4  5  6  7  8  9  A  B  C  D  E  F  0123456789ABCDEF
02197820  21 00                                            !.
[>] Decrypt wrapper called — context: 0x2198022

[+] ======= BF_cfb64_encrypt call #149 =======
[+] Mode: DECRYPT
[+] Length: 39 bytes
[+] BF_KEY ptr: 0x219946c
[+] IV ptr: 0x2199439
[+] num ptr: 0x2199430 (value: 7)
[+] IV (8 bytes):
           0  1  2  3  4  5  6  7  8  9  A  B  C  D  E  F  0123456789ABCDEF
02199439  46 ea f5 32 ff 96 27 12                          F..2..'.
[+] Input data (first 39 bytes):
           0  1  2  3  4  5  6  7  8  9  A  B  C  D  E  F  0123456789ABCDEF
02198022  21 ab 8d b8 38 1f 9f 08 95 bc a0 6e 97 10 db 16  !...8......n....
02198032  59 2c 0c 82 e2 05 a2 57 b4 36 fc 07 8b eb bf b9  Y,.....W.6......
02198042  f3 80 be 98 f1 9f cc                             .......
[+] Output data after DECRYPT (first 39 bytes):
           0  1  2  3  4  5  6  7  8  9  A  B  C  D  E  F  0123456789ABCDEF
02197820  33 08 08 fa eb ac 02 18 ff ff ff ff 0f 48 87 f8  3............H..
02197830  d3 e0 01 50 00 60 68 68 00 70 92 04 78 dd 02 54  ...P.`hh.p..x..T
02197840  51 53 65 72 76 65 72                             QServer
[>] Decrypt wrapper called — context: 0x171afe9c

[+] ======= BF_cfb64_encrypt call #150 =======
[+] Mode: DECRYPT
[+] Length: 2 bytes
[+] BF_KEY ptr: 0x219946c
[+] IV ptr: 0x2199439
[+] num ptr: 0x2199430 (value: 6)
[+] IV (8 bytes):
           0  1  2  3  4  5  6  7  8  9  A  B  C  D  E  F  0123456789ABCDEF
02199439  80 be 98 f1 9f cc 6f c4                          ......o.
[+] Input data (first 2 bytes):
           0  1  2  3  4  5  6  7  8  9  A  B  C  D  E  F  0123456789ABCDEF
171afe9c  7b c4                                            {.
[+] Output data after DECRYPT (first 2 bytes):
           0  1  2  3  4  5  6  7  8  9  A  B  C  D  E  F  0123456789ABCDEF
02197820  14 00                                            ..
[>] Decrypt wrapper called — context: 0x2198022

[+] ======= BF_cfb64_encrypt call #151 =======
[+] Mode: DECRYPT
[+] Length: 26 bytes
[+] BF_KEY ptr: 0x219946c
[+] IV ptr: 0x2199439
[+] num ptr: 0x2199430 (value: 0)
[+] IV (8 bytes):
           0  1  2  3  4  5  6  7  8  9  A  B  C  D  E  F  0123456789ABCDEF
02199439  80 be 98 f1 9f cc 7b c4                          ......{.
[+] Input data (first 26 bytes):
           0  1  2  3  4  5  6  7  8  9  A  B  C  D  E  F  0123456789ABCDEF
02198022  e7 5a 5c a6 24 31 c6 df ea 7a a5 ee ea 85 d1 d5  .Z\.$1...z......
02198032  4a 61 bb df 9a 39 c7 ce fa 04                    Ja...9....
[+] Output data after DECRYPT (first 26 bytes):
           0  1  2  3  4  5  6  7  8  9  A  B  C  D  E  F  0123456789ABCDEF
02197820  0e 09 01 00 00 00 00 00 00 00 00 00 00 00 00 00  ................
02197830  00 00 54 51 53 65 72 76 65 72                    ..TQServer
[>] Decrypt wrapper called — context: 0x171afe9c

[+] ======= BF_cfb64_encrypt call #152 =======
[+] Mode: DECRYPT
[+] Length: 2 bytes
[+] BF_KEY ptr: 0x219946c
[+] IV ptr: 0x2199439
[+] num ptr: 0x2199430 (value: 2)
[+] IV (8 bytes):
           0  1  2  3  4  5  6  7  8  9  A  B  C  D  E  F  0123456789ABCDEF
02199439  fa 04 d8 bf 81 5d a9 bf                          .....]..
[+] Input data (first 2 bytes):
           0  1  2  3  4  5  6  7  8  9  A  B  C  D  E  F  0123456789ABCDEF
171afe9c  c6 bf                                            ..
[+] Output data after DECRYPT (first 2 bytes):
           0  1  2  3  4  5  6  7  8  9  A  B  C  D  E  F  0123456789ABCDEF
02197820  1e 00                                            ..
[>] Decrypt wrapper called — context: 0x2198022

[+] ======= BF_cfb64_encrypt call #153 =======
[+] Mode: DECRYPT
[+] Length: 36 bytes
[+] BF_KEY ptr: 0x219946c
[+] IV ptr: 0x2199439
[+] num ptr: 0x2199430 (value: 4)
[+] IV (8 bytes):
           0  1  2  3  4  5  6  7  8  9  A  B  C  D  E  F  0123456789ABCDEF
02199439  fa 04 c6 bf 81 5d a9 bf                          .....]..
[+] Input data (first 36 bytes):
           0  1  2  3  4  5  6  7  8  9  A  B  C  D  E  F  0123456789ABCDEF
02198022  a4 54 a1 55 ce f0 c2 ef b1 41 ca 0d 87 69 c3 5e  .T.U.....A...i.^
02198032  50 2f 63 dd b4 d8 a0 2a 13 0d d5 66 9a 91 71 fb  P/c....*...f..q.
02198042  16 b8 35 2f                                      ..5/
[+] Output data after DECRYPT (first 36 bytes):
           0  1  2  3  4  5  6  7  8  9  A  B  C  D  E  F  0123456789ABCDEF
02197820  25 09 08 ea 07 10 ea 07 1a 0f 33 2c 34 2c 31 33  %.........3,4,13
02197830  2c 31 39 2c 34 36 2c 34 37 28 ea 07 54 51 53 65  ,19,46,47(..TQSe
02197840  72 76 65 72                                      rver
[>] Decrypt wrapper called — context: 0x171afe9c

[+] ======= BF_cfb64_encrypt call #154 =======
[+] Mode: DECRYPT
[+] Length: 2 bytes
[+] BF_KEY ptr: 0x219946c
[+] IV ptr: 0x2199439
[+] num ptr: 0x2199430 (value: 0)
[+] IV (8 bytes):
           0  1  2  3  4  5  6  7  8  9  A  B  C  D  E  F  0123456789ABCDEF
02199439  9a 91 71 fb 16 b8 35 2f                          ..q...5/
[+] Input data (first 2 bytes):
           0  1  2  3  4  5  6  7  8  9  A  B  C  D  E  F  0123456789ABCDEF
171afe9c  10 0d                                            ..
[+] Output data after DECRYPT (first 2 bytes):
           0  1  2  3  4  5  6  7  8  9  A  B  C  D  E  F  0123456789ABCDEF
02197820  a2 00                                            ..
[>] Decrypt wrapper called — context: 0x2198022

[+] ======= BF_cfb64_encrypt call #155 =======
[+] Mode: DECRYPT
[+] Length: 168 bytes
[+] BF_KEY ptr: 0x219946c
[+] IV ptr: 0x2199439
[+] num ptr: 0x2199430 (value: 2)
[+] IV (8 bytes):
           0  1  2  3  4  5  6  7  8  9  A  B  C  D  E  F  0123456789ABCDEF
02199439  10 0d 23 02 c4 28 e0 ea                          ..#..(..
[+] Input data (first 64 bytes):
           0  1  2  3  4  5  6  7  8  9  A  B  C  D  E  F  0123456789ABCDEF
02198022  d7 0a cc ac e7 fa 08 95 c0 40 24 06 51 f7 43 61  .........@$.Q.Ca
02198032  a9 e1 6d c4 63 23 9d b0 eb 5a 87 10 ae 2c b7 9f  ..m.c#...Z...,..
02198042  2d d4 7c cb 1f 5e be fb 92 f2 53 4c 33 ce 3a f5  -.|..^....SL3.:.
02198052  08 c8 7c 56 a8 ec ca 9b 35 32 ff 05 67 a4 91 99  ..|V....52..g...
[+] Output data after DECRYPT (first 64 bytes):
           0  1  2  3  4  5  6  7  8  9  A  B  C  D  E  F  0123456789ABCDEF
02197820  f4 08 08 84 07 10 a5 81 1a 18 00 20 00 28 00 30  ........... .(.0
02197830  00 30 00 30 00 30 00 30 00 30 00 30 00 30 00 30  .0.0.0.0.0.0.0.0
02197840  00 30 00 30 00 30 00 30 00 30 00 30 00 30 00 30  .0.0.0.0.0.0.0.0
02197850  00 30 00 40 00 48 00 50 00 58 00 60 00 78 00 b8  .0.@.H.P.X.`.x..
[>] Decrypt wrapper called — context: 0x171afe9c

[+] ======= BF_cfb64_encrypt call #156 =======
[+] Mode: DECRYPT
[+] Length: 2 bytes
[+] BF_KEY ptr: 0x219946c
[+] IV ptr: 0x2199439
[+] num ptr: 0x2199430 (value: 2)
[+] IV (8 bytes):
           0  1  2  3  4  5  6  7  8  9  A  B  C  D  E  F  0123456789ABCDEF
02199439  d7 44 dd aa f0 4a 66 e5                          .D...Jf.
[+] Input data (first 2 bytes):
           0  1  2  3  4  5  6  7  8  9  A  B  C  D  E  F  0123456789ABCDEF
171afe9c  c3 aa                                            ..
[+] Output data after DECRYPT (first 2 bytes):
           0  1  2  3  4  5  6  7  8  9  A  B  C  D  E  F  0123456789ABCDEF
02197820  1e 00                                            ..
[>] Decrypt wrapper called — context: 0x2198022

[+] ======= BF_cfb64_encrypt call #157 =======
[+] Mode: DECRYPT
[+] Length: 36 bytes
[+] BF_KEY ptr: 0x219946c
[+] IV ptr: 0x2199439
[+] num ptr: 0x2199430 (value: 4)
[+] IV (8 bytes):
           0  1  2  3  4  5  6  7  8  9  A  B  C  D  E  F  0123456789ABCDEF
02199439  d7 44 c3 aa f0 4a 66 e5                          .D...Jf.
[+] Input data (first 36 bytes):
           0  1  2  3  4  5  6  7  8  9  A  B  C  D  E  F  0123456789ABCDEF
02198022  c3 42 6e 1f 30 a1 ec c6 0b 9f b1 1c 13 ff a2 7f  .Bn.0...........
02198032  ab cd 48 49 71 97 89 96 f2 77 4c 52 f7 44 11 2f  ..HIq....wLR.D./
02198042  d9 be c5 0d                                      ....
[+] Output data after DECRYPT (first 36 bytes):
           0  1  2  3  4  5  6  7  8  9  A  B  C  D  E  F  0123456789ABCDEF
02197820  33 08 08 fa eb ac 02 18 02 48 87 f8 d3 e0 01 50  3........H.....P
02197830  00 60 9d 01 68 00 70 92 04 78 dd 02 54 51 53 65  .`..h.p..x..TQSe
02197840  72 76 65 72                                      rver
[>] Decrypt wrapper called — context: 0x171afe9c

[+] ======= BF_cfb64_encrypt call #158 =======
[+] Mode: DECRYPT
[+] Length: 2 bytes
[+] BF_KEY ptr: 0x219946c
[+] IV ptr: 0x2199439
[+] num ptr: 0x2199430 (value: 0)
[+] IV (8 bytes):
           0  1  2  3  4  5  6  7  8  9  A  B  C  D  E  F  0123456789ABCDEF
02199439  f7 44 11 2f d9 be c5 0d                          .D./....
[+] Input data (first 2 bytes):
           0  1  2  3  4  5  6  7  8  9  A  B  C  D  E  F  0123456789ABCDEF
171afe9c  77 26                                            w&
[+] Output data after DECRYPT (first 2 bytes):
           0  1  2  3  4  5  6  7  8  9  A  B  C  D  E  F  0123456789ABCDEF
02197820  20 00                                             .
[>] Decrypt wrapper called — context: 0x2198022

[+] ======= BF_cfb64_encrypt call #159 =======
[+] Mode: DECRYPT
[+] Length: 38 bytes
[+] BF_KEY ptr: 0x219946c
[+] IV ptr: 0x2199439
[+] num ptr: 0x2199430 (value: 2)
[+] IV (8 bytes):
           0  1  2  3  4  5  6  7  8  9  A  B  C  D  E  F  0123456789ABCDEF
02199439  77 26 bc 74 73 f8 17 4f                          w&.ts..O
[+] Input data (first 38 bytes):
           0  1  2  3  4  5  6  7  8  9  A  B  C  D  E  F  0123456789ABCDEF
02198022  58 73 89 cd 5c 4f 3a f0 c5 7b 05 0d bc f6 7b 7a  Xs..\O:..{....{z
02198032  07 c3 df 5e e1 a9 1b 72 e1 44 35 3a fb 0a 63 ae  ...^...r.D5:..c.
02198042  e0 58 10 fc c6 76                                .X...v
[+] Output data after DECRYPT (first 38 bytes):
           0  1  2  3  4  5  6  7  8  9  A  B  C  D  E  F  0123456789ABCDEF
02197820  e4 07 fa 35 4b 00 00 00 00 00 61 57 51 bb f7 9f  ...5K.....aWQ...
02197830  28 97 12 ba 44 2c af 74 09 56 00 00 00 00 54 51  (...D,.t.V....TQ
02197840  53 65 72 76 65 72                                Server
[>] Decrypt wrapper called — context: 0x171afe9c

[+] ======= BF_cfb64_encrypt call #160 =======
[+] Mode: DECRYPT
[+] Length: 2 bytes
[+] BF_KEY ptr: 0x219946c
[+] IV ptr: 0x2199439
[+] num ptr: 0x2199430 (value: 0)
[+] IV (8 bytes):
           0  1  2  3  4  5  6  7  8  9  A  B  C  D  E  F  0123456789ABCDEF
02199439  63 ae e0 58 10 fc c6 76                          c..X...v
[+] Input data (first 2 bytes):
           0  1  2  3  4  5  6  7  8  9  A  B  C  D  E  F  0123456789ABCDEF
171afe9c  c4 30                                            .0
[+] Output data after DECRYPT (first 2 bytes):
           0  1  2  3  4  5  6  7  8  9  A  B  C  D  E  F  0123456789ABCDEF
02197820  19 00                                            ..
[>] Decrypt wrapper called — context: 0x2198022

[+] ======= BF_cfb64_encrypt call #161 =======
[+] Mode: DECRYPT
[+] Length: 31 bytes
[+] BF_KEY ptr: 0x219946c
[+] IV ptr: 0x2199439
[+] num ptr: 0x2199430 (value: 2)
[+] IV (8 bytes):
           0  1  2  3  4  5  6  7  8  9  A  B  C  D  E  F  0123456789ABCDEF
02199439  c4 30 97 84 52 d3 2a b8                          .0..R.*.
[+] Input data (first 31 bytes):
           0  1  2  3  4  5  6  7  8  9  A  B  C  D  E  F  0123456789ABCDEF
02198022  69 83 5a 29 c1 14 a9 0e 22 27 36 02 34 71 b2 d1  i.Z)...."'6.4q..
02198032  f9 dd 2a 64 e8 83 89 d1 7c 64 9c e2 7c 50 4c     ..*d....|d..|PL
[+] Output data after DECRYPT (first 31 bytes):
           0  1  2  3  4  5  6  7  8  9  A  B  C  D  E  F  0123456789ABCDEF
02197820  fe 07 08 fa eb ac 02 12 08 08 ff ff ff ff 0f 10  ................
02197830  00 12 04 08 08 10 03 54 51 53 65 72 76 65 72     .......TQServer
[>] Decrypt wrapper called — context: 0x171afe9c

[+] ======= BF_cfb64_encrypt call #162 =======
[+] Mode: DECRYPT
[+] Length: 2 bytes
[+] BF_KEY ptr: 0x219946c
[+] IV ptr: 0x2199439
[+] num ptr: 0x2199430 (value: 1)
[+] IV (8 bytes):
           0  1  2  3  4  5  6  7  8  9  A  B  C  D  E  F  0123456789ABCDEF
02199439  4c 01 34 22 6a 99 d9 f5                          L.4"j...
[+] Input data (first 2 bytes):
           0  1  2  3  4  5  6  7  8  9  A  B  C  D  E  F  0123456789ABCDEF
171afe9c  18 34                                            .4
[+] Output data after DECRYPT (first 2 bytes):
           0  1  2  3  4  5  6  7  8  9  A  B  C  D  E  F  0123456789ABCDEF
02197820  19 00                                            ..
[>] Decrypt wrapper called — context: 0x2198022

[+] ======= BF_cfb64_encrypt call #163 =======
[+] Mode: DECRYPT
[+] Length: 31 bytes
[+] BF_KEY ptr: 0x219946c
[+] IV ptr: 0x2199439
[+] num ptr: 0x2199430 (value: 3)
[+] IV (8 bytes):
           0  1  2  3  4  5  6  7  8  9  A  B  C  D  E  F  0123456789ABCDEF
02199439  4c 18 34 22 6a 99 d9 f5                          L.4"j...
[+] Input data (first 31 bytes):
           0  1  2  3  4  5  6  7  8  9  A  B  C  D  E  F  0123456789ABCDEF
02198022  dc 6d 91 23 1e 11 f4 22 6b 65 4c 80 5e 68 14 f0  .m.#..."keL.^h..
02198032  c4 e3 19 26 3c 4d 54 d9 82 78 33 4c 94 70 82     ...&<MT..x3L.p.
[+] Output data after DECRYPT (first 31 bytes):
           0  1  2  3  4  5  6  7  8  9  A  B  C  D  E  F  0123456789ABCDEF
02197820  fe 07 08 fa eb ac 02 12 08 08 ff ff ff ff 0f 10  ................
02197830  00 12 04 08 08 10 06 54 51 53 65 72 76 65 72     .......TQServer
[>] Encrypt wrapper called — context: 0x2198820

[+] ======= BF_cfb64_encrypt call #164 =======
[+] Mode: ENCRYPT
[+] Length: 27 bytes
[+] BF_KEY ptr: 0x219946c
[+] IV ptr: 0x2199441
[+] num ptr: 0x2199434 (value: 6)
[+] IV (8 bytes):
           0  1  2  3  4  5  6  7  8  9  A  B  C  D  E  F  0123456789ABCDEF
02199441  68 6b 16 ff d4 f7 69 0c                          hk....i.
[+] Input data (first 27 bytes):
           0  1  2  3  4  5  6  7  8  9  A  B  C  D  E  F  0123456789ABCDEF
02198820  1b 00 33 08 08 fa eb ac 02 18 00 48 ac c8 9c a3  ..3........H....
02198830  04 50 00 60 4a 68 00 70 00 78 00                 .P.`Jh.p.x.
[+] Output data after ENCRYPT (first 27 bytes):
           0  1  2  3  4  5  6  7  8  9  A  B  C  D  E  F  0123456789ABCDEF
02197820  72 0c 6a 5e 60 c0 e9 db 31 15 60 e8 46 a6 82 e6  r.j^`...1.`.F...
02197830  45 bb 00 3c 97 0b bb 4e b8 46 f6                 E..<...N.F.
[>] Encrypt wrapper called — context: 0x16f83f8

[+] ======= BF_cfb64_encrypt call #165 =======
[+] Mode: ENCRYPT
[+] Length: 8 bytes
[+] BF_KEY ptr: 0x219946c
[+] IV ptr: 0x2199441
[+] num ptr: 0x2199434 (value: 1)
[+] IV (8 bytes):
           0  1  2  3  4  5  6  7  8  9  A  B  C  D  E  F  0123456789ABCDEF
02199441  f6 ab 31 ca 47 87 7b 0e                          ..1.G.{.
[+] Input data (first 8 bytes):
           0  1  2  3  4  5  6  7  8  9  A  B  C  D  E  F  0123456789ABCDEF
016f83f8  54 51 43 6c 69 65 6e 74                          TQClient
[+] Output data after ENCRYPT (first 8 bytes):
           0  1  2  3  4  5  6  7  8  9  A  B  C  D  E  F  0123456789ABCDEF
02197820  ff 60 89 2b ee 1e 60 b0                          .`.+..`.
[>] Encrypt wrapper called — context: 0x2198820

[+] ======= BF_cfb64_encrypt call #166 =======
[+] Mode: ENCRYPT
[+] Length: 10 bytes
[+] BF_KEY ptr: 0x219946c
[+] IV ptr: 0x2199441
[+] num ptr: 0x2199434 (value: 1)
[+] IV (8 bytes):
           0  1  2  3  4  5  6  7  8  9  A  B  C  D  E  F  0123456789ABCDEF
02199441  b0 16 36 37 a7 50 d2 38                          ..67.P.8
[+] Input data (first 10 bytes):
           0  1  2  3  4  5  6  7  8  9  A  B  C  D  E  F  0123456789ABCDEF
02198820  0a 00 1f 09 08 02 10 00 20 00                    ........ .
[+] Output data after ENCRYPT (first 10 bytes):
           0  1  2  3  4  5  6  7  8  9  A  B  C  D  E  F  0123456789ABCDEF
02197820  1c 36 28 ae 58 d0 28 ae 55 48                    .6(.X.(.UH
[>] Encrypt wrapper called — context: 0x16f83f8

[+] ======= BF_cfb64_encrypt call #167 =======
[+] Mode: ENCRYPT
[+] Length: 8 bytes
[+] BF_KEY ptr: 0x219946c
[+] IV ptr: 0x2199441
[+] num ptr: 0x2199434 (value: 3)
[+] IV (8 bytes):
           0  1  2  3  4  5  6  7  8  9  A  B  C  D  E  F  0123456789ABCDEF
02199441  ae 55 48 26 ed 7c 02 3f                          .UH&.|.?
[+] Input data (first 8 bytes):
           0  1  2  3  4  5  6  7  8  9  A  B  C  D  E  F  0123456789ABCDEF
016f83f8  54 51 43 6c 69 65 6e 74                          TQClient
[+] Output data after ENCRYPT (first 8 bytes):
           0  1  2  3  4  5  6  7  8  9  A  B  C  D  E  F  0123456789ABCDEF
02197820  72 bc 3f 6e 56 d7 6c bc                          r.?nV.l.
[>] Encrypt wrapper called — context: 0x2198820

[+] ======= BF_cfb64_encrypt call #168 =======
[+] Mode: ENCRYPT
[+] Length: 6 bytes
[+] BF_KEY ptr: 0x219946c
[+] IV ptr: 0x2199441
[+] num ptr: 0x2199434 (value: 3)
[+] IV (8 bytes):
           0  1  2  3  4  5  6  7  8  9  A  B  C  D  E  F  0123456789ABCDEF
02199441  d7 6c bc 54 40 b3 e9 ed                          .l.T@...
[+] Input data (first 6 bytes):
           0  1  2  3  4  5  6  7  8  9  A  B  C  D  E  F  0123456789ABCDEF
02198820  06 00 3c 09 08 01                                ..<...
[+] Output data after ENCRYPT (first 6 bytes):
           0  1  2  3  4  5  6  7  8  9  A  B  C  D  E  F  0123456789ABCDEF
02197820  52 40 8f e0 e5 8f                                R@....
[>] Encrypt wrapper called — context: 0x16f83f8

[+] ======= BF_cfb64_encrypt call #169 =======
[+] Mode: ENCRYPT
[+] Length: 8 bytes
[+] BF_KEY ptr: 0x219946c
[+] IV ptr: 0x2199441
[+] num ptr: 0x2199434 (value: 1)
[+] IV (8 bytes):
           0  1  2  3  4  5  6  7  8  9  A  B  C  D  E  F  0123456789ABCDEF
02199441  8f 02 4a d7 b3 a2 88 f1                          ..J.....
[+] Input data (first 8 bytes):
           0  1  2  3  4  5  6  7  8  9  A  B  C  D  E  F  0123456789ABCDEF
016f83f8  54 51 43 6c 69 65 6e 74                          TQClient
[+] Output data after ENCRYPT (first 8 bytes):
           0  1  2  3  4  5  6  7  8  9  A  B  C  D  E  F  0123456789ABCDEF
02197820  56 1b 94 df cb ed 9f 07                          V.......
[>] Encrypt wrapper called — context: 0x2198820

[+] ======= BF_cfb64_encrypt call #170 =======
[+] Mode: ENCRYPT
[+] Length: 12 bytes
[+] BF_KEY ptr: 0x219946c
[+] IV ptr: 0x2199441
[+] num ptr: 0x2199434 (value: 1)
[+] IV (8 bytes):
           0  1  2  3  4  5  6  7  8  9  A  B  C  D  E  F  0123456789ABCDEF
02199441  07 e0 fd 78 db b5 5c 3e                          ...x..\>
[+] Input data (first 12 bytes):
           0  1  2  3  4  5  6  7  8  9  A  B  C  D  E  F  0123456789ABCDEF
02198820  0c 00 eb 07 08 03 10 fe c0 01 18 00              ............
[+] Output data after ENCRYPT (first 12 bytes):
           0  1  2  3  4  5  6  7  8  9  A  B  C  D  E  F  0123456789ABCDEF
02197820  ec fd 93 dc bd 5f 2e 65 39 c5 b0 a8              ....._.e9...
[>] Encrypt wrapper called — context: 0x16f83f8

[+] ======= BF_cfb64_encrypt call #171 =======
[+] Mode: ENCRYPT
[+] Length: 8 bytes
[+] BF_KEY ptr: 0x219946c
[+] IV ptr: 0x2199441
[+] num ptr: 0x2199434 (value: 5)
[+] IV (8 bytes):
           0  1  2  3  4  5  6  7  8  9  A  B  C  D  E  F  0123456789ABCDEF
02199441  65 39 c5 b0 a8 dd 35 3b                          e9....5;
[+] Input data (first 8 bytes):
           0  1  2  3  4  5  6  7  8  9  A  B  C  D  E  F  0123456789ABCDEF
016f83f8  54 51 43 6c 69 65 6e 74                          TQClient
[+] Output data after ENCRYPT (first 8 bytes):
           0  1  2  3  4  5  6  7  8  9  A  B  C  D  E  F  0123456789ABCDEF
02197820  89 64 78 c1 c2 f6 b9 ae                          .dx.....
[>] Encrypt wrapper called — context: 0x2198820

[+] ======= BF_cfb64_encrypt call #172 =======
[+] Mode: ENCRYPT
[+] Length: 11 bytes
[+] BF_KEY ptr: 0x219946c
[+] IV ptr: 0x2199441
[+] num ptr: 0x2199434 (value: 5)
[+] IV (8 bytes):
           0  1  2  3  4  5  6  7  8  9  A  B  C  D  E  F  0123456789ABCDEF
02199441  c1 c2 f6 b9 ae 50 b8 45                          .....P.E
[+] Input data (first 11 bytes):
           0  1  2  3  4  5  6  7  8  9  A  B  C  D  E  F  0123456789ABCDEF
02198820  0b 00 2c 0a 08 02 10 fa eb ac 02                 ..,........
[+] Output data after ENCRYPT (first 11 bytes):
           0  1  2  3  4  5  6  7  8  9  A  B  C  D  E  F  0123456789ABCDEF
02197820  5b b8 69 05 bd bd b2 b4 60 67 77                 [.i.....`gw
[>] Encrypt wrapper called — context: 0x16f83f8

[+] ======= BF_cfb64_encrypt call #173 =======
[+] Mode: ENCRYPT
[+] Length: 8 bytes
[+] BF_KEY ptr: 0x219946c
[+] IV ptr: 0x2199441
[+] num ptr: 0x2199434 (value: 0)
[+] IV (8 bytes):
           0  1  2  3  4  5  6  7  8  9  A  B  C  D  E  F  0123456789ABCDEF
02199441  05 bd bd b2 b4 60 67 77                          .....`gw
[+] Input data (first 8 bytes):
           0  1  2  3  4  5  6  7  8  9  A  B  C  D  E  F  0123456789ABCDEF
016f83f8  54 51 43 6c 69 65 6e 74                          TQClient
[+] Output data after ENCRYPT (first 8 bytes):
           0  1  2  3  4  5  6  7  8  9  A  B  C  D  E  F  0123456789ABCDEF
02197820  e4 8e d9 a3 ac ed 67 16                          ......g.
[>] Encrypt wrapper called — context: 0x2198820

[+] ======= BF_cfb64_encrypt call #174 =======
[+] Mode: ENCRYPT
[+] Length: 20 bytes
[+] BF_KEY ptr: 0x219946c
[+] IV ptr: 0x2199441
[+] num ptr: 0x2199434 (value: 0)
[+] IV (8 bytes):
           0  1  2  3  4  5  6  7  8  9  A  B  C  D  E  F  0123456789ABCDEF
02199441  e4 8e d9 a3 ac ed 67 16                          ......g.
[+] Input data (first 20 bytes):
           0  1  2  3  4  5  6  7  8  9  A  B  C  D  E  F  0123456789ABCDEF
02198820  14 00 83 09 02 00 00 00 fa 35 4b 00 9b 2c 00 00  .........5K..,..
02198830  00 00 00 00                                      ....
[+] Output data after ENCRYPT (first 20 bytes):
           0  1  2  3  4  5  6  7  8  9  A  B  C  D  E  F  0123456789ABCDEF
02197820  7c fe 94 e3 47 a4 0f 90 74 19 c2 d6 b7 96 11 b3  |...G...t.......
02197830  c9 8d c0 d6                                      ....
[>] Encrypt wrapper called — context: 0x16f83f8

[+] ======= BF_cfb64_encrypt call #175 =======
[+] Mode: ENCRYPT
[+] Length: 8 bytes
[+] BF_KEY ptr: 0x219946c
[+] IV ptr: 0x2199441
[+] num ptr: 0x2199434 (value: 4)
[+] IV (8 bytes):
           0  1  2  3  4  5  6  7  8  9  A  B  C  D  E  F  0123456789ABCDEF
02199441  c9 8d c0 d6 20 fd 5d 22                          .... .]"
[+] Input data (first 8 bytes):
           0  1  2  3  4  5  6  7  8  9  A  B  C  D  E  F  0123456789ABCDEF
016f83f8  54 51 43 6c 69 65 6e 74                          TQClient
[+] Output data after ENCRYPT (first 8 bytes):
           0  1  2  3  4  5  6  7  8  9  A  B  C  D  E  F  0123456789ABCDEF
02197820  74 ac 1e 4e 00 cd 18 55                          t..N...U
[>] Encrypt wrapper called — context: 0x2198820

[+] ======= BF_cfb64_encrypt call #176 =======
[+] Mode: ENCRYPT
[+] Length: 27 bytes
[+] BF_KEY ptr: 0x219946c
[+] IV ptr: 0x2199441
[+] num ptr: 0x2199434 (value: 4)
[+] IV (8 bytes):
           0  1  2  3  4  5  6  7  8  9  A  B  C  D  E  F  0123456789ABCDEF
02199441  00 cd 18 55 44 d0 51 17                          ...UD.Q.
[+] Input data (first 27 bytes):
           0  1  2  3  4  5  6  7  8  9  A  B  C  D  E  F  0123456789ABCDEF
02198820  1b 00 33 08 08 fa eb ac 02 18 03 48 ea c8 9c a3  ..3........H....
02198830  04 50 00 60 60 68 00 70 00 78 00                 .P.``h.p.x.
[+] Output data after ENCRYPT (first 27 bytes):
           0  1  2  3  4  5  6  7  8  9  A  B  C  D  E  F  0123456789ABCDEF
02197820  5f d0 62 1f 32 08 55 47 b7 ac 6f c2 da 59 f3 97  _.b.2.UG..o..Y..
02197830  7a 77 57 ef 67 3c 8b d7 00 60 8f                 zwW.g<...`.
[>] Encrypt wrapper called — context: 0x16f83f8

[+] ======= BF_cfb64_encrypt call #177 =======
[+] Mode: ENCRYPT
[+] Length: 8 bytes
[+] BF_KEY ptr: 0x219946c
[+] IV ptr: 0x2199441
[+] num ptr: 0x2199434 (value: 7)
[+] IV (8 bytes):
           0  1  2  3  4  5  6  7  8  9  A  B  C  D  E  F  0123456789ABCDEF
02199441  67 3c 8b d7 00 60 8f 3c                          g<...`.<
[+] Input data (first 8 bytes):
           0  1  2  3  4  5  6  7  8  9  A  B  C  D  E  F  0123456789ABCDEF
016f83f8  54 51 43 6c 69 65 6e 74                          TQClient
[+] Output data after ENCRYPT (first 8 bytes):
           0  1  2  3  4  5  6  7  8  9  A  B  C  D  E  F  0123456789ABCDEF
02197820  68 c0 ca 6f 42 2f 97 fa                          h..oB/..
[>] Encrypt wrapper called — context: 0x2198820

[+] ======= BF_cfb64_encrypt call #178 =======
[+] Mode: ENCRYPT
[+] Length: 9 bytes
[+] BF_KEY ptr: 0x219946c
[+] IV ptr: 0x2199441
[+] num ptr: 0x2199434 (value: 7)
[+] IV (8 bytes):
           0  1  2  3  4  5  6  7  8  9  A  B  C  D  E  F  0123456789ABCDEF
02199441  c0 ca 6f 42 2f 97 fa 58                          ..oB/..X
[+] Input data (first 9 bytes):
           0  1  2  3  4  5  6  7  8  9  A  B  C  D  E  F  0123456789ABCDEF
02198820  09 00 33 08 18 01 60 dc 03                       ..3...`..
[+] Output data after ENCRYPT (first 9 bytes):
           0  1  2  3  4  5  6  7  8  9  A  B  C  D  E  F  0123456789ABCDEF
02197820  51 a1 41 8b 21 57 cc fc 56                       Q.A.!W..V
[>] Encrypt wrapper called — context: 0x16f83f8

[+] ======= BF_cfb64_encrypt call #179 =======
[+] Mode: ENCRYPT
[+] Length: 8 bytes
[+] BF_KEY ptr: 0x219946c
[+] IV ptr: 0x2199441
[+] num ptr: 0x2199434 (value: 0)
[+] IV (8 bytes):
           0  1  2  3  4  5  6  7  8  9  A  B  C  D  E  F  0123456789ABCDEF
02199441  a1 41 8b 21 57 cc fc 56                          .A.!W..V
[+] Input data (first 8 bytes):
           0  1  2  3  4  5  6  7  8  9  A  B  C  D  E  F  0123456789ABCDEF
016f83f8  54 51 43 6c 69 65 6e 74                          TQClient
[+] Output data after ENCRYPT (first 8 bytes):
           0  1  2  3  4  5  6  7  8  9  A  B  C  D  E  F  0123456789ABCDEF
02197820  ef 76 ab 63 47 0e 6a e2                          .v.cG.j.
[>] Encrypt wrapper called — context: 0x2198820

[+] ======= BF_cfb64_encrypt call #180 =======
[+] Mode: ENCRYPT
[+] Length: 40 bytes
[+] BF_KEY ptr: 0x219946c
[+] IV ptr: 0x2199441
[+] num ptr: 0x2199434 (value: 0)
[+] IV (8 bytes):
           0  1  2  3  4  5  6  7  8  9  A  B  C  D  E  F  0123456789ABCDEF
02199441  ef 76 ab 63 47 0e 6a e2                          .v.cG.j.
[+] Input data (first 40 bytes):
           0  1  2  3  4  5  6  7  8  9  A  B  C  D  E  F  0123456789ABCDEF
02198820  28 00 23 09 00 00 01 00 da 88 00 00 00 00 00 00  (.#.............
02198830  00 00 00 00 00 00 00 00 00 00 00 00 00 00 00 00  ................
02198840  00 00 00 00 00 00 00 00                          ........
[+] Output data after ENCRYPT (first 40 bytes):
           0  1  2  3  4  5  6  7  8  9  A  B  C  D  E  F  0123456789ABCDEF
02197820  09 97 e6 2a 7c 39 8f 59 1a 87 52 c5 f2 f5 40 85  ...*|9.Y..R...@.
02197830  2f 9e d8 5b cd 7c a2 5c db 79 6c d1 50 e7 85 c0  /..[.|.\.yl.P...
02197840  55 69 ec f2 6c 43 86 36                          Ui..lC.6
[>] Encrypt wrapper called — context: 0x16f83f8

[+] ======= BF_cfb64_encrypt call #181 =======
[+] Mode: ENCRYPT
[+] Length: 8 bytes
[+] BF_KEY ptr: 0x219946c
[+] IV ptr: 0x2199441
[+] num ptr: 0x2199434 (value: 0)
[+] IV (8 bytes):
           0  1  2  3  4  5  6  7  8  9  A  B  C  D  E  F  0123456789ABCDEF
02199441  55 69 ec f2 6c 43 86 36                          Ui..lC.6
[+] Input data (first 8 bytes):
           0  1  2  3  4  5  6  7  8  9  A  B  C  D  E  F  0123456789ABCDEF
016f83f8  54 51 43 6c 69 65 6e 74                          TQClient
[+] Output data after ENCRYPT (first 8 bytes):
           0  1  2  3  4  5  6  7  8  9  A  B  C  D  E  F  0123456789ABCDEF
02197820  f9 9b 98 c5 52 ee 4e 2a                          ....R.N*
[>] Encrypt wrapper called — context: 0x2198820

[+] ======= BF_cfb64_encrypt call #182 =======
[+] Mode: ENCRYPT
[+] Length: 20 bytes
[+] BF_KEY ptr: 0x219946c
[+] IV ptr: 0x2199441
[+] num ptr: 0x2199434 (value: 0)
[+] IV (8 bytes):
           0  1  2  3  4  5  6  7  8  9  A  B  C  D  E  F  0123456789ABCDEF
02199441  f9 9b 98 c5 52 ee 4e 2a                          ....R.N*
[+] Input data (first 20 bytes):
           0  1  2  3  4  5  6  7  8  9  A  B  C  D  E  F  0123456789ABCDEF
02198820  14 00 83 09 02 00 00 00 fa 35 4b 00 ed 2c 00 00  .........5K..,..
02198830  00 00 00 00                                      ....
[+] Output data after ENCRYPT (first 20 bytes):
           0  1  2  3  4  5  6  7  8  9  A  B  C  D  E  F  0123456789ABCDEF
02197820  7b bb be 3b 97 87 2d 54 ba 9f ce 39 05 d4 69 c2  {..;..-T...9..i.
02197830  5c 1a 50 a7                                      \.P.
[>] Encrypt wrapper called — context: 0x16f83f8

[+] ======= BF_cfb64_encrypt call #183 =======
[+] Mode: ENCRYPT
[+] Length: 8 bytes
[+] BF_KEY ptr: 0x219946c
[+] IV ptr: 0x2199441
[+] num ptr: 0x2199434 (value: 4)
[+] IV (8 bytes):
           0  1  2  3  4  5  6  7  8  9  A  B  C  D  E  F  0123456789ABCDEF
02199441  5c 1a 50 a7 f2 2e 76 40                          \.P...v@
[+] Input data (first 8 bytes):
           0  1  2  3  4  5  6  7  8  9  A  B  C  D  E  F  0123456789ABCDEF
016f83f8  54 51 43 6c 69 65 6e 74                          TQClient
[+] Output data after ENCRYPT (first 8 bytes):
           0  1  2  3  4  5  6  7  8  9  A  B  C  D  E  F  0123456789ABCDEF
02197820  a6 7f 35 2c ae 77 20 6b                          ..5,.w k
[>] Encrypt wrapper called — context: 0x2198820

[+] ======= BF_cfb64_encrypt call #184 =======
[+] Mode: ENCRYPT
[+] Length: 36 bytes
[+] BF_KEY ptr: 0x219946c
[+] IV ptr: 0x2199441
[+] num ptr: 0x2199434 (value: 4)
[+] IV (8 bytes):
           0  1  2  3  4  5  6  7  8  9  A  B  C  D  E  F  0123456789ABCDEF
02199441  ae 77 20 6b dc 58 7c f0                          .w k.X|.
[+] Input data (first 36 bytes):
           0  1  2  3  4  5  6  7  8  9  A  B  C  D  E  F  0123456789ABCDEF
02198820  24 00 4e 08 07 00 01 00 00 00 00 00 00 00 00 00  $.N.............
02198830  00 00 00 00 00 00 00 00 00 00 00 00 00 00 00 00  ................
02198840  00 00 00 00                                      ....
[+] Output data after ENCRYPT (first 36 bytes):
           0  1  2  3  4  5  6  7  8  9  A  B  C  D  E  F  0123456789ABCDEF
02197820  f8 58 32 f8 65 5a 7f b6 78 79 7c 31 39 0f 93 2e  .X2.eZ..xy|19...
02197830  c1 91 61 98 04 c9 8a 97 37 d5 75 cc df e9 9d 05  ..a.....7.u.....
02197840  06 45 e8 f9                                      .E..
[>] Encrypt wrapper called — context: 0x16f83f8

[+] ======= BF_cfb64_encrypt call #185 =======
[+] Mode: ENCRYPT
[+] Length: 8 bytes
[+] BF_KEY ptr: 0x219946c
[+] IV ptr: 0x2199441
[+] num ptr: 0x2199434 (value: 0)
[+] IV (8 bytes):
           0  1  2  3  4  5  6  7  8  9  A  B  C  D  E  F  0123456789ABCDEF
02199441  df e9 9d 05 06 45 e8 f9                          .....E..
[+] Input data (first 8 bytes):
           0  1  2  3  4  5  6  7  8  9  A  B  C  D  E  F  0123456789ABCDEF
016f83f8  54 51 43 6c 69 65 6e 74                          TQClient
[+] Output data after ENCRYPT (first 8 bytes):
           0  1  2  3  4  5  6  7  8  9  A  B  C  D  E  F  0123456789ABCDEF
02197820  5a 03 c2 fb 5f da 4c 5e                          Z..._.L^
[>] Encrypt wrapper called — context: 0x2198820

[+] ======= BF_cfb64_encrypt call #186 =======
[+] Mode: ENCRYPT
[+] Length: 38 bytes
[+] BF_KEY ptr: 0x219946c
[+] IV ptr: 0x2199441
[+] num ptr: 0x2199434 (value: 0)
[+] IV (8 bytes):
           0  1  2  3  4  5  6  7  8  9  A  B  C  D  E  F  0123456789ABCDEF
02199441  5a 03 c2 fb 5f da 4c 5e                          Z..._.L^
[+] Input data (first 38 bytes):
           0  1  2  3  4  5  6  7  8  9  A  B  C  D  E  F  0123456789ABCDEF
02198820  26 00 18 09 08 00 12 03 08 81 01 12 02 08 65 12  &.............e.
02198830  02 08 76 12 02 08 17 12 03 08 92 4e 12 03 08 80  ..v........N....
02198840  01 12 03 08 ee 07                                ......
[+] Output data after ENCRYPT (first 38 bytes):
           0  1  2  3  4  5  6  7  8  9  A  B  C  D  E  F  0123456789ABCDEF
02197820  89 ff 47 11 a7 07 20 4e df 64 b7 71 12 c6 64 75  ..G... N.d.q..du
02197830  35 7b b8 5f e7 7a 7a 83 8a a3 10 6a f9 01 88 b2  5{._.zz....j....
02197840  a8 e8 fc b6 27 13                                ....'.
[>] Encrypt wrapper called — context: 0x16f83f8

[+] ======= BF_cfb64_encrypt call #187 =======
[+] Mode: ENCRYPT
[+] Length: 8 bytes
[+] BF_KEY ptr: 0x219946c
[+] IV ptr: 0x2199441
[+] num ptr: 0x2199434 (value: 6)
[+] IV (8 bytes):
           0  1  2  3  4  5  6  7  8  9  A  B  C  D  E  F  0123456789ABCDEF
02199441  a8 e8 fc b6 27 13 ae 62                          ....'..b
[+] Input data (first 8 bytes):
           0  1  2  3  4  5  6  7  8  9  A  B  C  D  E  F  0123456789ABCDEF
016f83f8  54 51 43 6c 69 65 6e 74                          TQClient
[+] Output data after ENCRYPT (first 8 bytes):
           0  1  2  3  4  5  6  7  8  9  A  B  C  D  E  F  0123456789ABCDEF
02197820  fa 33 31 18 f7 8a f1 62                          .31....b
[>] Encrypt wrapper called — context: 0x2198820

[+] ======= BF_cfb64_encrypt call #188 =======
[+] Mode: ENCRYPT
[+] Length: 27 bytes
[+] BF_KEY ptr: 0x219946c
[+] IV ptr: 0x2199441
[+] num ptr: 0x2199434 (value: 6)
[+] IV (8 bytes):
           0  1  2  3  4  5  6  7  8  9  A  B  C  D  E  F  0123456789ABCDEF
02199441  31 18 f7 8a f1 62 49 b7                          1....bI.
[+] Input data (first 27 bytes):
           0  1  2  3  4  5  6  7  8  9  A  B  C  D  E  F  0123456789ABCDEF
02198820  1b 00 33 08 08 fa eb ac 02 18 00 48 85 ca 9c a3  ..3........H....
02198830  04 50 00 60 4b 68 00 70 00 78 00                 .P.`Kh.p.x.
[+] Output data after ENCRYPT (first 27 bytes):
           0  1  2  3  4  5  6  7  8  9  A  B  C  D  E  F  0123456789ABCDEF
02197820  52 b7 3b 98 c4 21 3d 48 9b 33 89 66 22 a9 82 29  R.;..!=H.3.f"..)
02197830  b3 4b 32 69 1c 3b 79 d1 8a bb b7                 .K2i.;y....
[>] Encrypt wrapper called — context: 0x16f83f8

[+] ======= BF_cfb64_encrypt call #189 =======
[+] Mode: ENCRYPT
[+] Length: 8 bytes
[+] BF_KEY ptr: 0x219946c
[+] IV ptr: 0x2199441
[+] num ptr: 0x2199434 (value: 1)
[+] IV (8 bytes):
           0  1  2  3  4  5  6  7  8  9  A  B  C  D  E  F  0123456789ABCDEF
02199441  b7 62 ca 17 21 65 13 d9                          .b..!e..
[+] Input data (first 8 bytes):
           0  1  2  3  4  5  6  7  8  9  A  B  C  D  E  F  0123456789ABCDEF
016f83f8  54 51 43 6c 69 65 6e 74                          TQClient
[+] Output data after ENCRYPT (first 8 bytes):
           0  1  2  3  4  5  6  7  8  9  A  B  C  D  E  F  0123456789ABCDEF
02197820  36 9b 54 4d 0c 76 b7 57                          6.TM.v.W
[>] Encrypt wrapper called — context: 0x2198820

[+] ======= BF_cfb64_encrypt call #190 =======
[+] Mode: ENCRYPT
[+] Length: 32 bytes
[+] BF_KEY ptr: 0x219946c
[+] IV ptr: 0x2199441
[+] num ptr: 0x2199434 (value: 1)
[+] IV (8 bytes):
           0  1  2  3  4  5  6  7  8  9  A  B  C  D  E  F  0123456789ABCDEF
02199441  57 08 e3 91 b9 c3 de a7                          W.......
[+] Input data (first 32 bytes):
           0  1  2  3  4  5  6  7  8  9  A  B  C  D  E  F  0123456789ABCDEF
02198820  20 00 e4 07 fa 35 4b 00 bc db 85 47 c8 21 fc 1a   ....5K....G.!..
02198830  60 6a 05 7b e9 5a 50 1f 2e 1f 92 2e 03 57 4b 9d  `j.{.ZP......WK.
[+] Output data after ENCRYPT (first 32 bytes):
           0  1  2  3  4  5  6  7  8  9  A  B  C  D  E  F  0123456789ABCDEF
02197820  28 e3 75 be 39 eb ec 1f 26 40 ef 74 78 1a 77 8b  (.u.9...&@.tx.w.
02197830  08 6f 5e 89 fb 21 d1 6e fa 0c f9 c5 ea fe 9a f7  .o^..!.n........
[>] Encrypt wrapper called — context: 0x16f83f8

[+] ======= BF_cfb64_encrypt call #191 =======
[+] Mode: ENCRYPT
[+] Length: 8 bytes
[+] BF_KEY ptr: 0x219946c
[+] IV ptr: 0x2199441
[+] num ptr: 0x2199434 (value: 1)
[+] IV (8 bytes):
           0  1  2  3  4  5  6  7  8  9  A  B  C  D  E  F  0123456789ABCDEF
02199441  f7 2e 4a 8d 2f bf 75 eb                          ..J./.u.
[+] Input data (first 8 bytes):
           0  1  2  3  4  5  6  7  8  9  A  B  C  D  E  F  0123456789ABCDEF
016f83f8  54 51 43 6c 69 65 6e 74                          TQClient
[+] Output data after ENCRYPT (first 8 bytes):
           0  1  2  3  4  5  6  7  8  9  A  B  C  D  E  F  0123456789ABCDEF
02197820  7a 1b ce 43 d6 10 85 91                          z..C....
[>] Encrypt wrapper called — context: 0x2198820

[+] ======= BF_cfb64_encrypt call #192 =======
[+] Mode: ENCRYPT
[+] Length: 40 bytes
[+] BF_KEY ptr: 0x219946c
[+] IV ptr: 0x2199441
[+] num ptr: 0x2199434 (value: 1)
[+] IV (8 bytes):
           0  1  2  3  4  5  6  7  8  9  A  B  C  D  E  F  0123456789ABCDEF
02199441  91 ff 6c 88 c0 ad 72 0f                          ..l...r.
[+] Input data (first 40 bytes):
           0  1  2  3  4  5  6  7  8  9  A  B  C  D  E  F  0123456789ABCDEF
02198820  28 00 23 09 00 00 01 00 da 88 00 00 00 00 00 00  (.#.............
02198830  00 00 00 00 00 00 00 00 00 00 00 00 00 00 00 00  ................
02198840  00 00 00 00 00 00 00 00                          ........
[+] Output data after ENCRYPT (first 40 bytes):
           0  1  2  3  4  5  6  7  8  9  A  B  C  D  E  F  0123456789ABCDEF
02197820  d7 6c ab c9 ad 72 0e 06 37 05 7a 2b e4 d0 0c 0d  .l...r..7.z+....
02197830  cd e4 c0 49 15 fb 58 24 d0 72 07 1e 4f 06 3f 6a  ...I..X$.r..O.?j
02197840  bd fc 88 4f 8c 10 84 29                          ...O...)
[>] Encrypt wrapper called — context: 0x16f83f8

[+] ======= BF_cfb64_encrypt call #193 =======
[+] Mode: ENCRYPT
[+] Length: 8 bytes
[+] BF_KEY ptr: 0x219946c
[+] IV ptr: 0x2199441
[+] num ptr: 0x2199434 (value: 1)
[+] IV (8 bytes):
           0  1  2  3  4  5  6  7  8  9  A  B  C  D  E  F  0123456789ABCDEF
02199441  29 79 85 66 64 1f ba ba                          )y.fd...
[+] Input data (first 8 bytes):
           0  1  2  3  4  5  6  7  8  9  A  B  C  D  E  F  0123456789ABCDEF
016f83f8  54 51 43 6c 69 65 6e 74                          TQClient
[+] Output data after ENCRYPT (first 8 bytes):
           0  1  2  3  4  5  6  7  8  9  A  B  C  D  E  F  0123456789ABCDEF
02197820  2d d4 25 08 76 df d4 4d                          -.%.v..M
[>] Encrypt wrapper called — context: 0x2198820

[+] ======= BF_cfb64_encrypt call #194 =======
[+] Mode: ENCRYPT
[+] Length: 9 bytes
[+] BF_KEY ptr: 0x219946c
[+] IV ptr: 0x2199441
[+] num ptr: 0x2199434 (value: 1)
[+] IV (8 bytes):
           0  1  2  3  4  5  6  7  8  9  A  B  C  D  E  F  0123456789ABCDEF
02199441  4d da 2d e1 22 fa 83 b5                          M.-."...
[+] Input data (first 9 bytes):
           0  1  2  3  4  5  6  7  8  9  A  B  C  D  E  F  0123456789ABCDEF
02198820  09 00 67 08 08 00 10 8f 02                       ..g......
[+] Output data after ENCRYPT (first 9 bytes):
           0  1  2  3  4  5  6  7  8  9  A  B  C  D  E  F  0123456789ABCDEF
02197820  d3 2d 86 2a f2 83 a5 1a c8                       .-.*.....
[>] Encrypt wrapper called — context: 0x16f83f8

[+] ======= BF_cfb64_encrypt call #195 =======
[+] Mode: ENCRYPT
[+] Length: 8 bytes
[+] BF_KEY ptr: 0x219946c
[+] IV ptr: 0x2199441
[+] num ptr: 0x2199434 (value: 2)
[+] IV (8 bytes):
           0  1  2  3  4  5  6  7  8  9  A  B  C  D  E  F  0123456789ABCDEF
02199441  1a c8 61 0f 87 af a0 c4                          ..a.....
[+] Input data (first 8 bytes):
           0  1  2  3  4  5  6  7  8  9  A  B  C  D  E  F  0123456789ABCDEF
016f83f8  54 51 43 6c 69 65 6e 74                          TQClient
[+] Output data after ENCRYPT (first 8 bytes):
           0  1  2  3  4  5  6  7  8  9  A  B  C  D  E  F  0123456789ABCDEF
02197820  35 5e c4 c3 c9 a1 8e a1                          5^......
[>] Decrypt wrapper called — context: 0x171afe9c

[+] ======= BF_cfb64_encrypt call #196 =======
[+] Mode: DECRYPT
[+] Length: 2 bytes
[+] BF_KEY ptr: 0x219946c
[+] IV ptr: 0x2199439
[+] num ptr: 0x2199430 (value: 2)
[+] IV (8 bytes):
           0  1  2  3  4  5  6  7  8  9  A  B  C  D  E  F  0123456789ABCDEF
02199439  70 82 d4 2f 38 43 4b f2                          p../8CK.
[+] Input data (first 2 bytes):
           0  1  2  3  4  5  6  7  8  9  A  B  C  D  E  F  0123456789ABCDEF
171afe9c  c6 2f                                            ./
[+] Output data after DECRYPT (first 2 bytes):
           0  1  2  3  4  5  6  7  8  9  A  B  C  D  E  F  0123456789ABCDEF
02197820  12 00                                            ..
[>] Decrypt wrapper called — context: 0x2198022

[+] ======= BF_cfb64_encrypt call #197 =======
[+] Mode: DECRYPT
[+] Length: 24 bytes
[+] BF_KEY ptr: 0x219946c
[+] IV ptr: 0x2199439
[+] num ptr: 0x2199430 (value: 4)
[+] IV (8 bytes):
           0  1  2  3  4  5  6  7  8  9  A  B  C  D  E  F  0123456789ABCDEF
02199439  70 82 c6 2f 38 43 4b f2                          p../8CK.
[+] Input data (first 24 bytes):
           0  1  2  3  4  5  6  7  8  9  A  B  C  D  E  F  0123456789ABCDEF
02198022  27 4a 43 f7 b5 09 52 a4 ea ef 08 68 8f 96 c9 a6  'JC...R....h....
02198032  7a 06 8f 67 db a5 a5 d1                          z..g....
[+] Output data after DECRYPT (first 24 bytes):
           0  1  2  3  4  5  6  7  8  9  A  B  C  D  E  F  0123456789ABCDEF
02197820  1f 09 08 05 10 00 18 00 20 00 28 01 30 00 38 0a  ........ .(.0.8.
02197830  54 51 53 65 72 76 65 72                          TQServer
[>] Encrypt wrapper called — context: 0x2198820

[+] ======= BF_cfb64_encrypt call #198 =======
[+] Mode: ENCRYPT
[+] Length: 10 bytes
[+] BF_KEY ptr: 0x219946c
[+] IV ptr: 0x2199441
[+] num ptr: 0x2199434 (value: 2)
[+] IV (8 bytes):
           0  1  2  3  4  5  6  7  8  9  A  B  C  D  E  F  0123456789ABCDEF
02199441  8e a1 4a 13 96 1f 21 4d                          ..J...!M
[+] Input data (first 10 bytes):
           0  1  2  3  4  5  6  7  8  9  A  B  C  D  E  F  0123456789ABCDEF
02198820  0a 00 f9 09 08 04 48 01 50 04                    ......H.P.
[+] Output data after ENCRYPT (first 10 bytes):
           0  1  2  3  4  5  6  7  8  9  A  B  C  D  E  F  0123456789ABCDEF
02197820  40 13 6f 16 29 49 da 58 84 b9                    @.o.)I.X..
[>] Encrypt wrapper called — context: 0x16f83f8

[+] ======= BF_cfb64_encrypt call #199 =======
[+] Mode: ENCRYPT
[+] Length: 8 bytes
[+] BF_KEY ptr: 0x219946c
[+] IV ptr: 0x2199441
[+] num ptr: 0x2199434 (value: 4)
[+] IV (8 bytes):
           0  1  2  3  4  5  6  7  8  9  A  B  C  D  E  F  0123456789ABCDEF
02199441  da 58 84 b9 53 fc b5 a3                          .X..S...
[+] Input data (first 8 bytes):
           0  1  2  3  4  5  6  7  8  9  A  B  C  D  E  F  0123456789ABCDEF
016f83f8  54 51 43 6c 69 65 6e 74                          TQClient
[+] Output data after ENCRYPT (first 8 bytes):
           0  1  2  3  4  5  6  7  8  9  A  B  C  D  E  F  0123456789ABCDEF
02197820  07 ad f6 cf c0 b7 3b e7                          ......;.
[>] Encrypt wrapper called — context: 0x2198820

[+] ======= BF_cfb64_encrypt call #200 =======
[+] Mode: ENCRYPT
[+] Length: 8 bytes
[+] BF_KEY ptr: 0x219946c
[+] IV ptr: 0x2199441
[+] num ptr: 0x2199434 (value: 4)
[+] IV (8 bytes):
           0  1  2  3  4  5  6  7  8  9  A  B  C  D  E  F  0123456789ABCDEF
02199441  c0 b7 3b e7 4b c6 6f 23                          ..;.K.o#
[+] Input data (first 8 bytes):
           0  1  2  3  4  5  6  7  8  9  A  B  C  D  E  F  0123456789ABCDEF
02198820  08 00 67 08 08 00 10 00                          ..g.....
[+] Output data after ENCRYPT (first 8 bytes):
           0  1  2  3  4  5  6  7  8  9  A  B  C  D  E  F  0123456789ABCDEF
02197820  43 c6 08 2b 08 d2 bd 43                          C..+...C
[>] Encrypt wrapper called — context: 0x16f83f8

[+] ======= BF_cfb64_encrypt call #201 =======
[+] Mode: ENCRYPT
[+] Length: 8 bytes
[+] BF_KEY ptr: 0x219946c
[+] IV ptr: 0x2199441
[+] num ptr: 0x2199434 (value: 4)
[+] IV (8 bytes):
           0  1  2  3  4  5  6  7  8  9  A  B  C  D  E  F  0123456789ABCDEF
02199441  08 d2 bd 43 e1 ce c6 68                          ...C...h
[+] Input data (first 8 bytes):
           0  1  2  3  4  5  6  7  8  9  A  B  C  D  E  F  0123456789ABCDEF
016f83f8  54 51 43 6c 69 65 6e 74                          TQClient
[+] Output data after ENCRYPT (first 8 bytes):
           0  1  2  3  4  5  6  7  8  9  A  B  C  D  E  F  0123456789ABCDEF
02197820  b5 9f 85 04 fa 4b ce d5                          .....K..
[>] Decrypt wrapper called — context: 0x171afe9c

[+] ======= BF_cfb64_encrypt call #202 =======
[+] Mode: DECRYPT
[+] Length: 2 bytes
[+] BF_KEY ptr: 0x219946c
[+] IV ptr: 0x2199439
[+] num ptr: 0x2199430 (value: 4)
[+] IV (8 bytes):
           0  1  2  3  4  5  6  7  8  9  A  B  C  D  E  F  0123456789ABCDEF
02199439  db a5 a5 d1 4b 00 c3 07                          ....K...
[+] Input data (first 2 bytes):
           0  1  2  3  4  5  6  7  8  9  A  B  C  D  E  F  0123456789ABCDEF
171afe9c  01 00                                            ..
[+] Output data after DECRYPT (first 2 bytes):
           0  1  2  3  4  5  6  7  8  9  A  B  C  D  E  F  0123456789ABCDEF
02197820  4a 00                                            J.
[>] Decrypt wrapper called — context: 0x2198022

[+] ======= BF_cfb64_encrypt call #203 =======
[+] Mode: DECRYPT
[+] Length: 80 bytes
[+] BF_KEY ptr: 0x219946c
[+] IV ptr: 0x2199439
[+] num ptr: 0x2199430 (value: 6)
[+] IV (8 bytes):
           0  1  2  3  4  5  6  7  8  9  A  B  C  D  E  F  0123456789ABCDEF
02199439  db a5 a5 d1 01 00 c3 07                          ........
[+] Input data (first 64 bytes):
           0  1  2  3  4  5  6  7  8  9  A  B  C  D  E  F  0123456789ABCDEF
02198022  fa 0e 99 e6 0a ff 2a 25 e1 9d 9c 14 7e bb f7 23  ......*%....~..#
02198032  c8 af 6f 29 71 51 d2 10 13 c8 94 93 89 2d 12 c9  ..o)qQ.......-..
02198042  ca d3 35 6d a7 1f 58 4a 11 43 ba 59 bc 82 a3 9c  ..5m..XJ.C.Y....
02198052  d8 21 68 91 ab 34 91 06 cb fc 40 0f f2 d1 61 68  .!h..4....@...ah
[+] Output data after DECRYPT (first 64 bytes):
           0  1  2  3  4  5  6  7  8  9  A  B  C  D  E  F  0123456789ABCDEF
02197820  39 09 08 80 80 fc 07 10 d5 0f 18 00 20 b0 09 30  9........... ..0
02197830  00 38 00 40 01 48 00 50 00 5a 00 72 06 53 59 53  .8.@.H.P.Z.r.SYS
02197840  54 45 4d 72 07 4c 65 70 6f 53 65 6e 72 00 72 18  TEMr.LepoSenr.r.
02197850  53 54 52 5f 53 44 4b 53 56 52 5f 4e 4f 54 5f 43  STR_SDKSVR_NOT_C
[>] Decrypt wrapper called — context: 0x171afe9c

[+] ======= BF_cfb64_encrypt call #204 =======
[+] Mode: DECRYPT
[+] Length: 2 bytes
[+] BF_KEY ptr: 0x219946c
[+] IV ptr: 0x2199439
[+] num ptr: 0x2199430 (value: 6)
[+] IV (8 bytes):
           0  1  2  3  4  5  6  7  8  9  A  B  C  D  E  F  0123456789ABCDEF
02199439  f1 de 03 4a 35 34 8d be                          ...J54..
[+] Input data (first 2 bytes):
           0  1  2  3  4  5  6  7  8  9  A  B  C  D  E  F  0123456789ABCDEF
171afe9c  81 be                                            ..
[+] Output data after DECRYPT (first 2 bytes):
           0  1  2  3  4  5  6  7  8  9  A  B  C  D  E  F  0123456789ABCDEF
02197820  0c 00                                            ..
[>] Decrypt wrapper called — context: 0x2198022

[+] ======= BF_cfb64_encrypt call #205 =======
[+] Mode: DECRYPT
[+] Length: 18 bytes
[+] BF_KEY ptr: 0x219946c
[+] IV ptr: 0x2199439
[+] num ptr: 0x2199430 (value: 0)
[+] IV (8 bytes):
           0  1  2  3  4  5  6  7  8  9  A  B  C  D  E  F  0123456789ABCDEF
02199439  f1 de 03 4a 35 34 81 be                          ...J54..
[+] Input data (first 18 bytes):
           0  1  2  3  4  5  6  7  8  9  A  B  C  D  E  F  0123456789ABCDEF
02198022  0d 9e 02 b8 ba e0 5c 82 ac 1c f5 34 55 f1 07 df  ......\....4U...
02198032  ce c0                                            ..
[+] Output data after DECRYPT (first 18 bytes):
           0  1  2  3  4  5  6  7  8  9  A  B  C  D  E  F  0123456789ABCDEF
02197820  eb 07 08 03 10 fe c0 01 18 0d 54 51 53 65 72 76  ..........TQServ
02197830  65 72                                            er
[>] Decrypt wrapper called — context: 0x171afe9c

[+] ======= BF_cfb64_encrypt call #206 =======
[+] Mode: DECRYPT
[+] Length: 2 bytes
[+] BF_KEY ptr: 0x219946c
[+] IV ptr: 0x2199439
[+] num ptr: 0x2199430 (value: 2)
[+] IV (8 bytes):
           0  1  2  3  4  5  6  7  8  9  A  B  C  D  E  F  0123456789ABCDEF
02199439  ce c0 9f f0 d0 f4 f8 37                          .......7
[+] Input data (first 2 bytes):
           0  1  2  3  4  5  6  7  8  9  A  B  C  D  E  F  0123456789ABCDEF
171afe9c  8c f0                                            ..
[+] Output data after DECRYPT (first 2 bytes):
           0  1  2  3  4  5  6  7  8  9  A  B  C  D  E  F  0123456789ABCDEF
02197820  13 00                                            ..
[>] Decrypt wrapper called — context: 0x2198022

[+] ======= BF_cfb64_encrypt call #207 =======
[+] Mode: DECRYPT
[+] Length: 25 bytes
[+] BF_KEY ptr: 0x219946c
[+] IV ptr: 0x2199439
[+] num ptr: 0x2199430 (value: 4)
[+] IV (8 bytes):
           0  1  2  3  4  5  6  7  8  9  A  B  C  D  E  F  0123456789ABCDEF
02199439  ce c0 8c f0 d0 f4 f8 37                          .......7
[+] Input data (first 25 bytes):
           0  1  2  3  4  5  6  7  8  9  A  B  C  D  E  F  0123456789ABCDEF
02198022  e3 fc f0 cd 43 01 0c d3 44 ac 5b be 2a 3e e2 7b  ....C...D.[.*>.{
02198032  bc f4 a1 8a 7a a2 d6 be 27                       ....z...'
[+] Output data after DECRYPT (first 25 bytes):
           0  1  2  3  4  5  6  7  8  9  A  B  C  D  E  F  0123456789ABCDEF
02197820  33 08 08 fa eb ac 02 28 03 48 ca 91 d4 e0 01 60  3......(.H.....`
02197830  60 54 51 53 65 72 76 65 72                       `TQServer
[>] Decrypt wrapper called — context: 0x171afe9c

[+] ======= BF_cfb64_encrypt call #208 =======
[+] Mode: DECRYPT
[+] Length: 2 bytes
[+] BF_KEY ptr: 0x219946c
[+] IV ptr: 0x2199439
[+] num ptr: 0x2199430 (value: 5)
[+] IV (8 bytes):
           0  1  2  3  4  5  6  7  8  9  A  B  C  D  E  F  0123456789ABCDEF
02199439  7a a2 d6 be 27 87 cb fd                          z...'...
[+] Input data (first 2 bytes):
           0  1  2  3  4  5  6  7  8  9  A  B  C  D  E  F  0123456789ABCDEF
171afe9c  cd cb                                            ..
[+] Output data after DECRYPT (first 2 bytes):
           0  1  2  3  4  5  6  7  8  9  A  B  C  D  E  F  0123456789ABCDEF
02197820  4a 00                                            J.
[>] Decrypt wrapper called — context: 0x2198022

[+] ======= BF_cfb64_encrypt call #209 =======
[+] Mode: DECRYPT
[+] Length: 80 bytes
[+] BF_KEY ptr: 0x219946c
[+] IV ptr: 0x2199439
[+] num ptr: 0x2199430 (value: 7)
[+] IV (8 bytes):
           0  1  2  3  4  5  6  7  8  9  A  B  C  D  E  F  0123456789ABCDEF
02199439  7a a2 d6 be 27 cd cb fd                          z...'...
[+] Input data (first 64 bytes):
           0  1  2  3  4  5  6  7  8  9  A  B  C  D  E  F  0123456789ABCDEF
02198022  c4 61 e8 8c 43 f6 f0 ae 7d 64 9d 27 79 24 f7 11  .a..C...}d.'y$..
02198032  2e 54 5a c8 b9 19 56 24 78 05 65 2a 23 68 65 15  .TZ...V$x.e*#he.
02198042  ac 43 d3 11 69 3f b4 64 ec 2f 0a 17 e6 c1 64 46  .C..i?.d./....dF
02198052  68 41 15 21 ab e9 8a fb 0f a8 b6 da c0 3d fa 85  hA.!.........=..
[+] Output data after DECRYPT (first 64 bytes):
           0  1  2  3  4  5  6  7  8  9  A  B  C  D  E  F  0123456789ABCDEF
02197820  39 09 08 80 80 fc 07 10 d5 0f 18 00 20 b0 09 30  9........... ..0
02197830  00 38 00 40 01 48 00 50 00 5a 00 72 06 53 59 53  .8.@.H.P.Z.r.SYS
02197840  54 45 4d 72 07 4c 65 70 6f 53 65 6e 72 00 72 18  TEMr.LepoSenr.r.
02197850  53 54 52 5f 41 52 52 45 53 54 4d 45 4e 54 5f 50  STR_ARRESTMENT_P
[>] Decrypt wrapper called — context: 0x171afe9c

[+] ======= BF_cfb64_encrypt call #210 =======
[+] Mode: DECRYPT
[+] Length: 2 bytes
[+] BF_KEY ptr: 0x219946c
[+] IV ptr: 0x2199439
[+] num ptr: 0x2199430 (value: 7)
[+] IV (8 bytes):
           0  1  2  3  4  5  6  7  8  9  A  B  C  D  E  F  0123456789ABCDEF
02199439  34 55 1c 85 8a b3 c0 18                          4U......
[+] Input data (first 2 bytes):
           0  1  2  3  4  5  6  7  8  9  A  B  C  D  E  F  0123456789ABCDEF
171afe9c  30 62                                            0b
[+] Output data after DECRYPT (first 2 bytes):
           0  1  2  3  4  5  6  7  8  9  A  B  C  D  E  F  0123456789ABCDEF
02197820  28 00                                            (.
[>] Decrypt wrapper called — context: 0x2198022

[+] ======= BF_cfb64_encrypt call #211 =======
[+] Mode: DECRYPT
[+] Length: 46 bytes
[+] BF_KEY ptr: 0x219946c
[+] IV ptr: 0x2199439
[+] num ptr: 0x2199430 (value: 1)
[+] IV (8 bytes):
           0  1  2  3  4  5  6  7  8  9  A  B  C  D  E  F  0123456789ABCDEF
02199439  62 a5 22 3e 5f 26 5f 83                          b.">_&_.
[+] Input data (first 46 bytes):
           0  1  2  3  4  5  6  7  8  9  A  B  C  D  E  F  0123456789ABCDEF
02198022  86 2b 3e 5f 27 5f 59 25 95 0a 13 13 40 d1 77 2f  .+>_'_Y%....@.w/
02198032  7e 58 da 62 ea ec dc 7d 20 ab da 9f cc 56 34 1b  ~X.b...} ....V4.
02198042  f8 0f c0 9f 16 98 62 c7 1c ae ec aa 7d d2        ......b.....}.
[+] Output data after DECRYPT (first 46 bytes):
           0  1  2  3  4  5  6  7  8  9  A  B  C  D  E  F  0123456789ABCDEF
02197820  23 09 00 00 01 00 da 88 00 00 00 00 00 00 fa 35  #..............5
02197830  4b 00 02 00 00 00 00 00 00 00 00 00 00 00 00 00  K...............
02197840  00 00 ba 66 c9 69 54 51 53 65 72 76 65 72        ...f.iTQServer
[>] Decrypt wrapper called — context: 0x171afe9c

[+] ======= BF_cfb64_encrypt call #212 =======
[+] Mode: DECRYPT
[+] Length: 2 bytes
[+] BF_KEY ptr: 0x219946c
[+] IV ptr: 0x2199439
[+] num ptr: 0x2199430 (value: 7)
[+] IV (8 bytes):
           0  1  2  3  4  5  6  7  8  9  A  B  C  D  E  F  0123456789ABCDEF
02199439  c7 1c ae ec aa 7d d2 3b                          .....}.;
[+] Input data (first 2 bytes):
           0  1  2  3  4  5  6  7  8  9  A  B  C  D  E  F  0123456789ABCDEF
171afe9c  5b 96                                            [.
[+] Output data after DECRYPT (first 2 bytes):
           0  1  2  3  4  5  6  7  8  9  A  B  C  D  E  F  0123456789ABCDEF
02197820  60 00                                            `.
[>] Decrypt wrapper called — context: 0x2198022

[+] ======= BF_cfb64_encrypt call #213 =======
[+] Mode: DECRYPT
[+] Length: 102 bytes
[+] BF_KEY ptr: 0x219946c
[+] IV ptr: 0x2199439
[+] num ptr: 0x2199430 (value: 1)
[+] IV (8 bytes):
           0  1  2  3  4  5  6  7  8  9  A  B  C  D  E  F  0123456789ABCDEF
02199439  96 f9 bd f9 18 a7 07 bf                          ........
[+] Input data (first 64 bytes):
           0  1  2  3  4  5  6  7  8  9  A  B  C  D  E  F  0123456789ABCDEF
02198022  b7 b5 fe 18 a1 07 be 5e 79 07 c6 0e 68 84 2f d3  .......^y...h./.
02198032  f2 01 5e 68 1d ee a9 d1 24 69 d7 de bf 9a a5 48  ..^h....$i.....H
02198042  e1 b4 d7 58 c8 a6 e7 d3 6f 3e 3e f6 53 6a 27 03  ...X....o>>.Sj'.
02198052  e3 49 29 9e 8c 45 4c ed da 07 5c 96 67 30 2f fd  .I)..EL...\.g0/.
[+] Output data after DECRYPT (first 64 bytes):
           0  1  2  3  4  5  6  7  8  9  A  B  C  D  E  F  0123456789ABCDEF
02197820  4e 08 07 00 06 00 01 00 00 00 00 00 00 00 00 00  N...............
02197830  00 00 00 00 00 00 22 03 00 00 01 00 00 00 00 00  ......".........
02197840  00 00 24 03 00 00 01 00 00 00 00 00 00 00 28 03  ..$...........(.
02197850  00 00 01 00 00 00 00 00 00 00 2c 03 00 00 01 00  ..........,.....
[>] Decrypt wrapper called — context: 0x171afe9c

[+] ======= BF_cfb64_encrypt call #214 =======
[+] Mode: DECRYPT
[+] Length: 2 bytes
[+] BF_KEY ptr: 0x219946c
[+] IV ptr: 0x2199439
[+] num ptr: 0x2199430 (value: 7)
[+] IV (8 bytes):
           0  1  2  3  4  5  6  7  8  9  A  B  C  D  E  F  0123456789ABCDEF
02199439  92 97 01 14 59 0c 02 90                          ....Y...
[+] Input data (first 2 bytes):
           0  1  2  3  4  5  6  7  8  9  A  B  C  D  E  F  0123456789ABCDEF
171afe9c  96 fd                                            ..
[+] Output data after DECRYPT (first 2 bytes):
           0  1  2  3  4  5  6  7  8  9  A  B  C  D  E  F  0123456789ABCDEF
02197820  06 00                                            ..
[>] Decrypt wrapper called — context: 0x2198022

[+] ======= BF_cfb64_encrypt call #215 =======
[+] Mode: DECRYPT
[+] Length: 12 bytes
[+] BF_KEY ptr: 0x219946c
[+] IV ptr: 0x2199439
[+] num ptr: 0x2199430 (value: 1)
[+] IV (8 bytes):
           0  1  2  3  4  5  6  7  8  9  A  B  C  D  E  F  0123456789ABCDEF
02199439  fd f0 dc d9 8b fe 0b dd                          ........
[+] Input data (first 12 bytes):
           0  1  2  3  4  5  6  7  8  9  A  B  C  D  E  F  0123456789ABCDEF
02198022  e8 d5 d1 8b aa 5a 8e f2 67 84 a9 90              .....Z..g...
[+] Output data after DECRYPT (first 12 bytes):
           0  1  2  3  4  5  6  7  8  9  A  B  C  D  E  F  0123456789ABCDEF
02197820  18 09 08 00 54 51 53 65 72 76 65 72              ....TQServer
[>] Decrypt wrapper called — context: 0x171afe9c

[+] ======= BF_cfb64_encrypt call #216 =======
[+] Mode: DECRYPT
[+] Length: 2 bytes
[+] BF_KEY ptr: 0x219946c
[+] IV ptr: 0x2199439
[+] num ptr: 0x2199430 (value: 5)
[+] IV (8 bytes):
           0  1  2  3  4  5  6  7  8  9  A  B  C  D  E  F  0123456789ABCDEF
02199439  f2 67 84 a9 90 c0 d5 d6                          .g......
[+] Input data (first 2 bytes):
           0  1  2  3  4  5  6  7  8  9  A  B  C  D  E  F  0123456789ABCDEF
171afe9c  bb d5                                            ..
[+] Output data after DECRYPT (first 2 bytes):
           0  1  2  3  4  5  6  7  8  9  A  B  C  D  E  F  0123456789ABCDEF
02197820  7b 00                                            {.
[>] Decrypt wrapper called — context: 0x2198022

[+] ======= BF_cfb64_encrypt call #217 =======
[+] Mode: DECRYPT
[+] Length: 129 bytes
[+] BF_KEY ptr: 0x219946c
[+] IV ptr: 0x2199439
[+] num ptr: 0x2199430 (value: 7)
[+] IV (8 bytes):
           0  1  2  3  4  5  6  7  8  9  A  B  C  D  E  F  0123456789ABCDEF
02199439  f2 67 84 a9 90 bb d5 d6                          .g......
[+] Input data (first 64 bytes):
           0  1  2  3  4  5  6  7  8  9  A  B  C  D  E  F  0123456789ABCDEF
02198022  f8 95 c1 7a 33 9a ab c9 ef 1e bc ff 21 e8 74 58  ...z3.......!.tX
02198032  e7 9f 6e 32 b5 89 dd 28 80 7f ba a0 04 28 5e 77  ..n2...(.....(^w
02198042  db 20 5b af 11 07 90 43 d0 7b bc f7 56 e4 28 5a  . [....C.{..V.(Z
02198052  78 1a 39 a0 de b4 ce 88 6e 1f 2e 01 9f 80 12 0b  x.9.....n.......
[+] Output data after DECRYPT (first 64 bytes):
           0  1  2  3  4  5  6  7  8  9  A  B  C  D  E  F  0123456789ABCDEF
02197820  2e 09 08 b3 ca d4 be 03 10 c6 a9 07 18 d9 17 20  ............... 
02197830  9b 18 28 01 30 00 38 02 40 00 48 00 50 00 58 00  ..(.0.8.@.H.P.X.
02197840  60 00 68 00 70 00 78 03 80 01 00 88 01 00 90 01  `.h.p.x.........
02197850  00 98 01 00 a0 01 00 a8 01 00 b0 01 00 b8 01 01  ................
[>] Decrypt wrapper called — context: 0x171afe9c

[+] ======= BF_cfb64_encrypt call #218 =======
[+] Mode: DECRYPT
[+] Length: 2 bytes
[+] BF_KEY ptr: 0x219946c
[+] IV ptr: 0x2199439
[+] num ptr: 0x2199430 (value: 0)
[+] IV (8 bytes):
           0  1  2  3  4  5  6  7  8  9  A  B  C  D  E  F  0123456789ABCDEF
02199439  55 b9 f5 3d e8 37 76 47                          U..=.7vG
[+] Input data (first 2 bytes):
           0  1  2  3  4  5  6  7  8  9  A  B  C  D  E  F  0123456789ABCDEF
171afe9c  f4 80                                            ..
[+] Output data after DECRYPT (first 2 bytes):
           0  1  2  3  4  5  6  7  8  9  A  B  C  D  E  F  0123456789ABCDEF
02197820  7b 00                                            {.
[>] Decrypt wrapper called — context: 0x2198022

[+] ======= BF_cfb64_encrypt call #219 =======
[+] Mode: DECRYPT
[+] Length: 129 bytes
[+] BF_KEY ptr: 0x219946c
[+] IV ptr: 0x2199439
[+] num ptr: 0x2199430 (value: 2)
[+] IV (8 bytes):
           0  1  2  3  4  5  6  7  8  9  A  B  C  D  E  F  0123456789ABCDEF
02199439  f4 80 2f 60 ff 45 fe ce                          ../`.E..
[+] Input data (first 64 bytes):
           0  1  2  3  4  5  6  7  8  9  A  B  C  D  E  F  0123456789ABCDEF
02198022  01 69 f7 bc 51 17 4f dd 6f 9a 6f 46 c1 6a 59 92  .i..Q.O.o.oF.jY.
02198032  1f 4b c5 1c 5a 99 58 21 d4 1f ee 35 63 98 15 7b  .K..Z.X!...5c..{
02198042  f9 00 d9 cb 3b 89 3a 10 e7 8a 0d 14 07 44 50 88  ....;.:......DP.
02198052  e0 4c d5 85 1e 84 e9 2f f2 63 d7 c4 b6 dc 21 42  .L...../.c....!B
[+] Output data after DECRYPT (first 64 bytes):
           0  1  2  3  4  5  6  7  8  9  A  B  C  D  E  F  0123456789ABCDEF
02197820  2e 09 08 f9 af d9 be 03 10 ad 87 08 18 ca 1b 20  ............... 
02197830  8f 1c 28 01 30 00 38 03 40 00 48 00 50 00 58 00  ..(.0.8.@.H.P.X.
02197840  60 00 68 00 70 00 78 00 80 01 00 88 01 00 90 01  `.h.p.x.........
02197850  00 98 01 00 a0 01 00 a8 01 00 b0 01 00 b8 01 01  ................
[>] Decrypt wrapper called — context: 0x171afe9c

[+] ======= BF_cfb64_encrypt call #220 =======
[+] Mode: DECRYPT
[+] Length: 2 bytes
[+] BF_KEY ptr: 0x219946c
[+] IV ptr: 0x2199439
[+] num ptr: 0x2199430 (value: 3)
[+] IV (8 bytes):
           0  1  2  3  4  5  6  7  8  9  A  B  C  D  E  F  0123456789ABCDEF
02199439  0b 7c 2d d7 cb a3 70 a2                          .|-...p.
[+] Input data (first 2 bytes):
           0  1  2  3  4  5  6  7  8  9  A  B  C  D  E  F  0123456789ABCDEF
171afe9c  ac cb                                            ..
[+] Output data after DECRYPT (first 2 bytes):
           0  1  2  3  4  5  6  7  8  9  A  B  C  D  E  F  0123456789ABCDEF
02197820  7b 00                                            {.
[>] Decrypt wrapper called — context: 0x2198022

[+] ======= BF_cfb64_encrypt call #221 =======
[+] Mode: DECRYPT
[+] Length: 129 bytes
[+] BF_KEY ptr: 0x219946c
[+] IV ptr: 0x2199439
[+] num ptr: 0x2199430 (value: 5)
[+] IV (8 bytes):
           0  1  2  3  4  5  6  7  8  9  A  B  C  D  E  F  0123456789ABCDEF
02199439  0b 7c 2d ac cb a3 70 a2                          .|-...p.
[+] Input data (first 64 bytes):
           0  1  2  3  4  5  6  7  8  9  A  B  C  D  E  F  0123456789ABCDEF
02198022  8d 79 aa aa e1 a0 48 27 c9 32 b3 2f 43 8c 8a a5  .y....H'.2./C...
02198032  25 f4 d7 f3 da 6f 5f 3c 01 4a 5b 25 65 4d e0 56  %....o_<.J[%eM.V
02198042  a2 15 4f 08 72 04 bb ff 8e b0 15 d9 de 91 4a 61  ..O.r.........Ja
02198052  73 32 f4 05 00 b4 09 04 a4 90 ba 1d 10 d6 3f 09  s2............?.
[+] Output data after DECRYPT (first 64 bytes):
           0  1  2  3  4  5  6  7  8  9  A  B  C  D  E  F  0123456789ABCDEF
02197820  2e 09 08 f7 af d9 be 03 10 95 a1 22 18 93 08 20  ..........."... 
02197830  cb 08 28 01 30 00 38 04 40 00 48 00 50 00 58 00  ..(.0.8.@.H.P.X.
02197840  60 00 68 00 70 00 78 00 80 01 00 88 01 00 90 01  `.h.p.x.........
02197850  00 98 01 00 a0 01 00 a8 01 00 b0 01 00 b8 01 01  ................
[>] Decrypt wrapper called — context: 0x171afe9c

[+] ======= BF_cfb64_encrypt call #222 =======
[+] Mode: DECRYPT
[+] Length: 2 bytes
[+] BF_KEY ptr: 0x219946c
[+] IV ptr: 0x2199439
[+] num ptr: 0x2199430 (value: 6)
[+] IV (8 bytes):
           0  1  2  3  4  5  6  7  8  9  A  B  C  D  E  F  0123456789ABCDEF
02199439  8a 5f 07 83 59 f3 74 e5                          ._..Y.t.
[+] Input data (first 2 bytes):
           0  1  2  3  4  5  6  7  8  9  A  B  C  D  E  F  0123456789ABCDEF
171afe9c  0f e5                                            ..
[+] Output data after DECRYPT (first 2 bytes):
           0  1  2  3  4  5  6  7  8  9  A  B  C  D  E  F  0123456789ABCDEF
02197820  7b 00                                            {.
[>] Decrypt wrapper called — context: 0x2198022

[+] ======= BF_cfb64_encrypt call #223 =======
[+] Mode: DECRYPT
[+] Length: 129 bytes
[+] BF_KEY ptr: 0x219946c
[+] IV ptr: 0x2199439
[+] num ptr: 0x2199430 (value: 0)
[+] IV (8 bytes):
           0  1  2  3  4  5  6  7  8  9  A  B  C  D  E  F  0123456789ABCDEF
02199439  8a 5f 07 83 59 f3 0f e5                          ._..Y...
[+] Input data (first 64 bytes):
           0  1  2  3  4  5  6  7  8  9  A  B  C  D  E  F  0123456789ABCDEF
02198022  5c 87 7d 9a e2 2a a5 60 16 1c f7 57 25 fa 3f 6f  \.}..*.`...W%.?o
02198032  e0 55 d1 48 91 27 53 96 02 d8 f6 f4 6f aa 2e 93  .U.H.'S.....o...
02198042  4e 94 2d de bc ee e7 78 19 8e 9a 63 08 d4 e8 a0  N.-....x...c....
02198052  be ee bd cd 8e bf b6 73 e5 3e be 68 4f e8 ab 4b  .......s.>.hO..K
[+] Output data after DECRYPT (first 64 bytes):
           0  1  2  3  4  5  6  7  8  9  A  B  C  D  E  F  0123456789ABCDEF
02197820  2e 09 08 f8 af d9 be 03 10 f3 93 09 18 9c 08 20  ............... 
02197830  cb 08 28 01 30 00 38 06 40 00 48 00 50 00 58 00  ..(.0.8.@.H.P.X.
02197840  60 00 68 00 70 00 78 00 80 01 00 88 01 00 90 01  `.h.p.x.........
02197850  00 98 01 00 a0 01 00 a8 01 00 b0 01 00 b8 01 01  ................
[>] Decrypt wrapper called — context: 0x171afe9c

[+] ======= BF_cfb64_encrypt call #224 =======
[+] Mode: DECRYPT
[+] Length: 2 bytes
[+] BF_KEY ptr: 0x219946c
[+] IV ptr: 0x2199439
[+] num ptr: 0x2199430 (value: 1)
[+] IV (8 bytes):
           0  1  2  3  4  5  6  7  8  9  A  B  C  D  E  F  0123456789ABCDEF
02199439  1f ab f6 94 08 bc 54 21                          ......T!
[+] Input data (first 2 bytes):
           0  1  2  3  4  5  6  7  8  9  A  B  C  D  E  F  0123456789ABCDEF
171afe9c  d1 f6                                            ..
[+] Output data after DECRYPT (first 2 bytes):
           0  1  2  3  4  5  6  7  8  9  A  B  C  D  E  F  0123456789ABCDEF
02197820  7a 00                                            z.
[>] Decrypt wrapper called — context: 0x2198022

[+] ======= BF_cfb64_encrypt call #225 =======
[+] Mode: DECRYPT
[+] Length: 128 bytes
[+] BF_KEY ptr: 0x219946c
[+] IV ptr: 0x2199439
[+] num ptr: 0x2199430 (value: 3)
[+] IV (8 bytes):
           0  1  2  3  4  5  6  7  8  9  A  B  C  D  E  F  0123456789ABCDEF
02199439  1f d1 f6 94 08 bc 54 21                          ......T!
[+] Input data (first 64 bytes):
           0  1  2  3  4  5  6  7  8  9  A  B  C  D  E  F  0123456789ABCDEF
02198022  ba 01 b4 fc c9 ae 84 55 31 c3 36 9f 64 9d f9 06  .......U1.6.d...
02198032  57 67 4a f5 8e 53 a0 6c 72 43 72 04 2c 50 e8 dc  WgJ..S.lrCr.,P..
02198042  76 4e 7e 8d ea ef db 12 31 a2 16 24 38 6a c6 01  vN~.....1..$8j..
02198052  cf 18 28 3a 19 16 b3 7c 02 6a da 8a 31 97 53 95  ..(:...|.j..1.S.
[+] Output data after DECRYPT (first 64 bytes):
           0  1  2  3  4  5  6  7  8  9  A  B  C  D  E  F  0123456789ABCDEF
02197820  2e 09 08 a8 e8 89 b4 03 10 d6 f3 ca 01 18 01 20  ............... 
02197830  01 28 01 30 00 38 00 40 00 48 00 50 00 58 00 60  .(.0.8.@.H.P.X.`
02197840  00 68 00 70 00 78 00 80 01 00 88 01 00 90 01 00  .h.p.x..........
02197850  98 01 00 a0 01 00 a8 01 00 b0 01 00 b8 01 01 c0  ................
[>] Decrypt wrapper called — context: 0x171afe9c

[+] ======= BF_cfb64_encrypt call #226 =======
[+] Mode: DECRYPT
[+] Length: 2 bytes
[+] BF_KEY ptr: 0x219946c
[+] IV ptr: 0x2199439
[+] num ptr: 0x2199430 (value: 3)
[+] IV (8 bytes):
           0  1  2  3  4  5  6  7  8  9  A  B  C  D  E  F  0123456789ABCDEF
02199439  f5 b1 65 9a f6 59 82 63                          ..e..Y.c
[+] Input data (first 2 bytes):
           0  1  2  3  4  5  6  7  8  9  A  B  C  D  E  F  0123456789ABCDEF
171afe9c  e1 f6                                            ..
[+] Output data after DECRYPT (first 2 bytes):
           0  1  2  3  4  5  6  7  8  9  A  B  C  D  E  F  0123456789ABCDEF
02197820  7b 00                                            {.
[>] Decrypt wrapper called — context: 0x2198022

[+] ======= BF_cfb64_encrypt call #227 =======
[+] Mode: DECRYPT
[+] Length: 129 bytes
[+] BF_KEY ptr: 0x219946c
[+] IV ptr: 0x2199439
[+] num ptr: 0x2199430 (value: 5)
[+] IV (8 bytes):
           0  1  2  3  4  5  6  7  8  9  A  B  C  D  E  F  0123456789ABCDEF
02199439  f5 b1 65 e1 f6 59 82 63                          ..e..Y.c
[+] Input data (first 64 bytes):
           0  1  2  3  4  5  6  7  8  9  A  B  C  D  E  F  0123456789ABCDEF
02198022  77 8b 6b 3e 75 e5 14 f2 6b df 9e 75 0c a8 29 68  w.k>u...k..u..)h
02198032  27 ea a8 2b 61 75 38 90 4c ba a5 5a 17 f6 3e 5b  '..+au8.L..Z..>[
02198042  15 09 a7 58 e8 36 d7 70 60 cd 01 3a 35 55 9c b6  ...X.6.p`..:5U..
02198052  70 a7 5e e3 13 a6 a9 33 02 ae 85 c1 75 98 38 ea  p.^....3....u.8.
[+] Output data after DECRYPT (first 64 bytes):
           0  1  2  3  4  5  6  7  8  9  A  B  C  D  E  F  0123456789ABCDEF
02197820  2e 09 08 e6 fb d8 be 03 10 90 e2 09 18 bf 0c 20  ............... 
02197830  bf 0c 28 01 30 00 38 00 40 00 48 00 50 00 58 00  ..(.0.8.@.H.P.X.
02197840  60 00 68 00 70 00 78 03 80 01 00 88 01 00 90 01  `.h.p.x.........
02197850  00 98 01 00 a0 01 00 a8 01 00 b0 01 00 b8 01 01  ................
[>] Decrypt wrapper called — context: 0x171afe9c

[+] ======= BF_cfb64_encrypt call #228 =======
[+] Mode: DECRYPT
[+] Length: 2 bytes
[+] BF_KEY ptr: 0x219946c
[+] IV ptr: 0x2199439
[+] num ptr: 0x2199430 (value: 6)
[+] IV (8 bytes):
           0  1  2  3  4  5  6  7  8  9  A  B  C  D  E  F  0123456789ABCDEF
02199439  5e 4d b7 0d a5 66 d2 f6                          ^M...f..
[+] Input data (first 2 bytes):
           0  1  2  3  4  5  6  7  8  9  A  B  C  D  E  F  0123456789ABCDEF
171afe9c  a8 f6                                            ..
[+] Output data after DECRYPT (first 2 bytes):
           0  1  2  3  4  5  6  7  8  9  A  B  C  D  E  F  0123456789ABCDEF
02197820  7a 00                                            z.
[>] Decrypt wrapper called — context: 0x2198022

[+] ======= BF_cfb64_encrypt call #229 =======
[+] Mode: DECRYPT
[+] Length: 128 bytes
[+] BF_KEY ptr: 0x219946c
[+] IV ptr: 0x2199439
[+] num ptr: 0x2199430 (value: 0)
[+] IV (8 bytes):
           0  1  2  3  4  5  6  7  8  9  A  B  C  D  E  F  0123456789ABCDEF
02199439  5e 4d b7 0d a5 66 a8 f6                          ^M...f..
[+] Input data (first 64 bytes):
           0  1  2  3  4  5  6  7  8  9  A  B  C  D  E  F  0123456789ABCDEF
02198022  48 e6 f4 1e 64 16 f9 ae 9f cb e6 79 f2 4e 72 09  H...d......y.Nr.
02198032  98 9d 84 23 22 fd 95 7c 38 80 2c b5 ce 57 0b 7c  ...#"..|8.,..W.|
02198042  63 11 ba 49 5b 7e 91 37 80 6f b6 3d c6 1c 0c 9c  c..I[~.7.o.=....
02198052  df a9 f1 89 67 8f 04 85 f3 d9 5b 03 11 4a 5d b7  ....g.....[..J].
[+] Output data after DECRYPT (first 64 bytes):
           0  1  2  3  4  5  6  7  8  9  A  B  C  D  E  F  0123456789ABCDEF
02197820  2e 09 08 94 a6 d7 be 03 10 f6 ab cb 01 18 01 20  ............... 
02197830  01 28 01 30 00 38 00 40 00 48 00 50 00 58 00 60  .(.0.8.@.H.P.X.`
02197840  00 68 00 70 00 78 00 80 01 00 88 01 00 90 01 00  .h.p.x..........
02197850  98 01 00 a0 01 00 a8 01 00 b0 01 00 b8 01 01 c0  ................
[>] Decrypt wrapper called — context: 0x171afe9c

[+] ======= BF_cfb64_encrypt call #230 =======
[+] Mode: DECRYPT
[+] Length: 2 bytes
[+] BF_KEY ptr: 0x219946c
[+] IV ptr: 0x2199439
[+] num ptr: 0x2199430 (value: 0)
[+] IV (8 bytes):
           0  1  2  3  4  5  6  7  8  9  A  B  C  D  E  F  0123456789ABCDEF
02199439  16 b6 ed c6 c8 bf fa 1d                          ........
[+] Input data (first 2 bytes):
           0  1  2  3  4  5  6  7  8  9  A  B  C  D  E  F  0123456789ABCDEF
171afe9c  40 db                                            @.
[+] Output data after DECRYPT (first 2 bytes):
           0  1  2  3  4  5  6  7  8  9  A  B  C  D  E  F  0123456789ABCDEF
02197820  7a 00                                            z.
[>] Decrypt wrapper called — context: 0x2198022

[+] ======= BF_cfb64_encrypt call #231 =======
[+] Mode: DECRYPT
[+] Length: 128 bytes
[+] BF_KEY ptr: 0x219946c
[+] IV ptr: 0x2199439
[+] num ptr: 0x2199430 (value: 2)
[+] IV (8 bytes):
           0  1  2  3  4  5  6  7  8  9  A  B  C  D  E  F  0123456789ABCDEF
02199439  40 db 57 9e 3e 34 c8 13                          @.W.>4..
[+] Input data (first 64 bytes):
           0  1  2  3  4  5  6  7  8  9  A  B  C  D  E  F  0123456789ABCDEF
02198022  79 97 36 96 38 a6 bc 3f 48 20 2b 6f 76 0f a7 d8  y.6.8..?H +ov...
02198032  8a d6 bb 38 43 0d a1 de 5a 8a ab 0c 23 e9 50 80  ...8C...Z...#.P.
02198042  e1 b0 00 7d c4 8f dd 79 81 0e fb 76 49 20 fd c6  ...}...y...vI ..
02198052  de 0e d4 6b 30 fd ee d7 43 ae 15 6a 09 fb a8 72  ...k0...C..j...r
[+] Output data after DECRYPT (first 64 bytes):
           0  1  2  3  4  5  6  7  8  9  A  B  C  D  E  F  0123456789ABCDEF
02197820  2e 09 08 a2 f0 b5 be 03 10 98 b6 ca 01 18 01 20  ............... 
02197830  01 28 01 30 00 38 00 40 00 48 00 50 00 58 00 60  .(.0.8.@.H.P.X.`
02197840  00 68 00 70 00 78 00 80 01 00 88 01 00 90 01 00  .h.p.x..........
02197850  98 01 00 a0 01 00 a8 01 00 b0 01 00 b8 01 01 c0  ................
[>] Decrypt wrapper called — context: 0x171afe9c

[+] ======= BF_cfb64_encrypt call #232 =======
[+] Mode: DECRYPT
[+] Length: 2 bytes
[+] BF_KEY ptr: 0x219946c
[+] IV ptr: 0x2199439
[+] num ptr: 0x2199430 (value: 2)
[+] IV (8 bytes):
           0  1  2  3  4  5  6  7  8  9  A  B  C  D  E  F  0123456789ABCDEF
02199439  cd c2 ad 2f 76 b4 10 8b                          .../v...
[+] Input data (first 2 bytes):
           0  1  2  3  4  5  6  7  8  9  A  B  C  D  E  F  0123456789ABCDEF
171afe9c  d7 2f                                            ./
[+] Output data after DECRYPT (first 2 bytes):
           0  1  2  3  4  5  6  7  8  9  A  B  C  D  E  F  0123456789ABCDEF
02197820  7a 00                                            z.
[>] Decrypt wrapper called — context: 0x2198022

[+] ======= BF_cfb64_encrypt call #233 =======
[+] Mode: DECRYPT
[+] Length: 128 bytes
[+] BF_KEY ptr: 0x219946c
[+] IV ptr: 0x2199439
[+] num ptr: 0x2199430 (value: 4)
[+] IV (8 bytes):
           0  1  2  3  4  5  6  7  8  9  A  B  C  D  E  F  0123456789ABCDEF
02199439  cd c2 d7 2f 76 b4 10 8b                          .../v...
[+] Input data (first 64 bytes):
           0  1  2  3  4  5  6  7  8  9  A  B  C  D  E  F  0123456789ABCDEF
02198022  58 bd 18 6e 87 73 42 bc f9 9c 93 4a 71 3a 18 65  X..n.sB....Jq:.e
02198032  65 01 04 c5 d4 da 3a e4 12 e4 4f dc 4c 2a ad b8  e.....:...O.L*..
02198042  71 dc f0 72 a6 24 0f 9a f2 96 26 6c 11 6b c9 fe  q..r.$....&l.k..
02198052  2d b7 dd 9b 0a 72 a7 28 f0 e5 1b da 55 87 74 6f  -....r.(....U.to
[+] Output data after DECRYPT (first 64 bytes):
           0  1  2  3  4  5  6  7  8  9  A  B  C  D  E  F  0123456789ABCDEF
02197820  2e 09 08 e5 95 c3 be 03 10 e5 f2 ca 01 18 01 20  ............... 
02197830  01 28 01 30 00 38 00 40 00 48 00 50 00 58 00 60  .(.0.8.@.H.P.X.`
02197840  00 68 00 70 00 78 00 80 01 00 88 01 00 90 01 00  .h.p.x..........
02197850  98 01 00 a0 01 00 a8 01 00 b0 01 00 b8 01 01 c0  ................
[>] Decrypt wrapper called — context: 0x171afe9c

[+] ======= BF_cfb64_encrypt call #234 =======
[+] Mode: DECRYPT
[+] Length: 2 bytes
[+] BF_KEY ptr: 0x219946c
[+] IV ptr: 0x2199439
[+] num ptr: 0x2199430 (value: 4)
[+] IV (8 bytes):
           0  1  2  3  4  5  6  7  8  9  A  B  C  D  E  F  0123456789ABCDEF
02199439  07 b7 8d 6e 85 0e 08 2e                          ...n....
[+] Input data (first 2 bytes):
           0  1  2  3  4  5  6  7  8  9  A  B  C  D  E  F  0123456789ABCDEF
171afe9c  ff 0e                                            ..
[+] Output data after DECRYPT (first 2 bytes):
           0  1  2  3  4  5  6  7  8  9  A  B  C  D  E  F  0123456789ABCDEF
02197820  7a 00                                            z.
[>] Decrypt wrapper called — context: 0x2198022

[+] ======= BF_cfb64_encrypt call #235 =======
[+] Mode: DECRYPT
[+] Length: 128 bytes
[+] BF_KEY ptr: 0x219946c
[+] IV ptr: 0x2199439
[+] num ptr: 0x2199430 (value: 6)
[+] IV (8 bytes):
           0  1  2  3  4  5  6  7  8  9  A  B  C  D  E  F  0123456789ABCDEF
02199439  07 b7 8d 6e ff 0e 08 2e                          ...n....
[+] Input data (first 64 bytes):
           0  1  2  3  4  5  6  7  8  9  A  B  C  D  E  F  0123456789ABCDEF
02198022  26 27 e8 cb 14 3a 1c 44 4d 8b 34 93 c5 82 59 98  &'...:.DM.4...Y.
02198032  d3 aa 8b fc 06 b5 57 53 61 06 b0 7a 58 c8 87 49  ......WSa..zX..I
02198042  fb 77 89 5e 0b e3 9c 7b 97 67 c3 b4 f1 5b 2c b0  .w.^...{.g...[,.
02198052  28 c3 95 db a0 92 10 99 6a 43 15 ba ac 57 a5 e3  (.......jC...W..
[+] Output data after DECRYPT (first 64 bytes):
           0  1  2  3  4  5  6  7  8  9  A  B  C  D  E  F  0123456789ABCDEF
02197820  2e 09 08 ed a6 d7 be 03 10 d0 e6 cb 01 18 01 20  ............... 
02197830  01 28 01 30 00 38 00 40 00 48 00 50 00 58 00 60  .(.0.8.@.H.P.X.`
02197840  00 68 00 70 00 78 00 80 01 00 88 01 00 90 01 00  .h.p.x..........
02197850  98 01 00 a0 01 00 a8 01 00 b0 01 00 b8 01 01 c0  ................
[>] Decrypt wrapper called — context: 0x171afe9c

[+] ======= BF_cfb64_encrypt call #236 =======
[+] Mode: DECRYPT
[+] Length: 2 bytes
[+] BF_KEY ptr: 0x219946c
[+] IV ptr: 0x2199439
[+] num ptr: 0x2199430 (value: 6)
[+] IV (8 bytes):
           0  1  2  3  4  5  6  7  8  9  A  B  C  D  E  F  0123456789ABCDEF
02199439  87 e6 0b f0 0b cc d2 f7                          ........
[+] Input data (first 2 bytes):
           0  1  2  3  4  5  6  7  8  9  A  B  C  D  E  F  0123456789ABCDEF
171afe9c  a8 f7                                            ..
[+] Output data after DECRYPT (first 2 bytes):
           0  1  2  3  4  5  6  7  8  9  A  B  C  D  E  F  0123456789ABCDEF
02197820  7a 00                                            z.
[>] Decrypt wrapper called — context: 0x2198022

[+] ======= BF_cfb64_encrypt call #237 =======
[+] Mode: DECRYPT
[+] Length: 128 bytes
[+] BF_KEY ptr: 0x219946c
[+] IV ptr: 0x2199439
[+] num ptr: 0x2199430 (value: 0)
[+] IV (8 bytes):
           0  1  2  3  4  5  6  7  8  9  A  B  C  D  E  F  0123456789ABCDEF
02199439  87 e6 0b f0 0b cc a8 f7                          ........
[+] Input data (first 64 bytes):
           0  1  2  3  4  5  6  7  8  9  A  B  C  D  E  F  0123456789ABCDEF
02198022  cb 36 ce c0 d6 88 95 c6 5c eb 25 23 fa e1 21 52  .6......\.%#..!R
02198032  e4 50 04 3c ea 5c 39 9f 1a 24 3f 8a 2b ed 08 e2  .P.<.\9..$?.+...
02198042  37 09 d9 38 cb 67 5c 40 4b b1 d9 d7 95 f4 d5 4d  7..8.g\@K......M
02198052  ab 83 0d c5 51 da 36 37 c5 fe ac f1 f1 f1 71 4e  ....Q.67......qN
[+] Output data after DECRYPT (first 64 bytes):
           0  1  2  3  4  5  6  7  8  9  A  B  C  D  E  F  0123456789ABCDEF
02197820  2e 09 08 99 a4 cc be 03 10 db a3 ca 01 18 01 20  ............... 
02197830  01 28 01 30 00 38 00 40 00 48 00 50 00 58 00 60  .(.0.8.@.H.P.X.`
02197840  00 68 00 70 00 78 00 80 01 00 88 01 00 90 01 00  .h.p.x..........
02197850  98 01 00 a0 01 00 a8 01 00 b0 01 00 b8 01 01 c0  ................
[>] Decrypt wrapper called — context: 0x171afe9c

[+] ======= BF_cfb64_encrypt call #238 =======
[+] Mode: DECRYPT
[+] Length: 2 bytes
[+] BF_KEY ptr: 0x219946c
[+] IV ptr: 0x2199439
[+] num ptr: 0x2199430 (value: 0)
[+] IV (8 bytes):
           0  1  2  3  4  5  6  7  8  9  A  B  C  D  E  F  0123456789ABCDEF
02199439  5c c4 a4 7c f9 6e 68 fe                          \..|.nh.
[+] Input data (first 2 bytes):
           0  1  2  3  4  5  6  7  8  9  A  B  C  D  E  F  0123456789ABCDEF
171afe9c  3f d8                                            ?.
[+] Output data after DECRYPT (first 2 bytes):
           0  1  2  3  4  5  6  7  8  9  A  B  C  D  E  F  0123456789ABCDEF
02197820  7a 00                                            z.
[>] Decrypt wrapper called — context: 0x2198022

[+] ======= BF_cfb64_encrypt call #239 =======
[+] Mode: DECRYPT
[+] Length: 128 bytes
[+] BF_KEY ptr: 0x219946c
[+] IV ptr: 0x2199439
[+] num ptr: 0x2199430 (value: 2)
[+] IV (8 bytes):
           0  1  2  3  4  5  6  7  8  9  A  B  C  D  E  F  0123456789ABCDEF
02199439  3f d8 ad 2f 11 8c 26 87                          ?../..&.
[+] Input data (first 64 bytes):
           0  1  2  3  4  5  6  7  8  9  A  B  C  D  E  F  0123456789ABCDEF
02198022  83 26 19 40 82 56 5a 26 aa 10 38 9b 47 50 05 d3  .&.@.VZ&..8.GP..
02198032  87 ab 5b d1 10 2d d5 37 b4 10 34 27 d6 8a a9 32  ..[..-.7..4'...2
02198042  c9 59 85 2c e6 08 4c c7 fa 63 99 9a 4b 1a 03 ea  .Y.,..L..c..K...
02198052  0a 8d e0 6d c6 c2 50 8e 47 e8 77 11 78 94 fc e2  ...m..P.G.w.x...
[+] Output data after DECRYPT (first 64 bytes):
           0  1  2  3  4  5  6  7  8  9  A  B  C  D  E  F  0123456789ABCDEF
02197820  2e 09 08 cc a4 d1 be 03 10 d4 e1 c9 01 18 01 20  ............... 
02197830  01 28 01 30 00 38 00 40 00 48 00 50 00 58 00 60  .(.0.8.@.H.P.X.`
02197840  00 68 00 70 00 78 00 80 01 00 88 01 00 90 01 00  .h.p.x..........
02197850  98 01 00 a0 01 00 a8 01 00 b0 01 00 b8 01 01 c0  ................
[>] Decrypt wrapper called — context: 0x171afe9c

[+] ======= BF_cfb64_encrypt call #240 =======
[+] Mode: DECRYPT
[+] Length: 2 bytes
[+] BF_KEY ptr: 0x219946c
[+] IV ptr: 0x2199439
[+] num ptr: 0x2199430 (value: 2)
[+] IV (8 bytes):
           0  1  2  3  4  5  6  7  8  9  A  B  C  D  E  F  0123456789ABCDEF
02199439  c4 44 57 0a a5 77 7d cf                          .DW..w}.
[+] Input data (first 2 bytes):
           0  1  2  3  4  5  6  7  8  9  A  B  C  D  E  F  0123456789ABCDEF
171afe9c  2d 0a                                            -.
[+] Output data after DECRYPT (first 2 bytes):
           0  1  2  3  4  5  6  7  8  9  A  B  C  D  E  F  0123456789ABCDEF
02197820  7a 00                                            z.
[>] Decrypt wrapper called — context: 0x2198022

[+] ======= BF_cfb64_encrypt call #241 =======
[+] Mode: DECRYPT
[+] Length: 128 bytes
[+] BF_KEY ptr: 0x219946c
[+] IV ptr: 0x2199439
[+] num ptr: 0x2199430 (value: 4)
[+] IV (8 bytes):
           0  1  2  3  4  5  6  7  8  9  A  B  C  D  E  F  0123456789ABCDEF
02199439  c4 44 2d 0a a5 77 7d cf                          .D-..w}.
[+] Input data (first 64 bytes):
           0  1  2  3  4  5  6  7  8  9  A  B  C  D  E  F  0123456789ABCDEF
02198022  8b 7e 75 45 0f 24 3d 64 18 ac 70 22 99 7e e7 57  .~uE.$=d..p".~.W
02198032  a1 26 dd 23 3b a9 ba 1a b6 54 1e 95 f1 d7 e8 7c  .&.#;....T.....|
02198042  81 f9 21 0d 6f 1a d7 5a c6 57 df 61 39 d0 7f 73  ..!.o..Z.W.a9..s
02198052  d3 cc 8e 38 4c 6b 47 3b 09 20 4c 27 7c bb 79 ce  ...8LkG;. L'|.y.
[+] Output data after DECRYPT (first 64 bytes):
           0  1  2  3  4  5  6  7  8  9  A  B  C  D  E  F  0123456789ABCDEF
02197820  2e 09 08 8a 90 d3 be 03 10 de ce ca 01 18 01 20  ............... 
02197830  01 28 01 30 00 38 00 40 00 48 00 50 00 58 00 60  .(.0.8.@.H.P.X.`
02197840  00 68 00 70 00 78 00 80 01 00 88 01 00 90 01 00  .h.p.x..........
02197850  98 01 00 a0 01 00 a8 01 00 b0 01 00 b8 01 01 c0  ................
[>] Decrypt wrapper called — context: 0x171afe9c

[+] ======= BF_cfb64_encrypt call #242 =======
[+] Mode: DECRYPT
[+] Length: 2 bytes
[+] BF_KEY ptr: 0x219946c
[+] IV ptr: 0x2199439
[+] num ptr: 0x2199430 (value: 4)
[+] IV (8 bytes):
           0  1  2  3  4  5  6  7  8  9  A  B  C  D  E  F  0123456789ABCDEF
02199439  44 22 a1 d6 8d 6c 2b 76                          D"...l+v
[+] Input data (first 2 bytes):
           0  1  2  3  4  5  6  7  8  9  A  B  C  D  E  F  0123456789ABCDEF
171afe9c  f4 6c                                            .l
[+] Output data after DECRYPT (first 2 bytes):
           0  1  2  3  4  5  6  7  8  9  A  B  C  D  E  F  0123456789ABCDEF
02197820  79 00                                            y.
[>] Decrypt wrapper called — context: 0x2198022

[+] ======= BF_cfb64_encrypt call #243 =======
[+] Mode: DECRYPT
[+] Length: 127 bytes
[+] BF_KEY ptr: 0x219946c
[+] IV ptr: 0x2199439
[+] num ptr: 0x2199430 (value: 6)
[+] IV (8 bytes):
           0  1  2  3  4  5  6  7  8  9  A  B  C  D  E  F  0123456789ABCDEF
02199439  44 22 a1 d6 f4 6c 2b 76                          D"...l+v
[+] Input data (first 64 bytes):
           0  1  2  3  4  5  6  7  8  9  A  B  C  D  E  F  0123456789ABCDEF
02198022  05 7f 4e ab e2 56 d0 97 77 85 a6 2f 9f d3 bf 98  ..N..V..w../....
02198032  a4 43 b6 1d ad 3e db c4 18 5b e9 32 6b 12 44 d3  .C...>...[.2k.D.
02198042  1c c8 07 32 05 be 06 cb 2a df 9a e7 c6 5f 12 48  ...2....*...._.H
02198052  b8 6b f2 79 e8 4c 08 14 17 95 f6 2b fc cb ef 93  .k.y.L.....+....
[+] Output data after DECRYPT (first 64 bytes):
           0  1  2  3  4  5  6  7  8  9  A  B  C  D  E  F  0123456789ABCDEF
02197820  2e 09 08 da 89 d5 be 03 10 89 86 2c 18 01 20 01  ...........,.. .
02197830  28 01 30 00 38 00 40 00 48 00 50 00 58 00 60 00  (.0.8.@.H.P.X.`.
02197840  68 00 70 00 78 00 80 01 00 88 01 00 90 01 00 98  h.p.x...........
02197850  01 00 a0 01 00 a8 01 00 b0 01 00 b8 01 01 c0 01  ................
[>] Decrypt wrapper called — context: 0x171afe9c

[+] ======= BF_cfb64_encrypt call #244 =======
[+] Mode: DECRYPT
[+] Length: 2 bytes
[+] BF_KEY ptr: 0x219946c
[+] IV ptr: 0x2199439
[+] num ptr: 0x2199430 (value: 5)
[+] IV (8 bytes):
           0  1  2  3  4  5  6  7  8  9  A  B  C  D  E  F  0123456789ABCDEF
02199439  5b 1f 5c a9 b7 38 82 84                          [.\..8..
[+] Input data (first 2 bytes):
           0  1  2  3  4  5  6  7  8  9  A  B  C  D  E  F  0123456789ABCDEF
171afe9c  42 82                                            B.
[+] Output data after DECRYPT (first 2 bytes):
           0  1  2  3  4  5  6  7  8  9  A  B  C  D  E  F  0123456789ABCDEF
02197820  7a 00                                            z.
[>] Decrypt wrapper called — context: 0x2198022

[+] ======= BF_cfb64_encrypt call #245 =======
[+] Mode: DECRYPT
[+] Length: 128 bytes
[+] BF_KEY ptr: 0x219946c
[+] IV ptr: 0x2199439
[+] num ptr: 0x2199430 (value: 7)
[+] IV (8 bytes):
           0  1  2  3  4  5  6  7  8  9  A  B  C  D  E  F  0123456789ABCDEF
02199439  5b 1f 5c a9 b7 42 82 84                          [.\..B..
[+] Input data (first 64 bytes):
           0  1  2  3  4  5  6  7  8  9  A  B  C  D  E  F  0123456789ABCDEF
02198022  aa b6 c0 cd dc f6 e1 62 66 83 07 1d bc 24 ab 9a  .......bf....$..
02198032  6b 9f 5d df 94 11 89 ee 9e d0 b1 83 3a 59 15 38  k.].........:Y.8
02198042  f9 92 97 ad da 2c ac 7c 1d 06 9a c3 2e 39 1a f4  .....,.|.....9..
02198052  7d 4c d9 eb 56 1a 8c 07 96 f1 67 33 3c 9c fa ba  }L..V.....g3<...
[+] Output data after DECRYPT (first 64 bytes):
           0  1  2  3  4  5  6  7  8  9  A  B  C  D  E  F  0123456789ABCDEF
02197820  2e 09 08 d7 be d8 be 03 10 e4 d2 ca 01 18 01 20  ............... 
02197830  01 28 01 30 00 38 00 40 00 48 00 50 00 58 00 60  .(.0.8.@.H.P.X.`
02197840  00 68 00 70 00 78 00 80 01 00 88 01 00 90 01 00  .h.p.x..........
02197850  98 01 00 a0 01 00 a8 01 00 b0 01 00 b8 01 01 c0  ................
[>] Decrypt wrapper called — context: 0x171afe9c

[+] ======= BF_cfb64_encrypt call #246 =======
[+] Mode: DECRYPT
[+] Length: 2 bytes
[+] BF_KEY ptr: 0x219946c
[+] IV ptr: 0x2199439
[+] num ptr: 0x2199430 (value: 7)
[+] IV (8 bytes):
           0  1  2  3  4  5  6  7  8  9  A  B  C  D  E  F  0123456789ABCDEF
02199439  c6 67 fd 28 7c 12 45 bb                          .g.(|.E.
[+] Input data (first 2 bytes):
           0  1  2  3  4  5  6  7  8  9  A  B  C  D  E  F  0123456789ABCDEF
171afe9c  c1 14                                            ..
[+] Output data after DECRYPT (first 2 bytes):
           0  1  2  3  4  5  6  7  8  9  A  B  C  D  E  F  0123456789ABCDEF
02197820  7a 00                                            z.
[>] Decrypt wrapper called — context: 0x2198022

[+] ======= BF_cfb64_encrypt call #247 =======
[+] Mode: DECRYPT
[+] Length: 128 bytes
[+] BF_KEY ptr: 0x219946c
[+] IV ptr: 0x2199439
[+] num ptr: 0x2199430 (value: 1)
[+] IV (8 bytes):
           0  1  2  3  4  5  6  7  8  9  A  B  C  D  E  F  0123456789ABCDEF
02199439  14 4d 3c 89 39 97 9a b0                          .M<.9...
[+] Input data (first 64 bytes):
           0  1  2  3  4  5  6  7  8  9  A  B  C  D  E  F  0123456789ABCDEF
02198022  63 35 81 f9 29 4d 0e cf 69 84 cc ce c9 34 dc e3  c5..)M..i....4..
02198032  c9 2d c6 b7 3b db 89 cf b4 af e7 3c 2e 39 ab bd  .-..;......<.9..
02198042  dd 4c f2 af 98 e3 62 ba 4f f3 ab 81 ef 78 f1 f5  .L....b.O....x..
02198052  ba 82 60 df a3 dc fb a9 fc 5f 82 a7 64 a1 68 fc  ..`......_..d.h.
[+] Output data after DECRYPT (first 64 bytes):
           0  1  2  3  4  5  6  7  8  9  A  B  C  D  E  F  0123456789ABCDEF
02197820  2e 09 08 c0 be d7 be 03 10 e0 98 cb 01 18 01 20  ............... 
02197830  01 28 01 30 00 38 00 40 00 48 00 50 00 58 00 60  .(.0.8.@.H.P.X.`
02197840  00 68 00 70 00 78 00 80 01 00 88 01 00 90 01 00  .h.p.x..........
02197850  98 01 00 a0 01 00 a8 01 00 b0 01 00 b8 01 01 c0  ................
[>] Decrypt wrapper called — context: 0x171afe9c

[+] ======= BF_cfb64_encrypt call #248 =======
[+] Mode: DECRYPT
[+] Length: 2 bytes
[+] BF_KEY ptr: 0x219946c
[+] IV ptr: 0x2199439
[+] num ptr: 0x2199430 (value: 1)
[+] IV (8 bytes):
           0  1  2  3  4  5  6  7  8  9  A  B  C  D  E  F  0123456789ABCDEF
02199439  a4 45 5b 41 33 fa 51 70                          .E[A3.Qp
[+] Input data (first 2 bytes):
           0  1  2  3  4  5  6  7  8  9  A  B  C  D  E  F  0123456789ABCDEF
171afe9c  3f 5b                                            ?[
[+] Output data after DECRYPT (first 2 bytes):
           0  1  2  3  4  5  6  7  8  9  A  B  C  D  E  F  0123456789ABCDEF
02197820  7a 00                                            z.
[>] Decrypt wrapper called — context: 0x2198022

[+] ======= BF_cfb64_encrypt call #249 =======
[+] Mode: DECRYPT
[+] Length: 128 bytes
[+] BF_KEY ptr: 0x219946c
[+] IV ptr: 0x2199439
[+] num ptr: 0x2199430 (value: 3)
[+] IV (8 bytes):
           0  1  2  3  4  5  6  7  8  9  A  B  C  D  E  F  0123456789ABCDEF
02199439  a4 3f 5b 41 33 fa 51 70                          .?[A3.Qp
[+] Input data (first 64 bytes):
           0  1  2  3  4  5  6  7  8  9  A  B  C  D  E  F  0123456789ABCDEF
02198022  6f 3a f2 fa a8 52 6b b1 5c 4f 7b 5a 05 17 60 a8  o:...Rk.\O{Z..`.
02198032  bf 25 ca 52 c5 7b 23 89 71 9d e2 e0 4d 76 27 d9  .%.R.{#.q...Mv'.
02198042  f5 72 2f a3 7f 06 e8 69 46 c0 60 05 31 3b 2f 39  .r/....iF.`.1;/9
02198052  0f ab 76 e0 34 46 73 48 4a ff 57 f0 e5 0f cd e2  ..v.4FsHJ.W.....
[+] Output data after DECRYPT (first 64 bytes):
           0  1  2  3  4  5  6  7  8  9  A  B  C  D  E  F  0123456789ABCDEF
02197820  2e 09 08 ab d8 d8 be 03 10 9f d1 cb 01 18 01 20  ............... 
02197830  01 28 01 30 00 38 00 40 00 48 00 50 00 58 00 60  .(.0.8.@.H.P.X.`
02197840  00 68 00 70 00 78 00 80 01 00 88 01 00 90 01 00  .h.p.x..........
02197850  98 01 00 a0 01 00 a8 01 00 b0 01 00 b8 01 01 c0  ................
[>] Decrypt wrapper called — context: 0x171afe9c

[+] ======= BF_cfb64_encrypt call #250 =======
[+] Mode: DECRYPT
[+] Length: 2 bytes
[+] BF_KEY ptr: 0x219946c
[+] IV ptr: 0x2199439
[+] num ptr: 0x2199430 (value: 3)
[+] IV (8 bytes):
           0  1  2  3  4  5  6  7  8  9  A  B  C  D  E  F  0123456789ABCDEF
02199439  f5 ef d8 43 2d 54 24 aa                          ...C-T$.
[+] Input data (first 2 bytes):
           0  1  2  3  4  5  6  7  8  9  A  B  C  D  E  F  0123456789ABCDEF
171afe9c  38 2d                                            8-
[+] Output data after DECRYPT (first 2 bytes):
           0  1  2  3  4  5  6  7  8  9  A  B  C  D  E  F  0123456789ABCDEF
02197820  7b 00                                            {.
[>] Decrypt wrapper called — context: 0x2198022

[+] ======= BF_cfb64_encrypt call #251 =======
[+] Mode: DECRYPT
[+] Length: 129 bytes
[+] BF_KEY ptr: 0x219946c
[+] IV ptr: 0x2199439
[+] num ptr: 0x2199430 (value: 5)
[+] IV (8 bytes):
           0  1  2  3  4  5  6  7  8  9  A  B  C  D  E  F  0123456789ABCDEF
02199439  f5 ef d8 38 2d 54 24 aa                          ...8-T$.
[+] Input data (first 64 bytes):
           0  1  2  3  4  5  6  7  8  9  A  B  C  D  E  F  0123456789ABCDEF
02198022  7a 2d a2 b7 54 4b a0 bf 58 cf 0f d3 09 aa 91 f8  z-..TK..X.......
02198032  7a 0d e5 d9 6d 76 46 5e 31 0e 7f 1b a4 c8 9b e0  z...mvF^1.......
02198042  e3 e9 4d 87 39 13 94 6d 83 11 30 58 e6 92 e9 dd  ..M.9..m..0X....
02198052  d5 37 c8 03 2d fe 49 d7 20 99 4b 29 e6 75 64 1d  .7..-.I. .K).ud.
[+] Output data after DECRYPT (first 64 bytes):
           0  1  2  3  4  5  6  7  8  9  A  B  C  D  E  F  0123456789ABCDEF
02197820  2e 09 08 c6 ee d8 be 03 10 be ff 07 18 8f 1c 20  ............... 
02197830  8f 1c 28 01 30 00 38 00 40 00 48 00 50 00 58 00  ..(.0.8.@.H.P.X.
02197840  60 00 68 00 70 00 78 03 80 01 00 88 01 00 90 01  `.h.p.x.........
02197850  00 98 01 00 a0 01 00 a8 01 00 b0 01 00 b8 01 01  ................
[>] Decrypt wrapper called — context: 0x171afe9c

[+] ======= BF_cfb64_encrypt call #252 =======
[+] Mode: DECRYPT
[+] Length: 2 bytes
[+] BF_KEY ptr: 0x219946c
[+] IV ptr: 0x2199439
[+] num ptr: 0x2199430 (value: 6)
[+] IV (8 bytes):
           0  1  2  3  4  5  6  7  8  9  A  B  C  D  E  F  0123456789ABCDEF
02199439  46 cb 88 f4 de 9d 72 93                          F.....r.
[+] Input data (first 2 bytes):
           0  1  2  3  4  5  6  7  8  9  A  B  C  D  E  F  0123456789ABCDEF
171afe9c  0b 93                                            ..
[+] Output data after DECRYPT (first 2 bytes):
           0  1  2  3  4  5  6  7  8  9  A  B  C  D  E  F  0123456789ABCDEF
02197820  79 00                                            y.
[>] Decrypt wrapper called — context: 0x2198022

[+] ======= BF_cfb64_encrypt call #253 =======
[+] Mode: DECRYPT
[+] Length: 127 bytes
[+] BF_KEY ptr: 0x219946c
[+] IV ptr: 0x2199439
[+] num ptr: 0x2199430 (value: 0)
[+] IV (8 bytes):
           0  1  2  3  4  5  6  7  8  9  A  B  C  D  E  F  0123456789ABCDEF
02199439  46 cb 88 f4 de 9d 0b 93                          F.......
[+] Input data (first 64 bytes):
           0  1  2  3  4  5  6  7  8  9  A  B  C  D  E  F  0123456789ABCDEF
02198022  f1 01 b3 ff 4f f5 a7 ac 07 f6 5a 82 85 ad 2f e5  ....O.....Z.../.
02198032  01 73 6e aa a2 96 17 a2 34 ae 24 59 bc 59 0f 4c  .sn.....4.$Y.Y.L
02198042  90 33 ff 4f 75 09 dc 61 45 14 20 1d c4 d5 26 f7  .3.Ou..aE. ...&.
02198052  be c1 cc 97 ce 2d 9c 9a a6 2f d7 83 b1 ac a5 6f  .....-.../.....o
[+] Output data after DECRYPT (first 64 bytes):
           0  1  2  3  4  5  6  7  8  9  A  B  C  D  E  F  0123456789ABCDEF
02197820  2e 09 08 fa af d9 be 03 10 c0 84 3d 18 01 20 01  ...........=.. .
02197830  28 01 30 00 38 00 40 00 48 00 50 00 58 00 60 00  (.0.8.@.H.P.X.`.
02197840  68 00 70 00 78 00 80 01 00 88 01 00 90 01 00 98  h.p.x...........
02197850  01 00 a0 01 00 a8 01 00 b0 01 00 b8 01 04 c0 01  ................
[>] Decrypt wrapper called — context: 0x171afe9c

[+] ======= BF_cfb64_encrypt call #254 =======
[+] Mode: DECRYPT
[+] Length: 2 bytes
[+] BF_KEY ptr: 0x219946c
[+] IV ptr: 0x2199439
[+] num ptr: 0x2199430 (value: 7)
[+] IV (8 bytes):
           0  1  2  3  4  5  6  7  8  9  A  B  C  D  E  F  0123456789ABCDEF
02199439  0c 99 48 0e c8 98 f9 26                          ..H....&
[+] Input data (first 2 bytes):
           0  1  2  3  4  5  6  7  8  9  A  B  C  D  E  F  0123456789ABCDEF
171afe9c  5c 21                                            \!
[+] Output data after DECRYPT (first 2 bytes):
           0  1  2  3  4  5  6  7  8  9  A  B  C  D  E  F  0123456789ABCDEF
02197820  7a 00                                            z.
[>] Decrypt wrapper called — context: 0x2198022

[+] ======= BF_cfb64_encrypt call #255 =======
[+] Mode: DECRYPT
[+] Length: 128 bytes
[+] BF_KEY ptr: 0x219946c
[+] IV ptr: 0x2199439
[+] num ptr: 0x2199430 (value: 1)
[+] IV (8 bytes):
           0  1  2  3  4  5  6  7  8  9  A  B  C  D  E  F  0123456789ABCDEF
02199439  21 65 ba 6f c1 ec 77 5d                          !e.o..w]
[+] Input data (first 64 bytes):
           0  1  2  3  4  5  6  7  8  9  A  B  C  D  E  F  0123456789ABCDEF
02198022  4b b3 67 46 62 ae e3 82 f4 86 c7 9d dd 5a f2 8c  K.gFb........Z..
02198032  24 eb 39 e4 c4 64 06 51 fe 4a 50 dd a9 84 e0 d2  $.9..d.Q.JP.....
02198042  94 a0 e2 f4 ed 23 10 fb 85 c0 52 f8 78 e2 6a 34  .....#....R.x.j4
02198052  eb 63 73 c5 b6 3a 3d 9f fd c3 17 e4 cc 57 8e 2d  .cs..:=......W.-
[+] Output data after DECRYPT (first 64 bytes):
           0  1  2  3  4  5  6  7  8  9  A  B  C  D  E  F  0123456789ABCDEF
02197820  2e 09 08 87 8e d9 be 03 10 85 cf cb 01 18 01 20  ............... 
02197830  01 28 01 30 00 38 00 40 00 48 00 50 00 58 00 60  .(.0.8.@.H.P.X.`
02197840  00 68 00 70 00 78 00 80 01 00 88 01 00 90 01 00  .h.p.x..........
02197850  98 01 00 a0 01 00 a8 01 00 b0 01 00 b8 01 01 c0  ................
[>] Decrypt wrapper called — context: 0x171afe9c

[+] ======= BF_cfb64_encrypt call #256 =======
[+] Mode: DECRYPT
[+] Length: 2 bytes
[+] BF_KEY ptr: 0x219946c
[+] IV ptr: 0x2199439
[+] num ptr: 0x2199430 (value: 1)
[+] IV (8 bytes):
           0  1  2  3  4  5  6  7  8  9  A  B  C  D  E  F  0123456789ABCDEF
02199439  69 13 e1 af 4d 1c 78 99                          i...M.x.
[+] Input data (first 2 bytes):
           0  1  2  3  4  5  6  7  8  9  A  B  C  D  E  F  0123456789ABCDEF
171afe9c  69 e1                                            i.
[+] Output data after DECRYPT (first 2 bytes):
           0  1  2  3  4  5  6  7  8  9  A  B  C  D  E  F  0123456789ABCDEF
02197820  7a 00                                            z.
[>] Decrypt wrapper called — context: 0x2198022

[+] ======= BF_cfb64_encrypt call #257 =======
[+] Mode: DECRYPT
[+] Length: 128 bytes
[+] BF_KEY ptr: 0x219946c
[+] IV ptr: 0x2199439
[+] num ptr: 0x2199430 (value: 3)
[+] IV (8 bytes):
           0  1  2  3  4  5  6  7  8  9  A  B  C  D  E  F  0123456789ABCDEF
02199439  69 69 e1 af 4d 1c 78 99                          ii..M.x.
[+] Input data (first 64 bytes):
           0  1  2  3  4  5  6  7  8  9  A  B  C  D  E  F  0123456789ABCDEF
02198022  81 44 14 e1 3b 7e db 9f 2a 11 65 39 d5 c0 0a 52  .D..;~..*.e9...R
02198032  a9 b9 bb 56 58 39 45 17 8b a6 4a 5c d0 43 08 5f  ...VX9E...J\.C._
02198042  86 42 03 59 cd a8 48 1f c9 81 b0 b1 39 e3 ac 61  .B.Y..H.....9..a
02198052  af c5 3c 3c a8 10 d0 5d 75 0b 3d 73 72 1d 1e 6e  ..<<...]u.=sr..n
[+] Output data after DECRYPT (first 64 bytes):
           0  1  2  3  4  5  6  7  8  9  A  B  C  D  E  F  0123456789ABCDEF
02197820  2e 09 08 99 a2 d9 be 03 10 bc b7 cc 01 18 01 20  ............... 
02197830  01 28 01 30 00 38 00 40 00 48 00 50 00 58 00 60  .(.0.8.@.H.P.X.`
02197840  00 68 00 70 00 78 00 80 01 00 88 01 00 90 01 00  .h.p.x..........
02197850  98 01 00 a0 01 00 a8 01 00 b0 01 00 b8 01 02 c0  ................
[>] Decrypt wrapper called — context: 0x171afe9c

[+] ======= BF_cfb64_encrypt call #258 =======
[+] Mode: DECRYPT
[+] Length: 2 bytes
[+] BF_KEY ptr: 0x219946c
[+] IV ptr: 0x2199439
[+] num ptr: 0x2199430 (value: 3)
[+] IV (8 bytes):
           0  1  2  3  4  5  6  7  8  9  A  B  C  D  E  F  0123456789ABCDEF
02199439  28 5b 12 88 6a c4 9b cd                          ([..j...
[+] Input data (first 2 bytes):
           0  1  2  3  4  5  6  7  8  9  A  B  C  D  E  F  0123456789ABCDEF
171afe9c  f3 6a                                            .j
[+] Output data after DECRYPT (first 2 bytes):
           0  1  2  3  4  5  6  7  8  9  A  B  C  D  E  F  0123456789ABCDEF
02197820  7b 00                                            {.
[>] Decrypt wrapper called — context: 0x2198022

[+] ======= BF_cfb64_encrypt call #259 =======
[+] Mode: DECRYPT
[+] Length: 129 bytes
[+] BF_KEY ptr: 0x219946c
[+] IV ptr: 0x2199439
[+] num ptr: 0x2199430 (value: 5)
[+] IV (8 bytes):
           0  1  2  3  4  5  6  7  8  9  A  B  C  D  E  F  0123456789ABCDEF
02199439  28 5b 12 f3 6a c4 9b cd                          ([..j...
[+] Input data (first 64 bytes):
           0  1  2  3  4  5  6  7  8  9  A  B  C  D  E  F  0123456789ABCDEF
02198022  ea 92 c5 2b 4b eb fc c8 43 5a 9f cd 1e 49 89 eb  ...+K...CZ...I..
02198032  ae fb c9 7b 71 36 f5 7b 3b 3d db 74 8f 16 ff 90  ...{q6.{;=.t....
02198042  74 7a c0 79 39 16 7f 4d 11 af e6 35 1f 06 9f d3  tz.y9..M...5....
02198052  e7 4f 15 2a 3d a0 f8 3c f9 9e 98 3b cf f9 3d 49  .O.*=..<...;..=I
[+] Output data after DECRYPT (first 64 bytes):
           0  1  2  3  4  5  6  7  8  9  A  B  C  D  E  F  0123456789ABCDEF
02197820  2e 09 08 fc af d9 be 03 10 ed 9e 22 18 bf 0c 20  ..........."... 
02197830  bf 0c 28 01 30 00 38 00 40 00 48 00 50 00 58 00  ..(.0.8.@.H.P.X.
02197840  60 00 68 00 70 00 78 00 80 01 00 88 01 00 90 01  `.h.p.x.........
02197850  00 98 01 00 a0 01 00 a8 01 00 b0 01 00 b8 01 01  ................
[>] Decrypt wrapper called — context: 0x171afe9c

[+] ======= BF_cfb64_encrypt call #260 =======
[+] Mode: DECRYPT
[+] Length: 2 bytes
[+] BF_KEY ptr: 0x219946c
[+] IV ptr: 0x2199439
[+] num ptr: 0x2199430 (value: 6)
[+] IV (8 bytes):
           0  1  2  3  4  5  6  7  8  9  A  B  C  D  E  F  0123456789ABCDEF
02199439  00 30 d9 c1 46 2e 46 5d                          .0..F.F]
[+] Input data (first 2 bytes):
           0  1  2  3  4  5  6  7  8  9  A  B  C  D  E  F  0123456789ABCDEF
171afe9c  3d 5d                                            =]
[+] Output data after DECRYPT (first 2 bytes):
           0  1  2  3  4  5  6  7  8  9  A  B  C  D  E  F  0123456789ABCDEF
02197820  7b 00                                            {.
[>] Decrypt wrapper called — context: 0x2198022

[+] ======= BF_cfb64_encrypt call #261 =======
[+] Mode: DECRYPT
[+] Length: 129 bytes
[+] BF_KEY ptr: 0x219946c
[+] IV ptr: 0x2199439
[+] num ptr: 0x2199430 (value: 0)
[+] IV (8 bytes):
           0  1  2  3  4  5  6  7  8  9  A  B  C  D  E  F  0123456789ABCDEF
02199439  00 30 d9 c1 46 2e 3d 5d                          .0..F.=]
[+] Input data (first 64 bytes):
           0  1  2  3  4  5  6  7  8  9  A  B  C  D  E  F  0123456789ABCDEF
02198022  3d a9 b1 fa 77 4c bd d7 35 ce ad 16 33 47 1e d5  =...wL..5...3G..
02198032  b3 6f aa 6e 04 4b 09 ef ad b9 32 9d ab 61 da 9e  .o.n.K....2..a..
02198042  60 49 0d f4 13 b7 27 aa 0f 26 a6 46 6b f1 0d ae  `I....'..&.Fk...
02198052  b9 00 35 e7 6a 2f a4 66 68 c7 18 4c 35 77 d4 cc  ..5.j/.fh..L5w..
[+] Output data after DECRYPT (first 64 bytes):
           0  1  2  3  4  5  6  7  8  9  A  B  C  D  E  F  0123456789ABCDEF
02197820  2e 09 08 93 a7 d9 be 03 10 80 94 09 18 bf 0c 20  ............... 
02197830  bf 0c 28 01 30 00 38 00 40 00 48 00 50 00 58 00  ..(.0.8.@.H.P.X.
02197840  60 00 68 00 70 00 78 03 80 01 00 88 01 00 90 01  `.h.p.x.........
02197850  00 98 01 00 a0 01 00 a8 01 00 b0 01 00 b8 01 01  ................
[>] Decrypt wrapper called — context: 0x171afe9c

[+] ======= BF_cfb64_encrypt call #262 =======
[+] Mode: DECRYPT
[+] Length: 2 bytes
[+] BF_KEY ptr: 0x219946c
[+] IV ptr: 0x2199439
[+] num ptr: 0x2199430 (value: 1)
[+] IV (8 bytes):
           0  1  2  3  4  5  6  7  8  9  A  B  C  D  E  F  0123456789ABCDEF
02199439  de 3c 3f 39 cb 81 70 8b                          .<?9..p.
[+] Input data (first 2 bytes):
           0  1  2  3  4  5  6  7  8  9  A  B  C  D  E  F  0123456789ABCDEF
171afe9c  46 3f                                            F?
[+] Output data after DECRYPT (first 2 bytes):
           0  1  2  3  4  5  6  7  8  9  A  B  C  D  E  F  0123456789ABCDEF
02197820  7a 00                                            z.
[>] Decrypt wrapper called — context: 0x2198022

[+] ======= BF_cfb64_encrypt call #263 =======
[+] Mode: DECRYPT
[+] Length: 128 bytes
[+] BF_KEY ptr: 0x219946c
[+] IV ptr: 0x2199439
[+] num ptr: 0x2199430 (value: 3)
[+] IV (8 bytes):
           0  1  2  3  4  5  6  7  8  9  A  B  C  D  E  F  0123456789ABCDEF
02199439  de 46 3f 39 cb 81 70 8b                          .F?9..p.
[+] Input data (first 64 bytes):
           0  1  2  3  4  5  6  7  8  9  A  B  C  D  E  F  0123456789ABCDEF
02198022  17 c2 89 8f 27 7c 48 e4 01 96 8d a8 f7 53 8d 65  ....'|H......S.e
02198032  24 f5 48 af 82 08 ad ed 55 27 5c 11 18 f6 59 23  $.H.....U'\...Y#
02198042  f5 66 e5 94 0e 12 92 89 bf 90 24 11 c1 54 1c d0  .f........$..T..
02198052  b3 d7 92 6b cb 52 fd b4 5f 8f de bc 39 35 ab cd  ...k.R.._...95..
[+] Output data after DECRYPT (first 64 bytes):
           0  1  2  3  4  5  6  7  8  9  A  B  C  D  E  F  0123456789ABCDEF
02197820  2e 09 08 ff ac d9 be 03 10 95 bb cb 01 18 01 20  ............... 
02197830  01 28 01 30 00 38 00 40 00 48 00 50 00 58 00 60  .(.0.8.@.H.P.X.`
02197840  00 68 00 70 00 78 00 80 01 00 88 01 00 90 01 00  .h.p.x..........
02197850  98 01 00 a0 01 00 a8 01 00 b0 01 00 b8 01 01 c0  ................
[>] Decrypt wrapper called — context: 0x171afe9c

[+] ======= BF_cfb64_encrypt call #264 =======
[+] Mode: DECRYPT
[+] Length: 2 bytes
[+] BF_KEY ptr: 0x219946c
[+] IV ptr: 0x2199439
[+] num ptr: 0x2199430 (value: 3)
[+] IV (8 bytes):
           0  1  2  3  4  5  6  7  8  9  A  B  C  D  E  F  0123456789ABCDEF
02199439  35 89 62 d1 2b a0 63 c7                          5.b.+.c.
[+] Input data (first 2 bytes):
           0  1  2  3  4  5  6  7  8  9  A  B  C  D  E  F  0123456789ABCDEF
171afe9c  ab 2b                                            .+
[+] Output data after DECRYPT (first 2 bytes):
           0  1  2  3  4  5  6  7  8  9  A  B  C  D  E  F  0123456789ABCDEF
02197820  7a 00                                            z.
[>] Decrypt wrapper called — context: 0x2198022

[+] ======= BF_cfb64_encrypt call #265 =======
[+] Mode: DECRYPT
[+] Length: 128 bytes
[+] BF_KEY ptr: 0x219946c
[+] IV ptr: 0x2199439
[+] num ptr: 0x2199430 (value: 5)
[+] IV (8 bytes):
           0  1  2  3  4  5  6  7  8  9  A  B  C  D  E  F  0123456789ABCDEF
02199439  35 89 62 ab 2b a0 63 c7                          5.b.+.c.
[+] Input data (first 64 bytes):
           0  1  2  3  4  5  6  7  8  9  A  B  C  D  E  F  0123456789ABCDEF
02198022  8e 6a cf 27 fe bc 61 bc 9b 18 86 ce 78 5a b2 bd  .j.'..a.....xZ..
02198032  ff e4 64 66 4b 73 9f f8 1b 3b fc 18 a7 2a a1 88  ..dfKs...;...*..
02198042  61 04 12 ab 7b 62 1e 87 84 f2 96 b0 76 da 0c fb  a...{b......v...
02198052  03 03 07 ba 3f 36 d4 47 cb 8c 38 d3 6e 08 a7 d1  ....?6.G..8.n...
[+] Output data after DECRYPT (first 64 bytes):
           0  1  2  3  4  5  6  7  8  9  A  B  C  D  E  F  0123456789ABCDEF
02197820  2e 09 08 fb af d9 be 03 10 e6 91 b7 01 18 01 20  ............... 
02197830  01 28 01 30 00 38 00 40 00 48 00 50 00 58 00 60  .(.0.8.@.H.P.X.`
02197840  00 68 00 70 00 78 00 80 01 00 88 01 00 90 01 00  .h.p.x..........
02197850  98 01 00 a0 01 00 a8 01 00 b0 01 00 b8 01 01 c0  ................
[>] Decrypt wrapper called — context: 0x171afe9c

[+] ======= BF_cfb64_encrypt call #266 =======
[+] Mode: DECRYPT
[+] Length: 2 bytes
[+] BF_KEY ptr: 0x219946c
[+] IV ptr: 0x2199439
[+] num ptr: 0x2199430 (value: 5)
[+] IV (8 bytes):
           0  1  2  3  4  5  6  7  8  9  A  B  C  D  E  F  0123456789ABCDEF
02199439  bc ac 75 67 30 a8 ed 09                          ..ug0...
[+] Input data (first 2 bytes):
           0  1  2  3  4  5  6  7  8  9  A  B  C  D  E  F  0123456789ABCDEF
171afe9c  ea ed                                            ..
[+] Output data after DECRYPT (first 2 bytes):
           0  1  2  3  4  5  6  7  8  9  A  B  C  D  E  F  0123456789ABCDEF
02197820  42 00                                            B.
[>] Decrypt wrapper called — context: 0x2198022

[+] ======= BF_cfb64_encrypt call #267 =======
[+] Mode: DECRYPT
[+] Length: 72 bytes
[+] BF_KEY ptr: 0x219946c
[+] IV ptr: 0x2199439
[+] num ptr: 0x2199430 (value: 7)
[+] IV (8 bytes):
           0  1  2  3  4  5  6  7  8  9  A  B  C  D  E  F  0123456789ABCDEF
02199439  bc ac 75 67 30 ea ed 09                          ..ug0...
[+] Input data (first 64 bytes):
           0  1  2  3  4  5  6  7  8  9  A  B  C  D  E  F  0123456789ABCDEF
02198022  72 4c ad fa b3 70 6f e4 6c 51 ab 3e a6 76 a0 07  rL...po.lQ.>.v..
02198032  82 38 46 7e 62 29 e9 b3 55 97 df 90 e6 51 00 f3  .8F~b)..U....Q..
02198042  2a 27 23 4b cf 92 84 c7 aa 52 f2 f0 4c f2 02 86  *'#K.....R..L...
02198052  d8 e5 32 11 51 a6 e2 b5 a9 81 fc a8 38 20 09 b0  ..2.Q.......8 ..
[+] Output data after DECRYPT (first 64 bytes):
           0  1  2  3  4  5  6  7  8  9  A  B  C  D  E  F  0123456789ABCDEF
02197820  7b 09 18 00 30 2e 40 00 58 00 60 b3 ca d4 be 03  {...0.@.X.`.....
02197830  68 f9 af d9 be 03 70 f7 af d9 be 03 78 00 80 01  h.....p.....x...
02197840  f8 af d9 be 03 88 01 00 90 01 00 98 01 00 a0 01  ................
02197850  00 a8 01 00 b0 01 00 b8 01 00 c0 01 00 c8 01 00  ................
[>] Decrypt wrapper called — context: 0x171afe9c

[+] ======= BF_cfb64_encrypt call #268 =======
[+] Mode: DECRYPT
[+] Length: 2 bytes
[+] BF_KEY ptr: 0x219946c
[+] IV ptr: 0x2199439
[+] num ptr: 0x2199430 (value: 7)
[+] IV (8 bytes):
           0  1  2  3  4  5  6  7  8  9  A  B  C  D  E  F  0123456789ABCDEF
02199439  f0 29 03 5c c6 58 6d d1                          .).\.Xm.
[+] Input data (first 2 bytes):
           0  1  2  3  4  5  6  7  8  9  A  B  C  D  E  F  0123456789ABCDEF
171afe9c  c6 c9                                            ..
[+] Output data after DECRYPT (first 2 bytes):
           0  1  2  3  4  5  6  7  8  9  A  B  C  D  E  F  0123456789ABCDEF
02197820  17 00                                            ..
[>] Decrypt wrapper called — context: 0x2198022

[+] ======= BF_cfb64_encrypt call #269 =======
[+] Mode: DECRYPT
[+] Length: 29 bytes
[+] BF_KEY ptr: 0x219946c
[+] IV ptr: 0x2199439
[+] num ptr: 0x2199430 (value: 1)
[+] IV (8 bytes):
           0  1  2  3  4  5  6  7  8  9  A  B  C  D  E  F  0123456789ABCDEF
02199439  c9 79 a3 8d 5d 29 bb 98                          .y..])..
[+] Input data (first 29 bytes):
           0  1  2  3  4  5  6  7  8  9  A  B  C  D  E  F  0123456789ABCDEF
02198022  02 aa 85 5d 39 bb a8 e7 4f 28 81 f1 4c 55 93 a8  ...]9...O(..LU..
02198032  94 d2 1f 71 17 de 65 ce 1f 2e 87 8f 90           ...q..e......
[+] Output data after DECRYPT (first 29 bytes):
           0  1  2  3  4  5  6  7  8  9  A  B  C  D  E  F  0123456789ABCDEF
02197820  7b 09 08 00 10 00 30 55 40 00 48 01 b8 01 00 c0  {.....0U@.H.....
02197830  01 00 c8 01 00 54 51 53 65 72 76 65 72           .....TQServer
[>] Decrypt wrapper called — context: 0x171afe9c

[+] ======= BF_cfb64_encrypt call #270 =======
[+] Mode: DECRYPT
[+] Length: 2 bytes
[+] BF_KEY ptr: 0x219946c
[+] IV ptr: 0x2199439
[+] num ptr: 0x2199430 (value: 6)
[+] IV (8 bytes):
           0  1  2  3  4  5  6  7  8  9  A  B  C  D  E  F  0123456789ABCDEF
02199439  ce 1f 2e 87 8f 90 ea 2b                          .......+
[+] Input data (first 2 bytes):
           0  1  2  3  4  5  6  7  8  9  A  B  C  D  E  F  0123456789ABCDEF
171afe9c  e2 2b                                            .+
[+] Output data after DECRYPT (first 2 bytes):
           0  1  2  3  4  5  6  7  8  9  A  B  C  D  E  F  0123456789ABCDEF
02197820  08 00                                            ..
[>] Decrypt wrapper called — context: 0x2198022

[+] ======= BF_cfb64_encrypt call #271 =======
[+] Mode: DECRYPT
[+] Length: 14 bytes
[+] BF_KEY ptr: 0x219946c
[+] IV ptr: 0x2199439
[+] num ptr: 0x2199430 (value: 0)
[+] IV (8 bytes):
           0  1  2  3  4  5  6  7  8  9  A  B  C  D  E  F  0123456789ABCDEF
02199439  ce 1f 2e 87 8f 90 e2 2b                          .......+
[+] Input data (first 14 bytes):
           0  1  2  3  4  5  6  7  8  9  A  B  C  D  E  F  0123456789ABCDEF
02198022  ab 93 0c a5 ec 85 91 ec 6a 16 f1 86 31 15        ........j...1.
[+] Output data after DECRYPT (first 14 bytes):
           0  1  2  3  4  5  6  7  8  9  A  B  C  D  E  F  0123456789ABCDEF
02197820  b9 08 08 00 20 00 54 51 53 65 72 76 65 72        .... .TQServer
[>] Decrypt wrapper called — context: 0x171afe9c

[+] ======= BF_cfb64_encrypt call #272 =======
[+] Mode: DECRYPT
[+] Length: 2 bytes
[+] BF_KEY ptr: 0x219946c
[+] IV ptr: 0x2199439
[+] num ptr: 0x2199430 (value: 6)
[+] IV (8 bytes):
           0  1  2  3  4  5  6  7  8  9  A  B  C  D  E  F  0123456789ABCDEF
02199439  6a 16 f1 86 31 15 79 d9                          j...1.y.
[+] Input data (first 2 bytes):
           0  1  2  3  4  5  6  7  8  9  A  B  C  D  E  F  0123456789ABCDEF
171afe9c  69 d9                                            i.
[+] Output data after DECRYPT (first 2 bytes):
           0  1  2  3  4  5  6  7  8  9  A  B  C  D  E  F  0123456789ABCDEF
02197820  10 00                                            ..
[>] Decrypt wrapper called — context: 0x2198022

[+] ======= BF_cfb64_encrypt call #273 =======
[+] Mode: DECRYPT
[+] Length: 22 bytes
[+] BF_KEY ptr: 0x219946c
[+] IV ptr: 0x2199439
[+] num ptr: 0x2199430 (value: 0)
[+] IV (8 bytes):
           0  1  2  3  4  5  6  7  8  9  A  B  C  D  E  F  0123456789ABCDEF
02199439  6a 16 f1 86 31 15 69 d9                          j...1.i.
[+] Input data (first 22 bytes):
           0  1  2  3  4  5  6  7  8  9  A  B  C  D  E  F  0123456789ABCDEF
02198022  9e f9 25 1f b6 93 a0 dc ac b6 55 27 3b 67 63 5b  ..%.......U';gc[
02198032  ee 0b b2 bf ed 31                                .....1
[+] Output data after DECRYPT (first 22 bytes):
           0  1  2  3  4  5  6  7  8  9  A  B  C  D  E  F  0123456789ABCDEF
02197820  02 09 fa 35 4b 00 04 00 00 00 00 00 00 00 54 51  ...5K.........TQ
02197830  53 65 72 76 65 72                                Server
[>] Decrypt wrapper called — context: 0x171afe9c

[+] ======= BF_cfb64_encrypt call #274 =======
[+] Mode: DECRYPT
[+] Length: 2 bytes
[+] BF_KEY ptr: 0x219946c
[+] IV ptr: 0x2199439
[+] num ptr: 0x2199430 (value: 6)
[+] IV (8 bytes):
           0  1  2  3  4  5  6  7  8  9  A  B  C  D  E  F  0123456789ABCDEF
02199439  ee 0b b2 bf ed 31 5a 2e                          .....1Z.
[+] Input data (first 2 bytes):
           0  1  2  3  4  5  6  7  8  9  A  B  C  D  E  F  0123456789ABCDEF
171afe9c  57 2e                                            W.
[+] Output data after DECRYPT (first 2 bytes):
           0  1  2  3  4  5  6  7  8  9  A  B  C  D  E  F  0123456789ABCDEF
02197820  0d 00                                            ..
[>] Decrypt wrapper called — context: 0x2198022

[+] ======= BF_cfb64_encrypt call #275 =======
[+] Mode: DECRYPT
[+] Length: 19 bytes
[+] BF_KEY ptr: 0x219946c
[+] IV ptr: 0x2199439
[+] num ptr: 0x2199430 (value: 0)
[+] IV (8 bytes):
           0  1  2  3  4  5  6  7  8  9  A  B  C  D  E  F  0123456789ABCDEF
02199439  ee 0b b2 bf ed 31 57 2e                          .....1W.
[+] Input data (first 19 bytes):
           0  1  2  3  4  5  6  7  8  9  A  B  C  D  E  F  0123456789ABCDEF
02198022  24 e5 f2 10 dd 91 14 9c 3b aa 04 d9 7f 6e 52 2f  $.......;....nR/
02198032  54 f9 d5                                         T..
[+] Output data after DECRYPT (first 19 bytes):
           0  1  2  3  4  5  6  7  8  9  A  B  C  D  E  F  0123456789ABCDEF
02197820  3a 09 08 fa eb ac 02 10 09 18 00 54 51 53 65 72  :..........TQSer
02197830  76 65 72                                         ver
[>] Decrypt wrapper called — context: 0x171afe9c

[+] ======= BF_cfb64_encrypt call #276 =======
[+] Mode: DECRYPT
[+] Length: 2 bytes
[+] BF_KEY ptr: 0x219946c
[+] IV ptr: 0x2199439
[+] num ptr: 0x2199430 (value: 3)
[+] IV (8 bytes):
           0  1  2  3  4  5  6  7  8  9  A  B  C  D  E  F  0123456789ABCDEF
02199439  54 f9 d5 a3 a9 52 d5 2e                          T....R..
[+] Input data (first 2 bytes):
           0  1  2  3  4  5  6  7  8  9  A  B  C  D  E  F  0123456789ABCDEF
171afe9c  81 a9                                            ..
[+] Output data after DECRYPT (first 2 bytes):
           0  1  2  3  4  5  6  7  8  9  A  B  C  D  E  F  0123456789ABCDEF
02197820  22 00                                            ".
[>] Decrypt wrapper called — context: 0x2198022

[+] ======= BF_cfb64_encrypt call #277 =======
[+] Mode: DECRYPT
[+] Length: 40 bytes
[+] BF_KEY ptr: 0x219946c
[+] IV ptr: 0x2199439
[+] num ptr: 0x2199430 (value: 5)
[+] IV (8 bytes):
           0  1  2  3  4  5  6  7  8  9  A  B  C  D  E  F  0123456789ABCDEF
02199439  54 f9 d5 81 a9 52 d5 2e                          T....R..
[+] Input data (first 40 bytes):
           0  1  2  3  4  5  6  7  8  9  A  B  C  D  E  F  0123456789ABCDEF
02198022  61 dd 26 32 a0 f4 92 c4 8d d8 dc 59 02 3c 3d 70  a.&2.......Y.<=p
02198032  90 a5 24 a1 04 a7 57 6d 96 88 9c d2 0f 21 30 70  ..$...Wm.....!0p
02198042  ca ce ff 90 a9 8e c2 b7                          ........
[+] Output data after DECRYPT (first 40 bytes):
           0  1  2  3  4  5  6  7  8  9  A  B  C  D  E  F  0123456789ABCDEF
02197820  33 08 08 fa eb ac 02 18 00 48 9e 95 d4 e0 01 60  3........H.....`
02197830  4b 68 00 70 00 78 00 98 01 00 b0 01 00 c2 01 00  Kh.p.x..........
02197840  54 51 53 65 72 76 65 72                          TQServer
[>] Encrypt wrapper called — context: 0x2198820

[+] ======= BF_cfb64_encrypt call #278 =======
[+] Mode: ENCRYPT
[+] Length: 349 bytes
[+] BF_KEY ptr: 0x219946c
[+] IV ptr: 0x2199441
[+] num ptr: 0x2199434 (value: 4)
[+] IV (8 bytes):
           0  1  2  3  4  5  6  7  8  9  A  B  C  D  E  F  0123456789ABCDEF
02199441  fa 4b ce d5 2e 1e 83 ca                          .K......
[+] Input data (first 64 bytes):
           0  1  2  3  4  5  6  7  8  9  A  B  C  D  E  F  0123456789ABCDEF
02198820  5d 01 42 09 52 01 00 00 76 5d 01 e2 7a 3e fd f0  ].B.R...v]..z>..
02198830  5f 38 36 98 84 5e 35 07 e9 94 09 38 13 b9 83 68  _86..^5....8...h
02198840  32 7d bd 99 03 6a 2a 97 a2 05 10 bb a3 a6 0d 37  2}...j*........7
02198850  81 fe e9 45 53 cd bc 87 3d 0e f9 f9 a0 3b 1c e7  ...ES...=....;..
[+] Output data after ENCRYPT (first 64 bytes):
           0  1  2  3  4  5  6  7  8  9  A  B  C  D  E  F  0123456789ABCDEF
02197820  73 1f c1 c3 09 a9 15 8e 8a 35 63 a7 bc 36 60 3a  s........5c..6`:
02197830  80 9c 2c fb 54 02 13 71 31 00 55 e4 fe 61 82 bd  ..,.T..q1.U..a..
02197840  33 75 24 74 5f d4 b3 d7 25 e0 7b 5a 69 cc 23 ce  3u$t_...%.{Zi.#.
02197850  44 03 87 e7 51 cd 06 d3 62 c0 7c 1b bf a7 82 1b  D...Q...b.|.....
[>] Encrypt wrapper called — context: 0x16f83f8

[+] ======= BF_cfb64_encrypt call #279 =======
[+] Mode: ENCRYPT
[+] Length: 8 bytes
[+] BF_KEY ptr: 0x219946c
[+] IV ptr: 0x2199441
[+] num ptr: 0x2199434 (value: 1)
[+] IV (8 bytes):
           0  1  2  3  4  5  6  7  8  9  A  B  C  D  E  F  0123456789ABCDEF
02199441  86 d3 8a ae 8d fe af 6e                          .......n
[+] Input data (first 8 bytes):
           0  1  2  3  4  5  6  7  8  9  A  B  C  D  E  F  0123456789ABCDEF
016f83f8  54 51 43 6c 69 65 6e 74                          TQClient
[+] Output data after ENCRYPT (first 8 bytes):
           0  1  2  3  4  5  6  7  8  9  A  B  C  D  E  F  0123456789ABCDEF
02197820  87 db ed e1 97 ca 00 d0                          ........
[>] Decrypt wrapper called — context: 0x171afe9c

[+] ======= BF_cfb64_encrypt call #280 =======
[+] Mode: DECRYPT
[+] Length: 2 bytes
[+] BF_KEY ptr: 0x219946c
[+] IV ptr: 0x2199439
[+] num ptr: 0x2199430 (value: 5)
[+] IV (8 bytes):
           0  1  2  3  4  5  6  7  8  9  A  B  C  D  E  F  0123456789ABCDEF
02199439  90 a9 8e c2 b7 fa 45 ec                          ......E.
[+] Input data (first 2 bytes):
           0  1  2  3  4  5  6  7  8  9  A  B  C  D  E  F  0123456789ABCDEF
171afe9c  d2 45                                            .E
[+] Output data after DECRYPT (first 2 bytes):
           0  1  2  3  4  5  6  7  8  9  A  B  C  D  E  F  0123456789ABCDEF
02197820  28 00                                            (.
[>] Decrypt wrapper called — context: 0x2198022

[+] ======= BF_cfb64_encrypt call #281 =======
[+] Mode: DECRYPT
[+] Length: 46 bytes
[+] BF_KEY ptr: 0x219946c
[+] IV ptr: 0x2199439
[+] num ptr: 0x2199430 (value: 7)
[+] IV (8 bytes):
           0  1  2  3  4  5  6  7  8  9  A  B  C  D  E  F  0123456789ABCDEF
02199439  90 a9 8e c2 b7 d2 45 ec                          ......E.
[+] Input data (first 46 bytes):
           0  1  2  3  4  5  6  7  8  9  A  B  C  D  E  F  0123456789ABCDEF
02198022  cf 7d 96 e3 b4 55 f8 e1 ed 04 03 fb f6 5e 0f 17  .}...U.......^..
02198032  ac ae d4 1c 78 23 97 f6 ce 59 78 36 48 96 2b 60  ....x#...Yx6H.+`
02198042  15 84 ce f0 f0 83 a0 de 58 66 8f ef 41 89        ........Xf..A.
[+] Output data after DECRYPT (first 46 bytes):
           0  1  2  3  4  5  6  7  8  9  A  B  C  D  E  F  0123456789ABCDEF
02197820  23 09 00 00 01 00 da 88 00 00 00 00 00 00 fa 35  #..............5
02197830  4b 00 02 00 00 00 00 00 00 00 00 00 00 00 00 00  K...............
02197840  00 00 ba 66 c9 69 54 51 53 65 72 76 65 72        ...f.iTQServer
[>] Encrypt wrapper called — context: 0x2198820

[+] ======= BF_cfb64_encrypt call #282 =======
[+] Mode: ENCRYPT
[+] Length: 27 bytes
[+] BF_KEY ptr: 0x219946c
[+] IV ptr: 0x2199441
[+] num ptr: 0x2199434 (value: 1)
[+] IV (8 bytes):
           0  1  2  3  4  5  6  7  8  9  A  B  C  D  E  F  0123456789ABCDEF
02199441  d0 ee 0c 5b 06 54 34 9c                          ...[.T4.
[+] Input data (first 27 bytes):
           0  1  2  3  4  5  6  7  8  9  A  B  C  D  E  F  0123456789ABCDEF
02198820  1b 00 33 08 08 fa eb ac 02 18 00 48 a2 d3 9c a3  ..3........H....
02198830  04 50 00 60 4c 68 00 70 00 78 00                 .P.`Lh.p.x.
[+] Output data after ENCRYPT (first 27 bytes):
           0  1  2  3  4  5  6  7  8  9  A  B  C  D  E  F  0123456789ABCDEF
02197820  f5 0c 68 0e 5c ce 77 48 3d 5b d7 5d 21 d0 a1 96  ..h.\.wH=[.]!...
02197830  59 7f 01 2a 55 09 eb 92 94 28 7a                 Y..*U....(z
[>] Encrypt wrapper called — context: 0x16f83f8

[+] ======= BF_cfb64_encrypt call #283 =======
[+] Mode: ENCRYPT
[+] Length: 8 bytes
[+] BF_KEY ptr: 0x219946c
[+] IV ptr: 0x2199441
[+] num ptr: 0x2199434 (value: 4)
[+] IV (8 bytes):
           0  1  2  3  4  5  6  7  8  9  A  B  C  D  E  F  0123456789ABCDEF
02199441  92 94 28 7a b8 72 12 e3                          ..(z.r..
[+] Input data (first 8 bytes):
           0  1  2  3  4  5  6  7  8  9  A  B  C  D  E  F  0123456789ABCDEF
016f83f8  54 51 43 6c 69 65 6e 74                          TQClient
[+] Output data after ENCRYPT (first 8 bytes):
           0  1  2  3  4  5  6  7  8  9  A  B  C  D  E  F  0123456789ABCDEF
02197820  ec 23 51 8f 24 6c ca 8a                          .#Q.$l..
[>] Decrypt wrapper called — context: 0x171afe9c

[+] ======= BF_cfb64_encrypt call #284 =======
[+] Mode: DECRYPT
[+] Length: 2 bytes
[+] BF_KEY ptr: 0x219946c
[+] IV ptr: 0x2199439
[+] num ptr: 0x2199430 (value: 5)
[+] IV (8 bytes):
           0  1  2  3  4  5  6  7  8  9  A  B  C  D  E  F  0123456789ABCDEF
02199439  66 8f ef 41 89 4e 27 79                          f..A.N'y
[+] Input data (first 2 bytes):
           0  1  2  3  4  5  6  7  8  9  A  B  C  D  E  F  0123456789ABCDEF
171afe9c  47 27                                            G'
[+] Output data after DECRYPT (first 2 bytes):
           0  1  2  3  4  5  6  7  8  9  A  B  C  D  E  F  0123456789ABCDEF
02197820  09 00                                            ..
[>] Decrypt wrapper called — context: 0x2198022

[+] ======= BF_cfb64_encrypt call #285 =======
[+] Mode: DECRYPT
[+] Length: 15 bytes
[+] BF_KEY ptr: 0x219946c
[+] IV ptr: 0x2199439
[+] num ptr: 0x2199430 (value: 7)
[+] IV (8 bytes):
           0  1  2  3  4  5  6  7  8  9  A  B  C  D  E  F  0123456789ABCDEF
02199439  66 8f ef 41 89 47 27 79                          f..A.G'y
[+] Input data (first 15 bytes):
           0  1  2  3  4  5  6  7  8  9  A  B  C  D  E  F  0123456789ABCDEF
02198022  1e 58 a5 e5 b0 39 aa bf 86 76 22 96 5e c5 d3     .X...9...v".^..
[+] Output data after DECRYPT (first 15 bytes):
           0  1  2  3  4  5  6  7  8  9  A  B  C  D  E  F  0123456789ABCDEF
02197820  67 08 08 00 10 8f 02 54 51 53 65 72 76 65 72     g......TQServer
[>] Encrypt wrapper called — context: 0x2198820

[+] ======= BF_cfb64_encrypt call #286 =======
[+] Mode: ENCRYPT
[+] Length: 6 bytes
[+] BF_KEY ptr: 0x219946c
[+] IV ptr: 0x2199441
[+] num ptr: 0x2199434 (value: 4)
[+] IV (8 bytes):
           0  1  2  3  4  5  6  7  8  9  A  B  C  D  E  F  0123456789ABCDEF
02199441  24 6c ca 8a 95 ec b0 e7                          $l......
[+] Input data (first 6 bytes):
           0  1  2  3  4  5  6  7  8  9  A  B  C  D  E  F  0123456789ABCDEF
02198820  06 00 17 08 08 01                                ......
[+] Output data after ENCRYPT (first 6 bytes):
           0  1  2  3  4  5  6  7  8  9  A  B  C  D  E  F  0123456789ABCDEF
02197820  93 ec a7 ef be 4a                                .....J
[>] Encrypt wrapper called — context: 0x16f83f8

[+] ======= BF_cfb64_encrypt call #287 =======
[+] Mode: ENCRYPT
[+] Length: 8 bytes
[+] BF_KEY ptr: 0x219946c
[+] IV ptr: 0x2199441
[+] num ptr: 0x2199434 (value: 2)
[+] IV (8 bytes):
           0  1  2  3  4  5  6  7  8  9  A  B  C  D  E  F  0123456789ABCDEF
02199441  be 4a c5 e0 e9 31 a8 d2                          .J...1..
[+] Input data (first 8 bytes):
           0  1  2  3  4  5  6  7  8  9  A  B  C  D  E  F  0123456789ABCDEF
016f83f8  54 51 43 6c 69 65 6e 74                          TQClient
[+] Output data after ENCRYPT (first 8 bytes):
           0  1  2  3  4  5  6  7  8  9  A  B  C  D  E  F  0123456789ABCDEF
02197820  91 b1 aa 5d c1 b7 b2 f7                          ...]....
[>] Encrypt wrapper called — context: 0x2198820

[+] ======= BF_cfb64_encrypt call #288 =======
[+] Mode: ENCRYPT
[+] Length: 6 bytes
[+] BF_KEY ptr: 0x219946c
[+] IV ptr: 0x2199441
[+] num ptr: 0x2199434 (value: 2)
[+] IV (8 bytes):
           0  1  2  3  4  5  6  7  8  9  A  B  C  D  E  F  0123456789ABCDEF
02199441  b2 f7 fe 6c eb b5 37 78                          ...l..7x
[+] Input data (first 6 bytes):
           0  1  2  3  4  5  6  7  8  9  A  B  C  D  E  F  0123456789ABCDEF
02198820  06 00 17 08 08 00                                ......
[+] Output data after ENCRYPT (first 6 bytes):
           0  1  2  3  4  5  6  7  8  9  A  B  C  D  E  F  0123456789ABCDEF
02197820  f8 6c fc bd 3f 78                                .l..?x
[>] Encrypt wrapper called — context: 0x16f83f8

[+] ======= BF_cfb64_encrypt call #289 =======
[+] Mode: ENCRYPT
[+] Length: 8 bytes
[+] BF_KEY ptr: 0x219946c
[+] IV ptr: 0x2199441
[+] num ptr: 0x2199434 (value: 0)
[+] IV (8 bytes):
           0  1  2  3  4  5  6  7  8  9  A  B  C  D  E  F  0123456789ABCDEF
02199441  b2 f7 f8 6c fc bd 3f 78                          ...l..?x
[+] Input data (first 8 bytes):
           0  1  2  3  4  5  6  7  8  9  A  B  C  D  E  F  0123456789ABCDEF
016f83f8  54 51 43 6c 69 65 6e 74                          TQClient
[+] Output data after ENCRYPT (first 8 bytes):
           0  1  2  3  4  5  6  7  8  9  A  B  C  D  E  F  0123456789ABCDEF
02197820  34 60 ca 27 86 6b 52 7a                          4`.'.kRz
[>] Decrypt wrapper called — context: 0x171afe9c

[+] ======= BF_cfb64_encrypt call #290 =======
[+] Mode: DECRYPT
[+] Length: 2 bytes
[+] BF_KEY ptr: 0x219946c
[+] IV ptr: 0x2199439
[+] num ptr: 0x2199430 (value: 6)
[+] IV (8 bytes):
           0  1  2  3  4  5  6  7  8  9  A  B  C  D  E  F  0123456789ABCDEF
02199439  76 22 96 5e c5 d3 68 b5                          v".^..h.
[+] Input data (first 2 bytes):
           0  1  2  3  4  5  6  7  8  9  A  B  C  D  E  F  0123456789ABCDEF
171afe9c  71 b5                                            q.
[+] Output data after DECRYPT (first 2 bytes):
           0  1  2  3  4  5  6  7  8  9  A  B  C  D  E  F  0123456789ABCDEF
02197820  19 00                                            ..
[>] Decrypt wrapper called — context: 0x2198022

[+] ======= BF_cfb64_encrypt call #291 =======
[+] Mode: DECRYPT
[+] Length: 31 bytes
[+] BF_KEY ptr: 0x219946c
[+] IV ptr: 0x2199439
[+] num ptr: 0x2199430 (value: 0)
[+] IV (8 bytes):
           0  1  2  3  4  5  6  7  8  9  A  B  C  D  E  F  0123456789ABCDEF
02199439  76 22 96 5e c5 d3 71 b5                          v".^..q.
[+] Input data (first 31 bytes):
           0  1  2  3  4  5  6  7  8  9  A  B  C  D  E  F  0123456789ABCDEF
02198022  80 55 ed ae 40 da 7b 8a 9e ef 3c b7 e5 2f 5f 32  .U..@.{...<../_2
02198032  73 8b e4 d9 6c 68 74 7c 30 51 b0 fd 58 e6 da     s...lht|0Q..X..
[+] Output data after DECRYPT (first 31 bytes):
           0  1  2  3  4  5  6  7  8  9  A  B  C  D  E  F  0123456789ABCDEF
02197820  fe 07 08 fa eb ac 02 12 08 08 ff ff ff ff 0f 10  ................
02197830  00 12 04 08 08 10 09 54 51 53 65 72 76 65 72     .......TQServer
[>] Decrypt wrapper called — context: 0x171afe9c

[+] ======= BF_cfb64_encrypt call #292 =======
[+] Mode: DECRYPT
[+] Length: 2 bytes
[+] BF_KEY ptr: 0x219946c
[+] IV ptr: 0x2199439
[+] num ptr: 0x2199430 (value: 7)
[+] IV (8 bytes):
           0  1  2  3  4  5  6  7  8  9  A  B  C  D  E  F  0123456789ABCDEF
02199439  30 51 b0 fd 58 e6 da a0                          0Q..X...
[+] Input data (first 2 bytes):
           0  1  2  3  4  5  6  7  8  9  A  B  C  D  E  F  0123456789ABCDEF
171afe9c  a8 da                                            ..
[+] Output data after DECRYPT (first 2 bytes):
           0  1  2  3  4  5  6  7  8  9  A  B  C  D  E  F  0123456789ABCDEF
02197820  08 00                                            ..
[>] Decrypt wrapper called — context: 0x2198022

[+] ======= BF_cfb64_encrypt call #293 =======
[+] Mode: DECRYPT
[+] Length: 14 bytes
[+] BF_KEY ptr: 0x219946c
[+] IV ptr: 0x2199439
[+] num ptr: 0x2199430 (value: 1)
[+] IV (8 bytes):
           0  1  2  3  4  5  6  7  8  9  A  B  C  D  E  F  0123456789ABCDEF
02199439  da 1b fd 00 0b 27 85 69                          .....'.i
[+] Input data (first 14 bytes):
           0  1  2  3  4  5  6  7  8  9  A  B  C  D  E  F  0123456789ABCDEF
02198022  7c f5 08 0b 37 85 3d d8 cb af 33 fe 14 57        |...7.=...3..W
[+] Output data after DECRYPT (first 14 bytes):
           0  1  2  3  4  5  6  7  8  9  A  B  C  D  E  F  0123456789ABCDEF
02197820  67 08 08 00 10 00 54 51 53 65 72 76 65 72        g.....TQServer
[>] Decrypt wrapper called — context: 0x171afe9c

[+] ======= BF_cfb64_encrypt call #294 =======
[+] Mode: DECRYPT
[+] Length: 2 bytes
[+] BF_KEY ptr: 0x219946c
[+] IV ptr: 0x2199439
[+] num ptr: 0x2199430 (value: 7)
[+] IV (8 bytes):
           0  1  2  3  4  5  6  7  8  9  A  B  C  D  E  F  0123456789ABCDEF
02199439  d8 cb af 33 fe 14 57 ee                          ...3..W.
[+] Input data (first 2 bytes):
           0  1  2  3  4  5  6  7  8  9  A  B  C  D  E  F  0123456789ABCDEF
171afe9c  cc a2                                            ..
[+] Output data after DECRYPT (first 2 bytes):
           0  1  2  3  4  5  6  7  8  9  A  B  C  D  E  F  0123456789ABCDEF
02197820  22 00                                            ".
[>] Decrypt wrapper called — context: 0x2198022

[+] ======= BF_cfb64_encrypt call #295 =======
[+] Mode: DECRYPT
[+] Length: 40 bytes
[+] BF_KEY ptr: 0x219946c
[+] IV ptr: 0x2199439
[+] num ptr: 0x2199430 (value: 1)
[+] IV (8 bytes):
           0  1  2  3  4  5  6  7  8  9  A  B  C  D  E  F  0123456789ABCDEF
02199439  a2 37 60 bc 5a 5c 26 fa                          .7`.Z\&.
[+] Input data (first 40 bytes):
           0  1  2  3  4  5  6  7  8  9  A  B  C  D  E  F  0123456789ABCDEF
02198022  04 68 b4 a0 b7 8a f8 ec b6 c2 01 94 a7 9e 61 87  .h............a.
02198032  de 98 d5 76 68 60 ef c0 c5 53 ff e9 c6 a2 ea c4  ...vh`...S......
02198042  b4 1c ef fc fd 50 78 ca                          .....Px.
[+] Output data after DECRYPT (first 40 bytes):
           0  1  2  3  4  5  6  7  8  9  A  B  C  D  E  F  0123456789ABCDEF
02197820  33 08 08 fa eb ac 02 18 00 48 b2 99 d4 e0 01 60  3........H.....`
02197830  4c 68 00 70 00 78 00 98 01 00 b0 01 00 c2 01 00  Lh.p.x..........
02197840  54 51 53 65 72 76 65 72                          TQServer
[>] Decrypt wrapper called — context: 0x171afe9c

[+] ======= BF_cfb64_encrypt call #296 =======
[+] Mode: DECRYPT
[+] Length: 2 bytes
[+] BF_KEY ptr: 0x219946c
[+] IV ptr: 0x2199439
[+] num ptr: 0x2199430 (value: 1)
[+] IV (8 bytes):
           0  1  2  3  4  5  6  7  8  9  A  B  C  D  E  F  0123456789ABCDEF
02199439  ca d4 58 0b 6d ab b8 2e                          ..X.m...
[+] Input data (first 2 bytes):
           0  1  2  3  4  5  6  7  8  9  A  B  C  D  E  F  0123456789ABCDEF
171afe9c  5c 58                                            \X
[+] Output data after DECRYPT (first 2 bytes):
           0  1  2  3  4  5  6  7  8  9  A  B  C  D  E  F  0123456789ABCDEF
02197820  88 00                                            ..
[>] Decrypt wrapper called — context: 0x2198022

[+] ======= BF_cfb64_encrypt call #297 =======
[+] Mode: DECRYPT
[+] Length: 142 bytes
[+] BF_KEY ptr: 0x219946c
[+] IV ptr: 0x2199439
[+] num ptr: 0x2199430 (value: 3)
[+] IV (8 bytes):
           0  1  2  3  4  5  6  7  8  9  A  B  C  D  E  F  0123456789ABCDEF
02199439  ca 5c 58 0b 6d ab b8 2e                          .\X.m...
[+] Input data (first 64 bytes):
           0  1  2  3  4  5  6  7  8  9  A  B  C  D  E  F  0123456789ABCDEF
02198022  c5 65 51 8d 65 01 51 50 a1 70 34 b9 08 9b c2 23  .eQ.e.QP.p4....#
02198032  11 6c 80 13 97 52 00 bd e6 a1 7d a5 97 9f c7 b5  .l...R....}.....
02198042  f9 0d 1f 5f 8d 41 14 b6 a2 ef 60 4a 0d b8 95 fc  ..._.A....`J....
02198052  c2 0c fa 1d 0a 02 46 95 cb 72 0d 99 e1 c2 f4 d4  ......F..r......
[+] Output data after DECRYPT (first 64 bytes):
           0  1  2  3  4  5  6  7  8  9  A  B  C  D  E  F  0123456789ABCDEF
02197820  ce 08 fa 35 4b 00 0f 01 00 00 00 00 00 00 01 00  ...5K...........
02197830  00 00 c0 52 09 00 08 00 00 00 01 00 00 00 00 00  ...R............
02197840  00 00 01 00 00 00 00 00 00 00 00 00 00 00 00 00  ................
02197850  00 00 00 00 00 00 00 00 00 00 00 00 00 00 00 00  ................
[>] Decrypt wrapper called — context: 0x171afe9c

[+] ======= BF_cfb64_encrypt call #298 =======
[+] Mode: DECRYPT
[+] Length: 2 bytes
[+] BF_KEY ptr: 0x219946c
[+] IV ptr: 0x2199439
[+] num ptr: 0x2199430 (value: 1)
[+] IV (8 bytes):
           0  1  2  3  4  5  6  7  8  9  A  B  C  D  E  F  0123456789ABCDEF
02199439  04 58 be 1e 71 cb 03 d8                          .X..q...
[+] Input data (first 2 bytes):
           0  1  2  3  4  5  6  7  8  9  A  B  C  D  E  F  0123456789ABCDEF
171afe9c  dc be                                            ..
[+] Output data after DECRYPT (first 2 bytes):
           0  1  2  3  4  5  6  7  8  9  A  B  C  D  E  F  0123456789ABCDEF
02197820  84 00                                            ..
[>] Decrypt wrapper called — context: 0x2198022

[+] ======= BF_cfb64_encrypt call #299 =======
[+] Mode: DECRYPT
[+] Length: 138 bytes
[+] BF_KEY ptr: 0x219946c
[+] IV ptr: 0x2199439
[+] num ptr: 0x2199430 (value: 3)
[+] IV (8 bytes):
           0  1  2  3  4  5  6  7  8  9  A  B  C  D  E  F  0123456789ABCDEF
02199439  04 dc be 1e 71 cb 03 d8                          ....q...
[+] Input data (first 64 bytes):
           0  1  2  3  4  5  6  7  8  9  A  B  C  D  E  F  0123456789ABCDEF
02198022  58 79 21 00 d8 57 48 70 52 20 c9 ec 4f ae 76 a4  Xy!..WHpR ..O.v.
02198032  d4 ad 79 e7 c5 74 7a 17 26 e4 1a b3 2c 8e 46 d9  ..y..tz.&...,.F.
02198042  ae 2c 91 7d fd 1f d1 37 12 90 98 04 1a 8d f0 fb  .,.}...7........
02198052  1c 4d 2a 22 4f 15 95 a1 d2 bc 32 eb 09 f7 61 23  .M*"O.....2...a#
[+] Output data after DECRYPT (first 64 bytes):
           0  1  2  3  4  5  6  7  8  9  A  B  C  D  E  F  0123456789ABCDEF
02197820  46 08 ea 03 00 00 08 01 00 00 00 00 00 00 00 00  F...............
02197830  00 00 00 00 00 00 00 00 00 00 00 00 00 00 00 00  ................
02197840  00 00 00 00 00 00 00 00 00 00 00 00 00 00 00 00  ................
02197850  00 00 00 00 00 00 00 00 00 00 00 00 00 00 00 00  ................
[>] Encrypt wrapper called — context: 0x2198820

[+] ======= BF_cfb64_encrypt call #300 =======
[+] Mode: ENCRYPT
[+] Length: 27 bytes
[+] BF_KEY ptr: 0x219946c
[+] IV ptr: 0x2199441
[+] num ptr: 0x2199434 (value: 0)
[+] IV (8 bytes):
           0  1  2  3  4  5  6  7  8  9  A  B  C  D  E  F  0123456789ABCDEF
02199441  34 60 ca 27 86 6b 52 7a                          4`.'.kRz
[+] Input data (first 27 bytes):
           0  1  2  3  4  5  6  7  8  9  A  B  C  D  E  F  0123456789ABCDEF
02198820  1b 00 33 08 08 fa eb ac 02 18 00 48 b3 d6 9c a3  ..3........H....
02198830  04 50 00 60 4d 68 00 70 00 78 00                 .P.`Mh.p.x.
[+] Output data after ENCRYPT (first 27 bytes):
           0  1  2  3  4  5  6  7  8  9  A  B  C  D  E  F  0123456789ABCDEF
02197820  1d 53 7c ed dc 8e fc 7e 84 3e 67 33 68 fd 78 ec  .S|....~.>g3h.x.
02197830  2c 62 2c 20 61 b9 7d 2f b3 00 a4                 ,b, a.}/...
[>] Encrypt wrapper called — context: 0x16f83f8

[+] ======= BF_cfb64_encrypt call #301 =======
[+] Mode: ENCRYPT
[+] Length: 8 bytes
[+] BF_KEY ptr: 0x219946c
[+] IV ptr: 0x2199441
[+] num ptr: 0x2199434 (value: 3)
[+] IV (8 bytes):
           0  1  2  3  4  5  6  7  8  9  A  B  C  D  E  F  0123456789ABCDEF
02199441  b3 00 a4 97 ce f1 d0 ad                          ........
[+] Input data (first 8 bytes):
           0  1  2  3  4  5  6  7  8  9  A  B  C  D  E  F  0123456789ABCDEF
016f83f8  54 51 43 6c 69 65 6e 74                          TQClient
[+] Output data after ENCRYPT (first 8 bytes):
           0  1  2  3  4  5  6  7  8  9  A  B  C  D  E  F  0123456789ABCDEF
02197820  c3 9f b2 bc c4 17 ff 44                          .......D
[>] Decrypt wrapper called — context: 0x171afe9c

[+] ======= BF_cfb64_encrypt call #302 =======
[+] Mode: DECRYPT
[+] Length: 2 bytes
[+] BF_KEY ptr: 0x219946c
[+] IV ptr: 0x2199439
[+] num ptr: 0x2199430 (value: 5)
[+] IV (8 bytes):
           0  1  2  3  4  5  6  7  8  9  A  B  C  D  E  F  0123456789ABCDEF
02199439  8a ba 6a ff ae 5d 03 24                          ..j..].$
[+] Input data (first 2 bytes):
           0  1  2  3  4  5  6  7  8  9  A  B  C  D  E  F  0123456789ABCDEF
171afe9c  7f 03                                            ..
[+] Output data after DECRYPT (first 2 bytes):
           0  1  2  3  4  5  6  7  8  9  A  B  C  D  E  F  0123456789ABCDEF
02197820  22 00                                            ".
[>] Decrypt wrapper called — context: 0x2198022

[+] ======= BF_cfb64_encrypt call #303 =======
[+] Mode: DECRYPT
[+] Length: 40 bytes
[+] BF_KEY ptr: 0x219946c
[+] IV ptr: 0x2199439
[+] num ptr: 0x2199430 (value: 7)
[+] IV (8 bytes):
           0  1  2  3  4  5  6  7  8  9  A  B  C  D  E  F  0123456789ABCDEF
02199439  8a ba 6a ff ae 7f 03 24                          ..j....$
[+] Input data (first 40 bytes):
           0  1  2  3  4  5  6  7  8  9  A  B  C  D  E  F  0123456789ABCDEF
02198022  17 77 58 e4 2c f2 90 67 95 d8 c1 7d cd b2 2e c4  .wX.,..g...}....
02198032  df a2 b5 31 b2 76 34 46 b2 71 4f 88 7b 18 21 78  ...1.v4F.qO.{.!x
02198042  71 fb 96 8a 5d 2c e1 b8                          q...],..
[+] Output data after DECRYPT (first 40 bytes):
           0  1  2  3  4  5  6  7  8  9  A  B  C  D  E  F  0123456789ABCDEF
02197820  33 08 08 fa eb ac 02 18 00 48 ab 9c d4 e0 01 60  3........H.....`
02197830  4d 68 00 70 00 78 00 98 01 00 b0 01 00 c2 01 00  Mh.p.x..........
02197840  54 51 53 65 72 76 65 72                          TQServer
[>] Decrypt wrapper called — context: 0x171afe9c

[+] ======= BF_cfb64_encrypt call #304 =======
[+] Mode: DECRYPT
[+] Length: 2 bytes
[+] BF_KEY ptr: 0x219946c
[+] IV ptr: 0x2199439
[+] num ptr: 0x2199430 (value: 7)
[+] IV (8 bytes):
           0  1  2  3  4  5  6  7  8  9  A  B  C  D  E  F  0123456789ABCDEF
02199439  fb 96 8a 5d 2c e1 b8 de                          ...],...
[+] Input data (first 2 bytes):
           0  1  2  3  4  5  6  7  8  9  A  B  C  D  E  F  0123456789ABCDEF
171afe9c  ca 14                                            ..
[+] Output data after DECRYPT (first 2 bytes):
           0  1  2  3  4  5  6  7  8  9  A  B  C  D  E  F  0123456789ABCDEF
02197820  14 00                                            ..
[>] Decrypt wrapper called — context: 0x2198022

[+] ======= BF_cfb64_encrypt call #305 =======
[+] Mode: DECRYPT
[+] Length: 26 bytes
[+] BF_KEY ptr: 0x219946c
[+] IV ptr: 0x2199439
[+] num ptr: 0x2199430 (value: 1)
[+] IV (8 bytes):
           0  1  2  3  4  5  6  7  8  9  A  B  C  D  E  F  0123456789ABCDEF
02199439  14 c2 4f 1b 50 74 62 32                          ..O.Ptb2
[+] Input data (first 26 bytes):
           0  1  2  3  4  5  6  7  8  9  A  B  C  D  E  F  0123456789ABCDEF
02198022  8d 47 2a 52 74 62 30 9a d0 46 52 bf 00 7b d8 5d  .G*Rtb0..FR..{.]
02198032  13 9a 80 78 dd b6 47 67 b5 77                    ...x..Gg.w
[+] Output data after DECRYPT (first 26 bytes):
           0  1  2  3  4  5  6  7  8  9  A  B  C  D  E  F  0123456789ABCDEF
02197820  4f 08 31 02 00 00 02 00 00 00 bf 0d 00 00 a0 09  O.1.............
02197830  01 00 54 51 53 65 72 76 65 72                    ..TQServer
[>] Encrypt wrapper called — context: 0x2198820

[+] ======= BF_cfb64_encrypt call #306 =======
[+] Mode: ENCRYPT
[+] Length: 27 bytes
[+] BF_KEY ptr: 0x219946c
[+] IV ptr: 0x2199441
[+] num ptr: 0x2199434 (value: 3)
[+] IV (8 bytes):
           0  1  2  3  4  5  6  7  8  9  A  B  C  D  E  F  0123456789ABCDEF
02199441  17 ff 44 4f c2 ac b3 37                          ..DO...7
[+] Input data (first 27 bytes):
           0  1  2  3  4  5  6  7  8  9  A  B  C  D  E  F  0123456789ABCDEF
02198820  1b 00 33 08 08 fa eb ac 02 18 00 48 e4 d8 9c a3  ..3........H....
02198830  04 50 00 60 4e 68 00 70 00 78 00                 .P.`Nh.p.x.
[+] Output data after ENCRYPT (first 27 bytes):
           0  1  2  3  4  5  6  7  8  9  A  B  C  D  E  F  0123456789ABCDEF
02197820  54 c2 9f bb 3f 12 b5 f1 30 0a 55 03 89 e1 eb 14  T...?...0.U.....
02197830  0d ed 65 86 b2 8c 25 f2 00 d9 36                 ..e...%...6
[>] Encrypt wrapper called — context: 0x16f83f8

[+] ======= BF_cfb64_encrypt call #307 =======
[+] Mode: ENCRYPT
[+] Length: 8 bytes
[+] BF_KEY ptr: 0x219946c
[+] IV ptr: 0x2199441
[+] num ptr: 0x2199434 (value: 6)
[+] IV (8 bytes):
           0  1  2  3  4  5  6  7  8  9  A  B  C  D  E  F  0123456789ABCDEF
02199441  8c 25 f2 00 d9 36 8c c1                          .%...6..
[+] Input data (first 8 bytes):
           0  1  2  3  4  5  6  7  8  9  A  B  C  D  E  F  0123456789ABCDEF
016f83f8  54 51 43 6c 69 65 6e 74                          TQClient
[+] Output data after ENCRYPT (first 8 bytes):
           0  1  2  3  4  5  6  7  8  9  A  B  C  D  E  F  0123456789ABCDEF
02197820  d8 90 c4 ae 69 f7 0c ad                          ....i...
[>] Decrypt wrapper called — context: 0x171afe9c

[+] ======= BF_cfb64_encrypt call #308 =======
[+] Mode: DECRYPT
[+] Length: 2 bytes
[+] BF_KEY ptr: 0x219946c
[+] IV ptr: 0x2199439
[+] num ptr: 0x2199430 (value: 3)
[+] IV (8 bytes):
           0  1  2  3  4  5  6  7  8  9  A  B  C  D  E  F  0123456789ABCDEF
02199439  67 b5 77 7b ca 18 88 4c                          g.w{...L
[+] Input data (first 2 bytes):
           0  1  2  3  4  5  6  7  8  9  A  B  C  D  E  F  0123456789ABCDEF
171afe9c  59 ca                                            Y.
[+] Output data after DECRYPT (first 2 bytes):
           0  1  2  3  4  5  6  7  8  9  A  B  C  D  E  F  0123456789ABCDEF
02197820  22 00                                            ".
[>] Decrypt wrapper called — context: 0x2198022

[+] ======= BF_cfb64_encrypt call #309 =======
[+] Mode: DECRYPT
[+] Length: 40 bytes
[+] BF_KEY ptr: 0x219946c
[+] IV ptr: 0x2199439
[+] num ptr: 0x2199430 (value: 5)
[+] IV (8 bytes):
           0  1  2  3  4  5  6  7  8  9  A  B  C  D  E  F  0123456789ABCDEF
02199439  67 b5 77 59 ca 18 88 4c                          g.wY...L
[+] Input data (first 40 bytes):
           0  1  2  3  4  5  6  7  8  9  A  B  C  D  E  F  0123456789ABCDEF
02198022  2b 80 44 41 72 3d 8a be e9 92 9a b3 49 69 c9 58  +.DAr=......Ii.X
02198032  32 7a 7e 9f 68 7b 72 0f 07 50 ba 66 21 9d dc a8  2z~.h{r..P.f!...
02198042  a8 d0 09 24 1c ff 1f 71                          ...$...q
[+] Output data after DECRYPT (first 40 bytes):
           0  1  2  3  4  5  6  7  8  9  A  B  C  D  E  F  0123456789ABCDEF
02197820  33 08 08 fa eb ac 02 18 00 48 e0 9e d4 e0 01 60  3........H.....`
02197830  4e 68 00 70 00 78 00 98 01 00 b0 01 00 c2 01 00  Nh.p.x..........
02197840  54 51 53 65 72 76 65 72                          TQServer
[>] Decrypt wrapper called — context: 0x171afe9c

[+] ======= BF_cfb64_encrypt call #310 =======
[+] Mode: DECRYPT
[+] Length: 2 bytes
[+] BF_KEY ptr: 0x219946c
[+] IV ptr: 0x2199439
[+] num ptr: 0x2199430 (value: 5)
[+] IV (8 bytes):
           0  1  2  3  4  5  6  7  8  9  A  B  C  D  E  F  0123456789ABCDEF
02199439  24 1c ff 1f 71 3f d5 2b                          $...q?.+
[+] Input data (first 2 bytes):
           0  1  2  3  4  5  6  7  8  9  A  B  C  D  E  F  0123456789ABCDEF
171afe9c  28 d5                                            (.
[+] Output data after DECRYPT (first 2 bytes):
           0  1  2  3  4  5  6  7  8  9  A  B  C  D  E  F  0123456789ABCDEF
02197820  17 00                                            ..
[>] Decrypt wrapper called — context: 0x2198022

[+] ======= BF_cfb64_encrypt call #311 =======
[+] Mode: DECRYPT
[+] Length: 29 bytes
[+] BF_KEY ptr: 0x219946c
[+] IV ptr: 0x2199439
[+] num ptr: 0x2199430 (value: 7)
[+] IV (8 bytes):
           0  1  2  3  4  5  6  7  8  9  A  B  C  D  E  F  0123456789ABCDEF
02199439  24 1c ff 1f 71 28 d5 2b                          $...q(.+
[+] Input data (first 29 bytes):
           0  1  2  3  4  5  6  7  8  9  A  B  C  D  E  F  0123456789ABCDEF
02198022  22 0d 81 d7 5a eb cf a7 88 e4 97 7e 99 3c ac 0a  "...Z......~.<..
02198032  1a 9f cd 5c 51 47 fa f2 ce b8 c7 f5 f8           ...\QG.......
[+] Output data after DECRYPT (first 29 bytes):
           0  1  2  3  4  5  6  7  8  9  A  B  C  D  E  F  0123456789ABCDEF
02197820  09 08 08 00 10 81 08 18 00 20 00 28 00 30 01 38  ......... .(.0.8
02197830  00 40 00 48 00 54 51 53 65 72 76 65 72           .@.H.TQServer
[>] Decrypt wrapper called — context: 0x171afe9c

[+] ======= BF_cfb64_encrypt call #312 =======
[+] Mode: DECRYPT
[+] Length: 2 bytes
[+] BF_KEY ptr: 0x219946c
[+] IV ptr: 0x2199439
[+] num ptr: 0x2199430 (value: 4)
[+] IV (8 bytes):
           0  1  2  3  4  5  6  7  8  9  A  B  C  D  E  F  0123456789ABCDEF
02199439  b8 c7 f5 f8 d8 b4 4a d9                          ......J.
[+] Input data (first 2 bytes):
           0  1  2  3  4  5  6  7  8  9  A  B  C  D  E  F  0123456789ABCDEF
171afe9c  cf b4                                            ..
[+] Output data after DECRYPT (first 2 bytes):
           0  1  2  3  4  5  6  7  8  9  A  B  C  D  E  F  0123456789ABCDEF
02197820  17 00                                            ..
[>] Decrypt wrapper called — context: 0x2198022

[+] ======= BF_cfb64_encrypt call #313 =======
[+] Mode: DECRYPT
[+] Length: 29 bytes
[+] BF_KEY ptr: 0x219946c
[+] IV ptr: 0x2199439
[+] num ptr: 0x2199430 (value: 6)
[+] IV (8 bytes):
           0  1  2  3  4  5  6  7  8  9  A  B  C  D  E  F  0123456789ABCDEF
02199439  b8 c7 f5 f8 cf b4 4a d9                          ......J.
[+] Input data (first 29 bytes):
           0  1  2  3  4  5  6  7  8  9  A  B  C  D  E  F  0123456789ABCDEF
02198022  43 d1 5d 77 14 9a 9b 03 7b 9c 0b 96 88 7b ef 11  C.]w....{....{..
02198032  48 05 48 ed 08 01 32 5b f8 2e c3 4a 23           H.H...2[...J#
[+] Output data after DECRYPT (first 29 bytes):
           0  1  2  3  4  5  6  7  8  9  A  B  C  D  E  F  0123456789ABCDEF
02197820  09 08 08 00 10 92 27 18 00 20 00 28 00 30 01 38  ......'.. .(.0.8
02197830  00 40 00 48 00 54 51 53 65 72 76 65 72           .@.H.TQServer
[>] Decrypt wrapper called — context: 0x171afe9c

[+] ======= BF_cfb64_encrypt call #314 =======
[+] Mode: DECRYPT
[+] Length: 2 bytes
[+] BF_KEY ptr: 0x219946c
[+] IV ptr: 0x2199439
[+] num ptr: 0x2199430 (value: 3)
[+] IV (8 bytes):
           0  1  2  3  4  5  6  7  8  9  A  B  C  D  E  F  0123456789ABCDEF
02199439  c3 4a 23 d0 fb 45 c4 fb                          .J#..E..
[+] Input data (first 2 bytes):
           0  1  2  3  4  5  6  7  8  9  A  B  C  D  E  F  0123456789ABCDEF
171afe9c  c7 fb                                            ..
[+] Output data after DECRYPT (first 2 bytes):
           0  1  2  3  4  5  6  7  8  9  A  B  C  D  E  F  0123456789ABCDEF
02197820  17 00                                            ..
[>] Decrypt wrapper called — context: 0x2198022

[+] ======= BF_cfb64_encrypt call #315 =======
[+] Mode: DECRYPT
[+] Length: 29 bytes
[+] BF_KEY ptr: 0x219946c
[+] IV ptr: 0x2199439
[+] num ptr: 0x2199430 (value: 5)
[+] IV (8 bytes):
           0  1  2  3  4  5  6  7  8  9  A  B  C  D  E  F  0123456789ABCDEF
02199439  c3 4a 23 c7 fb 45 c4 fb                          .J#..E..
[+] Input data (first 29 bytes):
           0  1  2  3  4  5  6  7  8  9  A  B  C  D  E  F  0123456789ABCDEF
02198022  4c cc f3 8a ff 5b 99 d7 47 c1 02 36 34 1b d9 83  L....[..G..64...
02198032  8d 29 1d a1 85 09 fe 34 aa 59 66 45 58           .).....4.YfEX
[+] Output data after DECRYPT (first 29 bytes):
           0  1  2  3  4  5  6  7  8  9  A  B  C  D  E  F  0123456789ABCDEF
02197820  09 08 08 00 10 ba 27 18 00 20 00 28 00 30 01 38  ......'.. .(.0.8
02197830  00 40 00 48 00 54 51 53 65 72 76 65 72           .@.H.TQServer
[>] Decrypt wrapper called — context: 0x171afe9c

[+] ======= BF_cfb64_encrypt call #316 =======
[+] Mode: DECRYPT
[+] Length: 2 bytes
[+] BF_KEY ptr: 0x219946c
[+] IV ptr: 0x2199439
[+] num ptr: 0x2199430 (value: 2)
[+] IV (8 bytes):
           0  1  2  3  4  5  6  7  8  9  A  B  C  D  E  F  0123456789ABCDEF
02199439  45 58 a4 c2 4d 49 b0 4a                          EX..MI.J
[+] Input data (first 2 bytes):
           0  1  2  3  4  5  6  7  8  9  A  B  C  D  E  F  0123456789ABCDEF
171afe9c  b2 c2                                            ..
[+] Output data after DECRYPT (first 2 bytes):
           0  1  2  3  4  5  6  7  8  9  A  B  C  D  E  F  0123456789ABCDEF
02197820  16 00                                            ..
[>] Decrypt wrapper called — context: 0x2198022

[+] ======= BF_cfb64_encrypt call #317 =======
[+] Mode: DECRYPT
[+] Length: 28 bytes
[+] BF_KEY ptr: 0x219946c
[+] IV ptr: 0x2199439
[+] num ptr: 0x2199430 (value: 4)
[+] IV (8 bytes):
           0  1  2  3  4  5  6  7  8  9  A  B  C  D  E  F  0123456789ABCDEF
02199439  45 58 b2 c2 4d 49 b0 4a                          EX..MI.J
[+] Input data (first 28 bytes):
           0  1  2  3  4  5  6  7  8  9  A  B  C  D  E  F  0123456789ABCDEF
02198022  18 41 b0 4a 58 49 52 bb f3 e6 29 ad 9d a6 33 3a  .A.JXIR...)...3:
02198032  c1 dc de aa 5a 13 d5 71 4f a5 69 22              ....Z..qO.i"
[+] Output data after DECRYPT (first 28 bytes):
           0  1  2  3  4  5  6  7  8  9  A  B  C  D  E  F  0123456789ABCDEF
02197820  55 08 00 00 55 01 00 00 00 00 00 00 00 00 00 00  U...U...........
02197830  00 00 00 00 54 51 53 65 72 76 65 72              ....TQServer
[>] Encrypt wrapper called — context: 0x2198820

[+] ======= BF_cfb64_encrypt call #318 =======
[+] Mode: ENCRYPT
[+] Length: 27 bytes
[+] BF_KEY ptr: 0x219946c
[+] IV ptr: 0x2199441
[+] num ptr: 0x2199434 (value: 6)
[+] IV (8 bytes):
           0  1  2  3  4  5  6  7  8  9  A  B  C  D  E  F  0123456789ABCDEF
02199441  c4 ae 69 f7 0c ad cc e5                          ..i.....
[+] Input data (first 27 bytes):
           0  1  2  3  4  5  6  7  8  9  A  B  C  D  E  F  0123456789ABCDEF
02198820  1b 00 33 08 08 fa eb ac 02 18 00 48 95 db 9c a3  ..3........H....
02198830  04 50 00 60 61 68 00 70 00 78 00                 .P.`ah.p.x.
[+] Output data after ENCRYPT (first 27 bytes):
           0  1  2  3  4  5  6  7  8  9  A  B  C  D  E  F  0123456789ABCDEF
02197820  d7 e5 17 17 94 c4 57 bc d1 21 d3 4f 6d 0c eb 70  ......W..!.Om..p
02197830  e9 7a 8c a2 6d 39 0a 8d 45 2a 63                 .z..m9..E*c
[>] Encrypt wrapper called — context: 0x16f83f8

[+] ======= BF_cfb64_encrypt call #319 =======
[+] Mode: ENCRYPT
[+] Length: 8 bytes
[+] BF_KEY ptr: 0x219946c
[+] IV ptr: 0x2199441
[+] num ptr: 0x2199434 (value: 1)
[+] IV (8 bytes):
           0  1  2  3  4  5  6  7  8  9  A  B  C  D  E  F  0123456789ABCDEF
02199441  63 32 9f 71 bb e4 f5 30                          c2.q...0
[+] Input data (first 8 bytes):
           0  1  2  3  4  5  6  7  8  9  A  B  C  D  E  F  0123456789ABCDEF
016f83f8  54 51 43 6c 69 65 6e 74                          TQClient
[+] Output data after ENCRYPT (first 8 bytes):
           0  1  2  3  4  5  6  7  8  9  A  B  C  D  E  F  0123456789ABCDEF
02197820  66 ce 32 d7 8d 90 5e a0                          f.2...^.
[>] Decrypt wrapper called — context: 0x171afe9c

[+] ======= BF_cfb64_encrypt call #320 =======
[+] Mode: DECRYPT
[+] Length: 2 bytes
[+] BF_KEY ptr: 0x219946c
[+] IV ptr: 0x2199439
[+] num ptr: 0x2199430 (value: 0)
[+] IV (8 bytes):
           0  1  2  3  4  5  6  7  8  9  A  B  C  D  E  F  0123456789ABCDEF
02199439  5a 13 d5 71 4f a5 69 22                          Z..qO.i"
[+] Input data (first 2 bytes):
           0  1  2  3  4  5  6  7  8  9  A  B  C  D  E  F  0123456789ABCDEF
171afe9c  29 b3                                            ).
[+] Output data after DECRYPT (first 2 bytes):
           0  1  2  3  4  5  6  7  8  9  A  B  C  D  E  F  0123456789ABCDEF
02197820  22 00                                            ".
[>] Decrypt wrapper called — context: 0x2198022

[+] ======= BF_cfb64_encrypt call #321 =======
[+] Mode: DECRYPT
[+] Length: 40 bytes
[+] BF_KEY ptr: 0x219946c
[+] IV ptr: 0x2199439
[+] num ptr: 0x2199430 (value: 2)
[+] IV (8 bytes):
           0  1  2  3  4  5  6  7  8  9  A  B  C  D  E  F  0123456789ABCDEF
02199439  29 b3 a9 1e 6a 52 9b c6                          )...jR..
[+] Input data (first 40 bytes):
           0  1  2  3  4  5  6  7  8  9  A  B  C  D  E  F  0123456789ABCDEF
02198022  9a 16 62 a8 70 6a 64 e7 94 d7 bb ae de 6f 44 33  ..b.pjd......oD3
02198032  32 0c 62 85 03 e6 8e 68 3b 7d 70 e2 a9 d8 5b 27  2.b....h;}p...['
02198042  96 97 eb f2 b9 30 72 a9                          .....0r.
[+] Output data after DECRYPT (first 40 bytes):
           0  1  2  3  4  5  6  7  8  9  A  B  C  D  E  F  0123456789ABCDEF
02197820  33 08 08 fa eb ac 02 18 00 48 8e a1 d4 e0 01 60  3........H.....`
02197830  61 68 00 70 00 78 00 98 01 00 b0 01 00 c2 01 00  ah.p.x..........
02197840  54 51 53 65 72 76 65 72                          TQServer
[>] Decrypt wrapper called — context: 0x171afe9c

[+] ======= BF_cfb64_encrypt call #322 =======
[+] Mode: DECRYPT
[+] Length: 2 bytes
[+] BF_KEY ptr: 0x219946c
[+] IV ptr: 0x2199439
[+] num ptr: 0x2199430 (value: 2)
[+] IV (8 bytes):
           0  1  2  3  4  5  6  7  8  9  A  B  C  D  E  F  0123456789ABCDEF
02199439  72 a9 ee c6 de a6 a6 6b                          r......k
[+] Input data (first 2 bytes):
           0  1  2  3  4  5  6  7  8  9  A  B  C  D  E  F  0123456789ABCDEF
171afe9c  8f c6                                            ..
[+] Output data after DECRYPT (first 2 bytes):
           0  1  2  3  4  5  6  7  8  9  A  B  C  D  E  F  0123456789ABCDEF
02197820  61 00                                            a.
[>] Decrypt wrapper called — context: 0x2198022

[+] ======= BF_cfb64_encrypt call #323 =======
[+] Mode: DECRYPT
[+] Length: 103 bytes
[+] BF_KEY ptr: 0x219946c
[+] IV ptr: 0x2199439
[+] num ptr: 0x2199430 (value: 4)
[+] IV (8 bytes):
           0  1  2  3  4  5  6  7  8  9  A  B  C  D  E  F  0123456789ABCDEF
02199439  72 a9 8f c6 de a6 a6 6b                          r......k
[+] Input data (first 64 bytes):
           0  1  2  3  4  5  6  7  8  9  A  B  C  D  E  F  0123456789ABCDEF
02198022  05 ae a6 6b c4 a8 86 fd 7a 19 8e cc 36 b2 87 71  ...k....z...6..q
02198032  c8 37 2c 64 aa 0c c0 c8 d8 2b 98 3c 7b fc 75 13  .7,d.....+.<{.u.
02198042  50 a6 db 2b 36 ce 93 73 77 4c 3f d9 ba a5 9b 42  P..+6..swL?....B
02198052  7f f7 5b d1 04 60 cf c9 e9 b9 2f 30 c2 6b 39 38  ..[..`..../0.k98
[+] Output data after DECRYPT (first 64 bytes):
           0  1  2  3  4  5  6  7  8  9  A  B  C  D  E  F  0123456789ABCDEF
02197820  db 08 00 00 00 00 00 00 00 00 00 00 00 00 00 00  ................
02197830  00 00 00 00 00 00 00 00 00 00 00 00 00 00 00 00  ................
02197840  00 00 00 00 00 00 00 00 00 00 00 00 00 00 00 00  ................
02197850  00 00 00 00 00 00 00 00 00 00 00 00 00 00 00 00  ................
[>] Decrypt wrapper called — context: 0x171afe9c

[+] ======= BF_cfb64_encrypt call #324 =======
[+] Mode: DECRYPT
[+] Length: 2 bytes
[+] BF_KEY ptr: 0x219946c
[+] IV ptr: 0x2199439
[+] num ptr: 0x2199430 (value: 3)
[+] IV (8 bytes):
           0  1  2  3  4  5  6  7  8  9  A  B  C  D  E  F  0123456789ABCDEF
02199439  5f 75 99 00 ca 99 ba 12                          _u......
[+] Input data (first 2 bytes):
           0  1  2  3  4  5  6  7  8  9  A  B  C  D  E  F  0123456789ABCDEF
171afe9c  19 ca                                            ..
[+] Output data after DECRYPT (first 2 bytes):
           0  1  2  3  4  5  6  7  8  9  A  B  C  D  E  F  0123456789ABCDEF
02197820  19 00                                            ..
[>] Decrypt wrapper called — context: 0x2198022

[+] ======= BF_cfb64_encrypt call #325 =======
[+] Mode: DECRYPT
[+] Length: 31 bytes
[+] BF_KEY ptr: 0x219946c
[+] IV ptr: 0x2199439
[+] num ptr: 0x2199430 (value: 5)
[+] IV (8 bytes):
           0  1  2  3  4  5  6  7  8  9  A  B  C  D  E  F  0123456789ABCDEF
02199439  5f 75 99 19 ca 99 ba 12                          _u......
[+] Input data (first 31 bytes):
           0  1  2  3  4  5  6  7  8  9  A  B  C  D  E  F  0123456789ABCDEF
02198022  67 bd 1a 1d d6 10 60 41 e0 f4 56 df 9f 73 c8 91  g.....`A..V..s..
02198032  82 c3 c7 3d fc f4 7b 47 c6 13 e6 86 ba e9 fe     ...=..{G.......
[+] Output data after DECRYPT (first 31 bytes):
           0  1  2  3  4  5  6  7  8  9  A  B  C  D  E  F  0123456789ABCDEF
02197820  fe 07 08 fa eb ac 02 12 08 08 ff ff ff ff 0f 10  ................
02197830  00 12 04 08 1c 10 00 54 51 53 65 72 76 65 72     .......TQServer
[>] Encrypt wrapper called — context: 0x2198820

[+] ======= BF_cfb64_encrypt call #326 =======
[+] Mode: ENCRYPT
[+] Length: 11 bytes
[+] BF_KEY ptr: 0x219946c
[+] IV ptr: 0x2199441
[+] num ptr: 0x2199434 (value: 1)
[+] IV (8 bytes):
           0  1  2  3  4  5  6  7  8  9  A  B  C  D  E  F  0123456789ABCDEF
02199441  a0 95 23 97 5f b1 c2 24                          ..#._..$
[+] Input data (first 11 bytes):
           0  1  2  3  4  5  6  7  8  9  A  B  C  D  E  F  0123456789ABCDEF
02198820  0b 00 33 08 18 81 89 7a 60 e7 03                 ..3....z`..
[+] Output data after ENCRYPT (first 11 bytes):
           0  1  2  3  4  5  6  7  8  9  A  B  C  D  E  F  0123456789ABCDEF
02197820  9e 23 a4 57 a9 43 ad c1 68 8c a6                 .#.W.C..h..
[>] Encrypt wrapper called — context: 0x16f83f8

[+] ======= BF_cfb64_encrypt call #327 =======
[+] Mode: ENCRYPT
[+] Length: 8 bytes
[+] BF_KEY ptr: 0x219946c
[+] IV ptr: 0x2199441
[+] num ptr: 0x2199434 (value: 4)
[+] IV (8 bytes):
           0  1  2  3  4  5  6  7  8  9  A  B  C  D  E  F  0123456789ABCDEF
02199441  c1 68 8c a6 0a dd cd 2b                          .h.....+
[+] Input data (first 8 bytes):
           0  1  2  3  4  5  6  7  8  9  A  B  C  D  E  F  0123456789ABCDEF
016f83f8  54 51 43 6c 69 65 6e 74                          TQClient
[+] Output data after ENCRYPT (first 8 bytes):
           0  1  2  3  4  5  6  7  8  9  A  B  C  D  E  F  0123456789ABCDEF
02197820  5e 8c 8e 47 f6 11 d2 b3                          ^..G....
[>] Encrypt wrapper called — context: 0x2198820

[+] ======= BF_cfb64_encrypt call #328 =======
[+] Mode: ENCRYPT
[+] Length: 28 bytes
[+] BF_KEY ptr: 0x219946c
[+] IV ptr: 0x2199441
[+] num ptr: 0x2199434 (value: 4)
[+] IV (8 bytes):
           0  1  2  3  4  5  6  7  8  9  A  B  C  D  E  F  0123456789ABCDEF
02199441  f6 11 d2 b3 3e b3 4c 54                          ....>.LT
[+] Input data (first 28 bytes):
           0  1  2  3  4  5  6  7  8  9  A  B  C  D  E  F  0123456789ABCDEF
02198820  1c 00 33 08 08 fa eb ac 02 18 00 48 bd dd 9c a3  ..3........H....
02198830  04 50 00 60 84 01 68 00 70 00 78 00              .P.`..h.p.x.
[+] Output data after ENCRYPT (first 28 bytes):
           0  1  2  3  4  5  6  7  8  9  A  B  C  D  E  F  0123456789ABCDEF
02197820  22 b3 7f 5c 52 90 61 17 7b 12 92 93 40 18 09 8e  "..\R.a.{...@...
02197830  f8 c8 28 3c 70 be e8 a1 8c 7f 75 1b              ..(<p.....u.
[>] Encrypt wrapper called — context: 0x16f83f8

[+] ======= BF_cfb64_encrypt call #329 =======
[+] Mode: ENCRYPT
[+] Length: 8 bytes
[+] BF_KEY ptr: 0x219946c
[+] IV ptr: 0x2199441
[+] num ptr: 0x2199434 (value: 0)
[+] IV (8 bytes):
           0  1  2  3  4  5  6  7  8  9  A  B  C  D  E  F  0123456789ABCDEF
02199441  70 be e8 a1 8c 7f 75 1b                          p.....u.
[+] Input data (first 8 bytes):
           0  1  2  3  4  5  6  7  8  9  A  B  C  D  E  F  0123456789ABCDEF
016f83f8  54 51 43 6c 69 65 6e 74                          TQClient
[+] Output data after ENCRYPT (first 8 bytes):
           0  1  2  3  4  5  6  7  8  9  A  B  C  D  E  F  0123456789ABCDEF
02197820  36 10 fc dd 04 89 c4 ee                          6.......
[>] Encrypt wrapper called — context: 0x2198820

[+] ======= BF_cfb64_encrypt call #330 =======
[+] Mode: ENCRYPT
[+] Length: 520 bytes
[+] BF_KEY ptr: 0x219946c
[+] IV ptr: 0x2199441
[+] num ptr: 0x2199434 (value: 0)
[+] IV (8 bytes):
           0  1  2  3  4  5  6  7  8  9  A  B  C  D  E  F  0123456789ABCDEF
02199441  36 10 fc dd 04 89 c4 ee                          6.......
[+] Input data (first 64 bytes):
           0  1  2  3  4  5  6  7  8  9  A  B  C  D  E  F  0123456789ABCDEF
02198820  08 02 f6 08 00 00 00 00 00 00 00 00 00 00 00 00  ................
02198830  00 00 00 00 00 00 00 00 00 00 00 00 00 00 00 00  ................
02198840  00 00 00 00 00 00 00 00 00 00 00 00 00 00 00 00  ................
02198850  00 00 00 00 00 00 00 00 00 00 00 00 00 00 00 00  ................
[+] Output data after ENCRYPT (first 64 bytes):
           0  1  2  3  4  5  6  7  8  9  A  B  C  D  E  F  0123456789ABCDEF
02197820  bc 73 c4 d9 b7 23 df f3 de ae 03 63 b4 e0 29 e3  .s...#.....c..).
02197830  31 a6 b7 62 6c 85 ca 81 84 2f 6d 26 37 2e 08 57  1..bl..../m&7..W
02197840  7a cf 23 c7 6c 51 b0 2a a8 70 9e 5c 46 82 4a c3  z.#.lQ.*.p.\F.J.
02197850  5b d5 30 5e 7b aa c8 74 bd 9b 25 20 62 ad 19 c4  [.0^{..t..% b...
[>] Encrypt wrapper called — context: 0x16f83f8

[+] ======= BF_cfb64_encrypt call #331 =======
[+] Mode: ENCRYPT
[+] Length: 8 bytes
[+] BF_KEY ptr: 0x219946c
[+] IV ptr: 0x2199441
[+] num ptr: 0x2199434 (value: 0)
[+] IV (8 bytes):
           0  1  2  3  4  5  6  7  8  9  A  B  C  D  E  F  0123456789ABCDEF
02199441  01 06 94 fd 4d 9b 6e 7d                          ....M.n}
[+] Input data (first 8 bytes):
           0  1  2  3  4  5  6  7  8  9  A  B  C  D  E  F  0123456789ABCDEF
016f83f8  54 51 43 6c 69 65 6e 74                          TQClient
[+] Output data after ENCRYPT (first 8 bytes):
           0  1  2  3  4  5  6  7  8  9  A  B  C  D  E  F  0123456789ABCDEF
02197820  46 2f 64 5e ce 6a a9 d8                          F/d^.j..
[>] Decrypt wrapper called — context: 0x171afe9c

[+] ======= BF_cfb64_encrypt call #332 =======
[+] Mode: DECRYPT
[+] Length: 2 bytes
[+] BF_KEY ptr: 0x219946c
[+] IV ptr: 0x2199439
[+] num ptr: 0x2199430 (value: 4)
[+] IV (8 bytes):
           0  1  2  3  4  5  6  7  8  9  A  B  C  D  E  F  0123456789ABCDEF
02199439  86 ba e9 fe ea 0c 05 6b                          .......k
[+] Input data (first 2 bytes):
           0  1  2  3  4  5  6  7  8  9  A  B  C  D  E  F  0123456789ABCDEF
171afe9c  aa 0c                                            ..
[+] Output data after DECRYPT (first 2 bytes):
           0  1  2  3  4  5  6  7  8  9  A  B  C  D  E  F  0123456789ABCDEF
02197820  40 00                                            @.
[>] Decrypt wrapper called — context: 0x2198022

[+] ======= BF_cfb64_encrypt call #333 =======
[+] Mode: DECRYPT
[+] Length: 70 bytes
[+] BF_KEY ptr: 0x219946c
[+] IV ptr: 0x2199439
[+] num ptr: 0x2199430 (value: 6)
[+] IV (8 bytes):
           0  1  2  3  4  5  6  7  8  9  A  B  C  D  E  F  0123456789ABCDEF
02199439  86 ba e9 fe aa 0c 05 6b                          .......k
[+] Input data (first 64 bytes):
           0  1  2  3  4  5  6  7  8  9  A  B  C  D  E  F  0123456789ABCDEF
02198022  3c 62 b1 1f 6f 4d 91 f2 dc 0e 26 03 ab f9 f4 d8  <b..oM....&.....
02198032  a9 6d 75 12 25 a7 7f 73 b2 41 a0 0e 69 f6 f1 74  .mu.%..s.A..i..t
02198042  df be eb 1b 23 13 70 96 e2 0a 5a 06 8c 0a 6f 77  ....#.p...Z...ow
02198052  18 76 89 ed 03 1d 04 87 6f b2 94 d7 d1 69 d0 04  .v......o....i..
[+] Output data after DECRYPT (first 64 bytes):
           0  1  2  3  4  5  6  7  8  9  A  B  C  D  E  F  0123456789ABCDEF
02197820  39 09 08 80 fe ff 07 10 d0 0f 18 00 20 b0 09 30  9........... ..0
02197830  00 38 00 40 01 48 00 50 00 5a 00 72 06 53 59 53  .8.@.H.P.Z.r.SYS
02197840  54 45 4d 72 07 4c 65 70 6f 53 65 6e 72 00 72 0e  TEMr.LepoSenr.r.
02197850  31 30 30 30 30 30 30 5f 31 30 31 30 40 40 54 51  1000000_1010@@TQ
[>] Decrypt wrapper called — context: 0x171afe9c

[+] ======= BF_cfb64_encrypt call #334 =======
[+] Mode: DECRYPT
[+] Length: 2 bytes
[+] BF_KEY ptr: 0x219946c
[+] IV ptr: 0x2199439
[+] num ptr: 0x2199430 (value: 4)
[+] IV (8 bytes):
           0  1  2  3  4  5  6  7  8  9  A  B  C  D  E  F  0123456789ABCDEF
02199439  f0 78 12 56 d3 2a 6c c1                          .x.V.*l.
[+] Input data (first 2 bytes):
           0  1  2  3  4  5  6  7  8  9  A  B  C  D  E  F  0123456789ABCDEF
171afe9c  93 2a                                            .*
[+] Output data after DECRYPT (first 2 bytes):
           0  1  2  3  4  5  6  7  8  9  A  B  C  D  E  F  0123456789ABCDEF
02197820  40 00                                            @.
[>] Decrypt wrapper called — context: 0x2198022

[+] ======= BF_cfb64_encrypt call #335 =======
[+] Mode: DECRYPT
[+] Length: 70 bytes
[+] BF_KEY ptr: 0x219946c
[+] IV ptr: 0x2199439
[+] num ptr: 0x2199430 (value: 6)
[+] IV (8 bytes):
           0  1  2  3  4  5  6  7  8  9  A  B  C  D  E  F  0123456789ABCDEF
02199439  f0 78 12 56 93 2a 6c c1                          .x.V.*l.
[+] Input data (first 64 bytes):
           0  1  2  3  4  5  6  7  8  9  A  B  C  D  E  F  0123456789ABCDEF
02198022  55 c8 62 9e a8 b9 8f a7 df 13 d9 0a 06 87 b1 30  U.b............0
02198032  32 42 9f e2 cc eb aa be 94 36 2f 58 a1 c4 75 ff  2B.......6/X..u.
02198042  65 b4 23 93 51 76 72 bf 1d 13 5a 9d 69 c1 5c 0f  e.#.Qvr...Z.i.\.
02198052  61 c9 10 6e 44 44 89 5f a0 b3 09 06 67 12 f3 77  a..nDD._....g..w
[+] Output data after DECRYPT (first 64 bytes):
           0  1  2  3  4  5  6  7  8  9  A  B  C  D  E  F  0123456789ABCDEF
02197820  39 09 08 80 fe ff 07 10 d0 0f 18 00 20 b0 09 30  9........... ..0
02197830  00 38 00 40 01 48 00 50 00 5a 00 72 06 53 59 53  .8.@.H.P.Z.r.SYS
02197840  54 45 4d 72 07 4c 65 70 6f 53 65 6e 72 00 72 0e  TEMr.LepoSenr.r.
02197850  31 30 30 30 30 30 33 5f 31 30 31 30 40 40 54 51  1000003_1010@@TQ
[>] Decrypt wrapper called — context: 0x171afe9c

[+] ======= BF_cfb64_encrypt call #336 =======
[+] Mode: DECRYPT
[+] Length: 2 bytes
[+] BF_KEY ptr: 0x219946c
[+] IV ptr: 0x2199439
[+] num ptr: 0x2199430 (value: 4)
[+] IV (8 bytes):
           0  1  2  3  4  5  6  7  8  9  A  B  C  D  E  F  0123456789ABCDEF
02199439  20 1e 7b 7b 9c aa b2 d5                           .{{....
[+] Input data (first 2 bytes):
           0  1  2  3  4  5  6  7  8  9  A  B  C  D  E  F  0123456789ABCDEF
171afe9c  80 aa                                            ..
[+] Output data after DECRYPT (first 2 bytes):
           0  1  2  3  4  5  6  7  8  9  A  B  C  D  E  F  0123456789ABCDEF
02197820  1c 00                                            ..
[>] Decrypt wrapper called — context: 0x2198022

[+] ======= BF_cfb64_encrypt call #337 =======
[+] Mode: DECRYPT
[+] Length: 34 bytes
[+] BF_KEY ptr: 0x219946c
[+] IV ptr: 0x2199439
[+] num ptr: 0x2199430 (value: 6)
[+] IV (8 bytes):
           0  1  2  3  4  5  6  7  8  9  A  B  C  D  E  F  0123456789ABCDEF
02199439  20 1e 7b 7b 80 aa b2 d5                           .{{....
[+] Input data (first 34 bytes):
           0  1  2  3  4  5  6  7  8  9  A  B  C  D  E  F  0123456789ABCDEF
02198022  01 dd db 46 f1 5d c7 72 e1 da fd 69 ae 37 ab ae  ...F.].r...i.7..
02198032  1c c3 c9 47 aa 8a 1f eb 97 33 ba 8a 6d 36 ca 00  ...G.....3..m6..
02198042  ac 27                                            .'
[+] Output data after DECRYPT (first 34 bytes):
           0  1  2  3  4  5  6  7  8  9  A  B  C  D  E  F  0123456789ABCDEF
02197820  b3 08 08 00 10 7e 18 02 20 57 28 1d 30 0c 38 00  .....~.. W(.0.8.
02197830  40 39 48 f9 89 a6 ce 06 50 00 54 51 53 65 72 76  @9H.....P.TQServ
02197840  65 72                                            er
[>] Decrypt wrapper called — context: 0x171afe9c

[+] ======= BF_cfb64_encrypt call #338 =======
[+] Mode: DECRYPT
[+] Length: 2 bytes
[+] BF_KEY ptr: 0x219946c
[+] IV ptr: 0x2199439
[+] num ptr: 0x2199430 (value: 0)
[+] IV (8 bytes):
           0  1  2  3  4  5  6  7  8  9  A  B  C  D  E  F  0123456789ABCDEF
02199439  ba 8a 6d 36 ca 00 ac 27                          ..m6...'
[+] Input data (first 2 bytes):
           0  1  2  3  4  5  6  7  8  9  A  B  C  D  E  F  0123456789ABCDEF
171afe9c  c8 38                                            .8
[+] Output data after DECRYPT (first 2 bytes):
           0  1  2  3  4  5  6  7  8  9  A  B  C  D  E  F  0123456789ABCDEF
02197820  14 00                                            ..
[>] Decrypt wrapper called — context: 0x2198022

[+] ======= BF_cfb64_encrypt call #339 =======
[+] Mode: DECRYPT
[+] Length: 26 bytes
[+] BF_KEY ptr: 0x219946c
[+] IV ptr: 0x2199439
[+] num ptr: 0x2199430 (value: 2)
[+] IV (8 bytes):
           0  1  2  3  4  5  6  7  8  9  A  B  C  D  E  F  0123456789ABCDEF
02199439  c8 38 d7 ac 01 e9 e8 c2                          .8......
[+] Input data (first 26 bytes):
           0  1  2  3  4  5  6  7  8  9  A  B  C  D  E  F  0123456789ABCDEF
02198022  54 a5 04 e9 e8 c2 16 6e 39 79 5d fe 37 b1 78 5f  T......n9y].7.x_
02198032  9f 63 93 6d 3a 77 66 37 d0 b1                    .c.m:wf7..
[+] Output data after DECRYPT (first 26 bytes):
           0  1  2  3  4  5  6  7  8  9  A  B  C  D  E  F  0123456789ABCDEF
02197820  83 09 05 00 00 00 fa 35 4b 00 01 00 00 00 00 00  .......5K.......
02197830  00 00 54 51 53 65 72 76 65 72                    ..TQServer
[>] Decrypt wrapper called — context: 0x171afe9c

[+] ======= BF_cfb64_encrypt call #340 =======
[+] Mode: DECRYPT
[+] Length: 2 bytes
[+] BF_KEY ptr: 0x219946c
[+] IV ptr: 0x2199439
[+] num ptr: 0x2199430 (value: 4)
[+] IV (8 bytes):
           0  1  2  3  4  5  6  7  8  9  A  B  C  D  E  F  0123456789ABCDEF
02199439  66 37 d0 b1 3a b7 24 71                          f7..:.$q
[+] Input data (first 2 bytes):
           0  1  2  3  4  5  6  7  8  9  A  B  C  D  E  F  0123456789ABCDEF
171afe9c  37 b7                                            7.
[+] Output data after DECRYPT (first 2 bytes):
           0  1  2  3  4  5  6  7  8  9  A  B  C  D  E  F  0123456789ABCDEF
02197820  0d 00                                            ..
[>] Decrypt wrapper called — context: 0x2198022

[+] ======= BF_cfb64_encrypt call #341 =======
[+] Mode: DECRYPT
[+] Length: 19 bytes
[+] BF_KEY ptr: 0x219946c
[+] IV ptr: 0x2199439
[+] num ptr: 0x2199430 (value: 6)
[+] IV (8 bytes):
           0  1  2  3  4  5  6  7  8  9  A  B  C  D  E  F  0123456789ABCDEF
02199439  66 37 d0 b1 37 b7 24 71                          f7..7.$q
[+] Input data (first 19 bytes):
           0  1  2  3  4  5  6  7  8  9  A  B  C  D  E  F  0123456789ABCDEF
02198022  d8 76 61 35 7f 5c d6 47 08 6f 50 bd 20 37 8e 55  .va5.\.G.oP. 7.U
02198032  5c c6 7c                                         \.|
[+] Output data after DECRYPT (first 19 bytes):
           0  1  2  3  4  5  6  7  8  9  A  B  C  D  E  F  0123456789ABCDEF
02197820  fc 07 0a 32 75 00 00 01 00 00 00 54 51 53 65 72  ...2u......TQSer
02197830  76 65 72                                         ver
[>] Decrypt wrapper called — context: 0x171afe9c

[+] ======= BF_cfb64_encrypt call #342 =======
[+] Mode: DECRYPT
[+] Length: 2 bytes
[+] BF_KEY ptr: 0x219946c
[+] IV ptr: 0x2199439
[+] num ptr: 0x2199430 (value: 1)
[+] IV (8 bytes):
           0  1  2  3  4  5  6  7  8  9  A  B  C  D  E  F  0123456789ABCDEF
02199439  7c 5e 46 98 b9 38 5d 23                          |^F..8]#
[+] Input data (first 2 bytes):
           0  1  2  3  4  5  6  7  8  9  A  B  C  D  E  F  0123456789ABCDEF
171afe9c  fb 46                                            .F
[+] Output data after DECRYPT (first 2 bytes):
           0  1  2  3  4  5  6  7  8  9  A  B  C  D  E  F  0123456789ABCDEF
02197820  a5 00                                            ..
[>] Decrypt wrapper called — context: 0x2198022

[+] ======= BF_cfb64_encrypt call #343 =======
[+] Mode: DECRYPT
[+] Length: 171 bytes
[+] BF_KEY ptr: 0x219946c
[+] IV ptr: 0x2199439
[+] num ptr: 0x2199430 (value: 3)
[+] IV (8 bytes):
           0  1  2  3  4  5  6  7  8  9  A  B  C  D  E  F  0123456789ABCDEF
02199439  7c fb 46 98 b9 38 5d 23                          |.F..8]#
[+] Input data (first 64 bytes):
           0  1  2  3  4  5  6  7  8  9  A  B  C  D  E  F  0123456789ABCDEF
02198022  ab b1 30 a7 c8 28 5e 77 c9 e0 2b 52 b7 a2 dd eb  ..0..(^w..+R....
02198032  a2 f4 fe cf 97 b7 95 c0 7d c0 90 e4 8b 6e 2a 09  ........}....n*.
02198042  4a 3b 92 e6 49 36 e6 d3 a2 5a 8f 07 40 62 0d 21  J;..I6...Z..@b.!
02198052  a4 38 d6 d6 51 f8 75 6b 88 96 70 e2 00 90 1f c2  .8..Q.uk..p.....
[+] Output data after DECRYPT (first 64 bytes):
           0  1  2  3  4  5  6  7  8  9  A  B  C  D  E  F  0123456789ABCDEF
02197820  33 08 08 fa eb ac 02 18 00 48 be a3 d4 e0 01 60  3........H.....`
02197830  82 02 68 00 70 00 78 00 98 01 00 b0 01 00 c2 01  ..h.p.x.........
02197840  81 01 44 6c 67 41 63 74 69 76 69 74 79 4d 65 6e  ..DlgActivityMen
02197850  75 4d 61 69 6e 42 74 6e 5f 4f 70 65 6e 42 74 6e  uMainBtn_OpenBtn
[>] Decrypt wrapper called — context: 0x171afe9c

[+] ======= BF_cfb64_encrypt call #344 =======
[+] Mode: DECRYPT
[+] Length: 2 bytes
[+] BF_KEY ptr: 0x219946c
[+] IV ptr: 0x2199439
[+] num ptr: 0x2199430 (value: 6)
[+] IV (8 bytes):
           0  1  2  3  4  5  6  7  8  9  A  B  C  D  E  F  0123456789ABCDEF
02199439  3e dc ba 8f 44 20 d2 15                          >...D ..
[+] Input data (first 2 bytes):
           0  1  2  3  4  5  6  7  8  9  A  B  C  D  E  F  0123456789ABCDEF
171afe9c  75 15                                            u.
[+] Output data after DECRYPT (first 2 bytes):
           0  1  2  3  4  5  6  7  8  9  A  B  C  D  E  F  0123456789ABCDEF
02197820  a7 00                                            ..
[>] Decrypt wrapper called — context: 0x2198022

[+] ======= BF_cfb64_encrypt call #345 =======
[+] Mode: DECRYPT
[+] Length: 173 bytes
[+] BF_KEY ptr: 0x219946c
[+] IV ptr: 0x2199439
[+] num ptr: 0x2199430 (value: 0)
[+] IV (8 bytes):
           0  1  2  3  4  5  6  7  8  9  A  B  C  D  E  F  0123456789ABCDEF
02199439  3e dc ba 8f 44 20 75 15                          >...D u.
[+] Input data (first 64 bytes):
           0  1  2  3  4  5  6  7  8  9  A  B  C  D  E  F  0123456789ABCDEF
02198022  bd 72 75 34 bf 20 f2 ba 4a 7a f9 a7 28 ef ad 2e  .ru4. ..Jz..(...
02198032  5f 95 41 0c c2 0c 40 e6 11 54 d0 18 74 6b 23 db  _.A...@..T..tk#.
02198042  61 d1 8b 85 e1 c3 c7 12 23 81 2f 07 46 b9 3b a3  a.......#./.F.;.
02198052  9d c4 fe 1a ea 67 b7 af f2 94 57 19 07 10 7d ce  .....g....W...}.
[+] Output data after DECRYPT (first 64 bytes):
           0  1  2  3  4  5  6  7  8  9  A  B  C  D  E  F  0123456789ABCDEF
02197820  33 08 08 fa eb ac 02 18 00 48 be a3 d4 e0 01 60  3........H.....`
02197830  82 02 68 00 70 00 78 00 98 01 00 b0 01 00 c2 01  ..h.p.x.........
02197840  83 01 46 67 75 69 41 63 74 69 76 69 74 79 4d 65  ..FguiActivityMe
02197850  6e 75 5f 4f 70 65 6e 44 61 74 61 7c 7b 5b 27 43  nu_OpenData|{['C
[>] Decrypt wrapper called — context: 0x171afe9c

[+] ======= BF_cfb64_encrypt call #346 =======
[+] Mode: DECRYPT
[+] Length: 2 bytes
[+] BF_KEY ptr: 0x219946c
[+] IV ptr: 0x2199439
[+] num ptr: 0x2199430 (value: 5)
[+] IV (8 bytes):
           0  1  2  3  4  5  6  7  8  9  A  B  C  D  E  F  0123456789ABCDEF
02199439  64 66 b4 4f ca 4f 8b 6c                          df.O.O.l
[+] Input data (first 2 bytes):
           0  1  2  3  4  5  6  7  8  9  A  B  C  D  E  F  0123456789ABCDEF
171afe9c  07 8b                                            ..
[+] Output data after DECRYPT (first 2 bytes):
           0  1  2  3  4  5  6  7  8  9  A  B  C  D  E  F  0123456789ABCDEF
02197820  48 00                                            H.
[>] Decrypt wrapper called — context: 0x2198022

[+] ======= BF_cfb64_encrypt call #347 =======
[+] Mode: DECRYPT
[+] Length: 78 bytes
[+] BF_KEY ptr: 0x219946c
[+] IV ptr: 0x2199439
[+] num ptr: 0x2199430 (value: 7)
[+] IV (8 bytes):
           0  1  2  3  4  5  6  7  8  9  A  B  C  D  E  F  0123456789ABCDEF
02199439  64 66 b4 4f ca 07 8b 6c                          df.O...l
[+] Input data (first 64 bytes):
           0  1  2  3  4  5  6  7  8  9  A  B  C  D  E  F  0123456789ABCDEF
02198022  4f cb ad 0a 6e 86 e2 bc 94 02 27 02 f6 ff 61 c3  O...n.....'...a.
02198032  d1 f5 ab 6c 27 07 fd ce e0 6e 96 43 61 dc e5 84  ...l'....n.Ca...
02198042  d3 e9 1e 61 ee 86 ab 68 1c 6c 40 de 47 d4 b4 d7  ...a...h.l@.G...
02198052  3d 81 ac 24 73 20 81 17 64 22 c7 07 a4 7a ae 83  =..$s ..d"...z..
[+] Output data after DECRYPT (first 64 bytes):
           0  1  2  3  4  5  6  7  8  9  A  B  C  D  E  F  0123456789ABCDEF
02197820  23 09 00 00 01 00 da 88 00 00 00 00 00 00 fa 35  #..............5
02197830  4b 00 02 00 00 00 00 00 00 00 00 00 00 00 00 00  K...............
02197840  00 00 ba 66 c9 69 00 00 00 00 00 00 00 00 00 00  ...f.i..........
02197850  00 00 00 00 00 00 00 00 00 00 00 00 00 00 00 00  ................
[>] Decrypt wrapper called — context: 0x171afe9c

[+] ======= BF_cfb64_encrypt call #348 =======
[+] Mode: DECRYPT
[+] Length: 2 bytes
[+] BF_KEY ptr: 0x219946c
[+] IV ptr: 0x2199439
[+] num ptr: 0x2199430 (value: 5)
[+] IV (8 bytes):
           0  1  2  3  4  5  6  7  8  9  A  B  C  D  E  F  0123456789ABCDEF
02199439  ca 7f 1b f8 c3 01 ba 79                          .......y
[+] Input data (first 2 bytes):
           0  1  2  3  4  5  6  7  8  9  A  B  C  D  E  F  0123456789ABCDEF
171afe9c  1f ba                                            ..
[+] Output data after DECRYPT (first 2 bytes):
           0  1  2  3  4  5  6  7  8  9  A  B  C  D  E  F  0123456789ABCDEF
02197820  1e 00                                            ..
[>] Decrypt wrapper called — context: 0x2198022

[+] ======= BF_cfb64_encrypt call #349 =======
[+] Mode: DECRYPT
[+] Length: 36 bytes
[+] BF_KEY ptr: 0x219946c
[+] IV ptr: 0x2199439
[+] num ptr: 0x2199430 (value: 7)
[+] IV (8 bytes):
           0  1  2  3  4  5  6  7  8  9  A  B  C  D  E  F  0123456789ABCDEF
02199439  ca 7f 1b f8 c3 1f ba 79                          .......y
[+] Input data (first 36 bytes):
           0  1  2  3  4  5  6  7  8  9  A  B  C  D  E  F  0123456789ABCDEF
02198022  4a a2 4a 1f eb 22 d7 f3 20 38 27 b1 8b 0d 9b 4d  J.J..".. 8'....M
02198032  3f d5 a5 d0 cc 48 11 8e 53 84 73 1a 37 95 b2 ae  ?....H..S.s.7...
02198042  45 db 6e 4f                                      E.nO
[+] Output data after DECRYPT (first 36 bytes):
           0  1  2  3  4  5  6  7  8  9  A  B  C  D  E  F  0123456789ABCDEF
02197820  33 08 08 fa eb ac 02 18 8d 16 48 be a3 d4 e0 01  3.........H.....
02197830  50 04 60 7e 68 00 70 92 04 78 dd 02 54 51 53 65  P.`~h.p..x..TQSe
02197840  72 76 65 72                                      rver
[>] Decrypt wrapper called — context: 0x171afe9c

[+] ======= BF_cfb64_encrypt call #350 =======
[+] Mode: DECRYPT
[+] Length: 2 bytes
[+] BF_KEY ptr: 0x219946c
[+] IV ptr: 0x2199439
[+] num ptr: 0x2199430 (value: 3)
[+] IV (8 bytes):
           0  1  2  3  4  5  6  7  8  9  A  B  C  D  E  F  0123456789ABCDEF
02199439  db 6e 4f cd 5d 71 28 fc                          .nO.]q(.
[+] Input data (first 2 bytes):
           0  1  2  3  4  5  6  7  8  9  A  B  C  D  E  F  0123456789ABCDEF
171afe9c  d2 5d                                            .]
[+] Output data after DECRYPT (first 2 bytes):
           0  1  2  3  4  5  6  7  8  9  A  B  C  D  E  F  0123456789ABCDEF
02197820  1f 00                                            ..
[>] Decrypt wrapper called — context: 0x2198022

[+] ======= BF_cfb64_encrypt call #351 =======
[+] Mode: DECRYPT
[+] Length: 37 bytes
[+] BF_KEY ptr: 0x219946c
[+] IV ptr: 0x2199439
[+] num ptr: 0x2199430 (value: 5)
[+] IV (8 bytes):
           0  1  2  3  4  5  6  7  8  9  A  B  C  D  E  F  0123456789ABCDEF
02199439  db 6e 4f d2 5d 71 28 fc                          .nO.]q(.
[+] Input data (first 37 bytes):
           0  1  2  3  4  5  6  7  8  9  A  B  C  D  E  F  0123456789ABCDEF
02198022  42 20 f4 15 36 e3 3d db 54 ea 93 e9 38 9f 33 8d  B ..6.=.T...8.3.
02198032  31 70 e9 d6 92 e7 7c 44 9c aa ad e1 31 33 aa 53  1p....|D....13.S
02198042  d4 ac 78 66 c2                                   ..xf.
[+] Output data after DECRYPT (first 37 bytes):
           0  1  2  3  4  5  6  7  8  9  A  B  C  D  E  F  0123456789ABCDEF
02197820  33 08 08 fa eb ac 02 18 8d 16 48 be a3 d4 e0 01  3.........H.....
02197830  50 e6 07 60 7e 68 00 70 92 04 78 dd 02 54 51 53  P..`~h.p..x..TQS
02197840  65 72 76 65 72                                   erver
[>] Decrypt wrapper called — context: 0x171afe9c

[+] ======= BF_cfb64_encrypt call #352 =======
[+] Mode: DECRYPT
[+] Length: 2 bytes
[+] BF_KEY ptr: 0x219946c
[+] IV ptr: 0x2199439
[+] num ptr: 0x2199430 (value: 2)
[+] IV (8 bytes):
           0  1  2  3  4  5  6  7  8  9  A  B  C  D  E  F  0123456789ABCDEF
02199439  66 c2 d3 5b 26 a1 7f e2                          f..[&...
[+] Input data (first 2 bytes):
           0  1  2  3  4  5  6  7  8  9  A  B  C  D  E  F  0123456789ABCDEF
171afe9c  d5 5b                                            .[
[+] Output data after DECRYPT (first 2 bytes):
           0  1  2  3  4  5  6  7  8  9  A  B  C  D  E  F  0123456789ABCDEF
02197820  06 00                                            ..
[>] Decrypt wrapper called — context: 0x2198022

[+] ======= BF_cfb64_encrypt call #353 =======
[+] Mode: DECRYPT
[+] Length: 12 bytes
[+] BF_KEY ptr: 0x219946c
[+] IV ptr: 0x2199439
[+] num ptr: 0x2199430 (value: 4)
[+] IV (8 bytes):
           0  1  2  3  4  5  6  7  8  9  A  B  C  D  E  F  0123456789ABCDEF
02199439  66 c2 d5 5b 26 a1 7f e2                          f..[&...
[+] Input data (first 12 bytes):
           0  1  2  3  4  5  6  7  8  9  A  B  C  D  E  F  0123456789ABCDEF
02198022  0c ab 77 e2 e4 46 91 78 6c ab 65 2b              ..w..F.xl.e+
[+] Output data after DECRYPT (first 12 bytes):
           0  1  2  3  4  5  6  7  8  9  A  B  C  D  E  F  0123456789ABCDEF
02197820  2a 0a 08 00 54 51 53 65 72 76 65 72              *...TQServer
[>] Encrypt wrapper called — context: 0x2198820

[+] ======= BF_cfb64_encrypt call #354 =======
[+] Mode: ENCRYPT
[+] Length: 10 bytes
[+] BF_KEY ptr: 0x219946c
[+] IV ptr: 0x2199441
[+] num ptr: 0x2199434 (value: 0)
[+] IV (8 bytes):
           0  1  2  3  4  5  6  7  8  9  A  B  C  D  E  F  0123456789ABCDEF
02199441  46 2f 64 5e ce 6a a9 d8                          F/d^.j..
[+] Input data (first 10 bytes):
           0  1  2  3  4  5  6  7  8  9  A  B  C  D  E  F  0123456789ABCDEF
02198820  0a 00 f9 09 08 04 48 01 50 04                    ......H.P.
[+] Output data after ENCRYPT (first 10 bytes):
           0  1  2  3  4  5  6  7  8  9  A  B  C  D  E  F  0123456789ABCDEF
02197820  cf 42 ae 18 a4 39 c1 9f 63 97                    .B...9..c.
[>] Encrypt wrapper called — context: 0x16f83f8

[+] ======= BF_cfb64_encrypt call #355 =======
[+] Mode: ENCRYPT
[+] Length: 8 bytes
[+] BF_KEY ptr: 0x219946c
[+] IV ptr: 0x2199441
[+] num ptr: 0x2199434 (value: 2)
[+] IV (8 bytes):
           0  1  2  3  4  5  6  7  8  9  A  B  C  D  E  F  0123456789ABCDEF
02199441  63 97 a5 df b9 31 5b b9                          c....1[.
[+] Input data (first 8 bytes):
           0  1  2  3  4  5  6  7  8  9  A  B  C  D  E  F  0123456789ABCDEF
016f83f8  54 51 43 6c 69 65 6e 74                          TQClient
[+] Output data after ENCRYPT (first 8 bytes):
           0  1  2  3  4  5  6  7  8  9  A  B  C  D  E  F  0123456789ABCDEF
02197820  f1 8e fa 5d 32 dc e7 2b                          ...]2..+
[>] Decrypt wrapper called — context: 0x171afe9c

[+] ======= BF_cfb64_encrypt call #356 =======
[+] Mode: DECRYPT
[+] Length: 2 bytes
[+] BF_KEY ptr: 0x219946c
[+] IV ptr: 0x2199439
[+] num ptr: 0x2199430 (value: 0)
[+] IV (8 bytes):
           0  1  2  3  4  5  6  7  8  9  A  B  C  D  E  F  0123456789ABCDEF
02199439  e4 46 91 78 6c ab 65 2b                          .F.xl.e+
[+] Input data (first 2 bytes):
           0  1  2  3  4  5  6  7  8  9  A  B  C  D  E  F  0123456789ABCDEF
171afe9c  8a 9b                                            ..
[+] Output data after DECRYPT (first 2 bytes):
           0  1  2  3  4  5  6  7  8  9  A  B  C  D  E  F  0123456789ABCDEF
02197820  2c 00                                            ,.
[>] Decrypt wrapper called — context: 0x2198022

[+] ======= BF_cfb64_encrypt call #357 =======
[+] Mode: DECRYPT
[+] Length: 50 bytes
[+] BF_KEY ptr: 0x219946c
[+] IV ptr: 0x2199439
[+] num ptr: 0x2199430 (value: 2)
[+] IV (8 bytes):
           0  1  2  3  4  5  6  7  8  9  A  B  C  D  E  F  0123456789ABCDEF
02199439  8a 9b 2c 06 9f b7 27 1b                          ..,...'.
[+] Input data (first 50 bytes):
           0  1  2  3  4  5  6  7  8  9  A  B  C  D  E  F  0123456789ABCDEF
02198022  d2 01 97 4d cc b7 6a 68 10 64 2f 22 46 dd 84 8f  ...M..jh.d/"F...
02198032  14 c5 b3 42 8e 53 c0 a9 9b 40 df b9 73 e7 d7 d3  ...B.S...@..s...
02198042  26 b2 04 da 26 25 df e4 f8 97 b1 27 c7 e8 16 70  &...&%.....'...p
02198052  8d 13                                            ..
[+] Output data after DECRYPT (first 50 bytes):
           0  1  2  3  4  5  6  7  8  9  A  B  C  D  E  F  0123456789ABCDEF
02197820  fe 07 08 fa eb ac 02 12 21 08 90 01 20 00 28 00  ........!... .(.
02197830  30 98 f8 ff ff ff ff ff ff ff 01 38 ff ff ff ff  0..........8....
02197840  ff ff ff ff ff 01 40 00 48 00 54 51 53 65 72 76  ......@.H.TQServ
02197850  65 72                                            er
[>] Decrypt wrapper called — context: 0x171afe9c

[+] ======= BF_cfb64_encrypt call #358 =======
[+] Mode: DECRYPT
[+] Length: 2 bytes
[+] BF_KEY ptr: 0x219946c
[+] IV ptr: 0x2199439
[+] num ptr: 0x2199430 (value: 4)
[+] IV (8 bytes):
           0  1  2  3  4  5  6  7  8  9  A  B  C  D  E  F  0123456789ABCDEF
02199439  16 70 8d 13 20 9f 10 93                          .p.. ...
[+] Input data (first 2 bytes):
           0  1  2  3  4  5  6  7  8  9  A  B  C  D  E  F  0123456789ABCDEF
171afe9c  0a 9f                                            ..
[+] Output data after DECRYPT (first 2 bytes):
           0  1  2  3  4  5  6  7  8  9  A  B  C  D  E  F  0123456789ABCDEF
02197820  2a 00                                            *.
[>] Decrypt wrapper called — context: 0x2198022

[+] ======= BF_cfb64_encrypt call #359 =======
[+] Mode: DECRYPT
[+] Length: 48 bytes
[+] BF_KEY ptr: 0x219946c
[+] IV ptr: 0x2199439
[+] num ptr: 0x2199430 (value: 6)
[+] IV (8 bytes):
           0  1  2  3  4  5  6  7  8  9  A  B  C  D  E  F  0123456789ABCDEF
02199439  16 70 8d 13 0a 9f 10 93                          .p......
[+] Input data (first 48 bytes):
           0  1  2  3  4  5  6  7  8  9  A  B  C  D  E  F  0123456789ABCDEF
02198022  ee 94 9f 68 da 3d ef a7 d5 4d 66 d7 be 62 d4 28  ...h.=...Mf..b.(
02198032  47 bb 01 c6 fc d3 0c 5c 0c f6 bb 52 8b 5d 93 58  G......\...R.].X
02198042  61 c5 09 fe 36 06 b7 fa ac 23 08 7b a5 41 d6 7b  a...6....#.{.A.{
[+] Output data after DECRYPT (first 48 bytes):
           0  1  2  3  4  5  6  7  8  9  A  B  C  D  E  F  0123456789ABCDEF
02197820  fe 07 08 fa eb ac 02 12 05 08 80 01 10 00 12 04  ................
02197830  08 54 10 00 12 05 08 83 01 10 00 12 04 08 7f 10  .T..............
02197840  00 12 05 08 94 01 10 00 54 51 53 65 72 76 65 72  ........TQServer
[>] Decrypt wrapper called — context: 0x171afe9c

[+] ======= BF_cfb64_encrypt call #360 =======
[+] Mode: DECRYPT
[+] Length: 2 bytes
[+] BF_KEY ptr: 0x219946c
[+] IV ptr: 0x2199439
[+] num ptr: 0x2199430 (value: 6)
[+] IV (8 bytes):
           0  1  2  3  4  5  6  7  8  9  A  B  C  D  E  F  0123456789ABCDEF
02199439  08 7b a5 41 d6 7b bd b8                          .{.A.{..
[+] Input data (first 2 bytes):
           0  1  2  3  4  5  6  7  8  9  A  B  C  D  E  F  0123456789ABCDEF
171afe9c  a8 b8                                            ..
[+] Output data after DECRYPT (first 2 bytes):
           0  1  2  3  4  5  6  7  8  9  A  B  C  D  E  F  0123456789ABCDEF
02197820  15 00                                            ..
[>] Decrypt wrapper called — context: 0x2198022

[+] ======= BF_cfb64_encrypt call #361 =======
[+] Mode: DECRYPT
[+] Length: 27 bytes
[+] BF_KEY ptr: 0x219946c
[+] IV ptr: 0x2199439
[+] num ptr: 0x2199430 (value: 0)
[+] IV (8 bytes):
           0  1  2  3  4  5  6  7  8  9  A  B  C  D  E  F  0123456789ABCDEF
02199439  08 7b a5 41 d6 7b a8 b8                          .{.A.{..
[+] Input data (first 27 bytes):
           0  1  2  3  4  5  6  7  8  9  A  B  C  D  E  F  0123456789ABCDEF
02198022  05 38 ff 55 c5 00 bb 30 84 05 c0 0d 81 24 bc c6  .8.U...0.....$..
02198032  70 28 b6 ea c5 fe 46 c2 84 f2 e3                 p(....F....
[+] Output data after DECRYPT (first 27 bytes):
           0  1  2  3  4  5  6  7  8  9  A  B  C  D  E  F  0123456789ABCDEF
02197820  fe 07 08 fa eb ac 02 12 04 08 7d 10 00 12 04 08  ..........}.....
02197830  7e 10 00 54 51 53 65 72 76 65 72                 ~..TQServer
[>] Decrypt wrapper called — context: 0x171afe9c

[+] ======= BF_cfb64_encrypt call #362 =======
[+] Mode: DECRYPT
[+] Length: 2 bytes
[+] BF_KEY ptr: 0x219946c
[+] IV ptr: 0x2199439
[+] num ptr: 0x2199430 (value: 3)
[+] IV (8 bytes):
           0  1  2  3  4  5  6  7  8  9  A  B  C  D  E  F  0123456789ABCDEF
02199439  84 f2 e3 da bc 10 d4 92                          ........
[+] Input data (first 2 bytes):
           0  1  2  3  4  5  6  7  8  9  A  B  C  D  E  F  0123456789ABCDEF
171afe9c  b2 bc                                            ..
[+] Output data after DECRYPT (first 2 bytes):
           0  1  2  3  4  5  6  7  8  9  A  B  C  D  E  F  0123456789ABCDEF
02197820  68 00                                            h.
[>] Decrypt wrapper called — context: 0x2198022

[+] ======= BF_cfb64_encrypt call #363 =======
[+] Mode: DECRYPT
[+] Length: 110 bytes
[+] BF_KEY ptr: 0x219946c
[+] IV ptr: 0x2199439
[+] num ptr: 0x2199430 (value: 5)
[+] IV (8 bytes):
           0  1  2  3  4  5  6  7  8  9  A  B  C  D  E  F  0123456789ABCDEF
02199439  84 f2 e3 b2 bc 10 d4 92                          ........
[+] Input data (first 64 bytes):
           0  1  2  3  4  5  6  7  8  9  A  B  C  D  E  F  0123456789ABCDEF
02198022  b3 dc 91 2f 65 9a 55 d6 27 80 e7 68 59 31 be cc  .../e.U.'..hY1..
02198032  6a 5a b9 46 15 79 f1 21 20 bb 44 76 c6 6c eb b1  jZ.F.y.! .Dv.l..
02198042  fa 9c f7 37 e4 ff 85 6c 4a 15 ed e2 5a 1c ec e6  ...7...lJ...Z...
02198052  ee 24 49 b6 55 15 00 22 f0 68 8d 7c 83 f4 02 38  .$I.U..".h.|...8
[+] Output data after DECRYPT (first 64 bytes):
           0  1  2  3  4  5  6  7  8  9  A  B  C  D  E  F  0123456789ABCDEF
02197820  a3 08 03 00 00 00 00 00 00 00 00 00 00 00 00 00  ................
02197830  00 00 00 00 00 00 00 00 00 00 00 00 00 00 00 00  ................
02197840  00 00 00 00 00 00 00 00 00 00 00 00 00 00 00 00  ................
02197850  00 00 00 00 00 00 00 00 00 00 00 00 00 00 00 00  ................
[>] Decrypt wrapper called — context: 0x171afe9c

[+] ======= BF_cfb64_encrypt call #364 =======
[+] Mode: DECRYPT
[+] Length: 2 bytes
[+] BF_KEY ptr: 0x219946c
[+] IV ptr: 0x2199439
[+] num ptr: 0x2199430 (value: 3)
[+] IV (8 bytes):
           0  1  2  3  4  5  6  7  8  9  A  B  C  D  E  F  0123456789ABCDEF
02199439  89 9e ad 3f f3 df 08 4d                          ...?...M
[+] Input data (first 2 bytes):
           0  1  2  3  4  5  6  7  8  9  A  B  C  D  E  F  0123456789ABCDEF
171afe9c  22 f3                                            ".
[+] Output data after DECRYPT (first 2 bytes):
           0  1  2  3  4  5  6  7  8  9  A  B  C  D  E  F  0123456789ABCDEF
02197820  1d 00                                            ..
[>] Decrypt wrapper called — context: 0x2198022

[+] ======= BF_cfb64_encrypt call #365 =======
[+] Mode: DECRYPT
[+] Length: 35 bytes
[+] BF_KEY ptr: 0x219946c
[+] IV ptr: 0x2199439
[+] num ptr: 0x2199430 (value: 5)
[+] IV (8 bytes):
           0  1  2  3  4  5  6  7  8  9  A  B  C  D  E  F  0123456789ABCDEF
02199439  89 9e ad 22 f3 df 08 4d                          ..."...M
[+] Input data (first 35 bytes):
           0  1  2  3  4  5  6  7  8  9  A  B  C  D  E  F  0123456789ABCDEF
02198022  49 00 4f dc 60 ee 08 72 2a 28 a4 43 4d ec e0 46  I.O.`..r*(.CM..F
02198032  e2 bb b1 a9 9b 7d 28 c1 fe 81 60 f1 df f6 8d 16  .....}(...`.....
02198042  3a ae 28                                         :.(
[+] Output data after DECRYPT (first 35 bytes):
           0  1  2  3  4  5  6  7  8  9  A  B  C  D  E  F  0123456789ABCDEF
02197820  96 08 02 02 00 00 00 01 00 00 00 32 00 00 00 02  ...........2....
02197830  00 00 00 02 00 00 00 00 00 00 00 54 51 53 65 72  ...........TQSer
02197840  76 65 72                                         ver
[>] Decrypt wrapper called — context: 0x171afe9c

[+] ======= BF_cfb64_encrypt call #366 =======
[+] Mode: DECRYPT
[+] Length: 2 bytes
[+] BF_KEY ptr: 0x219946c
[+] IV ptr: 0x2199439
[+] num ptr: 0x2199430 (value: 0)
[+] IV (8 bytes):
           0  1  2  3  4  5  6  7  8  9  A  B  C  D  E  F  0123456789ABCDEF
02199439  f1 df f6 8d 16 3a ae 28                          .....:.(
[+] Input data (first 2 bytes):
           0  1  2  3  4  5  6  7  8  9  A  B  C  D  E  F  0123456789ABCDEF
171afe9c  3b c9                                            ;.
[+] Output data after DECRYPT (first 2 bytes):
           0  1  2  3  4  5  6  7  8  9  A  B  C  D  E  F  0123456789ABCDEF
02197820  18 00                                            ..
[>] Decrypt wrapper called — context: 0x2198022

[+] ======= BF_cfb64_encrypt call #367 =======
[+] Mode: DECRYPT
[+] Length: 30 bytes
[+] BF_KEY ptr: 0x219946c
[+] IV ptr: 0x2199439
[+] num ptr: 0x2199430 (value: 2)
[+] IV (8 bytes):
           0  1  2  3  4  5  6  7  8  9  A  B  C  D  E  F  0123456789ABCDEF
02199439  3b c9 78 b0 a6 ca 9b de                          ;.x.....
[+] Input data (first 30 bytes):
           0  1  2  3  4  5  6  7  8  9  A  B  C  D  E  F  0123456789ABCDEF
02198022  b2 b8 a5 c9 9a de 8c b9 5b 24 e0 8e b2 9f c4 22  ........[$....."
02198032  32 fe 60 57 88 45 c0 4d de 57 65 16 38 09        2.`W.E.M.We.8.
[+] Output data after DECRYPT (first 30 bytes):
           0  1  2  3  4  5  6  7  8  9  A  B  C  D  E  F  0123456789ABCDEF
02197820  ca 08 03 03 01 00 00 00 01 01 02 00 00 00 00 00  ................
02197830  03 00 00 00 00 00 54 51 53 65 72 76 65 72        ......TQServer
[>] Decrypt wrapper called — context: 0x171afe9c

[+] ======= BF_cfb64_encrypt call #368 =======
[+] Mode: DECRYPT
[+] Length: 2 bytes
[+] BF_KEY ptr: 0x219946c
[+] IV ptr: 0x2199439
[+] num ptr: 0x2199430 (value: 0)
[+] IV (8 bytes):
           0  1  2  3  4  5  6  7  8  9  A  B  C  D  E  F  0123456789ABCDEF
02199439  c0 4d de 57 65 16 38 09                          .M.We.8.
[+] Input data (first 2 bytes):
           0  1  2  3  4  5  6  7  8  9  A  B  C  D  E  F  0123456789ABCDEF
171afe9c  87 70                                            .p
[+] Output data after DECRYPT (first 2 bytes):
           0  1  2  3  4  5  6  7  8  9  A  B  C  D  E  F  0123456789ABCDEF
02197820  06 00                                            ..
[>] Decrypt wrapper called — context: 0x2198022

[+] ======= BF_cfb64_encrypt call #369 =======
[+] Mode: DECRYPT
[+] Length: 12 bytes
[+] BF_KEY ptr: 0x219946c
[+] IV ptr: 0x2199439
[+] num ptr: 0x2199430 (value: 2)
[+] IV (8 bytes):
           0  1  2  3  4  5  6  7  8  9  A  B  C  D  E  F  0123456789ABCDEF
02199439  87 70 44 2b 47 e5 a5 7c                          .pD+G..|
[+] Input data (first 12 bytes):
           0  1  2  3  4  5  6  7  8  9  A  B  C  D  E  F  0123456789ABCDEF
02198022  5c 22 4f e4 f1 2d 65 aa 3c 6a 46 d2              \"O..-e.<jF.
[+] Output data after DECRYPT (first 12 bytes):
           0  1  2  3  4  5  6  7  8  9  A  B  C  D  E  F  0123456789ABCDEF
02197820  18 09 08 01 54 51 53 65 72 76 65 72              ....TQServer
[>] Decrypt wrapper called — context: 0x171afe9c

[+] ======= BF_cfb64_encrypt call #370 =======
[+] Mode: DECRYPT
[+] Length: 2 bytes
[+] BF_KEY ptr: 0x219946c
[+] IV ptr: 0x2199439
[+] num ptr: 0x2199430 (value: 6)
[+] IV (8 bytes):
           0  1  2  3  4  5  6  7  8  9  A  B  C  D  E  F  0123456789ABCDEF
02199439  65 aa 3c 6a 46 d2 ad 74                          e.<jF..t
[+] Input data (first 2 bytes):
           0  1  2  3  4  5  6  7  8  9  A  B  C  D  E  F  0123456789ABCDEF
171afe9c  a1 74                                            .t
[+] Output data after DECRYPT (first 2 bytes):
           0  1  2  3  4  5  6  7  8  9  A  B  C  D  E  F  0123456789ABCDEF
02197820  0c 00                                            ..
[>] Decrypt wrapper called — context: 0x2198022

[+] ======= BF_cfb64_encrypt call #371 =======
[+] Mode: DECRYPT
[+] Length: 18 bytes
[+] BF_KEY ptr: 0x219946c
[+] IV ptr: 0x2199439
[+] num ptr: 0x2199430 (value: 0)
[+] IV (8 bytes):
           0  1  2  3  4  5  6  7  8  9  A  B  C  D  E  F  0123456789ABCDEF
02199439  65 aa 3c 6a 46 d2 a1 74                          e.<jF..t
[+] Input data (first 18 bytes):
           0  1  2  3  4  5  6  7  8  9  A  B  C  D  E  F  0123456789ABCDEF
02198022  7b 70 c1 5d 5a bb 6a 86 bf b4 53 f3 de 03 e9 79  {p.]Z.j...S....y
02198032  77 ba                                            w.
[+] Output data after DECRYPT (first 18 bytes):
           0  1  2  3  4  5  6  7  8  9  A  B  C  D  E  F  0123456789ABCDEF
02197820  5d 08 03 00 00 00 00 00 00 00 54 51 53 65 72 76  ].........TQServ
02197830  65 72                                            er
[>] Decrypt wrapper called — context: 0x171afe9c

[+] ======= BF_cfb64_encrypt call #372 =======
[+] Mode: DECRYPT
[+] Length: 2 bytes
[+] BF_KEY ptr: 0x219946c
[+] IV ptr: 0x2199439
[+] num ptr: 0x2199430 (value: 2)
[+] IV (8 bytes):
           0  1  2  3  4  5  6  7  8  9  A  B  C  D  E  F  0123456789ABCDEF
02199439  77 ba 45 6a 53 18 d5 b8                          w.EjS...
[+] Input data (first 2 bytes):
           0  1  2  3  4  5  6  7  8  9  A  B  C  D  E  F  0123456789ABCDEF
171afe9c  3f 6a                                            ?j
[+] Output data after DECRYPT (first 2 bytes):
           0  1  2  3  4  5  6  7  8  9  A  B  C  D  E  F  0123456789ABCDEF
02197820  7a 00                                            z.
[>] Decrypt wrapper called — context: 0x2198022

[+] ======= BF_cfb64_encrypt call #373 =======
[+] Mode: DECRYPT
[+] Length: 128 bytes
[+] BF_KEY ptr: 0x219946c
[+] IV ptr: 0x2199439
[+] num ptr: 0x2199430 (value: 4)
[+] IV (8 bytes):
           0  1  2  3  4  5  6  7  8  9  A  B  C  D  E  F  0123456789ABCDEF
02199439  77 ba 3f 6a 53 18 d5 b8                          w.?jS...
[+] Input data (first 64 bytes):
           0  1  2  3  4  5  6  7  8  9  A  B  C  D  E  F  0123456789ABCDEF
02198022  b6 11 dd b8 8d dd d4 25 b0 0f 53 36 e4 c6 1a f2  .......%..S6....
02198032  66 79 6f d8 73 c9 71 de 98 e8 c3 8e ad 5c 04 c9  fyo.s.q......\..
02198042  52 f8 e6 9e 86 ee 67 6a 19 3f bc 77 a8 43 d6 3b  R.....gj.?.w.C.;
02198052  a5 4e 0f 60 fc ac 74 40 c9 37 a0 3b 56 d9 0b d1  .N.`..t@.7.;V...
[+] Output data after DECRYPT (first 64 bytes):
           0  1  2  3  4  5  6  7  8  9  A  B  C  D  E  F  0123456789ABCDEF
02197820  e5 09 08 00 12 0a 08 1f 10 ea cb d4 09 18 84 07  ................
02197830  12 0a 08 1f 10 ea cb d4 09 18 e8 07 12 0a 08 1f  ................
02197840  10 ea cb d4 09 18 cc 08 12 0a 08 1f 10 ea cb d4  ................
02197850  09 18 b0 09 12 0a 08 1f 10 e9 cb d4 09 18 b0 09  ................
[>] Decrypt wrapper called — context: 0x171afe9c

[+] ======= BF_cfb64_encrypt call #374 =======
[+] Mode: DECRYPT
[+] Length: 2 bytes
[+] BF_KEY ptr: 0x219946c
[+] IV ptr: 0x2199439
[+] num ptr: 0x2199430 (value: 4)
[+] IV (8 bytes):
           0  1  2  3  4  5  6  7  8  9  A  B  C  D  E  F  0123456789ABCDEF
02199439  52 aa bc ee a6 f3 24 06                          R.....$.
[+] Input data (first 2 bytes):
           0  1  2  3  4  5  6  7  8  9  A  B  C  D  E  F  0123456789ABCDEF
171afe9c  3c f3                                            <.
[+] Output data after DECRYPT (first 2 bytes):
           0  1  2  3  4  5  6  7  8  9  A  B  C  D  E  F  0123456789ABCDEF
02197820  9a 00                                            ..
[>] Decrypt wrapper called — context: 0x2198022

[+] ======= BF_cfb64_encrypt call #375 =======
[+] Mode: DECRYPT
[+] Length: 160 bytes
[+] BF_KEY ptr: 0x219946c
[+] IV ptr: 0x2199439
[+] num ptr: 0x2199430 (value: 6)
[+] IV (8 bytes):
           0  1  2  3  4  5  6  7  8  9  A  B  C  D  E  F  0123456789ABCDEF
02199439  52 aa bc ee 3c f3 24 06                          R...<.$.
[+] Input data (first 64 bytes):
           0  1  2  3  4  5  6  7  8  9  A  B  C  D  E  F  0123456789ABCDEF
02198022  d3 0f ed 3e e8 c6 63 6c 89 96 88 4e 72 f5 58 44  ...>..cl...Nr.XD
02198032  17 b7 a5 b6 aa c1 67 47 eb 4a fc 6f 86 3d 13 82  ......gG.J.o.=..
02198042  36 e0 c3 94 51 34 fd d8 41 88 bc 09 d6 74 f4 d7  6...Q4..A....t..
02198052  7f bd 47 dc 5b 85 29 8d 5e ec 77 39 55 3a b8 10  ..G.[.).^.w9U:..
[+] Output data after DECRYPT (first 64 bytes):
           0  1  2  3  4  5  6  7  8  9  A  B  C  D  E  F  0123456789ABCDEF
02197820  f7 09 08 00 12 0d 08 0b 10 ea cb d4 09 18 a2 07  ................
02197830  30 d3 01 12 0d 08 0f 10 e9 cb d4 09 18 b2 0a 30  0..............0
02197840  d3 01 12 0d 08 0d 10 ea cb d4 09 18 ea 08 30 d3  ..............0.
02197850  01 12 0d 08 10 10 e9 cb d4 09 18 96 0b 30 d3 01  .............0..
[>] Decrypt wrapper called — context: 0x171afe9c

[+] ======= BF_cfb64_encrypt call #376 =======
[+] Mode: DECRYPT
[+] Length: 2 bytes
[+] BF_KEY ptr: 0x219946c
[+] IV ptr: 0x2199439
[+] num ptr: 0x2199430 (value: 6)
[+] IV (8 bytes):
           0  1  2  3  4  5  6  7  8  9  A  B  C  D  E  F  0123456789ABCDEF
02199439  04 56 86 d8 fa 3c 28 c9                          .V...<(.
[+] Input data (first 2 bytes):
           0  1  2  3  4  5  6  7  8  9  A  B  C  D  E  F  0123456789ABCDEF
171afe9c  33 c9                                            3.
[+] Output data after DECRYPT (first 2 bytes):
           0  1  2  3  4  5  6  7  8  9  A  B  C  D  E  F  0123456789ABCDEF
02197820  1b 00                                            ..
[>] Decrypt wrapper called — context: 0x2198022

[+] ======= BF_cfb64_encrypt call #377 =======
[+] Mode: DECRYPT
[+] Length: 33 bytes
[+] BF_KEY ptr: 0x219946c
[+] IV ptr: 0x2199439
[+] num ptr: 0x2199430 (value: 0)
[+] IV (8 bytes):
           0  1  2  3  4  5  6  7  8  9  A  B  C  D  E  F  0123456789ABCDEF
02199439  04 56 86 d8 fa 3c 33 c9                          .V...<3.
[+] Input data (first 33 bytes):
           0  1  2  3  4  5  6  7  8  9  A  B  C  D  E  F  0123456789ABCDEF
02198022  cf 5f fa f4 38 aa 7a cc 5f d8 05 e2 dc 60 a9 9e  ._..8.z._....`..
02198032  a5 b8 c2 8a 96 37 cf 8f 76 8f d3 f8 3b f6 86 3f  .....7..v...;..?
02198042  06                                               .
[+] Output data after DECRYPT (first 33 bytes):
           0  1  2  3  4  5  6  7  8  9  A  B  C  D  E  F  0123456789ABCDEF
02197820  22 08 0a 15 08 31 10 fa eb ac 02 40 00 48 00 50  "....1.....@.H.P
02197830  00 58 00 88 01 00 90 01 00 54 51 53 65 72 76 65  .X.......TQServe
02197840  72                                               r
[>] Decrypt wrapper called — context: 0x171afe9c

[+] ======= BF_cfb64_encrypt call #378 =======
[+] Mode: DECRYPT
[+] Length: 2 bytes
[+] BF_KEY ptr: 0x219946c
[+] IV ptr: 0x2199439
[+] num ptr: 0x2199430 (value: 1)
[+] IV (8 bytes):
           0  1  2  3  4  5  6  7  8  9  A  B  C  D  E  F  0123456789ABCDEF
02199439  06 ab 05 b8 65 0c d3 21                          ....e..!
[+] Input data (first 2 bytes):
           0  1  2  3  4  5  6  7  8  9  A  B  C  D  E  F  0123456789ABCDEF
171afe9c  a1 05                                            ..
[+] Output data after DECRYPT (first 2 bytes):
           0  1  2  3  4  5  6  7  8  9  A  B  C  D  E  F  0123456789ABCDEF
02197820  0a 00                                            ..
[>] Decrypt wrapper called — context: 0x2198022

[+] ======= BF_cfb64_encrypt call #379 =======
[+] Mode: DECRYPT
[+] Length: 16 bytes
[+] BF_KEY ptr: 0x219946c
[+] IV ptr: 0x2199439
[+] num ptr: 0x2199430 (value: 3)
[+] IV (8 bytes):
           0  1  2  3  4  5  6  7  8  9  A  B  C  D  E  F  0123456789ABCDEF
02199439  06 a1 05 b8 65 0c d3 21                          ....e..!
[+] Input data (first 16 bytes):
           0  1  2  3  4  5  6  7  8  9  A  B  C  D  E  F  0123456789ABCDEF
02198022  a6 6c 04 dd 31 62 95 48 e5 99 2f a4 c2 24 ea 07  .l..1b.H../..$..
[+] Output data after DECRYPT (first 16 bytes):
           0  1  2  3  4  5  6  7  8  9  A  B  C  D  E  F  0123456789ABCDEF
02197820  1e 09 08 0e 10 00 18 00 54 51 53 65 72 76 65 72  ........TQServer
[>] Decrypt wrapper called — context: 0x171afe9c

[+] ======= BF_cfb64_encrypt call #380 =======
[+] Mode: DECRYPT
[+] Length: 2 bytes
[+] BF_KEY ptr: 0x219946c
[+] IV ptr: 0x2199439
[+] num ptr: 0x2199430 (value: 3)
[+] IV (8 bytes):
           0  1  2  3  4  5  6  7  8  9  A  B  C  D  E  F  0123456789ABCDEF
02199439  24 ea 07 62 85 c6 d2 61                          $..b...a
[+] Input data (first 2 bytes):
           0  1  2  3  4  5  6  7  8  9  A  B  C  D  E  F  0123456789ABCDEF
171afe9c  70 85                                            p.
[+] Output data after DECRYPT (first 2 bytes):
           0  1  2  3  4  5  6  7  8  9  A  B  C  D  E  F  0123456789ABCDEF
02197820  12 00                                            ..
[>] Decrypt wrapper called — context: 0x2198022

[+] ======= BF_cfb64_encrypt call #381 =======
[+] Mode: DECRYPT
[+] Length: 24 bytes
[+] BF_KEY ptr: 0x219946c
[+] IV ptr: 0x2199439
[+] num ptr: 0x2199430 (value: 5)
[+] IV (8 bytes):
           0  1  2  3  4  5  6  7  8  9  A  B  C  D  E  F  0123456789ABCDEF
02199439  24 ea 07 70 85 c6 d2 61                          $..p...a
[+] Input data (first 24 bytes):
           0  1  2  3  4  5  6  7  8  9  A  B  C  D  E  F  0123456789ABCDEF
02198022  13 d5 69 bd 0d 21 9b 81 1d 82 3f 73 bd 2b 91 a1  ..i..!....?s.+..
02198032  a0 cd e9 2c 17 8d 40 ed                          ...,..@.
[+] Output data after DECRYPT (first 24 bytes):
           0  1  2  3  4  5  6  7  8  9  A  B  C  D  E  F  0123456789ABCDEF
02197820  d5 07 08 00 10 00 18 00 20 00 32 04 08 00 10 00  ........ .2.....
02197830  54 51 53 65 72 76 65 72                          TQServer
[>] Decrypt wrapper called — context: 0x171afe9c

[+] ======= BF_cfb64_encrypt call #382 =======
[+] Mode: DECRYPT
[+] Length: 2 bytes
[+] BF_KEY ptr: 0x219946c
[+] IV ptr: 0x2199439
[+] num ptr: 0x2199430 (value: 5)
[+] IV (8 bytes):
           0  1  2  3  4  5  6  7  8  9  A  B  C  D  E  F  0123456789ABCDEF
02199439  2c 17 8d 40 ed c4 37 30                          ,..@..70
[+] Input data (first 2 bytes):
           0  1  2  3  4  5  6  7  8  9  A  B  C  D  E  F  0123456789ABCDEF
171afe9c  c2 37                                            .7
[+] Output data after DECRYPT (first 2 bytes):
           0  1  2  3  4  5  6  7  8  9  A  B  C  D  E  F  0123456789ABCDEF
02197820  06 00                                            ..
[>] Decrypt wrapper called — context: 0x2198022

[+] ======= BF_cfb64_encrypt call #383 =======
[+] Mode: DECRYPT
[+] Length: 12 bytes
[+] BF_KEY ptr: 0x219946c
[+] IV ptr: 0x2199439
[+] num ptr: 0x2199430 (value: 7)
[+] IV (8 bytes):
           0  1  2  3  4  5  6  7  8  9  A  B  C  D  E  F  0123456789ABCDEF
02199439  2c 17 8d 40 ed c2 37 30                          ,..@..70
[+] Input data (first 12 bytes):
           0  1  2  3  4  5  6  7  8  9  A  B  C  D  E  F  0123456789ABCDEF
02198022  ba 75 44 8e b1 af b8 99 ce 38 bf 71              .uD......8.q
[+] Output data after DECRYPT (first 12 bytes):
           0  1  2  3  4  5  6  7  8  9  A  B  C  D  E  F  0123456789ABCDEF
02197820  8a 08 08 10 54 51 53 65 72 76 65 72              ....TQServer
[>] Decrypt wrapper called — context: 0x171afe9c

[+] ======= BF_cfb64_encrypt call #384 =======
[+] Mode: DECRYPT
[+] Length: 2 bytes
[+] BF_KEY ptr: 0x219946c
[+] IV ptr: 0x2199439
[+] num ptr: 0x2199430 (value: 3)
[+] IV (8 bytes):
           0  1  2  3  4  5  6  7  8  9  A  B  C  D  E  F  0123456789ABCDEF
02199439  38 bf 71 ad 09 5b 7c 47                          8.q..[|G
[+] Input data (first 2 bytes):
           0  1  2  3  4  5  6  7  8  9  A  B  C  D  E  F  0123456789ABCDEF
171afe9c  80 09                                            ..
[+] Output data after DECRYPT (first 2 bytes):
           0  1  2  3  4  5  6  7  8  9  A  B  C  D  E  F  0123456789ABCDEF
02197820  2d 00                                            -.
[>] Decrypt wrapper called — context: 0x2198022

[+] ======= BF_cfb64_encrypt call #385 =======
[+] Mode: DECRYPT
[+] Length: 51 bytes
[+] BF_KEY ptr: 0x219946c
[+] IV ptr: 0x2199439
[+] num ptr: 0x2199430 (value: 5)
[+] IV (8 bytes):
           0  1  2  3  4  5  6  7  8  9  A  B  C  D  E  F  0123456789ABCDEF
02199439  38 bf 71 80 09 5b 7c 47                          8.q..[|G
[+] Input data (first 51 bytes):
           0  1  2  3  4  5  6  7  8  9  A  B  C  D  E  F  0123456789ABCDEF
02198022  64 75 4f 0d 55 29 e0 89 97 84 fd b7 a6 e7 1f 54  duO.U).........T
02198032  33 ff 49 49 6c 32 e0 23 25 e4 6f 05 7d 6e 54 7d  3.IIl2.#%.o.}nT}
02198042  34 38 79 0f e5 e3 f9 4f 15 d8 ee 20 a1 8d 1b c6  48y....O... ....
02198052  9b 68 22                                         .h"
[+] Output data after DECRYPT (first 51 bytes):
           0  1  2  3  4  5  6  7  8  9  A  B  C  D  E  F  0123456789ABCDEF
02197820  3f 09 08 00 10 fa eb ac 02 18 08 22 04 08 05 10  ?.........."....
02197830  50 22 05 08 07 10 9b 01 22 05 08 09 10 ac 02 22  P"......"......"
02197840  04 08 14 10 21 22 04 08 28 10 32 54 51 53 65 72  ....!"..(.2TQSer
02197850  76 65 72                                         ver
[>] Decrypt wrapper called — context: 0x171afe9c

[+] ======= BF_cfb64_encrypt call #386 =======
[+] Mode: DECRYPT
[+] Length: 2 bytes
[+] BF_KEY ptr: 0x219946c
[+] IV ptr: 0x2199439
[+] num ptr: 0x2199430 (value: 0)
[+] IV (8 bytes):
           0  1  2  3  4  5  6  7  8  9  A  B  C  D  E  F  0123456789ABCDEF
02199439  20 a1 8d 1b c6 9b 68 22                           .....h"
[+] Input data (first 2 bytes):
           0  1  2  3  4  5  6  7  8  9  A  B  C  D  E  F  0123456789ABCDEF
171afe9c  6b a7                                            k.
[+] Output data after DECRYPT (first 2 bytes):
           0  1  2  3  4  5  6  7  8  9  A  B  C  D  E  F  0123456789ABCDEF
02197820  08 00                                            ..
[>] Decrypt wrapper called — context: 0x2198022

[+] ======= BF_cfb64_encrypt call #387 =======
[+] Mode: DECRYPT
[+] Length: 14 bytes
[+] BF_KEY ptr: 0x219946c
[+] IV ptr: 0x2199439
[+] num ptr: 0x2199430 (value: 2)
[+] IV (8 bytes):
           0  1  2  3  4  5  6  7  8  9  A  B  C  D  E  F  0123456789ABCDEF
02199439  6b a7 15 4e 5e d9 47 4a                          k..N^.GJ
[+] Input data (first 14 bytes):
           0  1  2  3  4  5  6  7  8  9  A  B  C  D  E  F  0123456789ABCDEF
02198022  20 47 56 d9 57 7c 71 ca 75 e2 6d 4f 80 21         GV.W|q.u.mO.!
[+] Output data after DECRYPT (first 14 bytes):
           0  1  2  3  4  5  6  7  8  9  A  B  C  D  E  F  0123456789ABCDEF
02197820  35 09 08 00 10 36 54 51 53 65 72 76 65 72        5....6TQServer
[>] Decrypt wrapper called — context: 0x171afe9c

[+] ======= BF_cfb64_encrypt call #388 =======
[+] Mode: DECRYPT
[+] Length: 2 bytes
[+] BF_KEY ptr: 0x219946c
[+] IV ptr: 0x2199439
[+] num ptr: 0x2199430 (value: 0)
[+] IV (8 bytes):
           0  1  2  3  4  5  6  7  8  9  A  B  C  D  E  F  0123456789ABCDEF
02199439  71 ca 75 e2 6d 4f 80 21                          q.u.mO.!
[+] Input data (first 2 bytes):
           0  1  2  3  4  5  6  7  8  9  A  B  C  D  E  F  0123456789ABCDEF
171afe9c  3c 7d                                            <}
[+] Output data after DECRYPT (first 2 bytes):
           0  1  2  3  4  5  6  7  8  9  A  B  C  D  E  F  0123456789ABCDEF
02197820  1d 00                                            ..
[>] Decrypt wrapper called — context: 0x2198022

[+] ======= BF_cfb64_encrypt call #389 =======
[+] Mode: DECRYPT
[+] Length: 35 bytes
[+] BF_KEY ptr: 0x219946c
[+] IV ptr: 0x2199439
[+] num ptr: 0x2199430 (value: 2)
[+] IV (8 bytes):
           0  1  2  3  4  5  6  7  8  9  A  B  C  D  E  F  0123456789ABCDEF
02199439  3c 7d 32 65 5f 7a 46 9a                          <}2e_zF.
[+] Input data (first 35 bytes):
           0  1  2  3  4  5  6  7  8  9  A  B  C  D  E  F  0123456789ABCDEF
02198022  a4 6d 5d 79 46 9a 8c ac 89 69 64 cb 6d 50 8e a4  .m]yF....id.mP..
02198032  a2 c6 85 92 62 da c2 ac bc 2b 59 0a 30 a2 28 29  ....b....+Y.0.()
02198042  a0 6a 39                                         .j9
[+] Output data after DECRYPT (first 35 bytes):
           0  1  2  3  4  5  6  7  8  9  A  B  C  D  E  F  0123456789ABCDEF
02197820  96 08 02 03 00 00 00 01 00 00 00 00 00 00 00 04  ................
02197830  00 00 00 01 00 00 00 00 00 00 00 54 51 53 65 72  ...........TQSer
02197840  76 65 72                                         ver
[>] Decrypt wrapper called — context: 0x171afe9c

[+] ======= BF_cfb64_encrypt call #390 =======
[+] Mode: DECRYPT
[+] Length: 2 bytes
[+] BF_KEY ptr: 0x219946c
[+] IV ptr: 0x2199439
[+] num ptr: 0x2199430 (value: 5)
[+] IV (8 bytes):
           0  1  2  3  4  5  6  7  8  9  A  B  C  D  E  F  0123456789ABCDEF
02199439  28 29 a0 6a 39 0c e2 03                          ().j9...
[+] Input data (first 2 bytes):
           0  1  2  3  4  5  6  7  8  9  A  B  C  D  E  F  0123456789ABCDEF
171afe9c  41 e2                                            A.
[+] Output data after DECRYPT (first 2 bytes):
           0  1  2  3  4  5  6  7  8  9  A  B  C  D  E  F  0123456789ABCDEF
02197820  4d 00                                            M.
[>] Decrypt wrapper called — context: 0x2198022

[+] ======= BF_cfb64_encrypt call #391 =======
[+] Mode: DECRYPT
[+] Length: 83 bytes
[+] BF_KEY ptr: 0x219946c
[+] IV ptr: 0x2199439
[+] num ptr: 0x2199430 (value: 7)
[+] IV (8 bytes):
           0  1  2  3  4  5  6  7  8  9  A  B  C  D  E  F  0123456789ABCDEF
02199439  28 29 a0 6a 39 41 e2 03                          ().j9A..
[+] Input data (first 64 bytes):
           0  1  2  3  4  5  6  7  8  9  A  B  C  D  E  F  0123456789ABCDEF
02198022  38 26 4d 49 cf f9 6b b5 1e 24 15 c6 c9 af 42 b6  8&MI..k..$....B.
02198032  3a 31 72 ec f5 2c 34 97 43 ad 5b c5 43 20 e0 53  :1r..,4.C.[.C .S
02198042  e1 ea 50 35 d6 10 df d4 95 c7 78 62 38 3a 77 92  ..P5......xb8:w.
02198052  3e 44 64 ab e0 98 bb 9b e4 32 b9 15 c5 f3 14 84  >Dd......2......
[+] Output data after DECRYPT (first 64 bytes):
           0  1  2  3  4  5  6  7  8  9  A  B  C  D  E  F  0123456789ABCDEF
02197820  3b 08 0a 07 08 9d 02 10 54 18 00 0a 07 08 ad 05  ;.......T.......
02197830  10 2c 18 00 0a 07 08 bc 05 10 00 18 00 0a 07 08  .,..............
02197840  b4 06 10 51 18 00 0a 07 08 fe 06 10 25 18 00 0a  ...Q........%...
02197850  07 08 fe 06 10 26 18 00 0a 07 08 fe 06 10 2e 18  .....&..........
[>] Decrypt wrapper called — context: 0x171afe9c

[+] ======= BF_cfb64_encrypt call #392 =======
[+] Mode: DECRYPT
[+] Length: 2 bytes
[+] BF_KEY ptr: 0x219946c
[+] IV ptr: 0x2199439
[+] num ptr: 0x2199430 (value: 2)
[+] IV (8 bytes):
           0  1  2  3  4  5  6  7  8  9  A  B  C  D  E  F  0123456789ABCDEF
02199439  88 16 9a 1f 53 a1 af 8e                          ....S...
[+] Input data (first 2 bytes):
           0  1  2  3  4  5  6  7  8  9  A  B  C  D  E  F  0123456789ABCDEF
171afe9c  93 1f                                            ..
[+] Output data after DECRYPT (first 2 bytes):
           0  1  2  3  4  5  6  7  8  9  A  B  C  D  E  F  0123456789ABCDEF
02197820  09 00                                            ..
[>] Decrypt wrapper called — context: 0x2198022

[+] ======= BF_cfb64_encrypt call #393 =======
[+] Mode: DECRYPT
[+] Length: 15 bytes
[+] BF_KEY ptr: 0x219946c
[+] IV ptr: 0x2199439
[+] num ptr: 0x2199430 (value: 4)
[+] IV (8 bytes):
           0  1  2  3  4  5  6  7  8  9  A  B  C  D  E  F  0123456789ABCDEF
02199439  88 16 93 1f 53 a1 af 8e                          ....S...
[+] Input data (first 15 bytes):
           0  1  2  3  4  5  6  7  8  9  A  B  C  D  E  F  0123456789ABCDEF
02198022  4d a9 a7 74 a5 89 36 8b 56 8a 89 38 ef bb ff     M..t..6.V..8...
[+] Output data after DECRYPT (first 15 bytes):
           0  1  2  3  4  5  6  7  8  9  A  B  C  D  E  F  0123456789ABCDEF
02197820  1e 08 08 fa eb ac 02 54 51 53 65 72 76 65 72     .......TQServer
[>] Decrypt wrapper called — context: 0x171afe9c

[+] ======= BF_cfb64_encrypt call #394 =======
[+] Mode: DECRYPT
[+] Length: 2 bytes
[+] BF_KEY ptr: 0x219946c
[+] IV ptr: 0x2199439
[+] num ptr: 0x2199430 (value: 3)
[+] IV (8 bytes):
           0  1  2  3  4  5  6  7  8  9  A  B  C  D  E  F  0123456789ABCDEF
02199439  ef bb ff e5 2e a7 39 20                          ......9 
[+] Input data (first 2 bytes):
           0  1  2  3  4  5  6  7  8  9  A  B  C  D  E  F  0123456789ABCDEF
171afe9c  ed 2e                                            ..
[+] Output data after DECRYPT (first 2 bytes):
           0  1  2  3  4  5  6  7  8  9  A  B  C  D  E  F  0123456789ABCDEF
02197820  08 00                                            ..
[>] Decrypt wrapper called — context: 0x2198022

[+] ======= BF_cfb64_encrypt call #395 =======
[+] Mode: DECRYPT
[+] Length: 14 bytes
[+] BF_KEY ptr: 0x219946c
[+] IV ptr: 0x2199439
[+] num ptr: 0x2199430 (value: 5)
[+] IV (8 bytes):
           0  1  2  3  4  5  6  7  8  9  A  B  C  D  E  F  0123456789ABCDEF
02199439  ef bb ff ed 2e a7 39 20                          ......9 
[+] Input data (first 14 bytes):
           0  1  2  3  4  5  6  7  8  9  A  B  C  D  E  F  0123456789ABCDEF
02198022  b7 31 28 45 73 92 17 8a 84 5d bc 47 10 c6        .1(Es....].G..
[+] Output data after DECRYPT (first 14 bytes):
           0  1  2  3  4  5  6  7  8  9  A  B  C  D  E  F  0123456789ABCDEF
02197820  10 08 08 00 10 00 54 51 53 65 72 76 65 72        ......TQServer
[>] Decrypt wrapper called — context: 0x171afe9c

[+] ======= BF_cfb64_encrypt call #396 =======
[+] Mode: DECRYPT
[+] Length: 2 bytes
[+] BF_KEY ptr: 0x219946c
[+] IV ptr: 0x2199439
[+] num ptr: 0x2199430 (value: 3)
[+] IV (8 bytes):
           0  1  2  3  4  5  6  7  8  9  A  B  C  D  E  F  0123456789ABCDEF
02199439  47 10 c6 51 26 1e 21 da                          G..Q&.!.
[+] Input data (first 2 bytes):
           0  1  2  3  4  5  6  7  8  9  A  B  C  D  E  F  0123456789ABCDEF
171afe9c  73 26                                            s&
[+] Output data after DECRYPT (first 2 bytes):
           0  1  2  3  4  5  6  7  8  9  A  B  C  D  E  F  0123456789ABCDEF
02197820  22 00                                            ".
[>] Decrypt wrapper called — context: 0x2198022

[+] ======= BF_cfb64_encrypt call #397 =======
[+] Mode: DECRYPT
[+] Length: 40 bytes
[+] BF_KEY ptr: 0x219946c
[+] IV ptr: 0x2199439
[+] num ptr: 0x2199430 (value: 5)
[+] IV (8 bytes):
           0  1  2  3  4  5  6  7  8  9  A  B  C  D  E  F  0123456789ABCDEF
02199439  47 10 c6 73 26 1e 21 da                          G..s&.!.
[+] Input data (first 40 bytes):
           0  1  2  3  4  5  6  7  8  9  A  B  C  D  E  F  0123456789ABCDEF
02198022  d2 28 d2 71 91 63 9d ef f7 81 99 6e a7 a6 5c 8f  .(.q.c.....n..\.
02198032  0b f7 54 aa ab 74 a7 46 7d 7d ba 25 f9 9c 0c d5  ..T..t.F}}.%....
02198042  07 fe 86 5e be aa b0 30                          ...^...0
[+] Output data after DECRYPT (first 40 bytes):
           0  1  2  3  4  5  6  7  8  9  A  B  C  D  E  F  0123456789ABCDEF
02197820  cc 09 08 00 10 00 18 87 d1 02 20 00 20 00 20 00  .......... . . .
02197830  28 00 28 00 28 00 32 06 08 00 10 00 18 00 40 00  (.(.(.2.......@.
02197840  54 51 53 65 72 76 65 72                          TQServer
[>] Decrypt wrapper called — context: 0x171afe9c

[+] ======= BF_cfb64_encrypt call #398 =======
[+] Mode: DECRYPT
[+] Length: 2 bytes
[+] BF_KEY ptr: 0x219946c
[+] IV ptr: 0x2199439
[+] num ptr: 0x2199430 (value: 5)
[+] IV (8 bytes):
           0  1  2  3  4  5  6  7  8  9  A  B  C  D  E  F  0123456789ABCDEF
02199439  5e be aa b0 30 77 ae c3                          ^...0w..
[+] Input data (first 2 bytes):
           0  1  2  3  4  5  6  7  8  9  A  B  C  D  E  F  0123456789ABCDEF
171afe9c  6f ae                                            o.
[+] Output data after DECRYPT (first 2 bytes):
           0  1  2  3  4  5  6  7  8  9  A  B  C  D  E  F  0123456789ABCDEF
02197820  18 00                                            ..
[>] Decrypt wrapper called — context: 0x2198022

[+] ======= BF_cfb64_encrypt call #399 =======
[+] Mode: DECRYPT
[+] Length: 30 bytes
[+] BF_KEY ptr: 0x219946c
[+] IV ptr: 0x2199439
[+] num ptr: 0x2199430 (value: 7)
[+] IV (8 bytes):
           0  1  2  3  4  5  6  7  8  9  A  B  C  D  E  F  0123456789ABCDEF
02199439  5e be aa b0 30 6f ae c3                          ^...0o..
[+] Input data (first 30 bytes):
           0  1  2  3  4  5  6  7  8  9  A  B  C  D  E  F  0123456789ABCDEF
02198022  69 d5 0e d5 0d 01 c8 57 c1 1b de 36 4c 29 e2 3c  i......W...6L).<
02198032  5d 8e 46 b9 6c e8 69 82 4a 99 39 3c 12 c7        ].F.l.i.J.9<..
[+] Output data after DECRYPT (first 30 bytes):
           0  1  2  3  4  5  6  7  8  9  A  B  C  D  E  F  0123456789ABCDEF
02197820  aa 23 08 00 10 03 18 00 20 00 2a 08 08 03 10 00  .#...... .*.....
02197830  18 00 20 00 58 00 54 51 53 65 72 76 65 72        .. .X.TQServer
[>] Decrypt wrapper called — context: 0x171afe9c

[+] ======= BF_cfb64_encrypt call #400 =======
[+] Mode: DECRYPT
[+] Length: 2 bytes
[+] BF_KEY ptr: 0x219946c
[+] IV ptr: 0x2199439
[+] num ptr: 0x2199430 (value: 5)
[+] IV (8 bytes):
           0  1  2  3  4  5  6  7  8  9  A  B  C  D  E  F  0123456789ABCDEF
02199439  99 39 3c 12 c7 41 2b 59                          .9<..A+Y
[+] Input data (first 2 bytes):
           0  1  2  3  4  5  6  7  8  9  A  B  C  D  E  F  0123456789ABCDEF
171afe9c  50 2b                                            P+
[+] Output data after DECRYPT (first 2 bytes):
           0  1  2  3  4  5  6  7  8  9  A  B  C  D  E  F  0123456789ABCDEF
02197820  11 00                                            ..
[>] Decrypt wrapper called — context: 0x2198022

[+] ======= BF_cfb64_encrypt call #401 =======
[+] Mode: DECRYPT
[+] Length: 23 bytes
[+] BF_KEY ptr: 0x219946c
[+] IV ptr: 0x2199439
[+] num ptr: 0x2199430 (value: 7)
[+] IV (8 bytes):
           0  1  2  3  4  5  6  7  8  9  A  B  C  D  E  F  0123456789ABCDEF
02199439  99 39 3c 12 c7 50 2b 59                          .9<..P+Y
[+] Input data (first 23 bytes):
           0  1  2  3  4  5  6  7  8  9  A  B  C  D  E  F  0123456789ABCDEF
02198022  9d 4a 13 4c ba 4d c8 72 7e 4c 3c d9 74 2d 7f 35  .J.L.M.r~L<.t-.5
02198032  7a 19 a0 db ec 26 70                             z....&p
[+] Output data after DECRYPT (first 23 bytes):
           0  1  2  3  4  5  6  7  8  9  A  B  C  D  E  F  0123456789ABCDEF
02197820  c4 23 08 08 10 00 18 00 40 00 48 00 98 01 00 54  .#......@.H....T
02197830  51 53 65 72 76 65 72                             QServer
[>] Decrypt wrapper called — context: 0x171afe9c

[+] ======= BF_cfb64_encrypt call #402 =======
[+] Mode: DECRYPT
[+] Length: 2 bytes
[+] BF_KEY ptr: 0x219946c
[+] IV ptr: 0x2199439
[+] num ptr: 0x2199430 (value: 6)
[+] IV (8 bytes):
           0  1  2  3  4  5  6  7  8  9  A  B  C  D  E  F  0123456789ABCDEF
02199439  19 a0 db ec 26 70 45 41                          ....&pEA
[+] Input data (first 2 bytes):
           0  1  2  3  4  5  6  7  8  9  A  B  C  D  E  F  0123456789ABCDEF
171afe9c  04 41                                            .A
[+] Output data after DECRYPT (first 2 bytes):
           0  1  2  3  4  5  6  7  8  9  A  B  C  D  E  F  0123456789ABCDEF
02197820  41 00                                            A.
[>] Decrypt wrapper called — context: 0x2198022

[+] ======= BF_cfb64_encrypt call #403 =======
[+] Mode: DECRYPT
[+] Length: 71 bytes
[+] BF_KEY ptr: 0x219946c
[+] IV ptr: 0x2199439
[+] num ptr: 0x2199430 (value: 0)
[+] IV (8 bytes):
           0  1  2  3  4  5  6  7  8  9  A  B  C  D  E  F  0123456789ABCDEF
02199439  19 a0 db ec 26 70 04 41                          ....&p.A
[+] Input data (first 64 bytes):
           0  1  2  3  4  5  6  7  8  9  A  B  C  D  E  F  0123456789ABCDEF
02198022  79 3f 51 8b b7 79 4c 48 29 6f 35 6c 27 21 23 b0  y?Q..yLH)o5l'!#.
02198032  23 26 33 5a 7a 27 7d 45 0b c1 53 50 f4 ca d3 83  #&3Zz'}E..SP....
02198042  6b 39 6a c7 d3 a9 75 a2 59 73 e8 8c 82 2b c6 3e  k9j...u.Ys...+.>
02198052  ca 93 9f 5a e2 c1 89 69 7d a4 75 8c 38 dc a9 75  ...Z...i}.u.8..u
[+] Output data after DECRYPT (first 64 bytes):
           0  1  2  3  4  5  6  7  8  9  A  B  C  D  E  F  0123456789ABCDEF
02197820  39 09 08 ff ff ff 07 10 d0 0f 18 00 20 b0 09 30  9........... ..0
02197830  00 38 00 40 01 48 00 72 06 53 59 53 54 45 4d 72  .8.@.H.r.SYSTEMr
02197840  07 4c 65 70 6f 53 65 6e 72 00 72 13 53 54 52 5f  .LepoSenr.r.STR_
02197850  46 45 45 54 59 50 45 5f 4b 4e 4f 57 4e 40 40 54  FEETYPE_KNOWN@@T
[>] Decrypt wrapper called — context: 0x171afe9c

[+] ======= BF_cfb64_encrypt call #404 =======
[+] Mode: DECRYPT
[+] Length: 2 bytes
[+] BF_KEY ptr: 0x219946c
[+] IV ptr: 0x2199439
[+] num ptr: 0x2199430 (value: 7)
[+] IV (8 bytes):
           0  1  2  3  4  5  6  7  8  9  A  B  C  D  E  F  0123456789ABCDEF
02199439  9f 0e d2 d9 39 43 e8 1b                          ....9C..
[+] Input data (first 2 bytes):
           0  1  2  3  4  5  6  7  8  9  A  B  C  D  E  F  0123456789ABCDEF
171afe9c  15 26                                            .&
[+] Output data after DECRYPT (first 2 bytes):
           0  1  2  3  4  5  6  7  8  9  A  B  C  D  E  F  0123456789ABCDEF
02197820  0e 00                                            ..
[>] Decrypt wrapper called — context: 0x2198022

[+] ======= BF_cfb64_encrypt call #405 =======
[+] Mode: DECRYPT
[+] Length: 20 bytes
[+] BF_KEY ptr: 0x219946c
[+] IV ptr: 0x2199439
[+] num ptr: 0x2199430 (value: 1)
[+] IV (8 bytes):
           0  1  2  3  4  5  6  7  8  9  A  B  C  D  E  F  0123456789ABCDEF
02199439  26 0e f9 27 98 2b c2 e6                          &..'.+..
[+] Input data (first 20 bytes):
           0  1  2  3  4  5  6  7  8  9  A  B  C  D  E  F  0123456789ABCDEF
02198022  b3 f1 2f 98 33 c3 c6 69 7a a9 05 ef 5c 89 1d 84  ../.3..iz...\...
02198032  68 3c 98 62                                      h<.b
[+] Output data after DECRYPT (first 20 bytes):
           0  1  2  3  4  5  6  7  8  9  A  B  C  D  E  F  0123456789ABCDEF
02197820  bd 08 08 00 18 01 20 01 28 00 30 00 54 51 53 65  ...... .(.0.TQSe
02197830  72 76 65 72                                      rver
[>] Decrypt wrapper called — context: 0x171afe9c

[+] ======= BF_cfb64_encrypt call #406 =======
[+] Mode: DECRYPT
[+] Length: 2 bytes
[+] BF_KEY ptr: 0x219946c
[+] IV ptr: 0x2199439
[+] num ptr: 0x2199430 (value: 5)
[+] IV (8 bytes):
           0  1  2  3  4  5  6  7  8  9  A  B  C  D  E  F  0123456789ABCDEF
02199439  84 68 3c 98 62 79 23 0e                          .h<.by#.
[+] Input data (first 2 bytes):
           0  1  2  3  4  5  6  7  8  9  A  B  C  D  E  F  0123456789ABCDEF
171afe9c  60 23                                            `#
[+] Output data after DECRYPT (first 2 bytes):
           0  1  2  3  4  5  6  7  8  9  A  B  C  D  E  F  0123456789ABCDEF
02197820  19 00                                            ..
[>] Decrypt wrapper called — context: 0x2198022

[+] ======= BF_cfb64_encrypt call #407 =======
[+] Mode: DECRYPT
[+] Length: 31 bytes
[+] BF_KEY ptr: 0x219946c
[+] IV ptr: 0x2199439
[+] num ptr: 0x2199430 (value: 7)
[+] IV (8 bytes):
           0  1  2  3  4  5  6  7  8  9  A  B  C  D  E  F  0123456789ABCDEF
02199439  84 68 3c 98 62 60 23 0e                          .h<.b`#.
[+] Input data (first 31 bytes):
           0  1  2  3  4  5  6  7  8  9  A  B  C  D  E  F  0123456789ABCDEF
02198022  f0 b8 47 f9 7a a9 fd 79 09 26 00 26 ef f0 a9 ec  ..G.z..y.&.&....
02198032  9c c1 7e 0d 1a 4c 66 cb af 06 84 dd 02 ef ba     ..~..Lf........
[+] Output data after DECRYPT (first 31 bytes):
           0  1  2  3  4  5  6  7  8  9  A  B  C  D  E  F  0123456789ABCDEF
02197820  fe 07 08 fa eb ac 02 12 08 08 ff ff ff ff 0f 10  ................
02197830  00 12 04 08 08 10 0c 54 51 53 65 72 76 65 72     .......TQServer
[>] Encrypt wrapper called — context: 0x2198820

[+] ======= BF_cfb64_encrypt call #408 =======
[+] Mode: ENCRYPT
[+] Length: 12 bytes
[+] BF_KEY ptr: 0x219946c
[+] IV ptr: 0x2199441
[+] num ptr: 0x2199434 (value: 2)
[+] IV (8 bytes):
           0  1  2  3  4  5  6  7  8  9  A  B  C  D  E  F  0123456789ABCDEF
02199441  e7 2b 0a 0c 03 54 66 90                          .+...Tf.
[+] Input data (first 12 bytes):
           0  1  2  3  4  5  6  7  8  9  A  B  C  D  E  F  0123456789ABCDEF
02198820  0c 00 36 0a 00 00 00 00 93 38 67 44              ..6......8gD
[+] Output data after ENCRYPT (first 12 bytes):
           0  1  2  3  4  5  6  7  8  9  A  B  C  D  E  F  0123456789ABCDEF
02197820  06 0c 35 5e 66 90 39 2d 30 b9 7f 36              ..5^f.9-0..6
[>] Encrypt wrapper called — context: 0x16f83f8

[+] ======= BF_cfb64_encrypt call #409 =======
[+] Mode: ENCRYPT
[+] Length: 8 bytes
[+] BF_KEY ptr: 0x219946c
[+] IV ptr: 0x2199441
[+] num ptr: 0x2199434 (value: 6)
[+] IV (8 bytes):
           0  1  2  3  4  5  6  7  8  9  A  B  C  D  E  F  0123456789ABCDEF
02199441  39 2d 30 b9 7f 36 0b 96                          9-0..6..
[+] Input data (first 8 bytes):
           0  1  2  3  4  5  6  7  8  9  A  B  C  D  E  F  0123456789ABCDEF
016f83f8  54 51 43 6c 69 65 6e 74                          TQClient
[+] Output data after ENCRYPT (first 8 bytes):
           0  1  2  3  4  5  6  7  8  9  A  B  C  D  E  F  0123456789ABCDEF
02197820  5f c7 1b dc b0 f8 85 50                          _......P
[>] Decrypt wrapper called — context: 0x171afe9c

[+] ======= BF_cfb64_encrypt call #410 =======
[+] Mode: DECRYPT
[+] Length: 2 bytes
[+] BF_KEY ptr: 0x219946c
[+] IV ptr: 0x2199439
[+] num ptr: 0x2199430 (value: 6)
[+] IV (8 bytes):
           0  1  2  3  4  5  6  7  8  9  A  B  C  D  E  F  0123456789ABCDEF
02199439  06 84 dd 02 ef ba 05 2e                          ........
[+] Input data (first 2 bytes):
           0  1  2  3  4  5  6  7  8  9  A  B  C  D  E  F  0123456789ABCDEF
171afe9c  09 2e                                            ..
[+] Output data after DECRYPT (first 2 bytes):
           0  1  2  3  4  5  6  7  8  9  A  B  C  D  E  F  0123456789ABCDEF
02197820  0c 00                                            ..
[>] Decrypt wrapper called — context: 0x2198022

[+] ======= BF_cfb64_encrypt call #411 =======
[+] Mode: DECRYPT
[+] Length: 18 bytes
[+] BF_KEY ptr: 0x219946c
[+] IV ptr: 0x2199439
[+] num ptr: 0x2199430 (value: 0)
[+] IV (8 bytes):
           0  1  2  3  4  5  6  7  8  9  A  B  C  D  E  F  0123456789ABCDEF
02199439  06 84 dd 02 ef ba 09 2e                          ........
[+] Input data (first 18 bytes):
           0  1  2  3  4  5  6  7  8  9  A  B  C  D  E  F  0123456789ABCDEF
02198022  37 b1 c5 c9 96 c2 2e 10 24 5a 5f 60 0f 38 85 e4  7.......$Z_`.8..
02198032  1d 09                                            ..
[+] Output data after DECRYPT (first 18 bytes):
           0  1  2  3  4  5  6  7  8  9  A  B  C  D  E  F  0123456789ABCDEF
02197820  36 0a 00 00 00 00 93 38 67 44 54 51 53 65 72 76  6......8gDTQServ
02197830  65 72                                            er
[>] Decrypt wrapper called — context: 0x171afe9c

[+] ======= BF_cfb64_encrypt call #412 =======
[+] Mode: DECRYPT
[+] Length: 2 bytes
[+] BF_KEY ptr: 0x219946c
[+] IV ptr: 0x2199439
[+] num ptr: 0x2199430 (value: 2)
[+] IV (8 bytes):
           0  1  2  3  4  5  6  7  8  9  A  B  C  D  E  F  0123456789ABCDEF
02199439  1d 09 56 be 91 d9 3e de                          ..V...>.
[+] Input data (first 2 bytes):
           0  1  2  3  4  5  6  7  8  9  A  B  C  D  E  F  0123456789ABCDEF
171afe9c  4f be                                            O.
[+] Output data after DECRYPT (first 2 bytes):
           0  1  2  3  4  5  6  7  8  9  A  B  C  D  E  F  0123456789ABCDEF
02197820  19 00                                            ..
[>] Decrypt wrapper called — context: 0x2198022

[+] ======= BF_cfb64_encrypt call #413 =======
[+] Mode: DECRYPT
[+] Length: 31 bytes
[+] BF_KEY ptr: 0x219946c
[+] IV ptr: 0x2199439
[+] num ptr: 0x2199430 (value: 4)
[+] IV (8 bytes):
           0  1  2  3  4  5  6  7  8  9  A  B  C  D  E  F  0123456789ABCDEF
02199439  1d 09 4f be 91 d9 3e de                          ..O...>.
[+] Input data (first 31 bytes):
           0  1  2  3  4  5  6  7  8  9  A  B  C  D  E  F  0123456789ABCDEF
02198022  6f de 36 24 29 dc ec b8 74 e4 61 41 cf ce f3 e7  o.6$)...t.aA....
02198032  b6 17 f3 dc f5 dd 19 b0 27 66 42 03 8f 7b 33     ........'fB..{3
[+] Output data after DECRYPT (first 31 bytes):
           0  1  2  3  4  5  6  7  8  9  A  B  C  D  E  F  0123456789ABCDEF
02197820  fe 07 08 fa eb ac 02 12 08 08 ff ff ff ff 0f 10  ................
02197830  00 12 04 08 08 10 0f 54 51 53 65 72 76 65 72     .......TQServer
[>] Decrypt wrapper called — context: 0x171afe9c

[+] ======= BF_cfb64_encrypt call #414 =======
[+] Mode: DECRYPT
[+] Length: 2 bytes
[+] BF_KEY ptr: 0x219946c
[+] IV ptr: 0x2199439
[+] num ptr: 0x2199430 (value: 3)
[+] IV (8 bytes):
           0  1  2  3  4  5  6  7  8  9  A  B  C  D  E  F  0123456789ABCDEF
02199439  8f 7b 33 32 70 97 5f cb                          .{32p._.
[+] Input data (first 2 bytes):
           0  1  2  3  4  5  6  7  8  9  A  B  C  D  E  F  0123456789ABCDEF
171afe9c  2b 70                                            +p
[+] Output data after DECRYPT (first 2 bytes):
           0  1  2  3  4  5  6  7  8  9  A  B  C  D  E  F  0123456789ABCDEF
02197820  19 00                                            ..
[>] Decrypt wrapper called — context: 0x2198022

[+] ======= BF_cfb64_encrypt call #415 =======
[+] Mode: DECRYPT
[+] Length: 31 bytes
[+] BF_KEY ptr: 0x219946c
[+] IV ptr: 0x2199439
[+] num ptr: 0x2199430 (value: 5)
[+] IV (8 bytes):
           0  1  2  3  4  5  6  7  8  9  A  B  C  D  E  F  0123456789ABCDEF
02199439  8f 7b 33 2b 70 97 5f cb                          .{3+p._.
[+] Input data (first 31 bytes):
           0  1  2  3  4  5  6  7  8  9  A  B  C  D  E  F  0123456789ABCDEF
02198022  69 58 c3 62 2d f7 5b 2b 68 6f 0d 04 b8 03 66 a0  iX.b-.[+ho....f.
02198032  7e 1f 84 54 1e 3d 5e a4 9c 24 20 37 cd 5f ff     ~..T.=^..$ 7._.
[+] Output data after DECRYPT (first 31 bytes):
           0  1  2  3  4  5  6  7  8  9  A  B  C  D  E  F  0123456789ABCDEF
02197820  fe 07 08 fa eb ac 02 12 08 08 ff ff ff ff 0f 10  ................
02197830  00 12 04 08 08 10 12 54 51 53 65 72 76 65 72     .......TQServer
[>] Decrypt wrapper called — context: 0x171afe9c

[+] ======= BF_cfb64_encrypt call #416 =======
[+] Mode: DECRYPT
[+] Length: 2 bytes
[+] BF_KEY ptr: 0x219946c
[+] IV ptr: 0x2199439
[+] num ptr: 0x2199430 (value: 4)
[+] IV (8 bytes):
           0  1  2  3  4  5  6  7  8  9  A  B  C  D  E  F  0123456789ABCDEF
02199439  37 cd 5f ff 4a 10 41 25                          7._.J.A%
[+] Input data (first 2 bytes):
           0  1  2  3  4  5  6  7  8  9  A  B  C  D  E  F  0123456789ABCDEF
171afe9c  53 10                                            S.
[+] Output data after DECRYPT (first 2 bytes):
           0  1  2  3  4  5  6  7  8  9  A  B  C  D  E  F  0123456789ABCDEF
02197820  19 00                                            ..
[>] Decrypt wrapper called — context: 0x2198022

[+] ======= BF_cfb64_encrypt call #417 =======
[+] Mode: DECRYPT
[+] Length: 31 bytes
[+] BF_KEY ptr: 0x219946c
[+] IV ptr: 0x2199439
[+] num ptr: 0x2199430 (value: 6)
[+] IV (8 bytes):
           0  1  2  3  4  5  6  7  8  9  A  B  C  D  E  F  0123456789ABCDEF
02199439  37 cd 5f ff 53 10 41 25                          7._.S.A%
[+] Input data (first 31 bytes):
           0  1  2  3  4  5  6  7  8  9  A  B  C  D  E  F  0123456789ABCDEF
02198022  bf 22 bc 94 77 e4 20 cf bf 5c c2 e3 ff b6 a2 dc  ."..w. ..\......
02198032  ce 9d 94 17 5d a8 50 3c 40 b7 ce 78 28 2d 8c     ....].P<@..x(-.
[+] Output data after DECRYPT (first 31 bytes):
           0  1  2  3  4  5  6  7  8  9  A  B  C  D  E  F  0123456789ABCDEF
02197820  fe 07 08 fa eb ac 02 12 08 08 ff ff ff ff 0f 10  ................
02197830  00 12 04 08 08 10 15 54 51 53 65 72 76 65 72     .......TQServer
[>] Encrypt wrapper called — context: 0x2198820

[+] ======= BF_cfb64_encrypt call #418 =======
[+] Mode: ENCRYPT
[+] Length: 48 bytes
[+] BF_KEY ptr: 0x219946c
[+] IV ptr: 0x2199441
[+] num ptr: 0x2199434 (value: 6)
[+] IV (8 bytes):
           0  1  2  3  4  5  6  7  8  9  A  B  C  D  E  F  0123456789ABCDEF
02199441  1b dc b0 f8 85 50 34 7e                          .....P4~
[+] Input data (first 48 bytes):
           0  1  2  3  4  5  6  7  8  9  A  B  C  D  E  F  0123456789ABCDEF
02198820  30 00 33 08 08 fa eb ac 02 38 9c 04 40 da 02 48  0.3......8..@..H
02198830  d1 95 9d a3 04 60 89 01 68 06 70 92 04 78 dd 02  .....`..h.p..x..
02198840  88 01 ea 07 a0 01 ff ff ff ff ff ff ff ff ff 01  ................
[+] Output data after ENCRYPT (first 48 bytes):
           0  1  2  3  4  5  6  7  8  9  A  B  C  D  E  F  0123456789ABCDEF
02197820  04 7e 32 51 bc 14 3a 73 26 9b 74 17 fb 2a ca ae  .~2Q..:s&.t..*..
02197830  d2 ce 57 3f 33 ba c3 0b a5 92 06 59 ea 4a 83 f5  ..W?3......Y.J..
02197840  e0 50 f7 1d c8 6b 82 f7 44 8a ae 76 13 fb 3c 47  .P...k..D..v..<G
[>] Encrypt wrapper called — context: 0x16f83f8

[+] ======= BF_cfb64_encrypt call #419 =======
[+] Mode: ENCRYPT
[+] Length: 8 bytes
[+] BF_KEY ptr: 0x219946c
[+] IV ptr: 0x2199441
[+] num ptr: 0x2199434 (value: 6)
[+] IV (8 bytes):
           0  1  2  3  4  5  6  7  8  9  A  B  C  D  E  F  0123456789ABCDEF
02199441  ae 76 13 fb 3c 47 49 16                          .v..<GI.
[+] Input data (first 8 bytes):
           0  1  2  3  4  5  6  7  8  9  A  B  C  D  E  F  0123456789ABCDEF
016f83f8  54 51 43 6c 69 65 6e 74                          TQClient
[+] Output data after ENCRYPT (first 8 bytes):
           0  1  2  3  4  5  6  7  8  9  A  B  C  D  E  F  0123456789ABCDEF
02197820  1d 47 d8 37 6c 3c bc a7                          .G.7l<..
[>] Decrypt wrapper called — context: 0x171afe9c

[+] ======= BF_cfb64_encrypt call #420 =======
[+] Mode: DECRYPT
[+] Length: 2 bytes
[+] BF_KEY ptr: 0x219946c
[+] IV ptr: 0x2199439
[+] num ptr: 0x2199430 (value: 5)
[+] IV (8 bytes):
           0  1  2  3  4  5  6  7  8  9  A  B  C  D  E  F  0123456789ABCDEF
02199439  ce 78 28 2d 8c 07 77 46                          .x(-..wF
[+] Input data (first 2 bytes):
           0  1  2  3  4  5  6  7  8  9  A  B  C  D  E  F  0123456789ABCDEF
171afe9c  20 77                                             w
[+] Output data after DECRYPT (first 2 bytes):
           0  1  2  3  4  5  6  7  8  9  A  B  C  D  E  F  0123456789ABCDEF
02197820  27 00                                            '.
[>] Decrypt wrapper called — context: 0x2198022

[+] ======= BF_cfb64_encrypt call #421 =======
[+] Mode: DECRYPT
[+] Length: 45 bytes
[+] BF_KEY ptr: 0x219946c
[+] IV ptr: 0x2199439
[+] num ptr: 0x2199430 (value: 7)
[+] IV (8 bytes):
           0  1  2  3  4  5  6  7  8  9  A  B  C  D  E  F  0123456789ABCDEF
02199439  ce 78 28 2d 8c 20 77 46                          .x(-. wF
[+] Input data (first 45 bytes):
           0  1  2  3  4  5  6  7  8  9  A  B  C  D  E  F  0123456789ABCDEF
02198022  75 4e 18 63 7b 8d 9c e6 b2 8b c8 56 32 9d 15 a0  uN.c{......V2...
02198032  58 72 d3 b7 b2 38 1e d4 38 32 7b 74 90 16 33 98  Xr...8..82{t..3.
02198042  7b 6c dd 57 9b f5 05 fe 49 79 ac 93 f2           {l.W....Iy...
[+] Output data after DECRYPT (first 45 bytes):
           0  1  2  3  4  5  6  7  8  9  A  B  C  D  E  F  0123456789ABCDEF
02197820  33 08 08 fa eb ac 02 38 9c 04 40 da 02 48 d3 db  3......8..@..H..
02197830  d4 e0 01 60 89 01 68 06 70 92 04 78 dd 02 88 01  ...`..h.p..x....
02197840  ea 07 b8 01 00 54 51 53 65 72 76 65 72           .....TQServer
[>] Decrypt wrapper called — context: 0x171afe9c

[+] ======= BF_cfb64_encrypt call #422 =======
[+] Mode: DECRYPT
[+] Length: 2 bytes
[+] BF_KEY ptr: 0x219946c
[+] IV ptr: 0x2199439
[+] num ptr: 0x2199430 (value: 4)
[+] IV (8 bytes):
           0  1  2  3  4  5  6  7  8  9  A  B  C  D  E  F  0123456789ABCDEF
02199439  79 ac 93 f2 82 f2 3f 69                          y.....?i
[+] Input data (first 2 bytes):
           0  1  2  3  4  5  6  7  8  9  A  B  C  D  E  F  0123456789ABCDEF
171afe9c  1c f2                                            ..
[+] Output data after DECRYPT (first 2 bytes):
           0  1  2  3  4  5  6  7  8  9  A  B  C  D  E  F  0123456789ABCDEF
02197820  9e 00                                            ..
[>] Decrypt wrapper called — context: 0x2198022

[+] ======= BF_cfb64_encrypt call #423 =======
[+] Mode: DECRYPT
[+] Length: 164 bytes
[+] BF_KEY ptr: 0x219946c
[+] IV ptr: 0x2199439
[+] num ptr: 0x2199430 (value: 6)
[+] IV (8 bytes):
           0  1  2  3  4  5  6  7  8  9  A  B  C  D  E  F  0123456789ABCDEF
02199439  79 ac 93 f2 1c f2 3f 69                          y.....?i
[+] Input data (first 64 bytes):
           0  1  2  3  4  5  6  7  8  9  A  B  C  D  E  F  0123456789ABCDEF
02198022  cb 61 ae f2 43 74 fc f5 b9 13 50 96 ef 3f b2 00  .a..Ct....P..?..
02198032  7a c1 43 4c 4c a9 60 cb d0 cd 45 db 15 c8 93 3c  z.CLL.`...E....<
02198042  87 5f a9 0d 3d 5e c1 1c 2c 81 ed 5a fb c4 a4 1b  ._..=^..,..Z....
02198052  83 71 d7 4a 2e 8e 3c 9b 8d 2a 8c 71 d1 57 3e 38  .q.J..<..*.q.W>8
[+] Output data after DECRYPT (first 64 bytes):
           0  1  2  3  4  5  6  7  8  9  A  B  C  D  E  F  0123456789ABCDEF
02197820  f4 08 08 e7 01 10 d2 bf 19 18 00 20 00 28 00 30  ........... .(.0
02197830  00 30 00 30 00 30 00 30 00 30 00 30 00 30 00 30  .0.0.0.0.0.0.0.0
02197840  00 30 00 30 00 30 00 30 00 30 00 30 00 30 00 30  .0.0.0.0.0.0.0.0
02197850  00 30 00 40 00 48 00 50 00 58 00 60 00 78 00 b8  .0.@.H.P.X.`.x..
[>] Decrypt wrapper called — context: 0x171afe9c

[+] ======= BF_cfb64_encrypt call #424 =======
[+] Mode: DECRYPT
[+] Length: 2 bytes
[+] BF_KEY ptr: 0x219946c
[+] IV ptr: 0x2199439
[+] num ptr: 0x2199430 (value: 2)
[+] IV (8 bytes):
           0  1  2  3  4  5  6  7  8  9  A  B  C  D  E  F  0123456789ABCDEF
02199439  16 c5 bc a8 fe 8c cb 49                          .......I
[+] Input data (first 2 bytes):
           0  1  2  3  4  5  6  7  8  9  A  B  C  D  E  F  0123456789ABCDEF
171afe9c  22 a8                                            ".
[+] Output data after DECRYPT (first 2 bytes):
           0  1  2  3  4  5  6  7  8  9  A  B  C  D  E  F  0123456789ABCDEF
02197820  9e 00                                            ..
[>] Decrypt wrapper called — context: 0x2198022

[+] ======= BF_cfb64_encrypt call #425 =======
[+] Mode: DECRYPT
[+] Length: 164 bytes
[+] BF_KEY ptr: 0x219946c
[+] IV ptr: 0x2199439
[+] num ptr: 0x2199430 (value: 4)
[+] IV (8 bytes):
           0  1  2  3  4  5  6  7  8  9  A  B  C  D  E  F  0123456789ABCDEF
02199439  16 c5 22 a8 fe 8c cb 49                          .."....I
[+] Input data (first 64 bytes):
           0  1  2  3  4  5  6  7  8  9  A  B  C  D  E  F  0123456789ABCDEF
02198022  0a 84 c3 ae 01 3c 21 53 2e b0 92 15 21 f6 b3 d4  .....<!S....!...
02198032  db b5 f4 fd 3c a2 04 46 c4 9e ed 7b 67 de b7 c7  ....<..F...{g...
02198042  3f 0a 94 4f ac e3 48 e5 26 a9 5d 46 24 ce 13 d5  ?..O..H.&.]F$...
02198052  6b 64 f8 07 3e aa f3 c7 5c 69 23 e6 1f 14 da e2  kd..>...\i#.....
[+] Output data after DECRYPT (first 64 bytes):
           0  1  2  3  4  5  6  7  8  9  A  B  C  D  E  F  0123456789ABCDEF
02197820  f4 08 08 e7 01 10 ee df 19 18 00 20 00 28 00 30  ........... .(.0
02197830  00 30 00 30 00 30 00 30 00 30 00 30 00 30 00 30  .0.0.0.0.0.0.0.0
02197840  00 30 00 30 00 30 00 30 00 30 00 30 00 30 00 30  .0.0.0.0.0.0.0.0
02197850  00 30 00 40 00 48 00 50 00 58 00 60 00 78 00 b8  .0.@.H.P.X.`.x..
[>] Decrypt wrapper called — context: 0x171afe9c

[+] ======= BF_cfb64_encrypt call #426 =======
[+] Mode: DECRYPT
[+] Length: 2 bytes
[+] BF_KEY ptr: 0x219946c
[+] IV ptr: 0x2199439
[+] num ptr: 0x2199430 (value: 0)
[+] IV (8 bytes):
           0  1  2  3  4  5  6  7  8  9  A  B  C  D  E  F  0123456789ABCDEF
02199439  51 02 8f af 72 f0 3c df                          Q...r.<.
[+] Input data (first 2 bytes):
           0  1  2  3  4  5  6  7  8  9  A  B  C  D  E  F  0123456789ABCDEF
171afe9c  25 59                                            %Y
[+] Output data after DECRYPT (first 2 bytes):
           0  1  2  3  4  5  6  7  8  9  A  B  C  D  E  F  0123456789ABCDEF
02197820  9e 00                                            ..
[>] Decrypt wrapper called — context: 0x2198022

[+] ======= BF_cfb64_encrypt call #427 =======
[+] Mode: DECRYPT
[+] Length: 164 bytes
[+] BF_KEY ptr: 0x219946c
[+] IV ptr: 0x2199439
[+] num ptr: 0x2199430 (value: 2)
[+] IV (8 bytes):
           0  1  2  3  4  5  6  7  8  9  A  B  C  D  E  F  0123456789ABCDEF
02199439  25 59 fa bb e0 03 b9 17                          %Y......
[+] Input data (first 64 bytes):
           0  1  2  3  4  5  6  7  8  9  A  B  C  D  E  F  0123456789ABCDEF
02198022  0e b3 e8 e4 b8 07 05 8f c1 c9 c8 eb 6c e4 c6 bf  ............l...
02198032  28 2f a9 8a 44 3b 29 26 13 7b de d0 57 31 79 fe  (/..D;)&.{..W1y.
02198042  9c 0e 4a 40 4e db c6 9b 8b 6d 1d 9d 44 ba c0 9d  ..J@N....m..D...
02198052  19 d8 2e a8 a2 4e 79 be 01 12 e1 fe af 37 82 76  .....Ny......7.v
[+] Output data after DECRYPT (first 64 bytes):
           0  1  2  3  4  5  6  7  8  9  A  B  C  D  E  F  0123456789ABCDEF
02197820  f4 08 08 e7 01 10 9a 8b 1a 18 00 20 00 28 00 30  ........... .(.0
02197830  00 30 00 30 00 30 00 30 00 30 00 30 00 30 00 30  .0.0.0.0.0.0.0.0
02197840  00 30 00 30 00 30 00 30 00 30 00 30 00 30 00 30  .0.0.0.0.0.0.0.0
02197850  00 30 00 40 00 48 00 50 00 58 00 60 00 78 00 b8  .0.@.H.P.X.`.x..
[>] Decrypt wrapper called — context: 0x171afe9c

[+] ======= BF_cfb64_encrypt call #428 =======
[+] Mode: DECRYPT
[+] Length: 2 bytes
[+] BF_KEY ptr: 0x219946c
[+] IV ptr: 0x2199439
[+] num ptr: 0x2199430 (value: 6)
[+] IV (8 bytes):
           0  1  2  3  4  5  6  7  8  9  A  B  C  D  E  F  0123456789ABCDEF
02199439  47 29 36 fd 47 ae 7c 7a                          G)6.G.|z
[+] Input data (first 2 bytes):
           0  1  2  3  4  5  6  7  8  9  A  B  C  D  E  F  0123456789ABCDEF
171afe9c  e2 7a                                            .z
[+] Output data after DECRYPT (first 2 bytes):
           0  1  2  3  4  5  6  7  8  9  A  B  C  D  E  F  0123456789ABCDEF
02197820  9e 00                                            ..
[>] Decrypt wrapper called — context: 0x2198022

[+] ======= BF_cfb64_encrypt call #429 =======
[+] Mode: DECRYPT
[+] Length: 164 bytes
[+] BF_KEY ptr: 0x219946c
[+] IV ptr: 0x2199439
[+] num ptr: 0x2199430 (value: 0)
[+] IV (8 bytes):
           0  1  2  3  4  5  6  7  8  9  A  B  C  D  E  F  0123456789ABCDEF
02199439  47 29 36 fd 47 ae e2 7a                          G)6.G..z
[+] Input data (first 64 bytes):
           0  1  2  3  4  5  6  7  8  9  A  B  C  D  E  F  0123456789ABCDEF
02198022  f5 42 9b 71 c5 01 c9 9f 61 e2 69 fd 86 80 67 a9  .B.q....a.i...g.
02198032  01 fc 33 e9 bb 1b 65 01 ca e6 c9 ea 3c 37 1a 37  ..3...e.....<7.7
02198042  90 7b fa 90 50 c8 4d 03 ad a3 92 13 39 21 f0 52  .{..P.M.....9!.R
02198052  ab 94 d8 74 b3 fb 59 b6 99 9b 83 93 0a 48 0c 5f  ...t..Y......H._
[+] Output data after DECRYPT (first 64 bytes):
           0  1  2  3  4  5  6  7  8  9  A  B  C  D  E  F  0123456789ABCDEF
02197820  f4 08 08 e7 01 10 84 e2 19 18 00 20 00 28 00 30  ........... .(.0
02197830  00 30 00 30 00 30 00 30 00 30 00 30 00 30 00 30  .0.0.0.0.0.0.0.0
02197840  00 30 00 30 00 30 00 30 00 30 00 30 00 30 00 30  .0.0.0.0.0.0.0.0
02197850  00 30 00 40 00 48 00 50 00 58 00 60 00 78 00 b8  .0.@.H.P.X.`.x..
[>] Encrypt wrapper called — context: 0x2198820

[+] ======= BF_cfb64_encrypt call #430 =======
[+] Mode: ENCRYPT
[+] Length: 12 bytes
[+] BF_KEY ptr: 0x219946c
[+] IV ptr: 0x2199441
[+] num ptr: 0x2199434 (value: 6)
[+] IV (8 bytes):
           0  1  2  3  4  5  6  7  8  9  A  B  C  D  E  F  0123456789ABCDEF
02199441  d8 37 6c 3c bc a7 1d 15                          .7l<....
[+] Input data (first 12 bytes):
           0  1  2  3  4  5  6  7  8  9  A  B  C  D  E  F  0123456789ABCDEF
02198820  0c 00 36 0a 00 00 00 00 2a 4c 67 44              ..6.....*LgD
[+] Output data after ENCRYPT (first 12 bytes):
           0  1  2  3  4  5  6  7  8  9  A  B  C  D  E  F  0123456789ABCDEF
02197820  11 15 91 16 eb 3a a5 52 c0 14 0a 6b              .....:.R...k
[>] Encrypt wrapper called — context: 0x16f83f8

[+] ======= BF_cfb64_encrypt call #431 =======
[+] Mode: ENCRYPT
[+] Length: 8 bytes
[+] BF_KEY ptr: 0x219946c
[+] IV ptr: 0x2199441
[+] num ptr: 0x2199434 (value: 2)
[+] IV (8 bytes):
           0  1  2  3  4  5  6  7  8  9  A  B  C  D  E  F  0123456789ABCDEF
02199441  0a 6b b8 b7 f8 af 13 05                          .k......
[+] Input data (first 8 bytes):
           0  1  2  3  4  5  6  7  8  9  A  B  C  D  E  F  0123456789ABCDEF
016f83f8  54 51 43 6c 69 65 6e 74                          TQClient
[+] Output data after ENCRYPT (first 8 bytes):
           0  1  2  3  4  5  6  7  8  9  A  B  C  D  E  F  0123456789ABCDEF
02197820  ec e6 bb c3 7a 60 76 b6                          ....z`v.
[>] Decrypt wrapper called — context: 0x171afe9c

[+] ======= BF_cfb64_encrypt call #432 =======
[+] Mode: DECRYPT
[+] Length: 2 bytes
[+] BF_KEY ptr: 0x219946c
[+] IV ptr: 0x2199439
[+] num ptr: 0x2199430 (value: 4)
[+] IV (8 bytes):
           0  1  2  3  4  5  6  7  8  9  A  B  C  D  E  F  0123456789ABCDEF
02199439  36 6e 56 82 e2 74 d8 66                          6nV..t.f
[+] Input data (first 2 bytes):
           0  1  2  3  4  5  6  7  8  9  A  B  C  D  E  F  0123456789ABCDEF
171afe9c  ee 74                                            .t
[+] Output data after DECRYPT (first 2 bytes):
           0  1  2  3  4  5  6  7  8  9  A  B  C  D  E  F  0123456789ABCDEF
02197820  0c 00                                            ..
[>] Decrypt wrapper called — context: 0x2198022

[+] ======= BF_cfb64_encrypt call #433 =======
[+] Mode: DECRYPT
[+] Length: 18 bytes
[+] BF_KEY ptr: 0x219946c
[+] IV ptr: 0x2199439
[+] num ptr: 0x2199430 (value: 6)
[+] IV (8 bytes):
           0  1  2  3  4  5  6  7  8  9  A  B  C  D  E  F  0123456789ABCDEF
02199439  36 6e 56 82 ee 74 d8 66                          6nV..t.f
[+] Input data (first 18 bytes):
           0  1  2  3  4  5  6  7  8  9  A  B  C  D  E  F  0123456789ABCDEF
02198022  ee 6c 5a 53 f5 59 89 e0 d2 3b 83 b5 af b0 9e e1  .lZS.Y...;......
02198032  a7 df                                            ..
[+] Output data after DECRYPT (first 18 bytes):
           0  1  2  3  4  5  6  7  8  9  A  B  C  D  E  F  0123456789ABCDEF
02197820  36 0a 00 00 00 00 2a 4c 67 44 54 51 53 65 72 76  6.....*LgDTQServ
02197830  65 72                                            er
[>] Encrypt wrapper called — context: 0x2198820

[+] ======= BF_cfb64_encrypt call #434 =======
[+] Mode: ENCRYPT
[+] Length: 48 bytes
[+] BF_KEY ptr: 0x219946c
[+] IV ptr: 0x2199441
[+] num ptr: 0x2199434 (value: 2)
[+] IV (8 bytes):
           0  1  2  3  4  5  6  7  8  9  A  B  C  D  E  F  0123456789ABCDEF
02199441  76 b6 71 2d 72 5f 27 f7                          v.q-r_'.
[+] Input data (first 48 bytes):
           0  1  2  3  4  5  6  7  8  9  A  B  C  D  E  F  0123456789ABCDEF
02198820  30 00 33 08 08 fa eb ac 02 38 a9 04 40 dd 02 48  0.3......8..@..H
02198830  8a a4 9d a3 04 60 89 01 68 06 70 9c 04 78 da 02  .....`..h.p..x..
02198840  88 01 ea 07 a0 01 ff ff ff ff ff ff ff ff ff 01  ................
[+] Output data after ENCRYPT (first 48 bytes):
           0  1  2  3  4  5  6  7  8  9  A  B  C  D  E  F  0123456789ABCDEF
02197820  41 2d 41 57 2f 0d cd 8e e4 11 26 4b 8b da f0 1b  A-AW/.....&K....
02197830  1c fa b1 6e 92 1f 17 22 37 20 9d 6d ec 5f 45 17  ...n..."7 .m._E.
02197840  be 02 03 40 b5 73 78 6d 5d 48 dc 2e b5 39 d2 15  ...@.sxm]H...9..
[>] Encrypt wrapper called — context: 0x16f83f8

[+] ======= BF_cfb64_encrypt call #435 =======
[+] Mode: ENCRYPT
[+] Length: 8 bytes
[+] BF_KEY ptr: 0x219946c
[+] IV ptr: 0x2199441
[+] num ptr: 0x2199434 (value: 2)
[+] IV (8 bytes):
           0  1  2  3  4  5  6  7  8  9  A  B  C  D  E  F  0123456789ABCDEF
02199441  d2 15 a7 22 2f cf 5f 18                          ..."/._.
[+] Input data (first 8 bytes):
           0  1  2  3  4  5  6  7  8  9  A  B  C  D  E  F  0123456789ABCDEF
016f83f8  54 51 43 6c 69 65 6e 74                          TQClient
[+] Output data after ENCRYPT (first 8 bytes):
           0  1  2  3  4  5  6  7  8  9  A  B  C  D  E  F  0123456789ABCDEF
02197820  f3 73 6c a3 36 7d dc dc                          .sl.6}..
[>] Decrypt wrapper called — context: 0x171afe9c

[+] ======= BF_cfb64_encrypt call #436 =======
[+] Mode: DECRYPT
[+] Length: 2 bytes
[+] BF_KEY ptr: 0x219946c
[+] IV ptr: 0x2199439
[+] num ptr: 0x2199430 (value: 0)
[+] IV (8 bytes):
           0  1  2  3  4  5  6  7  8  9  A  B  C  D  E  F  0123456789ABCDEF
02199439  83 b5 af b0 9e e1 a7 df                          ........
[+] Input data (first 2 bytes):
           0  1  2  3  4  5  6  7  8  9  A  B  C  D  E  F  0123456789ABCDEF
171afe9c  f5 1b                                            ..
[+] Output data after DECRYPT (first 2 bytes):
           0  1  2  3  4  5  6  7  8  9  A  B  C  D  E  F  0123456789ABCDEF
02197820  27 00                                            '.
[>] Decrypt wrapper called — context: 0x2198022

[+] ======= BF_cfb64_encrypt call #437 =======
[+] Mode: DECRYPT
[+] Length: 45 bytes
[+] BF_KEY ptr: 0x219946c
[+] IV ptr: 0x2199439
[+] num ptr: 0x2199430 (value: 2)
[+] IV (8 bytes):
           0  1  2  3  4  5  6  7  8  9  A  B  C  D  E  F  0123456789ABCDEF
02199439  f5 1b 3a a0 97 0b ff 64                          ..:....d
[+] Input data (first 45 bytes):
           0  1  2  3  4  5  6  7  8  9  A  B  C  D  E  F  0123456789ABCDEF
02198022  09 a8 9f f1 14 c8 de c9 89 0a 11 e3 4c 9b ee f1  ............L...
02198032  22 20 a9 e8 e5 74 43 a4 32 35 55 a1 46 bb c4 54  " ...tC.25U.F..T
02198042  d2 a4 3a f1 1e e7 98 05 0c 21 98 fc 11           ..:......!...
[+] Output data after DECRYPT (first 45 bytes):
           0  1  2  3  4  5  6  7  8  9  A  B  C  D  E  F  0123456789ABCDEF
02197820  33 08 08 fa eb ac 02 38 a9 04 40 dd 02 48 9a ea  3......8..@..H..
02197830  d4 e0 01 60 89 01 68 06 70 9c 04 78 da 02 88 01  ...`..h.p..x....
02197840  ea 07 b8 01 00 54 51 53 65 72 76 65 72           .....TQServer
[>] Decrypt wrapper called — context: 0x171afe9c

[+] ======= BF_cfb64_encrypt call #438 =======
[+] Mode: DECRYPT
[+] Length: 2 bytes
[+] BF_KEY ptr: 0x219946c
[+] IV ptr: 0x2199439
[+] num ptr: 0x2199430 (value: 7)
[+] IV (8 bytes):
           0  1  2  3  4  5  6  7  8  9  A  B  C  D  E  F  0123456789ABCDEF
02199439  98 05 0c 21 98 fc 11 8c                          ...!....
[+] Input data (first 2 bytes):
           0  1  2  3  4  5  6  7  8  9  A  B  C  D  E  F  0123456789ABCDEF
171afe9c  d1 78                                            .x
[+] Output data after DECRYPT (first 2 bytes):
           0  1  2  3  4  5  6  7  8  9  A  B  C  D  E  F  0123456789ABCDEF
02197820  5d 00                                            ].
[>] Decrypt wrapper called — context: 0x2198022

[+] ======= BF_cfb64_encrypt call #439 =======
[+] Mode: DECRYPT
[+] Length: 99 bytes
[+] BF_KEY ptr: 0x219946c
[+] IV ptr: 0x2199439
[+] num ptr: 0x2199430 (value: 1)
[+] IV (8 bytes):
           0  1  2  3  4  5  6  7  8  9  A  B  C  D  E  F  0123456789ABCDEF
02199439  78 ca 5a 99 4d b5 f4 22                          x.Z.M.."
[+] Input data (first 64 bytes):
           0  1  2  3  4  5  6  7  8  9  A  B  C  D  E  F  0123456789ABCDEF
02198022  f3 53 91 b2 4a 0b 25 93 1f 44 08 5a f9 05 b8 89  .S..J.%..D.Z....
02198032  d4 56 c1 c2 cd 59 8d 8e c6 b1 f5 18 8d 4d 94 0c  .V...Y.......M..
02198042  84 77 28 ec 3a bb d9 12 22 fb bd 29 52 a2 6f 3a  .w(.:..."..)R.o:
02198052  ec cc 8c 7a 11 e4 a2 3f 32 a9 11 56 6b 6f 9a 32  ...z...?2..Vko.2
[+] Output data after DECRYPT (first 64 bytes):
           0  1  2  3  4  5  6  7  8  9  A  B  C  D  E  F  0123456789ABCDEF
02197820  39 09 08 ff ff ff 07 10 d7 0f 18 00 20 b1 09 30  9........... ..0
02197830  00 38 00 40 01 48 00 50 00 5a 00 72 06 53 59 53  .8.@.H.P.Z.r.SYS
02197840  54 45 4d 72 08 41 4c 4c 55 53 45 52 53 72 00 72  TEMr.ALLUSERSr.r
02197850  2a 53 54 52 5f 49 44 5f 74 43 68 61 6e 67 65 54  *STR_ID_tChangeT
[>] Decrypt wrapper called — context: 0x171afe9c

[+] ======= BF_cfb64_encrypt call #440 =======
[+] Mode: DECRYPT
[+] Length: 2 bytes
[+] BF_KEY ptr: 0x219946c
[+] IV ptr: 0x2199439
[+] num ptr: 0x2199430 (value: 4)
[+] IV (8 bytes):
           0  1  2  3  4  5  6  7  8  9  A  B  C  D  E  F  0123456789ABCDEF
02199439  d0 6b f9 bc 9e e5 59 79                          .k....Yy
[+] Input data (first 2 bytes):
           0  1  2  3  4  5  6  7  8  9  A  B  C  D  E  F  0123456789ABCDEF
171afe9c  8c e5                                            ..
[+] Output data after DECRYPT (first 2 bytes):
           0  1  2  3  4  5  6  7  8  9  A  B  C  D  E  F  0123456789ABCDEF
02197820  12 00                                            ..
[>] Decrypt wrapper called — context: 0x2198022

[+] ======= BF_cfb64_encrypt call #441 =======
[+] Mode: DECRYPT
[+] Length: 24 bytes
[+] BF_KEY ptr: 0x219946c
[+] IV ptr: 0x2199439
[+] num ptr: 0x2199430 (value: 6)
[+] IV (8 bytes):
           0  1  2  3  4  5  6  7  8  9  A  B  C  D  E  F  0123456789ABCDEF
02199439  d0 6b f9 bc 8c e5 59 79                          .k....Yy
[+] Input data (first 24 bytes):
           0  1  2  3  4  5  6  7  8  9  A  B  C  D  E  F  0123456789ABCDEF
02198022  c1 71 c5 0d 39 c8 6b 28 85 f2 0b 8c 9f a1 34 c0  .q..9.k(......4.
02198032  f8 e7 65 b0 28 4c b8 52                          ..e.(L.R
[+] Output data after DECRYPT (first 24 bytes):
           0  1  2  3  4  5  6  7  8  9  A  B  C  D  E  F  0123456789ABCDEF
02197820  98 08 08 01 10 d2 bf 19 18 01 20 84 f3 d4 e0 01  .......... .....
02197830  54 51 53 65 72 76 65 72                          TQServer
[>] Decrypt wrapper called — context: 0x171afe9c

[+] ======= BF_cfb64_encrypt call #442 =======
[+] Mode: DECRYPT
[+] Length: 2 bytes
[+] BF_KEY ptr: 0x219946c
[+] IV ptr: 0x2199439
[+] num ptr: 0x2199430 (value: 6)
[+] IV (8 bytes):
           0  1  2  3  4  5  6  7  8  9  A  B  C  D  E  F  0123456789ABCDEF
02199439  65 b0 28 4c b8 52 1f 6d                          e.(L.R.m
[+] Input data (first 2 bytes):
           0  1  2  3  4  5  6  7  8  9  A  B  C  D  E  F  0123456789ABCDEF
171afe9c  0d 6d                                            .m
[+] Output data after DECRYPT (first 2 bytes):
           0  1  2  3  4  5  6  7  8  9  A  B  C  D  E  F  0123456789ABCDEF
02197820  12 00                                            ..
[>] Decrypt wrapper called — context: 0x2198022

[+] ======= BF_cfb64_encrypt call #443 =======
[+] Mode: DECRYPT
[+] Length: 24 bytes
[+] BF_KEY ptr: 0x219946c
[+] IV ptr: 0x2199439
[+] num ptr: 0x2199430 (value: 0)
[+] IV (8 bytes):
           0  1  2  3  4  5  6  7  8  9  A  B  C  D  E  F  0123456789ABCDEF
02199439  65 b0 28 4c b8 52 0d 6d                          e.(L.R.m
[+] Input data (first 24 bytes):
           0  1  2  3  4  5  6  7  8  9  A  B  C  D  E  F  0123456789ABCDEF
02198022  9b e5 50 4c 00 54 8f 6f 78 49 ff e3 4c 56 2c da  ..PL.T.oxI..LV,.
02198032  80 62 df 10 26 17 da ae                          .b..&...
[+] Output data after DECRYPT (first 24 bytes):
           0  1  2  3  4  5  6  7  8  9  A  B  C  D  E  F  0123456789ABCDEF
02197820  98 08 08 01 10 ee df 19 18 01 20 84 f3 d4 e0 01  .......... .....
02197830  54 51 53 65 72 76 65 72                          TQServer
[>] Decrypt wrapper called — context: 0x171afe9c

[+] ======= BF_cfb64_encrypt call #444 =======
[+] Mode: DECRYPT
[+] Length: 2 bytes
[+] BF_KEY ptr: 0x219946c
[+] IV ptr: 0x2199439
[+] num ptr: 0x2199430 (value: 0)
[+] IV (8 bytes):
           0  1  2  3  4  5  6  7  8  9  A  B  C  D  E  F  0123456789ABCDEF
02199439  80 62 df 10 26 17 da ae                          .b..&...
[+] Input data (first 2 bytes):
           0  1  2  3  4  5  6  7  8  9  A  B  C  D  E  F  0123456789ABCDEF
171afe9c  3f 65                                            ?e
[+] Output data after DECRYPT (first 2 bytes):
           0  1  2  3  4  5  6  7  8  9  A  B  C  D  E  F  0123456789ABCDEF
02197820  12 00                                            ..
[>] Decrypt wrapper called — context: 0x2198022

[+] ======= BF_cfb64_encrypt call #445 =======
[+] Mode: DECRYPT
[+] Length: 24 bytes
[+] BF_KEY ptr: 0x219946c
[+] IV ptr: 0x2199439
[+] num ptr: 0x2199430 (value: 2)
[+] IV (8 bytes):
           0  1  2  3  4  5  6  7  8  9  A  B  C  D  E  F  0123456789ABCDEF
02199439  3f 65 ac 8f df 63 c6 9c                          ?e...c..
[+] Input data (first 24 bytes):
           0  1  2  3  4  5  6  7  8  9  A  B  C  D  E  F  0123456789ABCDEF
02198022  34 87 d7 67 d6 18 b9 24 a1 50 b9 47 5f f6 16 6e  4..g...$.P.G_..n
02198032  fd 2d 26 f9 80 dd 9f 13                          .-&.....
[+] Output data after DECRYPT (first 24 bytes):
           0  1  2  3  4  5  6  7  8  9  A  B  C  D  E  F  0123456789ABCDEF
02197820  98 08 08 04 10 84 e2 19 18 01 20 84 f3 d4 e0 01  .......... .....
02197830  54 51 53 65 72 76 65 72                          TQServer
[>] Decrypt wrapper called — context: 0x171afe9c

[+] ======= BF_cfb64_encrypt call #446 =======
[+] Mode: DECRYPT
[+] Length: 2 bytes
[+] BF_KEY ptr: 0x219946c
[+] IV ptr: 0x2199439
[+] num ptr: 0x2199430 (value: 2)
[+] IV (8 bytes):
           0  1  2  3  4  5  6  7  8  9  A  B  C  D  E  F  0123456789ABCDEF
02199439  9f 13 c4 c3 e3 45 47 29                          .....EG)
[+] Input data (first 2 bytes):
           0  1  2  3  4  5  6  7  8  9  A  B  C  D  E  F  0123456789ABCDEF
171afe9c  d6 c3                                            ..
[+] Output data after DECRYPT (first 2 bytes):
           0  1  2  3  4  5  6  7  8  9  A  B  C  D  E  F  0123456789ABCDEF
02197820  12 00                                            ..
[>] Decrypt wrapper called — context: 0x2198022

[+] ======= BF_cfb64_encrypt call #447 =======
[+] Mode: DECRYPT
[+] Length: 24 bytes
[+] BF_KEY ptr: 0x219946c
[+] IV ptr: 0x2199439
[+] num ptr: 0x2199430 (value: 4)
[+] IV (8 bytes):
           0  1  2  3  4  5  6  7  8  9  A  B  C  D  E  F  0123456789ABCDEF
02199439  9f 13 d6 c3 e3 45 47 29                          .....EG)
[+] Input data (first 24 bytes):
           0  1  2  3  4  5  6  7  8  9  A  B  C  D  E  F  0123456789ABCDEF
02198022  7b 4d 4f 2a 27 88 7c f0 d4 4d 82 2f 20 32 c6 b9  {MO*'.|..M./ 2..
02198032  3e 9c 2c 8b 94 b1 27 a1                          >.,...'.
[+] Output data after DECRYPT (first 24 bytes):
           0  1  2  3  4  5  6  7  8  9  A  B  C  D  E  F  0123456789ABCDEF
02197820  98 08 08 03 10 9a 8b 1a 18 01 20 84 f3 d4 e0 01  .......... .....
02197830  54 51 53 65 72 76 65 72                          TQServer
[>] Decrypt wrapper called — context: 0x171afe9c

[+] ======= BF_cfb64_encrypt call #448 =======
[+] Mode: DECRYPT
[+] Length: 2 bytes
[+] BF_KEY ptr: 0x219946c
[+] IV ptr: 0x2199439
[+] num ptr: 0x2199430 (value: 4)
[+] IV (8 bytes):
           0  1  2  3  4  5  6  7  8  9  A  B  C  D  E  F  0123456789ABCDEF
02199439  94 b1 27 a1 d0 7a fe 4b                          ..'..z.K
[+] Input data (first 2 bytes):
           0  1  2  3  4  5  6  7  8  9  A  B  C  D  E  F  0123456789ABCDEF
171afe9c  ca 7a                                            .z
[+] Output data after DECRYPT (first 2 bytes):
           0  1  2  3  4  5  6  7  8  9  A  B  C  D  E  F  0123456789ABCDEF
02197820  1a 00                                            ..
[>] Decrypt wrapper called — context: 0x2198022

[+] ======= BF_cfb64_encrypt call #449 =======
[+] Mode: DECRYPT
[+] Length: 32 bytes
[+] BF_KEY ptr: 0x219946c
[+] IV ptr: 0x2199439
[+] num ptr: 0x2199430 (value: 6)
[+] IV (8 bytes):
           0  1  2  3  4  5  6  7  8  9  A  B  C  D  E  F  0123456789ABCDEF
02199439  94 b1 27 a1 ca 7a fe 4b                          ..'..z.K
[+] Input data (first 32 bytes):
           0  1  2  3  4  5  6  7  8  9  A  B  C  D  E  F  0123456789ABCDEF
02198022  00 4c 92 d8 af 86 3f ef 52 8f c4 f0 d5 de e9 1b  .L....?.R.......
02198032  1b 3d 6f 86 37 5d fd 97 89 e2 97 4d 57 ad 02 67  .=o.7].....MW..g
[+] Output data after DECRYPT (first 32 bytes):
           0  1  2  3  4  5  6  7  8  9  A  B  C  D  E  F  0123456789ABCDEF
02197820  fe 07 08 fa eb ac 02 12 08 08 ff ff ff ff 0f 10  ................
02197830  00 12 05 08 00 10 99 02 54 51 53 65 72 76 65 72  ........TQServer
[>] Decrypt wrapper called — context: 0x171afe9c

[+] ======= BF_cfb64_encrypt call #450 =======
[+] Mode: DECRYPT
[+] Length: 2 bytes
[+] BF_KEY ptr: 0x219946c
[+] IV ptr: 0x2199439
[+] num ptr: 0x2199430 (value: 6)
[+] IV (8 bytes):
           0  1  2  3  4  5  6  7  8  9  A  B  C  D  E  F  0123456789ABCDEF
02199439  97 4d 57 ad 02 67 02 11                          .MW..g..
[+] Input data (first 2 bytes):
           0  1  2  3  4  5  6  7  8  9  A  B  C  D  E  F  0123456789ABCDEF
171afe9c  2a 11                                            *.
[+] Output data after DECRYPT (first 2 bytes):
           0  1  2  3  4  5  6  7  8  9  A  B  C  D  E  F  0123456789ABCDEF
02197820  28 00                                            (.
[>] Decrypt wrapper called — context: 0x2198022

[+] ======= BF_cfb64_encrypt call #451 =======
[+] Mode: DECRYPT
[+] Length: 46 bytes
[+] BF_KEY ptr: 0x219946c
[+] IV ptr: 0x2199439
[+] num ptr: 0x2199430 (value: 0)
[+] IV (8 bytes):
           0  1  2  3  4  5  6  7  8  9  A  B  C  D  E  F  0123456789ABCDEF
02199439  97 4d 57 ad 02 67 2a 11                          .MW..g*.
[+] Input data (first 46 bytes):
           0  1  2  3  4  5  6  7  8  9  A  B  C  D  E  F  0123456789ABCDEF
02198022  a4 90 ec 22 d1 4d 86 59 31 99 9a a7 73 49 bd 45  ...".M.Y1...sI.E
02198032  72 c6 8e f7 db 2c 02 14 49 23 37 8d 3a ed c5 70  r....,..I#7.:..p
02198042  74 e1 53 95 5f be 22 2e ea 0f a6 15 c6 34        t.S._."......4
[+] Output data after DECRYPT (first 46 bytes):
           0  1  2  3  4  5  6  7  8  9  A  B  C  D  E  F  0123456789ABCDEF
02197820  38 08 18 00 20 ee df 19 28 fa eb ac 02 38 aa 04  8... ...(....8..
02197830  40 dd 02 68 02 78 01 a8 01 00 c0 01 00 c8 01 00  @..h.x..........
02197840  d0 01 00 d8 01 00 54 51 53 65 72 76 65 72        ......TQServer
[>] Decrypt wrapper called — context: 0x171afe9c

[+] ======= BF_cfb64_encrypt call #452 =======
[+] Mode: DECRYPT
[+] Length: 2 bytes
[+] BF_KEY ptr: 0x219946c
[+] IV ptr: 0x2199439
[+] num ptr: 0x2199430 (value: 6)
[+] IV (8 bytes):
           0  1  2  3  4  5  6  7  8  9  A  B  C  D  E  F  0123456789ABCDEF
02199439  ea 0f a6 15 c6 34 e4 9d                          .....4..
[+] Input data (first 2 bytes):
           0  1  2  3  4  5  6  7  8  9  A  B  C  D  E  F  0123456789ABCDEF
171afe9c  cc 9d                                            ..
[+] Output data after DECRYPT (first 2 bytes):
           0  1  2  3  4  5  6  7  8  9  A  B  C  D  E  F  0123456789ABCDEF
02197820  28 00                                            (.
[>] Decrypt wrapper called — context: 0x2198022

[+] ======= BF_cfb64_encrypt call #453 =======
[+] Mode: DECRYPT
[+] Length: 46 bytes
[+] BF_KEY ptr: 0x219946c
[+] IV ptr: 0x2199439
[+] num ptr: 0x2199430 (value: 0)
[+] IV (8 bytes):
           0  1  2  3  4  5  6  7  8  9  A  B  C  D  E  F  0123456789ABCDEF
02199439  ea 0f a6 15 c6 34 cc 9d                          .....4..
[+] Input data (first 46 bytes):
           0  1  2  3  4  5  6  7  8  9  A  B  C  D  E  F  0123456789ABCDEF
02198022  91 c6 8b 80 f9 28 a7 2a c9 d8 e5 26 69 83 94 cf  .....(.*...&i...
02198032  ca d9 50 89 df a8 7b c8 f6 91 d8 2b 7b e7 94 7f  ..P...{....+{...
02198042  99 13 25 60 6b cf 6b 35 be 42 df 9e 1d 6e        ..%`k.k5.B...n
[+] Output data after DECRYPT (first 46 bytes):
           0  1  2  3  4  5  6  7  8  9  A  B  C  D  E  F  0123456789ABCDEF
02197820  38 08 18 02 20 84 e2 19 28 fa eb ac 02 38 a9 04  8... ...(....8..
02197830  40 de 02 68 02 78 00 a8 01 00 c0 01 00 c8 01 00  @..h.x..........
02197840  d0 01 00 d8 01 00 54 51 53 65 72 76 65 72        ......TQServer
[>] Decrypt wrapper called — context: 0x171afe9c

[+] ======= BF_cfb64_encrypt call #454 =======
[+] Mode: DECRYPT
[+] Length: 2 bytes
[+] BF_KEY ptr: 0x219946c
[+] IV ptr: 0x2199439
[+] num ptr: 0x2199430 (value: 6)
[+] IV (8 bytes):
           0  1  2  3  4  5  6  7  8  9  A  B  C  D  E  F  0123456789ABCDEF
02199439  be 42 df 9e 1d 6e 0f 26                          .B...n.&
[+] Input data (first 2 bytes):
           0  1  2  3  4  5  6  7  8  9  A  B  C  D  E  F  0123456789ABCDEF
171afe9c  16 26                                            .&
[+] Output data after DECRYPT (first 2 bytes):
           0  1  2  3  4  5  6  7  8  9  A  B  C  D  E  F  0123456789ABCDEF
02197820  19 00                                            ..
[>] Decrypt wrapper called — context: 0x2198022

[+] ======= BF_cfb64_encrypt call #455 =======
[+] Mode: DECRYPT
[+] Length: 31 bytes
[+] BF_KEY ptr: 0x219946c
[+] IV ptr: 0x2199439
[+] num ptr: 0x2199430 (value: 0)
[+] IV (8 bytes):
           0  1  2  3  4  5  6  7  8  9  A  B  C  D  E  F  0123456789ABCDEF
02199439  be 42 df 9e 1d 6e 16 26                          .B...n.&
[+] Input data (first 31 bytes):
           0  1  2  3  4  5  6  7  8  9  A  B  C  D  E  F  0123456789ABCDEF
02198022  9c 80 99 68 39 3d bb 35 26 c8 07 be 8f 5a a1 42  ...h9=.5&....Z.B
02198032  75 e9 18 e5 f9 60 ee fa 12 9b 5a ff 7a d3 63     u....`....Z.z.c
[+] Output data after DECRYPT (first 31 bytes):
           0  1  2  3  4  5  6  7  8  9  A  B  C  D  E  F  0123456789ABCDEF
02197820  fe 07 08 fa eb ac 02 12 08 08 ff ff ff ff 0f 10  ................
02197830  00 12 04 08 08 10 18 54 51 53 65 72 76 65 72     .......TQServer
[>] Decrypt wrapper called — context: 0x171afe9c

[+] ======= BF_cfb64_encrypt call #456 =======
[+] Mode: DECRYPT
[+] Length: 2 bytes
[+] BF_KEY ptr: 0x219946c
[+] IV ptr: 0x2199439
[+] num ptr: 0x2199430 (value: 7)
[+] IV (8 bytes):
           0  1  2  3  4  5  6  7  8  9  A  B  C  D  E  F  0123456789ABCDEF
02199439  12 9b 5a ff 7a d3 63 84                          ..Z.z.c.
[+] Input data (first 2 bytes):
           0  1  2  3  4  5  6  7  8  9  A  B  C  D  E  F  0123456789ABCDEF
171afe9c  96 8c                                            ..
[+] Output data after DECRYPT (first 2 bytes):
           0  1  2  3  4  5  6  7  8  9  A  B  C  D  E  F  0123456789ABCDEF
02197820  12 00                                            ..
[>] Decrypt wrapper called — context: 0x2198022

[+] ======= BF_cfb64_encrypt call #457 =======
[+] Mode: DECRYPT
[+] Length: 24 bytes
[+] BF_KEY ptr: 0x219946c
[+] IV ptr: 0x2199439
[+] num ptr: 0x2199430 (value: 1)
[+] IV (8 bytes):
           0  1  2  3  4  5  6  7  8  9  A  B  C  D  E  F  0123456789ABCDEF
02199439  8c b8 83 17 20 8f fc 7e                          .... ..~
[+] Input data (first 24 bytes):
           0  1  2  3  4  5  6  7  8  9  A  B  C  D  E  F  0123456789ABCDEF
02198022  20 8b 1f 21 9f 2e c1 39 48 0c 28 3f ac d8 a5 73   ..!...9H.(?...s
02198032  ef 5d 20 66 d3 1b 84 16                          .] f....
[+] Output data after DECRYPT (first 24 bytes):
           0  1  2  3  4  5  6  7  8  9  A  B  C  D  E  F  0123456789ABCDEF
02197820  98 08 08 01 10 d2 bf 19 18 01 20 e7 f7 d4 e0 01  .......... .....
02197830  54 51 53 65 72 76 65 72                          TQServer
[>] Decrypt wrapper called — context: 0x171afe9c

[+] ======= BF_cfb64_encrypt call #458 =======
[+] Mode: DECRYPT
[+] Length: 2 bytes
[+] BF_KEY ptr: 0x219946c
[+] IV ptr: 0x2199439
[+] num ptr: 0x2199430 (value: 1)
[+] IV (8 bytes):
           0  1  2  3  4  5  6  7  8  9  A  B  C  D  E  F  0123456789ABCDEF
02199439  16 e2 e8 8f 2f fe 54 7d                          ..../.T}
[+] Input data (first 2 bytes):
           0  1  2  3  4  5  6  7  8  9  A  B  C  D  E  F  0123456789ABCDEF
171afe9c  f0 e8                                            ..
[+] Output data after DECRYPT (first 2 bytes):
           0  1  2  3  4  5  6  7  8  9  A  B  C  D  E  F  0123456789ABCDEF
02197820  12 00                                            ..
[>] Decrypt wrapper called — context: 0x2198022

[+] ======= BF_cfb64_encrypt call #459 =======
[+] Mode: DECRYPT
[+] Length: 24 bytes
[+] BF_KEY ptr: 0x219946c
[+] IV ptr: 0x2199439
[+] num ptr: 0x2199430 (value: 3)
[+] IV (8 bytes):
           0  1  2  3  4  5  6  7  8  9  A  B  C  D  E  F  0123456789ABCDEF
02199439  16 f0 e8 8f 2f fe 54 7d                          ..../.T}
[+] Input data (first 24 bytes):
           0  1  2  3  4  5  6  7  8  9  A  B  C  D  E  F  0123456789ABCDEF
02198022  17 27 f6 57 6d da da e6 4a bd 66 ff d7 ad c4 86  .'.Wm...J.f.....
02198032  3f 1f 4b a3 0e 9d b4 96                          ?.K.....
[+] Output data after DECRYPT (first 24 bytes):
           0  1  2  3  4  5  6  7  8  9  A  B  C  D  E  F  0123456789ABCDEF
02197820  98 08 08 03 10 9a 8b 1a 18 01 20 e7 f7 d4 e0 01  .......... .....
02197830  54 51 53 65 72 76 65 72                          TQServer
[>] Encrypt wrapper called — context: 0x2198820

[+] ======= BF_cfb64_encrypt call #460 =======
[+] Mode: ENCRYPT
[+] Length: 35 bytes
[+] BF_KEY ptr: 0x219946c
[+] IV ptr: 0x2199441
[+] num ptr: 0x2199434 (value: 2)
[+] IV (8 bytes):
           0  1  2  3  4  5  6  7  8  9  A  B  C  D  E  F  0123456789ABCDEF
02199441  dc dc ad 77 7c 37 0c aa                          ...w|7..
[+] Input data (first 35 bytes):
           0  1  2  3  4  5  6  7  8  9  A  B  C  D  E  F  0123456789ABCDEF
02198820  23 00 38 08 08 a8 b4 9d a3 04 20 fa eb ac 02 28  #.8....... ....(
02198830  e2 ca b9 aa 07 38 a7 93 02 40 b2 e0 01 68 02 78  .....8...@...h.x
02198840  cf f3 03                                         ...
[+] Output data after ENCRYPT (first 35 bytes):
           0  1  2  3  4  5  6  7  8  9  A  B  C  D  E  F  0123456789ABCDEF
02197820  8e 77 44 3f 04 02 f7 87 33 5f ab de 8a d6 fb 36  .wD?....3_.....6
02197830  41 b7 e0 7a ac 25 77 68 4a 18 6f ed 4d b4 dd 27  A..z.%whJ.o.M..'
02197840  db d1 d8                                         ...
[>] Encrypt wrapper called — context: 0x16f83f8

[+] ======= BF_cfb64_encrypt call #461 =======
[+] Mode: ENCRYPT
[+] Length: 8 bytes
[+] BF_KEY ptr: 0x219946c
[+] IV ptr: 0x2199441
[+] num ptr: 0x2199434 (value: 5)
[+] IV (8 bytes):
           0  1  2  3  4  5  6  7  8  9  A  B  C  D  E  F  0123456789ABCDEF
02199441  dd 27 db d1 d8 e6 99 ec                          .'......
[+] Input data (first 8 bytes):
           0  1  2  3  4  5  6  7  8  9  A  B  C  D  E  F  0123456789ABCDEF
016f83f8  54 51 43 6c 69 65 6e 74                          TQClient
[+] Output data after ENCRYPT (first 8 bytes):
           0  1  2  3  4  5  6  7  8  9  A  B  C  D  E  F  0123456789ABCDEF
02197820  b2 c8 af 5a bf 5e 93 57                          ...Z.^.W
[>] Decrypt wrapper called — context: 0x171afe9c

[+] ======= BF_cfb64_encrypt call #462 =======
[+] Mode: DECRYPT
[+] Length: 2 bytes
[+] BF_KEY ptr: 0x219946c
[+] IV ptr: 0x2199439
[+] num ptr: 0x2199430 (value: 3)
[+] IV (8 bytes):
           0  1  2  3  4  5  6  7  8  9  A  B  C  D  E  F  0123456789ABCDEF
02199439  9d b4 96 5d 57 05 4d 2e                          ...]W.M.
[+] Input data (first 2 bytes):
           0  1  2  3  4  5  6  7  8  9  A  B  C  D  E  F  0123456789ABCDEF
171afe9c  4f 57                                            OW
[+] Output data after DECRYPT (first 2 bytes):
           0  1  2  3  4  5  6  7  8  9  A  B  C  D  E  F  0123456789ABCDEF
02197820  12 00                                            ..
[>] Decrypt wrapper called — context: 0x2198022

[+] ======= BF_cfb64_encrypt call #463 =======
[+] Mode: DECRYPT
[+] Length: 24 bytes
[+] BF_KEY ptr: 0x219946c
[+] IV ptr: 0x2199439
[+] num ptr: 0x2199430 (value: 5)
[+] IV (8 bytes):
           0  1  2  3  4  5  6  7  8  9  A  B  C  D  E  F  0123456789ABCDEF
02199439  9d b4 96 4f 57 05 4d 2e                          ...OW.M.
[+] Input data (first 24 bytes):
           0  1  2  3  4  5  6  7  8  9  A  B  C  D  E  F  0123456789ABCDEF
02198022  9d 45 26 49 4e b7 d6 75 d1 44 12 c4 b6 2a 60 41  .E&IN..u.D...*`A
02198032  8e 25 7b d8 28 1d ca 5a                          .%{.(..Z
[+] Output data after DECRYPT (first 24 bytes):
           0  1  2  3  4  5  6  7  8  9  A  B  C  D  E  F  0123456789ABCDEF
02197820  98 08 08 02 10 d2 bf 19 18 01 20 b4 fc d4 e0 01  .......... .....
02197830  54 51 53 65 72 76 65 72                          TQServer
[>] Decrypt wrapper called — context: 0x171afe9c

[+] ======= BF_cfb64_encrypt call #464 =======
[+] Mode: DECRYPT
[+] Length: 2 bytes
[+] BF_KEY ptr: 0x219946c
[+] IV ptr: 0x2199439
[+] num ptr: 0x2199430 (value: 5)
[+] IV (8 bytes):
           0  1  2  3  4  5  6  7  8  9  A  B  C  D  E  F  0123456789ABCDEF
02199439  d8 28 1d ca 5a 79 0b 51                          .(..Zy.Q
[+] Input data (first 2 bytes):
           0  1  2  3  4  5  6  7  8  9  A  B  C  D  E  F  0123456789ABCDEF
171afe9c  6b 0b                                            k.
[+] Output data after DECRYPT (first 2 bytes):
           0  1  2  3  4  5  6  7  8  9  A  B  C  D  E  F  0123456789ABCDEF
02197820  12 00                                            ..
[>] Decrypt wrapper called — context: 0x2198022

[+] ======= BF_cfb64_encrypt call #465 =======
[+] Mode: DECRYPT
[+] Length: 24 bytes
[+] BF_KEY ptr: 0x219946c
[+] IV ptr: 0x2199439
[+] num ptr: 0x2199430 (value: 7)
[+] IV (8 bytes):
           0  1  2  3  4  5  6  7  8  9  A  B  C  D  E  F  0123456789ABCDEF
02199439  d8 28 1d ca 5a 6b 0b 51                          .(..Zk.Q
[+] Input data (first 24 bytes):
           0  1  2  3  4  5  6  7  8  9  A  B  C  D  E  F  0123456789ABCDEF
02198022  c9 b3 2a 8f 62 3b 51 75 45 a6 0e 52 7a a2 32 22  ..*.b;QuE..Rz.2"
02198032  42 8f 71 30 6c d2 35 f5                          B.q0l.5.
[+] Output data after DECRYPT (first 24 bytes):
           0  1  2  3  4  5  6  7  8  9  A  B  C  D  E  F  0123456789ABCDEF
02197820  98 08 08 04 10 9a 8b 1a 18 01 20 b4 fc d4 e0 01  .......... .....
02197830  54 51 53 65 72 76 65 72                          TQServer
[>] Encrypt wrapper called — context: 0x2198820

[+] ======= BF_cfb64_encrypt call #466 =======
[+] Mode: ENCRYPT
[+] Length: 22 bytes
[+] BF_KEY ptr: 0x219946c
[+] IV ptr: 0x2199441
[+] num ptr: 0x2199434 (value: 5)
[+] IV (8 bytes):
           0  1  2  3  4  5  6  7  8  9  A  B  C  D  E  F  0123456789ABCDEF
02199441  5a bf 5e 93 57 17 39 73                          Z.^.W.9s
[+] Input data (first 22 bytes):
           0  1  2  3  4  5  6  7  8  9  A  B  C  D  E  F  0123456789ABCDEF
02198820  16 00 98 08 08 28 10 fa eb ac 02 18 01 20 96 ba  .....(....... ..
02198830  9d a3 04 28 ea 07                                ...(..
[+] Output data after ENCRYPT (first 22 bytes):
           0  1  2  3  4  5  6  7  8  9  A  B  C  D  E  F  0123456789ABCDEF
02197820  01 39 eb 2c d0 77 83 f3 6e 80 1a 86 bd 5a fd 69  .9.,.w..n....Z.i
02197830  e7 ca 0c d5 48 90                                ....H.
[>] Encrypt wrapper called — context: 0x16f83f8

[+] ======= BF_cfb64_encrypt call #467 =======
[+] Mode: ENCRYPT
[+] Length: 8 bytes
[+] BF_KEY ptr: 0x219946c
[+] IV ptr: 0x2199441
[+] num ptr: 0x2199434 (value: 3)
[+] IV (8 bytes):
           0  1  2  3  4  5  6  7  8  9  A  B  C  D  E  F  0123456789ABCDEF
02199441  d5 48 90 92 73 29 f1 7e                          .H..s).~
[+] Input data (first 8 bytes):
           0  1  2  3  4  5  6  7  8  9  A  B  C  D  E  F  0123456789ABCDEF
016f83f8  54 51 43 6c 69 65 6e 74                          TQClient
[+] Output data after ENCRYPT (first 8 bytes):
           0  1  2  3  4  5  6  7  8  9  A  B  C  D  E  F  0123456789ABCDEF
02197820  c6 22 6a 9d 17 a0 50 a7                          ."j...P.
[>] Decrypt wrapper called — context: 0x171afe9c

[+] ======= BF_cfb64_encrypt call #468 =======
[+] Mode: DECRYPT
[+] Length: 2 bytes
[+] BF_KEY ptr: 0x219946c
[+] IV ptr: 0x2199439
[+] num ptr: 0x2199430 (value: 7)
[+] IV (8 bytes):
           0  1  2  3  4  5  6  7  8  9  A  B  C  D  E  F  0123456789ABCDEF
02199439  8f 71 30 6c d2 35 f5 20                          .q0l.5. 
[+] Input data (first 2 bytes):
           0  1  2  3  4  5  6  7  8  9  A  B  C  D  E  F  0123456789ABCDEF
171afe9c  32 cd                                            2.
[+] Output data after DECRYPT (first 2 bytes):
           0  1  2  3  4  5  6  7  8  9  A  B  C  D  E  F  0123456789ABCDEF
02197820  12 00                                            ..
[>] Decrypt wrapper called — context: 0x2198022

[+] ======= BF_cfb64_encrypt call #469 =======
[+] Mode: DECRYPT
[+] Length: 24 bytes
[+] BF_KEY ptr: 0x219946c
[+] IV ptr: 0x2199439
[+] num ptr: 0x2199430 (value: 1)
[+] IV (8 bytes):
           0  1  2  3  4  5  6  7  8  9  A  B  C  D  E  F  0123456789ABCDEF
02199439  cd a9 6b 5a 26 ba e5 36                          ..kZ&..6
[+] Input data (first 24 bytes):
           0  1  2  3  4  5  6  7  8  9  A  B  C  D  E  F  0123456789ABCDEF
02198022  31 63 52 25 aa 37 89 70 d5 ef 4d e9 4d e5 10 f5  1cR%.7.p..M.M...
02198032  ef 6c f6 64 ed de e1 c3                          .l.d....
[+] Output data after DECRYPT (first 24 bytes):
           0  1  2  3  4  5  6  7  8  9  A  B  C  D  E  F  0123456789ABCDEF
02197820  98 08 08 03 10 d2 bf 19 18 01 20 ec fe d4 e0 01  .......... .....
02197830  54 51 53 65 72 76 65 72                          TQServer
[>] Encrypt wrapper called — context: 0x2198820

[+] ======= BF_cfb64_encrypt call #470 =======
[+] Mode: ENCRYPT
[+] Length: 35 bytes
[+] BF_KEY ptr: 0x219946c
[+] IV ptr: 0x2199441
[+] num ptr: 0x2199434 (value: 3)
[+] IV (8 bytes):
           0  1  2  3  4  5  6  7  8  9  A  B  C  D  E  F  0123456789ABCDEF
02199441  a0 50 a7 67 a1 6a b3 7f                          .P.g.j..
[+] Input data (first 35 bytes):
           0  1  2  3  4  5  6  7  8  9  A  B  C  D  E  F  0123456789ABCDEF
02198820  23 00 38 08 08 d7 bb 9d a3 04 20 fa eb ac 02 28  #.8....... ....(
02198830  e2 ca 8c c1 07 38 a7 93 02 40 b5 90 02 68 02 78  .....8...@...h.x
02198840  cf f3 03                                         ...
[+] Output data after ENCRYPT (first 35 bytes):
           0  1  2  3  4  5  6  7  8  9  A  B  C  D  E  F  0123456789ABCDEF
02197820  44 a1 52 bb 77 75 9a 1b 9f d5 82 70 6c 44 1d 79  D.R.wu.....plD.y
02197830  4a 83 53 2f 79 06 2b 90 f3 a2 4c 27 f5 ca 02 b6  J.S/y.+...L'....
02197840  9b 07 b4                                         ...
[>] Encrypt wrapper called — context: 0x16f83f8

[+] ======= BF_cfb64_encrypt call #471 =======
[+] Mode: ENCRYPT
[+] Length: 8 bytes
[+] BF_KEY ptr: 0x219946c
[+] IV ptr: 0x2199441
[+] num ptr: 0x2199434 (value: 6)
[+] IV (8 bytes):
           0  1  2  3  4  5  6  7  8  9  A  B  C  D  E  F  0123456789ABCDEF
02199441  ca 02 b6 9b 07 b4 e3 21                          .......!
[+] Input data (first 8 bytes):
           0  1  2  3  4  5  6  7  8  9  A  B  C  D  E  F  0123456789ABCDEF
016f83f8  54 51 43 6c 69 65 6e 74                          TQClient
[+] Output data after ENCRYPT (first 8 bytes):
           0  1  2  3  4  5  6  7  8  9  A  B  C  D  E  F  0123456789ABCDEF
02197820  b7 70 6e 80 42 12 bf 6f                          .pn.B..o
[>] Decrypt wrapper called — context: 0x171afe9c

[+] ======= BF_cfb64_encrypt call #472 =======
[+] Mode: DECRYPT
[+] Length: 2 bytes
[+] BF_KEY ptr: 0x219946c
[+] IV ptr: 0x2199439
[+] num ptr: 0x2199430 (value: 1)
[+] IV (8 bytes):
           0  1  2  3  4  5  6  7  8  9  A  B  C  D  E  F  0123456789ABCDEF
02199439  c3 4f a5 5e ea 1d ff e5                          .O.^....
[+] Input data (first 2 bytes):
           0  1  2  3  4  5  6  7  8  9  A  B  C  D  E  F  0123456789ABCDEF
171afe9c  5c a5                                            \.
[+] Output data after DECRYPT (first 2 bytes):
           0  1  2  3  4  5  6  7  8  9  A  B  C  D  E  F  0123456789ABCDEF
02197820  13 00                                            ..
[>] Decrypt wrapper called — context: 0x2198022

[+] ======= BF_cfb64_encrypt call #473 =======
[+] Mode: DECRYPT
[+] Length: 25 bytes
[+] BF_KEY ptr: 0x219946c
[+] IV ptr: 0x2199439
[+] num ptr: 0x2199430 (value: 3)
[+] IV (8 bytes):
           0  1  2  3  4  5  6  7  8  9  A  B  C  D  E  F  0123456789ABCDEF
02199439  c3 5c a5 5e ea 1d ff e5                          .\.^....
[+] Input data (first 25 bytes):
           0  1  2  3  4  5  6  7  8  9  A  B  C  D  E  F  0123456789ABCDEF
02198022  c6 e2 15 d7 f5 10 55 77 bd 0a 3b 34 db 99 9a 41  ......Uw..;4...A
02198032  76 50 e3 07 9e bc 39 50 a1                       vP....9P.
[+] Output data after DECRYPT (first 25 bytes):
           0  1  2  3  4  5  6  7  8  9  A  B  C  D  E  F  0123456789ABCDEF
02197820  98 08 08 28 10 fa eb ac 02 18 01 20 92 80 d5 e0  ...(....... ....
02197830  01 54 51 53 65 72 76 65 72                       .TQServer
[>] Decrypt wrapper called — context: 0x171afe9c

[+] ======= BF_cfb64_encrypt call #474 =======
[+] Mode: DECRYPT
[+] Length: 2 bytes
[+] BF_KEY ptr: 0x219946c
[+] IV ptr: 0x2199439
[+] num ptr: 0x2199430 (value: 4)
[+] IV (8 bytes):
           0  1  2  3  4  5  6  7  8  9  A  B  C  D  E  F  0123456789ABCDEF
02199439  bc 39 50 a1 8d c5 c6 43                          .9P....C
[+] Input data (first 2 bytes):
           0  1  2  3  4  5  6  7  8  9  A  B  C  D  E  F  0123456789ABCDEF
171afe9c  a5 c5                                            ..
[+] Output data after DECRYPT (first 2 bytes):
           0  1  2  3  4  5  6  7  8  9  A  B  C  D  E  F  0123456789ABCDEF
02197820  28 00                                            (.
[>] Decrypt wrapper called — context: 0x2198022

[+] ======= BF_cfb64_encrypt call #475 =======
[+] Mode: DECRYPT
[+] Length: 46 bytes
[+] BF_KEY ptr: 0x219946c
[+] IV ptr: 0x2199439
[+] num ptr: 0x2199430 (value: 6)
[+] IV (8 bytes):
           0  1  2  3  4  5  6  7  8  9  A  B  C  D  E  F  0123456789ABCDEF
02199439  bc 39 50 a1 a5 c5 c6 43                          .9P....C
[+] Input data (first 46 bytes):
           0  1  2  3  4  5  6  7  8  9  A  B  C  D  E  F  0123456789ABCDEF
02198022  fe 4b 8a 8e 63 44 7e 2a 08 6a 74 4c a0 09 5f af  .K..cD~*.jtL.._.
02198032  8e 49 49 f7 bf 99 d9 47 d0 35 ba a9 a8 73 f9 f2  .II....G.5...s..
02198042  1d 53 3e cf 75 47 8f 27 e5 d4 43 27 18 bb        .S>.uG.'..C'..
[+] Output data after DECRYPT (first 46 bytes):
           0  1  2  3  4  5  6  7  8  9  A  B  C  D  E  F  0123456789ABCDEF
02197820  38 08 18 02 20 ee df 19 28 fa eb ac 02 38 aa 04  8... ...(....8..
02197830  40 dd 02 68 02 78 00 a8 01 00 c0 01 00 c8 01 00  @..h.x..........
02197840  d0 01 00 d8 01 00 54 51 53 65 72 76 65 72        ......TQServer
[>] Decrypt wrapper called — context: 0x171afe9c

[+] ======= BF_cfb64_encrypt call #476 =======
[+] Mode: DECRYPT
[+] Length: 2 bytes
[+] BF_KEY ptr: 0x219946c
[+] IV ptr: 0x2199439
[+] num ptr: 0x2199430 (value: 4)
[+] IV (8 bytes):
           0  1  2  3  4  5  6  7  8  9  A  B  C  D  E  F  0123456789ABCDEF
02199439  43 27 18 bb 1d 9b f0 b6                          C'......
[+] Input data (first 2 bytes):
           0  1  2  3  4  5  6  7  8  9  A  B  C  D  E  F  0123456789ABCDEF
171afe9c  07 9b                                            ..
[+] Output data after DECRYPT (first 2 bytes):
           0  1  2  3  4  5  6  7  8  9  A  B  C  D  E  F  0123456789ABCDEF
02197820  1a 00                                            ..
[>] Decrypt wrapper called — context: 0x2198022

[+] ======= BF_cfb64_encrypt call #477 =======
[+] Mode: DECRYPT
[+] Length: 32 bytes
[+] BF_KEY ptr: 0x219946c
[+] IV ptr: 0x2199439
[+] num ptr: 0x2199430 (value: 6)
[+] IV (8 bytes):
           0  1  2  3  4  5  6  7  8  9  A  B  C  D  E  F  0123456789ABCDEF
02199439  43 27 18 bb 07 9b f0 b6                          C'......
[+] Input data (first 32 bytes):
           0  1  2  3  4  5  6  7  8  9  A  B  C  D  E  F  0123456789ABCDEF
02198022  0e b1 2c 39 b5 f1 17 63 a2 34 6b 5f ea c5 ee ba  ..,9...c.4k_....
02198032  db 32 99 46 d5 90 d2 97 33 a4 93 ed 27 bc c8 7e  .2.F....3...'..~
[+] Output data after DECRYPT (first 32 bytes):
           0  1  2  3  4  5  6  7  8  9  A  B  C  D  E  F  0123456789ABCDEF
02197820  fe 07 08 fa eb ac 02 12 08 08 ff ff ff ff 0f 10  ................
02197830  00 12 05 08 00 10 98 02 54 51 53 65 72 76 65 72  ........TQServer
[>] Decrypt wrapper called — context: 0x171afe9c

[+] ======= BF_cfb64_encrypt call #478 =======
[+] Mode: DECRYPT
[+] Length: 2 bytes
[+] BF_KEY ptr: 0x219946c
[+] IV ptr: 0x2199439
[+] num ptr: 0x2199430 (value: 6)
[+] IV (8 bytes):
           0  1  2  3  4  5  6  7  8  9  A  B  C  D  E  F  0123456789ABCDEF
02199439  93 ed 27 bc c8 7e 91 25                          ..'..~.%
[+] Input data (first 2 bytes):
           0  1  2  3  4  5  6  7  8  9  A  B  C  D  E  F  0123456789ABCDEF
171afe9c  b9 25                                            .%
[+] Output data after DECRYPT (first 2 bytes):
           0  1  2  3  4  5  6  7  8  9  A  B  C  D  E  F  0123456789ABCDEF
02197820  28 00                                            (.
[>] Decrypt wrapper called — context: 0x2198022

[+] ======= BF_cfb64_encrypt call #479 =======
[+] Mode: DECRYPT
[+] Length: 46 bytes
[+] BF_KEY ptr: 0x219946c
[+] IV ptr: 0x2199439
[+] num ptr: 0x2199430 (value: 0)
[+] IV (8 bytes):
           0  1  2  3  4  5  6  7  8  9  A  B  C  D  E  F  0123456789ABCDEF
02199439  93 ed 27 bc c8 7e b9 25                          ..'..~.%
[+] Input data (first 46 bytes):
           0  1  2  3  4  5  6  7  8  9  A  B  C  D  E  F  0123456789ABCDEF
02198022  9b 3a 2c 51 7a 75 02 1d 8e 52 a1 07 c0 b3 8a 97  .:,Qzu...R......
02198032  b3 2b 52 7e 02 e7 ae 2a b9 f2 0b 99 b6 51 17 32  .+R~...*.....Q.2
02198042  24 d4 c5 29 90 3d f5 d7 38 b4 a9 ad d6 50        $..).=..8....P
[+] Output data after DECRYPT (first 46 bytes):
           0  1  2  3  4  5  6  7  8  9  A  B  C  D  E  F  0123456789ABCDEF
02197820  38 08 18 00 20 84 e2 19 28 fa eb ac 02 38 a9 04  8... ...(....8..
02197830  40 de 02 68 02 78 01 a8 01 00 c0 01 00 c8 01 00  @..h.x..........
02197840  d0 01 00 d8 01 00 54 51 53 65 72 76 65 72        ......TQServer
[>] Decrypt wrapper called — context: 0x171afe9c

[+] ======= BF_cfb64_encrypt call #480 =======
[+] Mode: DECRYPT
[+] Length: 2 bytes
[+] BF_KEY ptr: 0x219946c
[+] IV ptr: 0x2199439
[+] num ptr: 0x2199430 (value: 6)
[+] IV (8 bytes):
           0  1  2  3  4  5  6  7  8  9  A  B  C  D  E  F  0123456789ABCDEF
02199439  38 b4 a9 ad d6 50 6d f2                          8....Pm.
[+] Input data (first 2 bytes):
           0  1  2  3  4  5  6  7  8  9  A  B  C  D  E  F  0123456789ABCDEF
171afe9c  45 f2                                            E.
[+] Output data after DECRYPT (first 2 bytes):
           0  1  2  3  4  5  6  7  8  9  A  B  C  D  E  F  0123456789ABCDEF
02197820  28 00                                            (.
[>] Decrypt wrapper called — context: 0x2198022

[+] ======= BF_cfb64_encrypt call #481 =======
[+] Mode: DECRYPT
[+] Length: 46 bytes
[+] BF_KEY ptr: 0x219946c
[+] IV ptr: 0x2199439
[+] num ptr: 0x2199430 (value: 0)
[+] IV (8 bytes):
           0  1  2  3  4  5  6  7  8  9  A  B  C  D  E  F  0123456789ABCDEF
02199439  38 b4 a9 ad d6 50 45 f2                          8....PE.
[+] Input data (first 46 bytes):
           0  1  2  3  4  5  6  7  8  9  A  B  C  D  E  F  0123456789ABCDEF
02198022  74 f2 74 8e 20 46 c0 b0 b3 65 20 e3 cc 4f 3e 8d  t.t. F...e ..O>.
02198032  05 1a 2e 33 27 65 e7 30 64 34 bf 97 d7 3d ef ce  ...3'e.0d4...=..
02198042  71 d5 c6 ae e5 da 21 d8 85 dd ad bc 7d 69        q.....!.....}i
[+] Output data after DECRYPT (first 46 bytes):
           0  1  2  3  4  5  6  7  8  9  A  B  C  D  E  F  0123456789ABCDEF
02197820  38 08 18 02 20 9a 8b 1a 28 fa eb ac 02 38 aa 04  8... ...(....8..
02197830  40 de 02 68 02 78 00 a8 01 00 c0 01 00 c8 01 00  @..h.x..........
02197840  d0 01 00 d8 01 00 54 51 53 65 72 76 65 72        ......TQServer
[>] Encrypt wrapper called — context: 0x2198820

[+] ======= BF_cfb64_encrypt call #482 =======
[+] Mode: ENCRYPT
[+] Length: 12 bytes
[+] BF_KEY ptr: 0x219946c
[+] IV ptr: 0x2199441
[+] num ptr: 0x2199434 (value: 6)
[+] IV (8 bytes):
           0  1  2  3  4  5  6  7  8  9  A  B  C  D  E  F  0123456789ABCDEF
02199441  6e 80 42 12 bf 6f de 94                          n.B..o..
[+] Input data (first 12 bytes):
           0  1  2  3  4  5  6  7  8  9  A  B  C  D  E  F  0123456789ABCDEF
02198820  0c 00 36 0a 00 00 00 00 b5 5f 67 44              ..6......_gD
[+] Output data after ENCRYPT (first 12 bytes):
           0  1  2  3  4  5  6  7  8  9  A  B  C  D  E  F  0123456789ABCDEF
02197820  d2 94 8d 6b 16 a6 7b 18 ea c6 8c ae              ...k..{.....
[>] Encrypt wrapper called — context: 0x16f83f8

[+] ======= BF_cfb64_encrypt call #483 =======
[+] Mode: ENCRYPT
[+] Length: 8 bytes
[+] BF_KEY ptr: 0x219946c
[+] IV ptr: 0x2199441
[+] num ptr: 0x2199434 (value: 2)
[+] IV (8 bytes):
           0  1  2  3  4  5  6  7  8  9  A  B  C  D  E  F  0123456789ABCDEF
02199441  8c ae 39 15 7d 58 b6 ce                          ..9.}X..
[+] Input data (first 8 bytes):
           0  1  2  3  4  5  6  7  8  9  A  B  C  D  E  F  0123456789ABCDEF
016f83f8  54 51 43 6c 69 65 6e 74                          TQClient
[+] Output data after ENCRYPT (first 8 bytes):
           0  1  2  3  4  5  6  7  8  9  A  B  C  D  E  F  0123456789ABCDEF
02197820  6d 44 3e 34 df ab c7 a0                          mD>4....
[>] Decrypt wrapper called — context: 0x171afe9c

[+] ======= BF_cfb64_encrypt call #484 =======
[+] Mode: DECRYPT
[+] Length: 2 bytes
[+] BF_KEY ptr: 0x219946c
[+] IV ptr: 0x2199439
[+] num ptr: 0x2199430 (value: 6)
[+] IV (8 bytes):
           0  1  2  3  4  5  6  7  8  9  A  B  C  D  E  F  0123456789ABCDEF
02199439  85 dd ad bc 7d 69 15 37                          ....}i.7
[+] Input data (first 2 bytes):
           0  1  2  3  4  5  6  7  8  9  A  B  C  D  E  F  0123456789ABCDEF
171afe9c  07 37                                            .7
[+] Output data after DECRYPT (first 2 bytes):
           0  1  2  3  4  5  6  7  8  9  A  B  C  D  E  F  0123456789ABCDEF
02197820  12 00                                            ..
[>] Decrypt wrapper called — context: 0x2198022

[+] ======= BF_cfb64_encrypt call #485 =======
[+] Mode: DECRYPT
[+] Length: 24 bytes
[+] BF_KEY ptr: 0x219946c
[+] IV ptr: 0x2199439
[+] num ptr: 0x2199430 (value: 0)
[+] IV (8 bytes):
           0  1  2  3  4  5  6  7  8  9  A  B  C  D  E  F  0123456789ABCDEF
02199439  85 dd ad bc 7d 69 07 37                          ....}i.7
[+] Input data (first 24 bytes):
           0  1  2  3  4  5  6  7  8  9  A  B  C  D  E  F  0123456789ABCDEF
02198022  0f 49 b6 ea 41 ad e0 99 40 12 03 e8 25 e3 00 04  .I..A...@...%...
02198032  41 c7 b5 d0 ff d7 9b e9                          A.......
[+] Output data after DECRYPT (first 24 bytes):
           0  1  2  3  4  5  6  7  8  9  A  B  C  D  E  F  0123456789ABCDEF
02197820  98 08 08 01 10 d2 bf 19 18 01 20 c1 83 d5 e0 01  .......... .....
02197830  54 51 53 65 72 76 65 72                          TQServer
[>] Decrypt wrapper called — context: 0x171afe9c

[+] ======= BF_cfb64_encrypt call #486 =======
[+] Mode: DECRYPT
[+] Length: 2 bytes
[+] BF_KEY ptr: 0x219946c
[+] IV ptr: 0x2199439
[+] num ptr: 0x2199430 (value: 0)
[+] IV (8 bytes):
           0  1  2  3  4  5  6  7  8  9  A  B  C  D  E  F  0123456789ABCDEF
02199439  41 c7 b5 d0 ff d7 9b e9                          A.......
[+] Input data (first 2 bytes):
           0  1  2  3  4  5  6  7  8  9  A  B  C  D  E  F  0123456789ABCDEF
171afe9c  77 4c                                            wL
[+] Output data after DECRYPT (first 2 bytes):
           0  1  2  3  4  5  6  7  8  9  A  B  C  D  E  F  0123456789ABCDEF
02197820  0c 00                                            ..
[>] Decrypt wrapper called — context: 0x2198022

[+] ======= BF_cfb64_encrypt call #487 =======
[+] Mode: DECRYPT
[+] Length: 18 bytes
[+] BF_KEY ptr: 0x219946c
[+] IV ptr: 0x2199439
[+] num ptr: 0x2199430 (value: 2)
[+] IV (8 bytes):
           0  1  2  3  4  5  6  7  8  9  A  B  C  D  E  F  0123456789ABCDEF
02199439  77 4c ad 26 1d 53 b7 f3                          wL.&.S..
[+] Input data (first 18 bytes):
           0  1  2  3  4  5  6  7  8  9  A  B  C  D  E  F  0123456789ABCDEF
02198022  9b 2c 1d 53 b7 f3 55 bb 09 49 ea f5 95 5f e8 e8  .,.S..U..I..._..
02198032  74 d7                                            t.
[+] Output data after DECRYPT (first 18 bytes):
           0  1  2  3  4  5  6  7  8  9  A  B  C  D  E  F  0123456789ABCDEF
02197820  36 0a 00 00 00 00 b5 5f 67 44 54 51 53 65 72 76  6......_gDTQServ
02197830  65 72                                            er
[>] Decrypt wrapper called — context: 0x171afe9c

[+] ======= BF_cfb64_encrypt call #488 =======
[+] Mode: DECRYPT
[+] Length: 2 bytes
[+] BF_KEY ptr: 0x219946c
[+] IV ptr: 0x2199439
[+] num ptr: 0x2199430 (value: 4)
[+] IV (8 bytes):
           0  1  2  3  4  5  6  7  8  9  A  B  C  D  E  F  0123456789ABCDEF
02199439  e8 e8 74 d7 eb 66 f1 0d                          ..t..f..
[+] Input data (first 2 bytes):
           0  1  2  3  4  5  6  7  8  9  A  B  C  D  E  F  0123456789ABCDEF
171afe9c  9f 66                                            .f
[+] Output data after DECRYPT (first 2 bytes):
           0  1  2  3  4  5  6  7  8  9  A  B  C  D  E  F  0123456789ABCDEF
02197820  74 00                                            t.
[>] Decrypt wrapper called — context: 0x2198022

[+] ======= BF_cfb64_encrypt call #489 =======
[+] Mode: DECRYPT
[+] Length: 122 bytes
[+] BF_KEY ptr: 0x219946c
[+] IV ptr: 0x2199439
[+] num ptr: 0x2199430 (value: 6)
[+] IV (8 bytes):
           0  1  2  3  4  5  6  7  8  9  A  B  C  D  E  F  0123456789ABCDEF
02199439  e8 e8 74 d7 9f 66 f1 0d                          ..t..f..
[+] Input data (first 64 bytes):
           0  1  2  3  4  5  6  7  8  9  A  B  C  D  E  F  0123456789ABCDEF
02198022  87 04 a6 d5 03 c2 f4 a7 66 1c 9f eb 64 3d 74 c7  ........f...d=t.
02198032  76 5e e1 a2 87 2c 56 86 cf e9 48 91 05 f7 88 7c  v^...,V...H....|
02198042  62 e1 5d 9c bc 5d 04 8a 31 a6 b8 f5 a4 be bf 54  b.]..]..1......T
02198052  d0 f1 30 2b 02 e8 07 e0 3d 2e fa d6 78 1d 9a 10  ..0+....=...x...
[+] Output data after DECRYPT (first 64 bytes):
           0  1  2  3  4  5  6  7  8  9  A  B  C  D  E  F  0123456789ABCDEF
02197820  76 09 08 fa eb ac 02 18 a9 04 20 de 02 28 92 27  v......... ..(.'
02197830  30 00 40 00 48 00 52 15 08 ee df 19 10 96 01 18  0.@.H.R.........
02197840  00 20 00 28 00 30 00 38 00 40 00 48 00 52 15 08  . .(.0.8.@.H.R..
02197850  9a 8b 1a 10 90 01 18 00 20 00 28 00 30 00 38 00  ........ .(.0.8.
[>] Decrypt wrapper called — context: 0x171afe9c

[+] ======= BF_cfb64_encrypt call #490 =======
[+] Mode: DECRYPT
[+] Length: 2 bytes
[+] BF_KEY ptr: 0x219946c
[+] IV ptr: 0x2199439
[+] num ptr: 0x2199430 (value: 0)
[+] IV (8 bytes):
           0  1  2  3  4  5  6  7  8  9  A  B  C  D  E  F  0123456789ABCDEF
02199439  79 80 81 22 f9 04 28 be                          y.."..(.
[+] Input data (first 2 bytes):
           0  1  2  3  4  5  6  7  8  9  A  B  C  D  E  F  0123456789ABCDEF
171afe9c  d4 f7                                            ..
[+] Output data after DECRYPT (first 2 bytes):
           0  1  2  3  4  5  6  7  8  9  A  B  C  D  E  F  0123456789ABCDEF
02197820  24 00                                            $.
[>] Decrypt wrapper called — context: 0x2198022

[+] ======= BF_cfb64_encrypt call #491 =======
[+] Mode: DECRYPT
[+] Length: 42 bytes
[+] BF_KEY ptr: 0x219946c
[+] IV ptr: 0x2199439
[+] num ptr: 0x2199430 (value: 2)
[+] IV (8 bytes):
           0  1  2  3  4  5  6  7  8  9  A  B  C  D  E  F  0123456789ABCDEF
02199439  d4 f7 50 41 89 1e 3c 2a                          ..PA..<*
[+] Input data (first 42 bytes):
           0  1  2  3  4  5  6  7  8  9  A  B  C  D  E  F  0123456789ABCDEF
02198022  68 49 a9 e4 d7 86 d4 e7 82 c5 33 ab 38 ab 2e 10  hI........3.8...
02198032  1c 43 9f 4c 9b 6a 98 db 65 3c 56 d9 72 fc 74 1a  .C.L.j..e<V.r.t.
02198042  9e 3a bd 32 81 15 8a 12 64 67                    .:.2....dg
[+] Output data after DECRYPT (first 42 bytes):
           0  1  2  3  4  5  6  7  8  9  A  B  C  D  E  F  0123456789ABCDEF
02197820  38 08 20 fa eb ac 02 28 9a 8b 1a 38 aa 04 40 de  8. ....(...8..@.
02197830  02 68 0e 88 01 02 90 01 00 a8 01 00 c8 01 00 d0  .h..............
02197840  01 00 54 51 53 65 72 76 65 72                    ..TQServer
[>] Decrypt wrapper called — context: 0x171afe9c

[+] ======= BF_cfb64_encrypt call #492 =======
[+] Mode: DECRYPT
[+] Length: 2 bytes
[+] BF_KEY ptr: 0x219946c
[+] IV ptr: 0x2199439
[+] num ptr: 0x2199430 (value: 4)
[+] IV (8 bytes):
           0  1  2  3  4  5  6  7  8  9  A  B  C  D  E  F  0123456789ABCDEF
02199439  8a 12 64 67 40 a4 6d 80                          ..dg@.m.
[+] Input data (first 2 bytes):
           0  1  2  3  4  5  6  7  8  9  A  B  C  D  E  F  0123456789ABCDEF
171afe9c  12 a4                                            ..
[+] Output data after DECRYPT (first 2 bytes):
           0  1  2  3  4  5  6  7  8  9  A  B  C  D  E  F  0123456789ABCDEF
02197820  52 00                                            R.
[>] Decrypt wrapper called — context: 0x2198022

[+] ======= BF_cfb64_encrypt call #493 =======
[+] Mode: DECRYPT
[+] Length: 88 bytes
[+] BF_KEY ptr: 0x219946c
[+] IV ptr: 0x2199439
[+] num ptr: 0x2199430 (value: 6)
[+] IV (8 bytes):
           0  1  2  3  4  5  6  7  8  9  A  B  C  D  E  F  0123456789ABCDEF
02199439  8a 12 64 67 12 a4 6d 80                          ..dg..m.
[+] Input data (first 64 bytes):
           0  1  2  3  4  5  6  7  8  9  A  B  C  D  E  F  0123456789ABCDEF
02198022  54 89 3c 95 76 2b fd 08 95 69 4a 42 ee 3e b0 86  T.<.v+...iJB.>..
02198032  e1 f6 a4 0d 99 eb 13 d1 d6 a4 52 e4 cf 9b 24 57  ..........R...$W
02198042  9a 3d 76 f8 a9 ba 0a 83 06 a3 f2 97 b3 1e 4c bb  .=v...........L.
02198052  82 38 18 dc 62 68 04 14 5b c7 16 d4 a3 75 3e 33  .8..bh..[....u>3
[+] Output data after DECRYPT (first 64 bytes):
           0  1  2  3  4  5  6  7  8  9  A  B  C  D  E  F  0123456789ABCDEF
02197820  39 09 08 80 fe ff 07 10 d5 0f 18 00 20 b1 09 30  9........... ..0
02197830  00 38 00 40 01 48 00 50 00 5a 00 72 06 53 59 53  .8.@.H.P.Z.r.SYS
02197840  54 45 4d 72 07 4c 65 70 6f 53 65 6e 72 00 72 20  TEMr.LepoSenr.r 
02197850  53 54 52 5f 49 44 5f 74 4c 75 63 6b 79 54 72 65  STR_ID_tLuckyTre
[>] Decrypt wrapper called — context: 0x171afe9c

[+] ======= BF_cfb64_encrypt call #494 =======
[+] Mode: DECRYPT
[+] Length: 2 bytes
[+] BF_KEY ptr: 0x219946c
[+] IV ptr: 0x2199439
[+] num ptr: 0x2199430 (value: 6)
[+] IV (8 bytes):
           0  1  2  3  4  5  6  7  8  9  A  B  C  D  E  F  0123456789ABCDEF
02199439  3d 8c 50 58 3c 72 a4 89                          =.PX<r..
[+] Input data (first 2 bytes):
           0  1  2  3  4  5  6  7  8  9  A  B  C  D  E  F  0123456789ABCDEF
171afe9c  94 89                                            ..
[+] Output data after DECRYPT (first 2 bytes):
           0  1  2  3  4  5  6  7  8  9  A  B  C  D  E  F  0123456789ABCDEF
02197820  30 00                                            0.
[>] Decrypt wrapper called — context: 0x2198022

[+] ======= BF_cfb64_encrypt call #495 =======
[+] Mode: DECRYPT
[+] Length: 54 bytes
[+] BF_KEY ptr: 0x219946c
[+] IV ptr: 0x2199439
[+] num ptr: 0x2199430 (value: 0)
[+] IV (8 bytes):
           0  1  2  3  4  5  6  7  8  9  A  B  C  D  E  F  0123456789ABCDEF
02199439  3d 8c 50 58 3c 72 94 89                          =.PX<r..
[+] Input data (first 54 bytes):
           0  1  2  3  4  5  6  7  8  9  A  B  C  D  E  F  0123456789ABCDEF
02198022  ee 04 81 9d 7b b6 b1 7a a9 19 b3 56 d5 17 36 f5  ....{..z...V..6.
02198032  f1 46 7b 23 e4 3f 7d f5 48 37 8b 4d 27 96 c6 46  .F{#.?}.H7.M'..F
02198042  fa 6c b7 aa d1 9a 54 48 3c cf 64 20 87 81 88 f2  .l....TH<.d ....
02198052  d4 73 5e f6 1b 08                                .s^...
[+] Output data after DECRYPT (first 54 bytes):
           0  1  2  3  4  5  6  7  8  9  A  B  C  D  E  F  0123456789ABCDEF
02197820  fe 07 08 9a 8b 1a 12 26 08 19 18 20 18 00 18 00  .......&... ....
02197830  18 00 18 00 18 00 18 00 18 00 18 00 18 00 18 00  ................
02197840  18 00 18 00 18 00 18 00 18 00 18 00 18 00 54 51  ..............TQ
02197850  53 65 72 76 65 72                                Server
[>] Decrypt wrapper called — context: 0x171afe9c

[+] ======= BF_cfb64_encrypt call #496 =======
[+] Mode: DECRYPT
[+] Length: 2 bytes
[+] BF_KEY ptr: 0x219946c
[+] IV ptr: 0x2199439
[+] num ptr: 0x2199430 (value: 6)
[+] IV (8 bytes):
           0  1  2  3  4  5  6  7  8  9  A  B  C  D  E  F  0123456789ABCDEF
02199439  d4 73 5e f6 1b 08 5b 52                          .s^...[R
[+] Input data (first 2 bytes):
           0  1  2  3  4  5  6  7  8  9  A  B  C  D  E  F  0123456789ABCDEF
171afe9c  7f 52                                            .R
[+] Output data after DECRYPT (first 2 bytes):
           0  1  2  3  4  5  6  7  8  9  A  B  C  D  E  F  0123456789ABCDEF
02197820  24 00                                            $.
[>] Decrypt wrapper called — context: 0x2198022

[+] ======= BF_cfb64_encrypt call #497 =======
[+] Mode: DECRYPT
[+] Length: 42 bytes
[+] BF_KEY ptr: 0x219946c
[+] IV ptr: 0x2199439
[+] num ptr: 0x2199430 (value: 0)
[+] IV (8 bytes):
           0  1  2  3  4  5  6  7  8  9  A  B  C  D  E  F  0123456789ABCDEF
02199439  d4 73 5e f6 1b 08 7f 52                          .s^....R
[+] Input data (first 42 bytes):
           0  1  2  3  4  5  6  7  8  9  A  B  C  D  E  F  0123456789ABCDEF
02198022  c4 11 3a b3 7b e5 75 a0 74 ca 82 46 0a 57 c7 54  ..:.{.u.t..F.W.T
02198032  91 0f 6c 12 cc 50 10 79 b2 99 01 14 6a 17 a0 b3  ..l..P.y....j...
02198042  ed c0 aa f9 e3 3b 5b 2b a6 b4                    .....;[+..
[+] Output data after DECRYPT (first 42 bytes):
           0  1  2  3  4  5  6  7  8  9  A  B  C  D  E  F  0123456789ABCDEF
02197820  38 08 20 fa eb ac 02 28 84 e2 19 38 a9 04 40 de  8. ....(...8..@.
02197830  02 68 0e 88 01 02 90 01 00 a8 01 00 c8 01 00 d0  .h..............
02197840  01 00 54 51 53 65 72 76 65 72                    ..TQServer
[>] Decrypt wrapper called — context: 0x171afe9c

[+] ======= BF_cfb64_encrypt call #498 =======
[+] Mode: DECRYPT
[+] Length: 2 bytes
[+] BF_KEY ptr: 0x219946c
[+] IV ptr: 0x2199439
[+] num ptr: 0x2199430 (value: 2)
[+] IV (8 bytes):
           0  1  2  3  4  5  6  7  8  9  A  B  C  D  E  F  0123456789ABCDEF
02199439  a6 b4 70 f4 a0 ea 07 4c                          ..p....L
[+] Input data (first 2 bytes):
           0  1  2  3  4  5  6  7  8  9  A  B  C  D  E  F  0123456789ABCDEF
171afe9c  40 f4                                            @.
[+] Output data after DECRYPT (first 2 bytes):
           0  1  2  3  4  5  6  7  8  9  A  B  C  D  E  F  0123456789ABCDEF
02197820  30 00                                            0.
[>] Decrypt wrapper called — context: 0x2198022

[+] ======= BF_cfb64_encrypt call #499 =======
[+] Mode: DECRYPT
[+] Length: 54 bytes
[+] BF_KEY ptr: 0x219946c
[+] IV ptr: 0x2199439
[+] num ptr: 0x2199430 (value: 4)
[+] IV (8 bytes):
           0  1  2  3  4  5  6  7  8  9  A  B  C  D  E  F  0123456789ABCDEF
02199439  a6 b4 40 f4 a0 ea 07 4c                          ..@....L
[+] Input data (first 54 bytes):
           0  1  2  3  4  5  6  7  8  9  A  B  C  D  E  F  0123456789ABCDEF
02198022  5e ed 0f c8 73 36 25 2e f2 39 ce 07 3c d6 d5 63  ^...s6%..9..<..c
02198032  43 94 aa 68 7c 2e 09 c0 cd c5 01 42 b1 6f 6b 8e  C..h|......B.ok.
02198042  57 57 f7 8f 91 2f 7a 59 39 88 01 b3 28 37 15 c5  WW.../zY9...(7..
02198052  e3 57 59 d3 eb 2c                                .WY..,
[+] Output data after DECRYPT (first 54 bytes):
           0  1  2  3  4  5  6  7  8  9  A  B  C  D  E  F  0123456789ABCDEF
02197820  fe 07 08 84 e2 19 12 26 08 19 18 20 18 00 18 00  .......&... ....
02197830  18 00 18 00 18 00 18 00 18 00 18 00 18 00 18 00  ................
02197840  18 00 18 00 18 00 18 00 18 00 18 00 18 00 54 51  ..............TQ
02197850  53 65 72 76 65 72                                Server
[>] Decrypt wrapper called — context: 0x171afe9c

[+] ======= BF_cfb64_encrypt call #500 =======
[+] Mode: DECRYPT
[+] Length: 2 bytes
[+] BF_KEY ptr: 0x219946c
[+] IV ptr: 0x2199439
[+] num ptr: 0x2199430 (value: 2)
[+] IV (8 bytes):
           0  1  2  3  4  5  6  7  8  9  A  B  C  D  E  F  0123456789ABCDEF
02199439  eb 2c 67 4f 53 c2 e8 fc                          .,gOS...
[+] Input data (first 2 bytes):
           0  1  2  3  4  5  6  7  8  9  A  B  C  D  E  F  0123456789ABCDEF
171afe9c  43 4f                                            CO
[+] Output data after DECRYPT (first 2 bytes):
           0  1  2  3  4  5  6  7  8  9  A  B  C  D  E  F  0123456789ABCDEF
02197820  24 00                                            $.
[>] Decrypt wrapper called — context: 0x2198022

[+] ======= BF_cfb64_encrypt call #501 =======
[+] Mode: DECRYPT
[+] Length: 42 bytes
[+] BF_KEY ptr: 0x219946c
[+] IV ptr: 0x2199439
[+] num ptr: 0x2199430 (value: 4)
[+] IV (8 bytes):
           0  1  2  3  4  5  6  7  8  9  A  B  C  D  E  F  0123456789ABCDEF
02199439  eb 2c 43 4f 53 c2 e8 fc                          .,COS...
[+] Input data (first 42 bytes):
           0  1  2  3  4  5  6  7  8  9  A  B  C  D  E  F  0123456789ABCDEF
02198022  6b ca c8 06 d4 48 0d 8d 30 58 8b ae 64 80 7f 6a  k....H..0X..d..j
02198032  2d 0f 70 db 90 74 70 b3 a0 c4 8e 48 1e 18 95 17  -.p..tp....H....
02198042  27 51 b5 a8 b8 73 7c 91 7c 65                    'Q...s|.|e
[+] Output data after DECRYPT (first 42 bytes):
           0  1  2  3  4  5  6  7  8  9  A  B  C  D  E  F  0123456789ABCDEF
02197820  38 08 20 fa eb ac 02 28 d2 bf 19 38 a9 04 40 dd  8. ....(...8..@.
02197830  02 68 0e 88 01 02 90 01 00 a8 01 00 c8 01 00 d0  .h..............
02197840  01 00 54 51 53 65 72 76 65 72                    ..TQServer
[>] Decrypt wrapper called — context: 0x171afe9c

[+] ======= BF_cfb64_encrypt call #502 =======
[+] Mode: DECRYPT
[+] Length: 2 bytes
[+] BF_KEY ptr: 0x219946c
[+] IV ptr: 0x2199439
[+] num ptr: 0x2199430 (value: 6)
[+] IV (8 bytes):
           0  1  2  3  4  5  6  7  8  9  A  B  C  D  E  F  0123456789ABCDEF
02199439  b8 73 7c 91 7c 65 ae 5e                          .s|.|e.^
[+] Input data (first 2 bytes):
           0  1  2  3  4  5  6  7  8  9  A  B  C  D  E  F  0123456789ABCDEF
171afe9c  9e 5e                                            .^
[+] Output data after DECRYPT (first 2 bytes):
           0  1  2  3  4  5  6  7  8  9  A  B  C  D  E  F  0123456789ABCDEF
02197820  30 00                                            0.
[>] Decrypt wrapper called — context: 0x2198022

[+] ======= BF_cfb64_encrypt call #503 =======
[+] Mode: DECRYPT
[+] Length: 54 bytes
[+] BF_KEY ptr: 0x219946c
[+] IV ptr: 0x2199439
[+] num ptr: 0x2199430 (value: 0)
[+] IV (8 bytes):
           0  1  2  3  4  5  6  7  8  9  A  B  C  D  E  F  0123456789ABCDEF
02199439  b8 73 7c 91 7c 65 9e 5e                          .s|.|e.^
[+] Input data (first 54 bytes):
           0  1  2  3  4  5  6  7  8  9  A  B  C  D  E  F  0123456789ABCDEF
02198022  49 36 d6 dd 87 86 fa 97 ca d8 90 54 67 a7 26 93  I6.........Tg.&.
02198032  34 b7 24 68 33 00 e2 62 61 d3 43 99 b5 c6 47 45  4.$h3..ba.C...GE
02198042  7c 42 73 e9 4f 99 d7 ae d5 5e 11 31 6d 14 b0 f2  |Bs.O....^.1m...
02198052  53 03 ac f2 6c 40                                S...l@
[+] Output data after DECRYPT (first 54 bytes):
           0  1  2  3  4  5  6  7  8  9  A  B  C  D  E  F  0123456789ABCDEF
02197820  fe 07 08 d2 bf 19 12 26 08 19 18 20 18 00 18 00  .......&... ....
02197830  18 00 18 00 18 00 18 00 18 00 18 00 18 00 18 00  ................
02197840  18 00 18 00 18 00 18 00 18 00 18 00 18 00 54 51  ..............TQ
02197850  53 65 72 76 65 72                                Server
[>] Decrypt wrapper called — context: 0x171afe9c

[+] ======= BF_cfb64_encrypt call #504 =======
[+] Mode: DECRYPT
[+] Length: 2 bytes
[+] BF_KEY ptr: 0x219946c
[+] IV ptr: 0x2199439
[+] num ptr: 0x2199430 (value: 6)
[+] IV (8 bytes):
           0  1  2  3  4  5  6  7  8  9  A  B  C  D  E  F  0123456789ABCDEF
02199439  53 03 ac f2 6c 40 a0 c1                          S...l@..
[+] Input data (first 2 bytes):
           0  1  2  3  4  5  6  7  8  9  A  B  C  D  E  F  0123456789ABCDEF
171afe9c  84 c1                                            ..
[+] Output data after DECRYPT (first 2 bytes):
           0  1  2  3  4  5  6  7  8  9  A  B  C  D  E  F  0123456789ABCDEF
02197820  24 00                                            $.
[>] Decrypt wrapper called — context: 0x2198022

[+] ======= BF_cfb64_encrypt call #505 =======
[+] Mode: DECRYPT
[+] Length: 42 bytes
[+] BF_KEY ptr: 0x219946c
[+] IV ptr: 0x2199439
[+] num ptr: 0x2199430 (value: 0)
[+] IV (8 bytes):
           0  1  2  3  4  5  6  7  8  9  A  B  C  D  E  F  0123456789ABCDEF
02199439  53 03 ac f2 6c 40 84 c1                          S...l@..
[+] Input data (first 42 bytes):
           0  1  2  3  4  5  6  7  8  9  A  B  C  D  E  F  0123456789ABCDEF
02198022  dc f7 7d d1 9a db ee e4 dd 08 2c ff c5 b7 98 80  ..}.......,.....
02198032  58 be da ae b2 dc 99 4d 7f 24 a9 67 0c 7f 70 75  X......M.$.g..pu
02198042  3f d2 af 18 ac 12 ae 97 36 76                    ?.......6v
[+] Output data after DECRYPT (first 42 bytes):
           0  1  2  3  4  5  6  7  8  9  A  B  C  D  E  F  0123456789ABCDEF
02197820  38 08 20 fa eb ac 02 28 ee df 19 38 aa 04 40 dd  8. ....(...8..@.
02197830  02 68 0e 88 01 02 90 01 00 a8 01 00 c8 01 00 d0  .h..............
02197840  01 00 54 51 53 65 72 76 65 72                    ..TQServer
[>] Decrypt wrapper called — context: 0x171afe9c

[+] ======= BF_cfb64_encrypt call #506 =======
[+] Mode: DECRYPT
[+] Length: 2 bytes
[+] BF_KEY ptr: 0x219946c
[+] IV ptr: 0x2199439
[+] num ptr: 0x2199430 (value: 2)
[+] IV (8 bytes):
           0  1  2  3  4  5  6  7  8  9  A  B  C  D  E  F  0123456789ABCDEF
02199439  36 76 8d c8 9a 13 e4 16                          6v......
[+] Input data (first 2 bytes):
           0  1  2  3  4  5  6  7  8  9  A  B  C  D  E  F  0123456789ABCDEF
171afe9c  bd c8                                            ..
[+] Output data after DECRYPT (first 2 bytes):
           0  1  2  3  4  5  6  7  8  9  A  B  C  D  E  F  0123456789ABCDEF
02197820  30 00                                            0.
[>] Decrypt wrapper called — context: 0x2198022

[+] ======= BF_cfb64_encrypt call #507 =======
[+] Mode: DECRYPT
[+] Length: 54 bytes
[+] BF_KEY ptr: 0x219946c
[+] IV ptr: 0x2199439
[+] num ptr: 0x2199430 (value: 4)
[+] IV (8 bytes):
           0  1  2  3  4  5  6  7  8  9  A  B  C  D  E  F  0123456789ABCDEF
02199439  36 76 bd c8 9a 13 e4 16                          6v......
[+] Input data (first 54 bytes):
           0  1  2  3  4  5  6  7  8  9  A  B  C  D  E  F  0123456789ABCDEF
02198022  64 14 ec f8 24 c8 e7 00 d1 68 89 25 ae 98 dd 11  d...$....h.%....
02198032  1b e5 9b 29 7d c6 16 35 9c ac 38 7a ac fd e0 1b  ...)}..5..8z....
02198042  f0 14 81 56 d9 ed 61 cb 77 16 f7 25 20 97 4e 5a  ...V..a.w..% .NZ
02198052  4c ca eb 64 a0 48                                L..d.H
[+] Output data after DECRYPT (first 54 bytes):
           0  1  2  3  4  5  6  7  8  9  A  B  C  D  E  F  0123456789ABCDEF
02197820  fe 07 08 ee df 19 12 26 08 19 18 20 18 00 18 00  .......&... ....
02197830  18 00 18 00 18 00 18 00 18 00 18 00 18 00 18 00  ................
02197840  18 00 18 00 18 00 18 00 18 00 18 00 18 00 54 51  ..............TQ
02197850  53 65 72 76 65 72                                Server
[>] Decrypt wrapper called — context: 0x171afe9c

[+] ======= BF_cfb64_encrypt call #508 =======
[+] Mode: DECRYPT
[+] Length: 2 bytes
[+] BF_KEY ptr: 0x219946c
[+] IV ptr: 0x2199439
[+] num ptr: 0x2199430 (value: 2)
[+] IV (8 bytes):
           0  1  2  3  4  5  6  7  8  9  A  B  C  D  E  F  0123456789ABCDEF
02199439  a0 48 57 e9 b6 44 95 0f                          .HW..D..
[+] Input data (first 2 bytes):
           0  1  2  3  4  5  6  7  8  9  A  B  C  D  E  F  0123456789ABCDEF
171afe9c  4d e9                                            M.
[+] Output data after DECRYPT (first 2 bytes):
           0  1  2  3  4  5  6  7  8  9  A  B  C  D  E  F  0123456789ABCDEF
02197820  1a 00                                            ..
[>] Decrypt wrapper called — context: 0x2198022

[+] ======= BF_cfb64_encrypt call #509 =======
[+] Mode: DECRYPT
[+] Length: 32 bytes
[+] BF_KEY ptr: 0x219946c
[+] IV ptr: 0x2199439
[+] num ptr: 0x2199430 (value: 4)
[+] IV (8 bytes):
           0  1  2  3  4  5  6  7  8  9  A  B  C  D  E  F  0123456789ABCDEF
02199439  a0 48 4d e9 b6 44 95 0f                          .HM..D..
[+] Input data (first 32 bytes):
           0  1  2  3  4  5  6  7  8  9  A  B  C  D  E  F  0123456789ABCDEF
02198022  48 43 9d f5 c3 aa bd f8 e1 68 52 c3 58 e9 ce 6b  HC.......hR.X..k
02198032  5f 7b 3b 36 8d 74 1d 72 f9 ec f6 58 9a 43 17 ce  _{;6.t.r...X.C..
[+] Output data after DECRYPT (first 32 bytes):
           0  1  2  3  4  5  6  7  8  9  A  B  C  D  E  F  0123456789ABCDEF
02197820  fe 07 08 fa eb ac 02 12 08 08 ff ff ff ff 0f 10  ................
02197830  00 12 05 08 05 10 e7 06 54 51 53 65 72 76 65 72  ........TQServer
[>] Encrypt wrapper called — context: 0x2198820

[+] ======= BF_cfb64_encrypt call #510 =======
[+] Mode: ENCRYPT
[+] Length: 23 bytes
[+] BF_KEY ptr: 0x219946c
[+] IV ptr: 0x2199441
[+] num ptr: 0x2199434 (value: 2)
[+] IV (8 bytes):
           0  1  2  3  4  5  6  7  8  9  A  B  C  D  E  F  0123456789ABCDEF
02199441  c7 a0 3c 92 78 8f b3 ce                          ..<.x...
[+] Input data (first 23 bytes):
           0  1  2  3  4  5  6  7  8  9  A  B  C  D  E  F  0123456789ABCDEF
02198820  17 00 98 08 08 d4 01 10 fa eb ac 02 18 01 20 d1  .............. .
02198830  c4 9d a3 04 28 ea 07                             ....(..
[+] Output data after ENCRYPT (first 23 bytes):
           0  1  2  3  4  5  6  7  8  9  A  B  C  D  E  F  0123456789ABCDEF
02197820  2b 92 e0 87 bb 1a 8c 31 09 01 d8 be aa 33 41 25  +......1.....3A%
02197830  ea 83 2c 81 05 8e c6                             ..,....
[>] Encrypt wrapper called — context: 0x16f83f8

[+] ======= BF_cfb64_encrypt call #511 =======
[+] Mode: ENCRYPT
[+] Length: 8 bytes
[+] BF_KEY ptr: 0x219946c
[+] IV ptr: 0x2199441
[+] num ptr: 0x2199434 (value: 1)
[+] IV (8 bytes):
           0  1  2  3  4  5  6  7  8  9  A  B  C  D  E  F  0123456789ABCDEF
02199441  c6 75 51 aa 5c 67 ca a2                          .uQ.\g..
[+] Input data (first 8 bytes):
           0  1  2  3  4  5  6  7  8  9  A  B  C  D  E  F  0123456789ABCDEF
016f83f8  54 51 43 6c 69 65 6e 74                          TQClient
[+] Output data after ENCRYPT (first 8 bytes):
           0  1  2  3  4  5  6  7  8  9  A  B  C  D  E  F  0123456789ABCDEF
02197820  21 00 e9 30 0e af cc 87                          !..0....
[>] Encrypt wrapper called — context: 0x2198820

[+] ======= BF_cfb64_encrypt call #512 =======
[+] Mode: ENCRYPT
[+] Length: 23 bytes
[+] BF_KEY ptr: 0x219946c
[+] IV ptr: 0x2199441
[+] num ptr: 0x2199434 (value: 1)
[+] IV (8 bytes):
           0  1  2  3  4  5  6  7  8  9  A  B  C  D  E  F  0123456789ABCDEF
02199441  87 3e 18 17 30 93 34 8c                          .>..0.4.
[+] Input data (first 23 bytes):
           0  1  2  3  4  5  6  7  8  9  A  B  C  D  E  F  0123456789ABCDEF
02198820  17 00 98 08 08 dc 01 10 fa eb ac 02 18 01 20 8f  .............. .
02198830  c6 9d a3 04 28 ea 07                             ....(..
[+] Output data after ENCRYPT (first 23 bytes):
           0  1  2  3  4  5  6  7  8  9  A  B  C  D  E  F  0123456789ABCDEF
02197820  29 18 8f 38 9b e8 8d 3f 38 ce 61 24 61 6e f4 42  )..8...?8.a$an.B
02197830  c0 c1 83 1f 5e ea 74                             ....^.t
[>] Encrypt wrapper called — context: 0x16f83f8

[+] ======= BF_cfb64_encrypt call #513 =======
[+] Mode: ENCRYPT
[+] Length: 8 bytes
[+] BF_KEY ptr: 0x219946c
[+] IV ptr: 0x2199441
[+] num ptr: 0x2199434 (value: 0)
[+] IV (8 bytes):
           0  1  2  3  4  5  6  7  8  9  A  B  C  D  E  F  0123456789ABCDEF
02199441  42 c0 c1 83 1f 5e ea 74                          B....^.t
[+] Input data (first 8 bytes):
           0  1  2  3  4  5  6  7  8  9  A  B  C  D  E  F  0123456789ABCDEF
016f83f8  54 51 43 6c 69 65 6e 74                          TQClient
[+] Output data after ENCRYPT (first 8 bytes):
           0  1  2  3  4  5  6  7  8  9  A  B  C  D  E  F  0123456789ABCDEF
02197820  97 46 b6 35 cb 5c 55 9d                          .F.5.\U.
[>] Decrypt wrapper called — context: 0x171afe9c

[+] ======= BF_cfb64_encrypt call #514 =======
[+] Mode: DECRYPT
[+] Length: 2 bytes
[+] BF_KEY ptr: 0x219946c
[+] IV ptr: 0x2199439
[+] num ptr: 0x2199430 (value: 4)
[+] IV (8 bytes):
           0  1  2  3  4  5  6  7  8  9  A  B  C  D  E  F  0123456789ABCDEF
02199439  9a 43 17 ce c3 03 cf 97                          .C......
[+] Input data (first 2 bytes):
           0  1  2  3  4  5  6  7  8  9  A  B  C  D  E  F  0123456789ABCDEF
171afe9c  d7 03                                            ..
[+] Output data after DECRYPT (first 2 bytes):
           0  1  2  3  4  5  6  7  8  9  A  B  C  D  E  F  0123456789ABCDEF
02197820  14 00                                            ..
[>] Decrypt wrapper called — context: 0x2198022

[+] ======= BF_cfb64_encrypt call #515 =======
[+] Mode: DECRYPT
[+] Length: 26 bytes
[+] BF_KEY ptr: 0x219946c
[+] IV ptr: 0x2199439
[+] num ptr: 0x2199430 (value: 6)
[+] IV (8 bytes):
           0  1  2  3  4  5  6  7  8  9  A  B  C  D  E  F  0123456789ABCDEF
02199439  9a 43 17 ce d7 03 cf 97                          .C......
[+] Input data (first 26 bytes):
           0  1  2  3  4  5  6  7  8  9  A  B  C  D  E  F  0123456789ABCDEF
02198022  57 9f 31 9d 92 af d2 44 b8 7c b7 e9 dc d5 c9 3f  W.1....D.|.....?
02198032  ec 51 b8 df 0f 00 a5 2c c6 85                    .Q.....,..
[+] Output data after DECRYPT (first 26 bytes):
           0  1  2  3  4  5  6  7  8  9  A  B  C  D  E  F  0123456789ABCDEF
02197820  98 08 08 d4 01 10 fa eb ac 02 18 01 20 bc 8a d5  ............ ...
02197830  e0 01 54 51 53 65 72 76 65 72                    ..TQServer
[>] Decrypt wrapper called — context: 0x171afe9c

[+] ======= BF_cfb64_encrypt call #516 =======
[+] Mode: DECRYPT
[+] Length: 2 bytes
[+] BF_KEY ptr: 0x219946c
[+] IV ptr: 0x2199439
[+] num ptr: 0x2199430 (value: 0)
[+] IV (8 bytes):
           0  1  2  3  4  5  6  7  8  9  A  B  C  D  E  F  0123456789ABCDEF
02199439  b8 df 0f 00 a5 2c c6 85                          .....,..
[+] Input data (first 2 bytes):
           0  1  2  3  4  5  6  7  8  9  A  B  C  D  E  F  0123456789ABCDEF
171afe9c  74 d5                                            t.
[+] Output data after DECRYPT (first 2 bytes):
           0  1  2  3  4  5  6  7  8  9  A  B  C  D  E  F  0123456789ABCDEF
02197820  a2 00                                            ..
[>] Decrypt wrapper called — context: 0x2198022

[+] ======= BF_cfb64_encrypt call #517 =======
[+] Mode: DECRYPT
[+] Length: 168 bytes
[+] BF_KEY ptr: 0x219946c
[+] IV ptr: 0x2199439
[+] num ptr: 0x2199430 (value: 2)
[+] IV (8 bytes):
           0  1  2  3  4  5  6  7  8  9  A  B  C  D  E  F  0123456789ABCDEF
02199439  74 d5 14 db 30 11 77 fb                          t...0.w.
[+] Input data (first 64 bytes):
           0  1  2  3  4  5  6  7  8  9  A  B  C  D  E  F  0123456789ABCDEF
02198022  e0 d3 38 95 70 eb c9 7b e4 d3 2d 05 1f 9b ec 59  ..8.p..{..-....Y
02198032  80 0f 88 0a d7 d4 33 ca e7 e8 39 fc 08 74 51 e1  ......3...9..tQ.
02198042  02 89 63 1e 23 de a5 3b 24 36 e9 95 de 64 94 f8  ..c.#..;$6...d..
02198052  4c 2a 09 a4 76 e4 83 7a 3d b1 e9 b0 c9 3d 7f d9  L*..v..z=....=..
[+] Output data after DECRYPT (first 64 bytes):
           0  1  2  3  4  5  6  7  8  9  A  B  C  D  E  F  0123456789ABCDEF
02197820  f4 08 08 84 07 10 a5 81 1a 18 00 20 00 28 00 30  ........... .(.0
02197830  00 30 00 30 00 30 00 30 00 30 00 30 00 30 00 30  .0.0.0.0.0.0.0.0
02197840  00 30 00 30 00 30 00 30 00 30 00 30 00 30 00 30  .0.0.0.0.0.0.0.0
02197850  00 30 00 40 00 48 00 50 00 58 00 60 00 78 00 b8  .0.@.H.P.X.`.x..
[>] Encrypt wrapper called — context: 0x2198820

[+] ======= BF_cfb64_encrypt call #518 =======
[+] Mode: ENCRYPT
[+] Length: 23 bytes
[+] BF_KEY ptr: 0x219946c
[+] IV ptr: 0x2199441
[+] num ptr: 0x2199434 (value: 0)
[+] IV (8 bytes):
           0  1  2  3  4  5  6  7  8  9  A  B  C  D  E  F  0123456789ABCDEF
02199441  97 46 b6 35 cb 5c 55 9d                          .F.5.\U.
[+] Input data (first 23 bytes):
           0  1  2  3  4  5  6  7  8  9  A  B  C  D  E  F  0123456789ABCDEF
02198820  17 00 98 08 08 db 01 10 fa eb ac 02 18 01 20 dd  .............. .
02198830  c7 9d a3 04 28 ea 07                             ....(..
[+] Output data after ENCRYPT (first 23 bytes):
           0  1  2  3  4  5  6  7  8  9  A  B  C  D  E  F  0123456789ABCDEF
02197820  1d ab a1 00 75 41 63 ac ed 83 56 1a df 5c 3c 04  ....uAc...V..\<.
02197830  f5 ca e2 da 19 6d 0f                             .....m.
[>] Encrypt wrapper called — context: 0x16f83f8

[+] ======= BF_cfb64_encrypt call #519 =======
[+] Mode: ENCRYPT
[+] Length: 8 bytes
[+] BF_KEY ptr: 0x219946c
[+] IV ptr: 0x2199441
[+] num ptr: 0x2199434 (value: 7)
[+] IV (8 bytes):
           0  1  2  3  4  5  6  7  8  9  A  B  C  D  E  F  0123456789ABCDEF
02199441  f5 ca e2 da 19 6d 0f c6                          .....m..
[+] Input data (first 8 bytes):
           0  1  2  3  4  5  6  7  8  9  A  B  C  D  E  F  0123456789ABCDEF
016f83f8  54 51 43 6c 69 65 6e 74                          TQClient
[+] Output data after ENCRYPT (first 8 bytes):
           0  1  2  3  4  5  6  7  8  9  A  B  C  D  E  F  0123456789ABCDEF
02197820  92 a7 d9 60 c9 3a 0c 50                          ...`.:.P
[>] Decrypt wrapper called — context: 0x171afe9c

[+] ======= BF_cfb64_encrypt call #520 =======
[+] Mode: DECRYPT
[+] Length: 2 bytes
[+] BF_KEY ptr: 0x219946c
[+] IV ptr: 0x2199439
[+] num ptr: 0x2199430 (value: 2)
[+] IV (8 bytes):
           0  1  2  3  4  5  6  7  8  9  A  B  C  D  E  F  0123456789ABCDEF
02199439  2c 71 74 04 29 03 a3 07                          ,qt.)...
[+] Input data (first 2 bytes):
           0  1  2  3  4  5  6  7  8  9  A  B  C  D  E  F  0123456789ABCDEF
171afe9c  60 04                                            `.
[+] Output data after DECRYPT (first 2 bytes):
           0  1  2  3  4  5  6  7  8  9  A  B  C  D  E  F  0123456789ABCDEF
02197820  14 00                                            ..
[>] Decrypt wrapper called — context: 0x2198022

[+] ======= BF_cfb64_encrypt call #521 =======
[+] Mode: DECRYPT
[+] Length: 26 bytes
[+] BF_KEY ptr: 0x219946c
[+] IV ptr: 0x2199439
[+] num ptr: 0x2199430 (value: 4)
[+] IV (8 bytes):
           0  1  2  3  4  5  6  7  8  9  A  B  C  D  E  F  0123456789ABCDEF
02199439  2c 71 60 04 29 03 a3 07                          ,q`.)...
[+] Input data (first 26 bytes):
           0  1  2  3  4  5  6  7  8  9  A  B  C  D  E  F  0123456789ABCDEF
02198022  b1 0b ab db 46 6d b1 72 d0 e0 c0 e0 09 9c 4e e6  ....Fm.r......N.
02198032  18 b7 6c b3 3d 0d 1b 2f 67 3c                    ..l.=../g<
[+] Output data after DECRYPT (first 26 bytes):
           0  1  2  3  4  5  6  7  8  9  A  B  C  D  E  F  0123456789ABCDEF
02197820  98 08 08 dc 01 10 fa eb ac 02 18 01 20 87 8c d5  ............ ...
02197830  e0 01 54 51 53 65 72 76 65 72                    ..TQServer
[>] Decrypt wrapper called — context: 0x171afe9c

[+] ======= BF_cfb64_encrypt call #522 =======
[+] Mode: DECRYPT
[+] Length: 2 bytes
[+] BF_KEY ptr: 0x219946c
[+] IV ptr: 0x2199439
[+] num ptr: 0x2199430 (value: 6)
[+] IV (8 bytes):
           0  1  2  3  4  5  6  7  8  9  A  B  C  D  E  F  0123456789ABCDEF
02199439  3d 0d 1b 2f 67 3c 91 01                          =../g<..
[+] Input data (first 2 bytes):
           0  1  2  3  4  5  6  7  8  9  A  B  C  D  E  F  0123456789ABCDEF
171afe9c  85 01                                            ..
[+] Output data after DECRYPT (first 2 bytes):
           0  1  2  3  4  5  6  7  8  9  A  B  C  D  E  F  0123456789ABCDEF
02197820  14 00                                            ..
[>] Decrypt wrapper called — context: 0x2198022

[+] ======= BF_cfb64_encrypt call #523 =======
[+] Mode: DECRYPT
[+] Length: 26 bytes
[+] BF_KEY ptr: 0x219946c
[+] IV ptr: 0x2199439
[+] num ptr: 0x2199430 (value: 0)
[+] IV (8 bytes):
           0  1  2  3  4  5  6  7  8  9  A  B  C  D  E  F  0123456789ABCDEF
02199439  3d 0d 1b 2f 67 3c 85 01                          =../g<..
[+] Input data (first 26 bytes):
           0  1  2  3  4  5  6  7  8  9  A  B  C  D  E  F  0123456789ABCDEF
02198022  9a fe 01 1c c1 8c af 2b 8b 48 12 13 89 46 0d 9c  .......+.H...F..
02198032  9a 54 70 8e 57 92 49 93 7b 7b                    .Tp.W.I.{{
[+] Output data after DECRYPT (first 26 bytes):
           0  1  2  3  4  5  6  7  8  9  A  B  C  D  E  F  0123456789ABCDEF
02197820  98 08 08 db 01 10 fa eb ac 02 18 01 20 db 8d d5  ............ ...
02197830  e0 01 54 51 53 65 72 76 65 72                    ..TQServer
[>] Encrypt wrapper called — context: 0x2198820

[+] ======= BF_cfb64_encrypt call #524 =======
[+] Mode: ENCRYPT
[+] Length: 48 bytes
[+] BF_KEY ptr: 0x219946c
[+] IV ptr: 0x2199441
[+] num ptr: 0x2199434 (value: 7)
[+] IV (8 bytes):
           0  1  2  3  4  5  6  7  8  9  A  B  C  D  E  F  0123456789ABCDEF
02199441  a7 d9 60 c9 3a 0c 50 4c                          ..`.:.PL
[+] Input data (first 48 bytes):
           0  1  2  3  4  5  6  7  8  9  A  B  C  D  E  F  0123456789ABCDEF
02198820  30 00 33 08 08 fa eb ac 02 38 b7 04 40 dc 02 48  0.3......8..@..H
02198830  f5 ca 9d a3 04 60 89 01 68 06 70 a8 04 78 db 02  .....`..h.p..x..
02198840  88 01 ea 07 a0 01 ff ff ff ff ff ff ff ff ff 01  ................
[+] Output data after ENCRYPT (first 48 bytes):
           0  1  2  3  4  5  6  7  8  9  A  B  C  D  E  F  0123456789ABCDEF
02197820  7c af a2 8d 85 5f ef 0d 41 40 39 88 c4 0a d7 7f  |...._..A@9.....
02197830  11 28 35 58 c7 44 09 b0 00 33 3c 7b 76 2e ff 10  .(5X.D...3<{v...
02197840  b5 bd e9 9d 6d 6c 0a 79 5b 31 f0 d9 2b 61 c8 26  ....ml.y[1..+a.&
[>] Encrypt wrapper called — context: 0x16f83f8

[+] ======= BF_cfb64_encrypt call #525 =======
[+] Mode: ENCRYPT
[+] Length: 8 bytes
[+] BF_KEY ptr: 0x219946c
[+] IV ptr: 0x2199441
[+] num ptr: 0x2199434 (value: 7)
[+] IV (8 bytes):
           0  1  2  3  4  5  6  7  8  9  A  B  C  D  E  F  0123456789ABCDEF
02199441  31 f0 d9 2b 61 c8 26 03                          1..+a.&.
[+] Input data (first 8 bytes):
           0  1  2  3  4  5  6  7  8  9  A  B  C  D  E  F  0123456789ABCDEF
016f83f8  54 51 43 6c 69 65 6e 74                          TQClient
[+] Output data after ENCRYPT (first 8 bytes):
           0  1  2  3  4  5  6  7  8  9  A  B  C  D  E  F  0123456789ABCDEF
02197820  57 13 a3 32 4d 01 f1 48                          W..2M..H
[>] Decrypt wrapper called — context: 0x171afe9c

[+] ======= BF_cfb64_encrypt call #526 =======
[+] Mode: DECRYPT
[+] Length: 2 bytes
[+] BF_KEY ptr: 0x219946c
[+] IV ptr: 0x2199439
[+] num ptr: 0x2199430 (value: 2)
[+] IV (8 bytes):
           0  1  2  3  4  5  6  7  8  9  A  B  C  D  E  F  0123456789ABCDEF
02199439  7b 7b 3c 2b f0 e7 7a 1d                          {{<+..z.
[+] Input data (first 2 bytes):
           0  1  2  3  4  5  6  7  8  9  A  B  C  D  E  F  0123456789ABCDEF
171afe9c  1b 2b                                            .+
[+] Output data after DECRYPT (first 2 bytes):
           0  1  2  3  4  5  6  7  8  9  A  B  C  D  E  F  0123456789ABCDEF
02197820  27 00                                            '.
[>] Decrypt wrapper called — context: 0x2198022

[+] ======= BF_cfb64_encrypt call #527 =======
[+] Mode: DECRYPT
[+] Length: 45 bytes
[+] BF_KEY ptr: 0x219946c
[+] IV ptr: 0x2199439
[+] num ptr: 0x2199430 (value: 4)
[+] IV (8 bytes):
           0  1  2  3  4  5  6  7  8  9  A  B  C  D  E  F  0123456789ABCDEF
02199439  7b 7b 1b 2b f0 e7 7a 1d                          {{.+..z.
[+] Input data (first 45 bytes):
           0  1  2  3  4  5  6  7  8  9  A  B  C  D  E  F  0123456789ABCDEF
02198022  c3 ef 72 e7 8e 8a 06 5d d3 9a 54 6f 3f e5 71 3e  ..r....]..To?.q>
02198032  4c b1 30 e8 83 1f be e1 a0 27 aa 48 36 74 a9 a0  L.0......'.H6t..
02198042  57 20 d1 b7 a6 e1 f2 c0 5f ee 76 83 38           W ......_.v.8
[+] Output data after DECRYPT (first 45 bytes):
           0  1  2  3  4  5  6  7  8  9  A  B  C  D  E  F  0123456789ABCDEF
02197820  33 08 08 fa eb ac 02 38 b7 04 40 dc 02 48 e8 90  3......8..@..H..
02197830  d5 e0 01 60 89 01 68 06 70 a8 04 78 db 02 88 01  ...`..h.p..x....
02197840  ea 07 b8 01 00 54 51 53 65 72 76 65 72           .....TQServer
[>] Decrypt wrapper called — context: 0x171afe9c

[+] ======= BF_cfb64_encrypt call #528 =======
[+] Mode: DECRYPT
[+] Length: 2 bytes
[+] BF_KEY ptr: 0x219946c
[+] IV ptr: 0x2199439
[+] num ptr: 0x2199430 (value: 1)
[+] IV (8 bytes):
           0  1  2  3  4  5  6  7  8  9  A  B  C  D  E  F  0123456789ABCDEF
02199439  38 9f eb 01 2b 41 5e 24                          8...+A^$
[+] Input data (first 2 bytes):
           0  1  2  3  4  5  6  7  8  9  A  B  C  D  E  F  0123456789ABCDEF
171afe9c  01 eb                                            ..
[+] Output data after DECRYPT (first 2 bytes):
           0  1  2  3  4  5  6  7  8  9  A  B  C  D  E  F  0123456789ABCDEF
02197820  9e 00                                            ..
[>] Decrypt wrapper called — context: 0x2198022

[+] ======= BF_cfb64_encrypt call #529 =======
[+] Mode: DECRYPT
[+] Length: 164 bytes
[+] BF_KEY ptr: 0x219946c
[+] IV ptr: 0x2199439
[+] num ptr: 0x2199430 (value: 3)
[+] IV (8 bytes):
           0  1  2  3  4  5  6  7  8  9  A  B  C  D  E  F  0123456789ABCDEF
02199439  38 01 eb 01 2b 41 5e 24                          8...+A^$
[+] Input data (first 64 bytes):
           0  1  2  3  4  5  6  7  8  9  A  B  C  D  E  F  0123456789ABCDEF
02198022  f5 23 49 b9 25 e3 3d 21 6c 6e b2 fc 65 41 4c d0  .#I.%.=!ln..eAL.
02198032  0d d4 9a 6e 9a 35 dc 16 5c 50 e1 4b 4c ed cc 54  ...n.5..\P.KL..T
02198042  db 49 11 52 fe 21 7b 6b 18 41 e2 bf 5c 77 f4 e1  .I.R.!{k.A..\w..
02198052  76 e9 2b ec a6 6e c0 cf 66 66 6f be 88 2c 60 0b  v.+..n..ffo..,`.
[+] Output data after DECRYPT (first 64 bytes):
           0  1  2  3  4  5  6  7  8  9  A  B  C  D  E  F  0123456789ABCDEF
02197820  f4 08 08 e7 01 10 b7 b9 1a 18 00 20 00 28 00 30  ........... .(.0
02197830  00 30 00 30 00 30 00 30 00 30 00 30 00 30 00 30  .0.0.0.0.0.0.0.0
02197840  00 30 00 30 00 30 00 30 00 30 00 30 00 30 00 30  .0.0.0.0.0.0.0.0
02197850  00 30 00 40 00 48 00 50 00 58 00 60 00 78 00 b8  .0.@.H.P.X.`.x..
[>] Decrypt wrapper called — context: 0x171afe9c

[+] ======= BF_cfb64_encrypt call #530 =======
[+] Mode: DECRYPT
[+] Length: 2 bytes
[+] BF_KEY ptr: 0x219946c
[+] IV ptr: 0x2199439
[+] num ptr: 0x2199430 (value: 7)
[+] IV (8 bytes):
           0  1  2  3  4  5  6  7  8  9  A  B  C  D  E  F  0123456789ABCDEF
02199439  6e 8a 13 db 68 a8 4f ad                          n...h.O.
[+] Input data (first 2 bytes):
           0  1  2  3  4  5  6  7  8  9  A  B  C  D  E  F  0123456789ABCDEF
171afe9c  33 ad                                            3.
[+] Output data after DECRYPT (first 2 bytes):
           0  1  2  3  4  5  6  7  8  9  A  B  C  D  E  F  0123456789ABCDEF
02197820  9e 00                                            ..
[>] Decrypt wrapper called — context: 0x2198022

[+] ======= BF_cfb64_encrypt call #531 =======
[+] Mode: DECRYPT
[+] Length: 164 bytes
[+] BF_KEY ptr: 0x219946c
[+] IV ptr: 0x2199439
[+] num ptr: 0x2199430 (value: 1)
[+] IV (8 bytes):
           0  1  2  3  4  5  6  7  8  9  A  B  C  D  E  F  0123456789ABCDEF
02199439  ad 01 27 80 88 3e 04 f9                          ..'..>..
[+] Input data (first 64 bytes):
           0  1  2  3  4  5  6  7  8  9  A  B  C  D  E  F  0123456789ABCDEF
02198022  f5 2f 88 6f 3f 14 40 12 25 12 69 e0 c0 e3 f0 5b  ./.o?.@.%.i....[
02198032  5f 6f e6 c4 53 16 95 50 82 fe 68 59 3e d2 ab fb  _o..S..P..hY>...
02198042  94 47 f8 36 97 08 d3 59 28 29 0f 58 55 3b 53 0f  .G.6...Y().XU;S.
02198052  40 b8 5d 93 30 a5 6e 05 37 da cf f4 35 b2 f3 bf  @.].0.n.7...5...
[+] Output data after DECRYPT (first 64 bytes):
           0  1  2  3  4  5  6  7  8  9  A  B  C  D  E  F  0123456789ABCDEF
02197820  f4 08 08 e7 01 10 b9 b9 1a 18 00 20 00 28 00 30  ........... .(.0
02197830  00 30 00 30 00 30 00 30 00 30 00 30 00 30 00 30  .0.0.0.0.0.0.0.0
02197840  00 30 00 30 00 30 00 30 00 30 00 30 00 30 00 30  .0.0.0.0.0.0.0.0
02197850  00 30 00 40 00 48 00 50 00 58 00 60 00 78 00 b8  .0.@.H.P.X.`.x..
[>] Decrypt wrapper called — context: 0x171afe9c

[+] ======= BF_cfb64_encrypt call #532 =======
[+] Mode: DECRYPT
[+] Length: 2 bytes
[+] BF_KEY ptr: 0x219946c
[+] IV ptr: 0x2199439
[+] num ptr: 0x2199430 (value: 5)
[+] IV (8 bytes):
           0  1  2  3  4  5  6  7  8  9  A  B  C  D  E  F  0123456789ABCDEF
02199439  8a 60 d7 51 0d 18 d1 05                          .`.Q....
[+] Input data (first 2 bytes):
           0  1  2  3  4  5  6  7  8  9  A  B  C  D  E  F  0123456789ABCDEF
171afe9c  86 d1                                            ..
[+] Output data after DECRYPT (first 2 bytes):
           0  1  2  3  4  5  6  7  8  9  A  B  C  D  E  F  0123456789ABCDEF
02197820  9e 00                                            ..
[>] Decrypt wrapper called — context: 0x2198022

[+] ======= BF_cfb64_encrypt call #533 =======
[+] Mode: DECRYPT
[+] Length: 164 bytes
[+] BF_KEY ptr: 0x219946c
[+] IV ptr: 0x2199439
[+] num ptr: 0x2199430 (value: 7)
[+] IV (8 bytes):
           0  1  2  3  4  5  6  7  8  9  A  B  C  D  E  F  0123456789ABCDEF
02199439  8a 60 d7 51 0d 86 d1 05                          .`.Q....
[+] Input data (first 64 bytes):
           0  1  2  3  4  5  6  7  8  9  A  B  C  D  E  F  0123456789ABCDEF
02198022  f1 ba e9 fc 33 cf ad 8d 2c b0 82 dd c5 f3 1c 18  ....3...,.......
02198032  72 b5 56 1e f3 26 3d 3d b0 82 1f 83 cc 57 fa 91  r.V..&==.....W..
02198042  7b 5c 31 90 fd 0d 04 47 20 20 1f b8 fc a1 41 4d  {\1....G  ....AM
02198052  37 e9 d8 4c e1 22 16 1c cd c1 60 b0 d4 50 99 f3  7..L."....`..P..
[+] Output data after DECRYPT (first 64 bytes):
           0  1  2  3  4  5  6  7  8  9  A  B  C  D  E  F  0123456789ABCDEF
02197820  f4 08 08 e7 01 10 d6 b9 1a 18 00 20 00 28 00 30  ........... .(.0
02197830  00 30 00 30 00 30 00 30 00 30 00 30 00 30 00 30  .0.0.0.0.0.0.0.0
02197840  00 30 00 30 00 30 00 30 00 30 00 30 00 30 00 30  .0.0.0.0.0.0.0.0
02197850  00 30 00 40 00 48 00 50 00 58 00 60 00 78 00 b8  .0.@.H.P.X.`.x..
[>] Decrypt wrapper called — context: 0x171afe9c

[+] ======= BF_cfb64_encrypt call #534 =======
[+] Mode: DECRYPT
[+] Length: 2 bytes
[+] BF_KEY ptr: 0x219946c
[+] IV ptr: 0x2199439
[+] num ptr: 0x2199430 (value: 3)
[+] IV (8 bytes):
           0  1  2  3  4  5  6  7  8  9  A  B  C  D  E  F  0123456789ABCDEF
02199439  76 9c ce 54 f0 9d 58 19                          v..T..X.
[+] Input data (first 2 bytes):
           0  1  2  3  4  5  6  7  8  9  A  B  C  D  E  F  0123456789ABCDEF
171afe9c  ca f0                                            ..
[+] Output data after DECRYPT (first 2 bytes):
           0  1  2  3  4  5  6  7  8  9  A  B  C  D  E  F  0123456789ABCDEF
02197820  9e 00                                            ..
[>] Decrypt wrapper called — context: 0x2198022

[+] ======= BF_cfb64_encrypt call #535 =======
[+] Mode: DECRYPT
[+] Length: 164 bytes
[+] BF_KEY ptr: 0x219946c
[+] IV ptr: 0x2199439
[+] num ptr: 0x2199430 (value: 5)
[+] IV (8 bytes):
           0  1  2  3  4  5  6  7  8  9  A  B  C  D  E  F  0123456789ABCDEF
02199439  76 9c ce ca f0 9d 58 19                          v.....X.
[+] Input data (first 64 bytes):
           0  1  2  3  4  5  6  7  8  9  A  B  C  D  E  F  0123456789ABCDEF
02198022  69 50 11 e1 04 1b c3 ea 58 4c 7c 21 c0 88 c5 8b  iP......XL|!....
02198032  10 ef 19 ad f0 b6 2e b5 6c cb e6 4e e2 3b 8e 9d  ........l..N.;..
02198042  17 1d 91 8c 43 55 85 4e 02 04 c7 9c 68 4c 12 67  ....CU.N....hL.g
02198052  9f da e3 df 75 e6 63 d5 ed 4b 87 d5 50 88 19 a6  ....u.c..K..P...
[+] Output data after DECRYPT (first 64 bytes):
           0  1  2  3  4  5  6  7  8  9  A  B  C  D  E  F  0123456789ABCDEF
02197820  f4 08 08 e7 01 10 d8 b9 1a 18 00 20 00 28 00 30  ........... .(.0
02197830  00 30 00 30 00 30 00 30 00 30 00 30 00 30 00 30  .0.0.0.0.0.0.0.0
02197840  00 30 00 30 00 30 00 30 00 30 00 30 00 30 00 30  .0.0.0.0.0.0.0.0
02197850  00 30 00 40 00 48 00 50 00 58 00 60 00 78 00 b8  .0.@.H.P.X.`.x..
[>] Decrypt wrapper called — context: 0x171afe9c

[+] ======= BF_cfb64_encrypt call #536 =======
[+] Mode: DECRYPT
[+] Length: 2 bytes
[+] BF_KEY ptr: 0x219946c
[+] IV ptr: 0x2199439
[+] num ptr: 0x2199430 (value: 1)
[+] IV (8 bytes):
           0  1  2  3  4  5  6  7  8  9  A  B  C  D  E  F  0123456789ABCDEF
02199439  7f 65 a4 3a 0d 79 42 96                          .e.:.yB.
[+] Input data (first 2 bytes):
           0  1  2  3  4  5  6  7  8  9  A  B  C  D  E  F  0123456789ABCDEF
171afe9c  fb a4                                            ..
[+] Output data after DECRYPT (first 2 bytes):
           0  1  2  3  4  5  6  7  8  9  A  B  C  D  E  F  0123456789ABCDEF
02197820  9e 00                                            ..
[>] Decrypt wrapper called — context: 0x2198022

[+] ======= BF_cfb64_encrypt call #537 =======
[+] Mode: DECRYPT
[+] Length: 164 bytes
[+] BF_KEY ptr: 0x219946c
[+] IV ptr: 0x2199439
[+] num ptr: 0x2199430 (value: 3)
[+] IV (8 bytes):
           0  1  2  3  4  5  6  7  8  9  A  B  C  D  E  F  0123456789ABCDEF
02199439  7f fb a4 3a 0d 79 42 96                          ...:.yB.
[+] Input data (first 64 bytes):
           0  1  2  3  4  5  6  7  8  9  A  B  C  D  E  F  0123456789ABCDEF
02198022  ce 05 71 a5 97 53 bd db 53 f7 86 0f 62 af 06 c6  ..q..S..S...b...
02198032  d5 5f 92 d2 52 9c b7 21 02 97 99 42 c1 38 af 0c  ._..R..!...B.8..
02198042  ba 58 ec 58 da 26 3d 96 69 0e 54 b7 c2 b2 b5 00  .X.X.&=.i.T.....
02198052  b9 67 67 36 df c5 dc ff 98 8e f3 95 e6 8b 11 d2  .gg6............
[+] Output data after DECRYPT (first 64 bytes):
           0  1  2  3  4  5  6  7  8  9  A  B  C  D  E  F  0123456789ABCDEF
02197820  f4 08 08 e7 01 10 9d b7 1a 18 00 20 00 28 00 30  ........... .(.0
02197830  00 30 00 30 00 30 00 30 00 30 00 30 00 30 00 30  .0.0.0.0.0.0.0.0
02197840  00 30 00 30 00 30 00 30 00 30 00 30 00 30 00 30  .0.0.0.0.0.0.0.0
02197850  00 30 00 40 00 48 00 50 00 58 00 60 00 78 00 b8  .0.@.H.P.X.`.x..
[>] Decrypt wrapper called — context: 0x171afe9c

[+] ======= BF_cfb64_encrypt call #538 =======
[+] Mode: DECRYPT
[+] Length: 2 bytes
[+] BF_KEY ptr: 0x219946c
[+] IV ptr: 0x2199439
[+] num ptr: 0x2199430 (value: 7)
[+] IV (8 bytes):
           0  1  2  3  4  5  6  7  8  9  A  B  C  D  E  F  0123456789ABCDEF
02199439  65 41 e4 4f 4c 07 30 b9                          eA.OL.0.
[+] Input data (first 2 bytes):
           0  1  2  3  4  5  6  7  8  9  A  B  C  D  E  F  0123456789ABCDEF
171afe9c  27 13                                            '.
[+] Output data after DECRYPT (first 2 bytes):
           0  1  2  3  4  5  6  7  8  9  A  B  C  D  E  F  0123456789ABCDEF
02197820  9e 00                                            ..
[>] Decrypt wrapper called — context: 0x2198022

[+] ======= BF_cfb64_encrypt call #539 =======
[+] Mode: DECRYPT
[+] Length: 164 bytes
[+] BF_KEY ptr: 0x219946c
[+] IV ptr: 0x2199439
[+] num ptr: 0x2199430 (value: 1)
[+] IV (8 bytes):
           0  1  2  3  4  5  6  7  8  9  A  B  C  D  E  F  0123456789ABCDEF
02199439  13 c1 45 73 fb 32 f7 45                          ..Es.2.E
[+] Input data (first 64 bytes):
           0  1  2  3  4  5  6  7  8  9  A  B  C  D  E  F  0123456789ABCDEF
02198022  35 4d 7b 1c 33 e7 9d d3 e7 d6 50 f1 58 55 01 69  5M{.3.....P.XU.i
02198032  70 b5 69 62 db f3 c5 6d 06 2c 7f f0 1f 4e 83 2e  p.ib...m.,...N..
02198042  c7 74 6c ec 69 7b e6 ea c3 72 c0 8b fc e6 bd fb  .tl.i{...r......
02198052  8f 0b 48 db b6 81 76 04 a1 ac b4 ed d5 c3 79 ba  ..H...v.......y.
[+] Output data after DECRYPT (first 64 bytes):
           0  1  2  3  4  5  6  7  8  9  A  B  C  D  E  F  0123456789ABCDEF
02197820  f4 08 08 e7 01 10 d8 b8 1a 18 00 20 00 28 00 30  ........... .(.0
02197830  00 30 00 30 00 30 00 30 00 30 00 30 00 30 00 30  .0.0.0.0.0.0.0.0
02197840  00 30 00 30 00 30 00 30 00 30 00 30 00 30 00 30  .0.0.0.0.0.0.0.0
02197850  00 30 00 40 00 48 00 50 00 58 00 60 00 78 00 b8  .0.@.H.P.X.`.x..
[>] Decrypt wrapper called — context: 0x171afe9c

[+] ======= BF_cfb64_encrypt call #540 =======
[+] Mode: DECRYPT
[+] Length: 2 bytes
[+] BF_KEY ptr: 0x219946c
[+] IV ptr: 0x2199439
[+] num ptr: 0x2199430 (value: 5)
[+] IV (8 bytes):
           0  1  2  3  4  5  6  7  8  9  A  B  C  D  E  F  0123456789ABCDEF
02199439  02 bd 77 58 b9 23 ac 14                          ..wX.#..
[+] Input data (first 2 bytes):
           0  1  2  3  4  5  6  7  8  9  A  B  C  D  E  F  0123456789ABCDEF
171afe9c  bd ac                                            ..
[+] Output data after DECRYPT (first 2 bytes):
           0  1  2  3  4  5  6  7  8  9  A  B  C  D  E  F  0123456789ABCDEF
02197820  9e 00                                            ..
[>] Decrypt wrapper called — context: 0x2198022

[+] ======= BF_cfb64_encrypt call #541 =======
[+] Mode: DECRYPT
[+] Length: 164 bytes
[+] BF_KEY ptr: 0x219946c
[+] IV ptr: 0x2199439
[+] num ptr: 0x2199430 (value: 7)
[+] IV (8 bytes):
           0  1  2  3  4  5  6  7  8  9  A  B  C  D  E  F  0123456789ABCDEF
02199439  02 bd 77 58 b9 bd ac 14                          ..wX....
[+] Input data (first 64 bytes):
           0  1  2  3  4  5  6  7  8  9  A  B  C  D  E  F  0123456789ABCDEF
02198022  e0 70 72 12 d3 54 33 de f6 72 4e 57 0a 1a c7 cc  .pr..T3..rNW....
02198032  da df c6 ab ab 5e 8f 23 62 83 af a8 a2 52 22 ad  .....^.#b....R".
02198042  9a f4 76 3f ca 31 75 35 05 1d a1 aa e7 70 6f ce  ..v?.1u5.....po.
02198052  78 8b 44 35 01 6c b9 68 fe 59 e5 46 fc 88 81 ba  x.D5.l.h.Y.F....
[+] Output data after DECRYPT (first 64 bytes):
           0  1  2  3  4  5  6  7  8  9  A  B  C  D  E  F  0123456789ABCDEF
02197820  f4 08 08 e7 01 10 b0 b7 1a 18 00 20 00 28 00 30  ........... .(.0
02197830  00 30 00 30 00 30 00 30 00 30 00 30 00 30 00 30  .0.0.0.0.0.0.0.0
02197840  00 30 00 30 00 30 00 30 00 30 00 30 00 30 00 30  .0.0.0.0.0.0.0.0
02197850  00 30 00 40 00 48 00 50 00 58 00 60 00 78 00 b8  .0.@.H.P.X.`.x..
[>] Decrypt wrapper called — context: 0x171afe9c

[+] ======= BF_cfb64_encrypt call #542 =======
[+] Mode: DECRYPT
[+] Length: 2 bytes
[+] BF_KEY ptr: 0x219946c
[+] IV ptr: 0x2199439
[+] num ptr: 0x2199430 (value: 3)
[+] IV (8 bytes):
           0  1  2  3  4  5  6  7  8  9  A  B  C  D  E  F  0123456789ABCDEF
02199439  33 50 6a 53 c3 64 26 c7                          3PjS.d&.
[+] Input data (first 2 bytes):
           0  1  2  3  4  5  6  7  8  9  A  B  C  D  E  F  0123456789ABCDEF
171afe9c  cd c3                                            ..
[+] Output data after DECRYPT (first 2 bytes):
           0  1  2  3  4  5  6  7  8  9  A  B  C  D  E  F  0123456789ABCDEF
02197820  9e 00                                            ..
[>] Decrypt wrapper called — context: 0x2198022

[+] ======= BF_cfb64_encrypt call #543 =======
[+] Mode: DECRYPT
[+] Length: 164 bytes
[+] BF_KEY ptr: 0x219946c
[+] IV ptr: 0x2199439
[+] num ptr: 0x2199430 (value: 5)
[+] IV (8 bytes):
           0  1  2  3  4  5  6  7  8  9  A  B  C  D  E  F  0123456789ABCDEF
02199439  33 50 6a cd c3 64 26 c7                          3Pj..d&.
[+] Input data (first 64 bytes):
           0  1  2  3  4  5  6  7  8  9  A  B  C  D  E  F  0123456789ABCDEF
02198022  90 2e cf 4f 9c a4 f6 78 57 ba aa 8e 28 e5 59 1e  ...O...xW...(.Y.
02198032  0a 2c 73 71 9f 8e 79 1c 21 76 91 23 59 07 ed e1  .,sq..y.!v.#Y...
02198042  23 39 34 95 de 9d 4f e2 4f 27 bd c3 bd de b8 b6  #94...O.O'......
02198052  a3 70 27 13 12 fe 9f aa a6 25 77 53 66 65 05 a8  .p'......%wSfe..
[+] Output data after DECRYPT (first 64 bytes):
           0  1  2  3  4  5  6  7  8  9  A  B  C  D  E  F  0123456789ABCDEF
02197820  f4 08 08 e7 01 10 98 b9 1a 18 00 20 00 28 00 30  ........... .(.0
02197830  00 30 00 30 00 30 00 30 00 30 00 30 00 30 00 30  .0.0.0.0.0.0.0.0
02197840  00 30 00 30 00 30 00 30 00 30 00 30 00 30 00 30  .0.0.0.0.0.0.0.0
02197850  00 30 00 40 00 48 00 50 00 58 00 60 00 78 00 b8  .0.@.H.P.X.`.x..
[>] Decrypt wrapper called — context: 0x171afe9c

[+] ======= BF_cfb64_encrypt call #544 =======
[+] Mode: DECRYPT
[+] Length: 2 bytes
[+] BF_KEY ptr: 0x219946c
[+] IV ptr: 0x2199439
[+] num ptr: 0x2199430 (value: 1)
[+] IV (8 bytes):
           0  1  2  3  4  5  6  7  8  9  A  B  C  D  E  F  0123456789ABCDEF
02199439  79 36 5c 98 af 9b 67 a3                          y6\...g.
[+] Input data (first 2 bytes):
           0  1  2  3  4  5  6  7  8  9  A  B  C  D  E  F  0123456789ABCDEF
171afe9c  a8 5c                                            .\
[+] Output data after DECRYPT (first 2 bytes):
           0  1  2  3  4  5  6  7  8  9  A  B  C  D  E  F  0123456789ABCDEF
02197820  9e 00                                            ..
[>] Decrypt wrapper called — context: 0x2198022

[+] ======= BF_cfb64_encrypt call #545 =======
[+] Mode: DECRYPT
[+] Length: 164 bytes
[+] BF_KEY ptr: 0x219946c
[+] IV ptr: 0x2199439
[+] num ptr: 0x2199430 (value: 3)
[+] IV (8 bytes):
           0  1  2  3  4  5  6  7  8  9  A  B  C  D  E  F  0123456789ABCDEF
02199439  79 a8 5c 98 af 9b 67 a3                          y.\...g.
[+] Input data (first 64 bytes):
           0  1  2  3  4  5  6  7  8  9  A  B  C  D  E  F  0123456789ABCDEF
02198022  6c a7 93 80 a2 09 80 c7 33 12 34 bf f1 01 b7 10  l.......3.4.....
02198032  5f 6a 5f eb 23 e2 8e a5 85 c3 c2 b4 96 f2 2a 3e  _j_.#.........*>
02198042  b0 76 c1 dd fa 47 eb 75 e2 58 7f f7 83 5e cb 0a  .v...G.u.X...^..
02198052  dd 80 d0 35 6f d2 25 ea db 9c 90 b4 34 bf bd 17  ...5o.%.....4...
[+] Output data after DECRYPT (first 64 bytes):
           0  1  2  3  4  5  6  7  8  9  A  B  C  D  E  F  0123456789ABCDEF
02197820  f4 08 08 e7 01 10 ed b9 1a 18 00 20 00 28 00 30  ........... .(.0
02197830  00 30 00 30 00 30 00 30 00 30 00 30 00 30 00 30  .0.0.0.0.0.0.0.0
02197840  00 30 00 30 00 30 00 30 00 30 00 30 00 30 00 30  .0.0.0.0.0.0.0.0
02197850  00 30 00 40 00 48 00 50 00 58 00 60 00 78 00 b8  .0.@.H.P.X.`.x..
[>] Decrypt wrapper called — context: 0x171afe9c

[+] ======= BF_cfb64_encrypt call #546 =======
[+] Mode: DECRYPT
[+] Length: 2 bytes
[+] BF_KEY ptr: 0x219946c
[+] IV ptr: 0x2199439
[+] num ptr: 0x2199430 (value: 7)
[+] IV (8 bytes):
           0  1  2  3  4  5  6  7  8  9  A  B  C  D  E  F  0123456789ABCDEF
02199439  c4 54 d8 d8 c4 f9 09 c1                          .T......
[+] Input data (first 2 bytes):
           0  1  2  3  4  5  6  7  8  9  A  B  C  D  E  F  0123456789ABCDEF
171afe9c  d3 c6                                            ..
[+] Output data after DECRYPT (first 2 bytes):
           0  1  2  3  4  5  6  7  8  9  A  B  C  D  E  F  0123456789ABCDEF
02197820  12 00                                            ..
[>] Decrypt wrapper called — context: 0x2198022

[+] ======= BF_cfb64_encrypt call #547 =======
[+] Mode: DECRYPT
[+] Length: 24 bytes
[+] BF_KEY ptr: 0x219946c
[+] IV ptr: 0x2199439
[+] num ptr: 0x2199430 (value: 1)
[+] IV (8 bytes):
           0  1  2  3  4  5  6  7  8  9  A  B  C  D  E  F  0123456789ABCDEF
02199439  c6 23 a0 e3 49 f3 f4 eb                          .#..I...
[+] Input data (first 24 bytes):
           0  1  2  3  4  5  6  7  8  9  A  B  C  D  E  F  0123456789ABCDEF
02198022  bb a8 eb 4d e3 69 5c c2 5c 56 f4 69 80 86 d4 23  ...M.i\.\V.i...#
02198032  a2 82 30 9c 18 17 a0 55                          ..0....U
[+] Output data after DECRYPT (first 24 bytes):
           0  1  2  3  4  5  6  7  8  9  A  B  C  D  E  F  0123456789ABCDEF
02197820  98 08 08 04 10 9d b7 1a 18 00 20 c6 91 d5 e0 01  .......... .....
02197830  54 51 53 65 72 76 65 72                          TQServer
[>] Decrypt wrapper called — context: 0x171afe9c

[+] ======= BF_cfb64_encrypt call #548 =======
[+] Mode: DECRYPT
[+] Length: 2 bytes
[+] BF_KEY ptr: 0x219946c
[+] IV ptr: 0x2199439
[+] num ptr: 0x2199430 (value: 1)
[+] IV (8 bytes):
           0  1  2  3  4  5  6  7  8  9  A  B  C  D  E  F  0123456789ABCDEF
02199439  55 00 1f 1d 9a c7 63 fa                          U.....c.
[+] Input data (first 2 bytes):
           0  1  2  3  4  5  6  7  8  9  A  B  C  D  E  F  0123456789ABCDEF
171afe9c  12 1f                                            ..
[+] Output data after DECRYPT (first 2 bytes):
           0  1  2  3  4  5  6  7  8  9  A  B  C  D  E  F  0123456789ABCDEF
02197820  12 00                                            ..
[>] Decrypt wrapper called — context: 0x2198022

[+] ======= BF_cfb64_encrypt call #549 =======
[+] Mode: DECRYPT
[+] Length: 24 bytes
[+] BF_KEY ptr: 0x219946c
[+] IV ptr: 0x2199439
[+] num ptr: 0x2199430 (value: 3)
[+] IV (8 bytes):
           0  1  2  3  4  5  6  7  8  9  A  B  C  D  E  F  0123456789ABCDEF
02199439  55 12 1f 1d 9a c7 63 fa                          U.....c.
[+] Input data (first 24 bytes):
           0  1  2  3  4  5  6  7  8  9  A  B  C  D  E  F  0123456789ABCDEF
02198022  85 92 cf 63 ea 2f b9 77 c1 06 16 52 92 04 6a 0e  ...c./.w...R..j.
02198032  3b 03 2b 1e c3 48 11 c9                          ;.+..H..
[+] Output data after DECRYPT (first 24 bytes):
           0  1  2  3  4  5  6  7  8  9  A  B  C  D  E  F  0123456789ABCDEF
02197820  98 08 08 00 10 b7 b9 1a 18 00 20 c6 91 d5 e0 01  .......... .....
02197830  54 51 53 65 72 76 65 72                          TQServer
[>] Decrypt wrapper called — context: 0x171afe9c

[+] ======= BF_cfb64_encrypt call #550 =======
[+] Mode: DECRYPT
[+] Length: 2 bytes
[+] BF_KEY ptr: 0x219946c
[+] IV ptr: 0x2199439
[+] num ptr: 0x2199430 (value: 3)
[+] IV (8 bytes):
           0  1  2  3  4  5  6  7  8  9  A  B  C  D  E  F  0123456789ABCDEF
02199439  48 11 c9 dc 73 1a 32 f7                          H...s.2.
[+] Input data (first 2 bytes):
           0  1  2  3  4  5  6  7  8  9  A  B  C  D  E  F  0123456789ABCDEF
171afe9c  9a 73                                            .s
[+] Output data after DECRYPT (first 2 bytes):
           0  1  2  3  4  5  6  7  8  9  A  B  C  D  E  F  0123456789ABCDEF
02197820  46 00                                            F.
[>] Decrypt wrapper called — context: 0x2198022

[+] ======= BF_cfb64_encrypt call #551 =======
[+] Mode: DECRYPT
[+] Length: 76 bytes
[+] BF_KEY ptr: 0x219946c
[+] IV ptr: 0x2199439
[+] num ptr: 0x2199430 (value: 5)
[+] IV (8 bytes):
           0  1  2  3  4  5  6  7  8  9  A  B  C  D  E  F  0123456789ABCDEF
02199439  48 11 c9 9a 73 1a 32 f7                          H...s.2.
[+] Input data (first 64 bytes):
           0  1  2  3  4  5  6  7  8  9  A  B  C  D  E  F  0123456789ABCDEF
02198022  16 3b fd f8 fb 21 e7 b0 d4 4b e2 91 26 16 52 16  .;...!...K..&.R.
02198032  21 0b ef 01 48 51 c1 be c1 a3 2c d8 c8 a7 85 aa  !...HQ....,.....
02198042  3f 78 d0 b8 01 fa 3c 22 00 e4 00 9b 13 94 4f 12  ?x....<"......O.
02198052  a7 c6 21 61 29 38 83 c2 00 be 7c 6e 7f 52 a2 05  ..!a)8....|n.R..
[+] Output data after DECRYPT (first 64 bytes):
           0  1  2  3  4  5  6  7  8  9  A  B  C  D  E  F  0123456789ABCDEF
02197820  0c 09 0a 40 f6 65 b3 f8 82 e4 4b aa db 30 2f 1e  ...@.e....K..0/.
02197830  65 4f 50 a2 34 e6 b5 75 89 0d c0 a4 b9 84 56 c7  eOP.4..u......V.
02197840  d6 9c e3 52 74 96 2c 7d f3 c8 79 81 76 31 d6 c8  ...Rt.,}..y.v1..
02197850  78 8a 3c 41 50 64 f4 28 c9 49 51 41 23 b5 f6 89  x.<APd.(.IQA#...
[>] Encrypt wrapper called — context: 0x2198820

[+] ======= BF_cfb64_encrypt call #552 =======
[+] Mode: ENCRYPT
[+] Length: 62 bytes
[+] BF_KEY ptr: 0x219946c
[+] IV ptr: 0x2199441
[+] num ptr: 0x2199434 (value: 7)
[+] IV (8 bytes):
           0  1  2  3  4  5  6  7  8  9  A  B  C  D  E  F  0123456789ABCDEF
02199441  13 a3 32 4d 01 f1 48 b5                          ..2M..H.
[+] Input data (first 62 bytes):
           0  1  2  3  4  5  6  7  8  9  A  B  C  D  E  F  0123456789ABCDEF
02198820  3e 00 0c 09 0a 38 38 00 0c 09 36 07 e1 be 10 0d  >....88...6.....
02198830  8f a5 31 4c 5f f5 71 23 0e 25 f2 c3 51 39 71 ea  ..1L_.q#.%..Q9q.
02198840  d6 03 34 3a ad 82 5d 0d 7b a6 e8 58 3d 90 c5 e0  ..4:..].{..X=...
02198850  1e 31 f2 f5 eb 37 24 b8 8f a5 11 2c bf 95        .1...7$....,..
[+] Output data after ENCRYPT (first 62 bytes):
           0  1  2  3  4  5  6  7  8  9  A  B  C  D  E  F  0123456789ABCDEF
02197820  8b d0 44 48 e2 8b 88 7e 1d 70 7d c2 94 d2 15 ca  ..DH...~.p}.....
02197830  69 58 c4 e1 0c 78 bc e4 6d 62 81 80 d9 32 7b cf  iX...x..mb...2{.
02197840  6b 6c be 1e 3f 3d f9 ce b6 0f 87 00 ce a9 22 86  kl..?=........".
02197850  b2 e6 cd 63 f9 d9 da 55 fe d8 bb 49 d9 fa        ...c...U...I..
[>] Encrypt wrapper called — context: 0x16f83f8

[+] ======= BF_cfb64_encrypt call #553 =======
[+] Mode: ENCRYPT
[+] Length: 8 bytes
[+] BF_KEY ptr: 0x219946c
[+] IV ptr: 0x2199441
[+] num ptr: 0x2199434 (value: 5)
[+] IV (8 bytes):
           0  1  2  3  4  5  6  7  8  9  A  B  C  D  E  F  0123456789ABCDEF
02199441  d8 bb 49 d9 fa 03 91 15                          ..I.....
[+] Input data (first 8 bytes):
           0  1  2  3  4  5  6  7  8  9  A  B  C  D  E  F  0123456789ABCDEF
016f83f8  54 51 43 6c 69 65 6e 74                          TQClient
[+] Output data after ENCRYPT (first 8 bytes):
           0  1  2  3  4  5  6  7  8  9  A  B  C  D  E  F  0123456789ABCDEF
02197820  57 c0 56 82 b2 d1 ec d5                          W.V.....
[>] Decrypt wrapper called — context: 0x171afe9c

[+] ======= BF_cfb64_encrypt call #554 =======
[+] Mode: DECRYPT
[+] Length: 2 bytes
[+] BF_KEY ptr: 0x219946c
[+] IV ptr: 0x2199439
[+] num ptr: 0x2199430 (value: 1)
[+] IV (8 bytes):
           0  1  2  3  4  5  6  7  8  9  A  B  C  D  E  F  0123456789ABCDEF
02199439  51 d6 8d 53 f0 2a 98 fd                          Q..S.*..
[+] Input data (first 2 bytes):
           0  1  2  3  4  5  6  7  8  9  A  B  C  D  E  F  0123456789ABCDEF
171afe9c  cf 8d                                            ..
[+] Output data after DECRYPT (first 2 bytes):
           0  1  2  3  4  5  6  7  8  9  A  B  C  D  E  F  0123456789ABCDEF
02197820  19 00                                            ..
[>] Decrypt wrapper called — context: 0x2198022

[+] ======= BF_cfb64_encrypt call #555 =======
[+] Mode: DECRYPT
[+] Length: 31 bytes
[+] BF_KEY ptr: 0x219946c
[+] IV ptr: 0x2199439
[+] num ptr: 0x2199430 (value: 3)
[+] IV (8 bytes):
           0  1  2  3  4  5  6  7  8  9  A  B  C  D  E  F  0123456789ABCDEF
02199439  51 cf 8d 53 f0 2a 98 fd                          Q..S.*..
[+] Input data (first 31 bytes):
           0  1  2  3  4  5  6  7  8  9  A  B  C  D  E  F  0123456789ABCDEF
02198022  ad f7 22 62 16 17 81 34 d2 62 36 b2 54 9e 82 80  .."b...4.b6.T...
02198032  20 a2 aa 6a da c7 a4 9e c5 75 3f bd 84 24 be      ..j.....u?..$.
[+] Output data after DECRYPT (first 31 bytes):
           0  1  2  3  4  5  6  7  8  9  A  B  C  D  E  F  0123456789ABCDEF
02197820  fe 07 08 fa eb ac 02 12 08 08 ff ff ff ff 0f 10  ................
02197830  00 12 04 08 08 10 1b 54 51 53 65 72 76 65 72     .......TQServer
[>] Encrypt wrapper called — context: 0x2198820

[+] ======= BF_cfb64_encrypt call #556 =======
[+] Mode: ENCRYPT
[+] Length: 48 bytes
[+] BF_KEY ptr: 0x219946c
[+] IV ptr: 0x2199441
[+] num ptr: 0x2199434 (value: 5)
[+] IV (8 bytes):
           0  1  2  3  4  5  6  7  8  9  A  B  C  D  E  F  0123456789ABCDEF
02199441  82 b2 d1 ec d5 0a b2 6c                          .......l
[+] Input data (first 48 bytes):
           0  1  2  3  4  5  6  7  8  9  A  B  C  D  E  F  0123456789ABCDEF
02198820  30 00 33 08 08 fa eb ac 02 38 b6 04 40 d0 02 48  0.3......8..@..H
02198830  ae dc 9d a3 04 60 89 01 68 04 70 b7 04 78 dc 02  .....`..h.p..x..
02198840  88 01 ea 07 a0 01 ff ff ff ff ff ff ff ff ff 01  ................
[+] Output data after ENCRYPT (first 48 bytes):
           0  1  2  3  4  5  6  7  8  9  A  B  C  D  E  F  0123456789ABCDEF
02197820  3a b2 5f 75 b9 8a eb 3c 34 3c 18 f1 9b 8d 1e 51  :._u...<4<.....Q
02197830  e3 54 92 2e 73 06 00 e6 92 62 06 38 8d 4e 9c ed  .T..s....b.8.N..
02197840  78 54 5d 75 0c 44 83 2e e8 3a d2 85 ec 24 10 15  xT]u.D...:...$..
[>] Encrypt wrapper called — context: 0x16f83f8

[+] ======= BF_cfb64_encrypt call #557 =======
[+] Mode: ENCRYPT
[+] Length: 8 bytes
[+] BF_KEY ptr: 0x219946c
[+] IV ptr: 0x2199441
[+] num ptr: 0x2199434 (value: 5)
[+] IV (8 bytes):
           0  1  2  3  4  5  6  7  8  9  A  B  C  D  E  F  0123456789ABCDEF
02199441  85 ec 24 10 15 5e 23 2d                          ..$..^#-
[+] Input data (first 8 bytes):
           0  1  2  3  4  5  6  7  8  9  A  B  C  D  E  F  0123456789ABCDEF
016f83f8  54 51 43 6c 69 65 6e 74                          TQClient
[+] Output data after ENCRYPT (first 8 bytes):
           0  1  2  3  4  5  6  7  8  9  A  B  C  D  E  F  0123456789ABCDEF
02197820  0a 72 6e 7b 8d 79 88 47                          .rn{.y.G
[>] Decrypt wrapper called — context: 0x171afe9c

[+] ======= BF_cfb64_encrypt call #558 =======
[+] Mode: DECRYPT
[+] Length: 2 bytes
[+] BF_KEY ptr: 0x219946c
[+] IV ptr: 0x2199439
[+] num ptr: 0x2199430 (value: 2)
[+] IV (8 bytes):
           0  1  2  3  4  5  6  7  8  9  A  B  C  D  E  F  0123456789ABCDEF
02199439  24 be 96 4e 2d 33 6b fd                          $..N-3k.
[+] Input data (first 2 bytes):
           0  1  2  3  4  5  6  7  8  9  A  B  C  D  E  F  0123456789ABCDEF
171afe9c  84 4e                                            .N
[+] Output data after DECRYPT (first 2 bytes):
           0  1  2  3  4  5  6  7  8  9  A  B  C  D  E  F  0123456789ABCDEF
02197820  12 00                                            ..
[>] Decrypt wrapper called — context: 0x2198022

[+] ======= BF_cfb64_encrypt call #559 =======
[+] Mode: DECRYPT
[+] Length: 24 bytes
[+] BF_KEY ptr: 0x219946c
[+] IV ptr: 0x2199439
[+] num ptr: 0x2199430 (value: 4)
[+] IV (8 bytes):
           0  1  2  3  4  5  6  7  8  9  A  B  C  D  E  F  0123456789ABCDEF
02199439  24 be 84 4e 2d 33 6b fd                          $..N-3k.
[+] Input data (first 24 bytes):
           0  1  2  3  4  5  6  7  8  9  A  B  C  D  E  F  0123456789ABCDEF
02198022  b5 3b 63 ff 6b 34 03 91 d0 08 16 fc a5 43 7e 15  .;c.k4.......C~.
02198032  91 c0 fa c6 ee 67 55 bc                          .....gU.
[+] Output data after DECRYPT (first 24 bytes):
           0  1  2  3  4  5  6  7  8  9  A  B  C  D  E  F  0123456789ABCDEF
02197820  98 08 08 02 10 9d b7 1a 18 00 20 83 a2 d5 e0 01  .......... .....
02197830  54 51 53 65 72 76 65 72                          TQServer
[>] Decrypt wrapper called — context: 0x171afe9c

[+] ======= BF_cfb64_encrypt call #560 =======
[+] Mode: DECRYPT
[+] Length: 2 bytes
[+] BF_KEY ptr: 0x219946c
[+] IV ptr: 0x2199439
[+] num ptr: 0x2199430 (value: 4)
[+] IV (8 bytes):
           0  1  2  3  4  5  6  7  8  9  A  B  C  D  E  F  0123456789ABCDEF
02199439  ee 67 55 bc f4 3b a1 aa                          .gU..;..
[+] Input data (first 2 bytes):
           0  1  2  3  4  5  6  7  8  9  A  B  C  D  E  F  0123456789ABCDEF
171afe9c  e6 3b                                            .;
[+] Output data after DECRYPT (first 2 bytes):
           0  1  2  3  4  5  6  7  8  9  A  B  C  D  E  F  0123456789ABCDEF
02197820  12 00                                            ..
[>] Decrypt wrapper called — context: 0x2198022

[+] ======= BF_cfb64_encrypt call #561 =======
[+] Mode: DECRYPT
[+] Length: 24 bytes
[+] BF_KEY ptr: 0x219946c
[+] IV ptr: 0x2199439
[+] num ptr: 0x2199430 (value: 6)
[+] IV (8 bytes):
           0  1  2  3  4  5  6  7  8  9  A  B  C  D  E  F  0123456789ABCDEF
02199439  ee 67 55 bc e6 3b a1 aa                          .gU..;..
[+] Input data (first 24 bytes):
           0  1  2  3  4  5  6  7  8  9  A  B  C  D  E  F  0123456789ABCDEF
02198022  39 a2 d1 bb ec 5d f1 86 21 92 ef c3 26 25 90 b3  9....]..!...&%..
02198032  08 2f 81 fe 8c ab 29 09                          ./....).
[+] Output data after DECRYPT (first 24 bytes):
           0  1  2  3  4  5  6  7  8  9  A  B  C  D  E  F  0123456789ABCDEF
02197820  98 08 08 00 10 d8 b8 1a 18 00 20 83 a2 d5 e0 01  .......... .....
02197830  54 51 53 65 72 76 65 72                          TQServer
[>] Decrypt wrapper called — context: 0x171afe9c

[+] ======= BF_cfb64_encrypt call #562 =======
[+] Mode: DECRYPT
[+] Length: 2 bytes
[+] BF_KEY ptr: 0x219946c
[+] IV ptr: 0x2199439
[+] num ptr: 0x2199430 (value: 6)
[+] IV (8 bytes):
           0  1  2  3  4  5  6  7  8  9  A  B  C  D  E  F  0123456789ABCDEF
02199439  81 fe 8c ab 29 09 40 5f                          ....).@_
[+] Input data (first 2 bytes):
           0  1  2  3  4  5  6  7  8  9  A  B  C  D  E  F  0123456789ABCDEF
171afe9c  52 5f                                            R_
[+] Output data after DECRYPT (first 2 bytes):
           0  1  2  3  4  5  6  7  8  9  A  B  C  D  E  F  0123456789ABCDEF
02197820  12 00                                            ..
[>] Decrypt wrapper called — context: 0x2198022

[+] ======= BF_cfb64_encrypt call #563 =======
[+] Mode: DECRYPT
[+] Length: 24 bytes
[+] BF_KEY ptr: 0x219946c
[+] IV ptr: 0x2199439
[+] num ptr: 0x2199430 (value: 0)
[+] IV (8 bytes):
           0  1  2  3  4  5  6  7  8  9  A  B  C  D  E  F  0123456789ABCDEF
02199439  81 fe 8c ab 29 09 52 5f                          ....).R_
[+] Input data (first 24 bytes):
           0  1  2  3  4  5  6  7  8  9  A  B  C  D  E  F  0123456789ABCDEF
02198022  07 02 05 2b f3 41 5b 54 17 e2 c6 4d da b6 05 97  ...+.A[T...M....
02198032  e1 03 e9 93 8a d8 7b 7a                          ......{z
[+] Output data after DECRYPT (first 24 bytes):
           0  1  2  3  4  5  6  7  8  9  A  B  C  D  E  F  0123456789ABCDEF
02197820  98 08 08 03 10 98 b9 1a 18 00 20 83 a2 d5 e0 01  .......... .....
02197830  54 51 53 65 72 76 65 72                          TQServer
[>] Decrypt wrapper called — context: 0x171afe9c

[+] ======= BF_cfb64_encrypt call #564 =======
[+] Mode: DECRYPT
[+] Length: 2 bytes
[+] BF_KEY ptr: 0x219946c
[+] IV ptr: 0x2199439
[+] num ptr: 0x2199430 (value: 0)
[+] IV (8 bytes):
           0  1  2  3  4  5  6  7  8  9  A  B  C  D  E  F  0123456789ABCDEF
02199439  e1 03 e9 93 8a d8 7b 7a                          ......{z
[+] Input data (first 2 bytes):
           0  1  2  3  4  5  6  7  8  9  A  B  C  D  E  F  0123456789ABCDEF
171afe9c  cb d6                                            ..
[+] Output data after DECRYPT (first 2 bytes):
           0  1  2  3  4  5  6  7  8  9  A  B  C  D  E  F  0123456789ABCDEF
02197820  27 00                                            '.
[>] Decrypt wrapper called — context: 0x2198022

[+] ======= BF_cfb64_encrypt call #565 =======
[+] Mode: DECRYPT
[+] Length: 45 bytes
[+] BF_KEY ptr: 0x219946c
[+] IV ptr: 0x2199439
[+] num ptr: 0x2199430 (value: 2)
[+] IV (8 bytes):
           0  1  2  3  4  5  6  7  8  9  A  B  C  D  E  F  0123456789ABCDEF
02199439  cb d6 dd 9c fe b8 13 28                          .......(
[+] Input data (first 45 bytes):
           0  1  2  3  4  5  6  7  8  9  A  B  C  D  E  F  0123456789ABCDEF
02198022  ee 94 f6 42 f8 84 7f 57 73 15 8b c4 d8 a7 6d 61  ...B...Ws.....ma
02198032  70 71 1e c8 70 5b 43 8f 5c f8 9a 1e f6 27 60 f3  pq..p[C.\....'`.
02198042  6e 75 ab 22 7d ce b9 cb 58 58 c9 52 32           nu."}...XX.R2
[+] Output data after DECRYPT (first 45 bytes):
           0  1  2  3  4  5  6  7  8  9  A  B  C  D  E  F  0123456789ABCDEF
02197820  33 08 08 fa eb ac 02 38 b6 04 40 d0 02 48 98 a2  3......8..@..H..
02197830  d5 e0 01 60 89 01 68 04 70 b7 04 78 dc 02 88 01  ...`..h.p..x....
02197840  ea 07 b8 01 00 54 51 53 65 72 76 65 72           .....TQServer
[>] Encrypt wrapper called — context: 0x2198820

[+] ======= BF_cfb64_encrypt call #566 =======
[+] Mode: ENCRYPT
[+] Length: 12 bytes
[+] BF_KEY ptr: 0x219946c
[+] IV ptr: 0x2199441
[+] num ptr: 0x2199434 (value: 5)
[+] IV (8 bytes):
           0  1  2  3  4  5  6  7  8  9  A  B  C  D  E  F  0123456789ABCDEF
02199441  7b 8d 79 88 47 46 8d e0                          {.y.GF..
[+] Input data (first 12 bytes):
           0  1  2  3  4  5  6  7  8  9  A  B  C  D  E  F  0123456789ABCDEF
02198820  0c 00 36 0a 00 00 00 00 49 73 67 44              ..6.....IsgD
[+] Output data after ENCRYPT (first 12 bytes):
           0  1  2  3  4  5  6  7  8  9  A  B  C  D  E  F  0123456789ABCDEF
02197820  4a 8d d6 5f 90 e4 54 97 64 bc 6a 6f              J.._..T.d.jo
[>] Encrypt wrapper called — context: 0x16f83f8

[+] ======= BF_cfb64_encrypt call #567 =======
[+] Mode: ENCRYPT
[+] Length: 8 bytes
[+] BF_KEY ptr: 0x219946c
[+] IV ptr: 0x2199441
[+] num ptr: 0x2199434 (value: 1)
[+] IV (8 bytes):
           0  1  2  3  4  5  6  7  8  9  A  B  C  D  E  F  0123456789ABCDEF
02199441  6f 96 f1 37 58 81 6d f0                          o..7X.m.
[+] Input data (first 8 bytes):
           0  1  2  3  4  5  6  7  8  9  A  B  C  D  E  F  0123456789ABCDEF
016f83f8  54 51 43 6c 69 65 6e 74                          TQClient
[+] Output data after ENCRYPT (first 8 bytes):
           0  1  2  3  4  5  6  7  8  9  A  B  C  D  E  F  0123456789ABCDEF
02197820  c2 a0 74 34 e8 08 9e 02                          ..t4....
[>] Decrypt wrapper called — context: 0x171afe9c

[+] ======= BF_cfb64_encrypt call #568 =======
[+] Mode: DECRYPT
[+] Length: 2 bytes
[+] BF_KEY ptr: 0x219946c
[+] IV ptr: 0x2199439
[+] num ptr: 0x2199430 (value: 7)
[+] IV (8 bytes):
           0  1  2  3  4  5  6  7  8  9  A  B  C  D  E  F  0123456789ABCDEF
02199439  b9 cb 58 58 c9 52 32 e7                          ..XX.R2.
[+] Input data (first 2 bytes):
           0  1  2  3  4  5  6  7  8  9  A  B  C  D  E  F  0123456789ABCDEF
171afe9c  eb f6                                            ..
[+] Output data after DECRYPT (first 2 bytes):
           0  1  2  3  4  5  6  7  8  9  A  B  C  D  E  F  0123456789ABCDEF
02197820  0c 00                                            ..
[>] Decrypt wrapper called — context: 0x2198022

[+] ======= BF_cfb64_encrypt call #569 =======
[+] Mode: DECRYPT
[+] Length: 18 bytes
[+] BF_KEY ptr: 0x219946c
[+] IV ptr: 0x2199439
[+] num ptr: 0x2199430 (value: 1)
[+] IV (8 bytes):
           0  1  2  3  4  5  6  7  8  9  A  B  C  D  E  F  0123456789ABCDEF
02199439  f6 a0 af 7a 45 59 06 38                          ...zEY.8
[+] Input data (first 18 bytes):
           0  1  2  3  4  5  6  7  8  9  A  B  C  D  E  F  0123456789ABCDEF
02198022  96 a5 7a 45 59 06 71 4c de c6 84 c4 e5 a8 43 d7  ..zEY.qL......C.
02198032  6e 74                                            nt
[+] Output data after DECRYPT (first 18 bytes):
           0  1  2  3  4  5  6  7  8  9  A  B  C  D  E  F  0123456789ABCDEF
02197820  36 0a 00 00 00 00 49 73 67 44 54 51 53 65 72 76  6.....IsgDTQServ
02197830  65 72                                            er
[>] Encrypt wrapper called — context: 0x2198820

[+] ======= BF_cfb64_encrypt call #570 =======
[+] Mode: ENCRYPT
[+] Length: 48 bytes
[+] BF_KEY ptr: 0x219946c
[+] IV ptr: 0x2199441
[+] num ptr: 0x2199434 (value: 1)
[+] IV (8 bytes):
           0  1  2  3  4  5  6  7  8  9  A  B  C  D  E  F  0123456789ABCDEF
02199441  02 e0 e6 61 a9 d8 8e 00                          ...a....
[+] Input data (first 48 bytes):
           0  1  2  3  4  5  6  7  8  9  A  B  C  D  E  F  0123456789ABCDEF
02198820  30 00 33 08 08 fa eb ac 02 38 c1 04 40 d3 02 48  0.3......8..@..H
02198830  a1 e9 9d a3 04 60 89 01 68 06 70 b6 04 78 d0 02  .....`..h.p..x..
02198840  88 01 ea 07 a0 01 ff ff ff ff ff ff ff ff ff 01  ................
[+] Output data after ENCRYPT (first 48 bytes):
           0  1  2  3  4  5  6  7  8  9  A  B  C  D  E  F  0123456789ABCDEF
02197820  d0 e6 52 a1 d0 74 eb 7f ae 66 ec 9e 9f 0b 12 c9  ..R..t...f......
02197830  d4 b5 d3 0b a8 40 2a 14 bd 3f 14 41 21 5f 32 f4  .....@*..?.A!_2.
02197840  67 c3 01 c1 f2 3a 3e b4 ec 76 a0 4e a9 95 47 c5  g....:>..v.N..G.
[>] Encrypt wrapper called — context: 0x16f83f8

[+] ======= BF_cfb64_encrypt call #571 =======
[+] Mode: ENCRYPT
[+] Length: 8 bytes
[+] BF_KEY ptr: 0x219946c
[+] IV ptr: 0x2199441
[+] num ptr: 0x2199434 (value: 1)
[+] IV (8 bytes):
           0  1  2  3  4  5  6  7  8  9  A  B  C  D  E  F  0123456789ABCDEF
02199441  c5 0f bf c0 a9 23 a6 b7                          .....#..
[+] Input data (first 8 bytes):
           0  1  2  3  4  5  6  7  8  9  A  B  C  D  E  F  0123456789ABCDEF
016f83f8  54 51 43 6c 69 65 6e 74                          TQClient
[+] Output data after ENCRYPT (first 8 bytes):
           0  1  2  3  4  5  6  7  8  9  A  B  C  D  E  F  0123456789ABCDEF
02197820  5b ee 83 c5 4a c3 d9 9f                          [...J...
[>] Decrypt wrapper called — context: 0x171afe9c

[+] ======= BF_cfb64_encrypt call #572 =======
[+] Mode: DECRYPT
[+] Length: 2 bytes
[+] BF_KEY ptr: 0x219946c
[+] IV ptr: 0x2199439
[+] num ptr: 0x2199430 (value: 3)
[+] IV (8 bytes):
           0  1  2  3  4  5  6  7  8  9  A  B  C  D  E  F  0123456789ABCDEF
02199439  d7 6e 74 ed 7f b6 e8 11                          .nt.....
[+] Input data (first 2 bytes):
           0  1  2  3  4  5  6  7  8  9  A  B  C  D  E  F  0123456789ABCDEF
171afe9c  ca 7f                                            ..
[+] Output data after DECRYPT (first 2 bytes):
           0  1  2  3  4  5  6  7  8  9  A  B  C  D  E  F  0123456789ABCDEF
02197820  27 00                                            '.
[>] Decrypt wrapper called — context: 0x2198022

[+] ======= BF_cfb64_encrypt call #573 =======
[+] Mode: DECRYPT
[+] Length: 45 bytes
[+] BF_KEY ptr: 0x219946c
[+] IV ptr: 0x2199439
[+] num ptr: 0x2199430 (value: 5)
[+] IV (8 bytes):
           0  1  2  3  4  5  6  7  8  9  A  B  C  D  E  F  0123456789ABCDEF
02199439  d7 6e 74 ca 7f b6 e8 11                          .nt.....
[+] Input data (first 45 bytes):
           0  1  2  3  4  5  6  7  8  9  A  B  C  D  E  F  0123456789ABCDEF
02198022  85 e0 19 e7 13 87 6d 7d 2b c3 fb e8 e2 c9 bf 4b  ......m}+......K
02198032  1e ad a0 c4 3d 8e 8f 1f 5a 0c 63 ae 35 18 65 ac  ....=...Z.c.5.e.
02198042  d3 19 8f 90 6e 66 5d 25 98 1d db ec 7c           ....nf]%....|
[+] Output data after DECRYPT (first 45 bytes):
           0  1  2  3  4  5  6  7  8  9  A  B  C  D  E  F  0123456789ABCDEF
02197820  33 08 08 fa eb ac 02 38 c1 04 40 d3 02 48 9c af  3......8..@..H..
02197830  d5 e0 01 60 89 01 68 06 70 b6 04 78 d0 02 88 01  ...`..h.p..x....
02197840  ea 07 b8 01 00 54 51 53 65 72 76 65 72           .....TQServer
[>] Decrypt wrapper called — context: 0x171afe9c

[+] ======= BF_cfb64_encrypt call #574 =======
[+] Mode: DECRYPT
[+] Length: 2 bytes
[+] BF_KEY ptr: 0x219946c
[+] IV ptr: 0x2199439
[+] num ptr: 0x2199430 (value: 2)
[+] IV (8 bytes):
           0  1  2  3  4  5  6  7  8  9  A  B  C  D  E  F  0123456789ABCDEF
02199439  ec 7c 50 03 1b 98 85 96                          .|P.....
[+] Input data (first 2 bytes):
           0  1  2  3  4  5  6  7  8  9  A  B  C  D  E  F  0123456789ABCDEF
171afe9c  ce 03                                            ..
[+] Output data after DECRYPT (first 2 bytes):
           0  1  2  3  4  5  6  7  8  9  A  B  C  D  E  F  0123456789ABCDEF
02197820  9e 00                                            ..
[>] Decrypt wrapper called — context: 0x2198022

[+] ======= BF_cfb64_encrypt call #575 =======
[+] Mode: DECRYPT
[+] Length: 164 bytes
[+] BF_KEY ptr: 0x219946c
[+] IV ptr: 0x2199439
[+] num ptr: 0x2199430 (value: 4)
[+] IV (8 bytes):
           0  1  2  3  4  5  6  7  8  9  A  B  C  D  E  F  0123456789ABCDEF
02199439  ec 7c ce 03 1b 98 85 96                          .|......
[+] Input data (first 64 bytes):
           0  1  2  3  4  5  6  7  8  9  A  B  C  D  E  F  0123456789ABCDEF
02198022  ef 90 8d 71 1c f0 14 20 ad e0 fd b3 e7 39 18 0b  ...q... .....9..
02198032  2f b1 73 d7 d2 07 e6 d1 ca 55 84 3e 99 cf 17 0e  /.s......U.>....
02198042  f2 77 39 40 cd 4c ca 0d 2c 15 8b f9 a3 05 c3 98  .w9@.L..,.......
02198052  44 85 75 ce 68 41 73 54 50 e2 b8 35 0b e0 c7 f6  D.u.hAsTP..5....
[+] Output data after DECRYPT (first 64 bytes):
           0  1  2  3  4  5  6  7  8  9  A  B  C  D  E  F  0123456789ABCDEF
02197820  f4 08 08 e7 01 10 a7 94 1a 18 00 20 00 28 00 30  ........... .(.0
02197830  00 30 00 30 00 30 00 30 00 30 00 30 00 30 00 30  .0.0.0.0.0.0.0.0
02197840  00 30 00 30 00 30 00 30 00 30 00 30 00 30 00 30  .0.0.0.0.0.0.0.0
02197850  00 30 00 40 00 48 00 50 00 58 00 60 00 78 00 b8  .0.@.H.P.X.`.x..
[>] Decrypt wrapper called — context: 0x171afe9c

[+] ======= BF_cfb64_encrypt call #576 =======
[+] Mode: DECRYPT
[+] Length: 2 bytes
[+] BF_KEY ptr: 0x219946c
[+] IV ptr: 0x2199439
[+] num ptr: 0x2199430 (value: 0)
[+] IV (8 bytes):
           0  1  2  3  4  5  6  7  8  9  A  B  C  D  E  F  0123456789ABCDEF
02199439  25 c1 0b 93 5d b0 68 da                          %...].h.
[+] Input data (first 2 bytes):
           0  1  2  3  4  5  6  7  8  9  A  B  C  D  E  F  0123456789ABCDEF
171afe9c  c4 9b                                            ..
[+] Output data after DECRYPT (first 2 bytes):
           0  1  2  3  4  5  6  7  8  9  A  B  C  D  E  F  0123456789ABCDEF
02197820  9e 00                                            ..
[>] Decrypt wrapper called — context: 0x2198022

[+] ======= BF_cfb64_encrypt call #577 =======
[+] Mode: DECRYPT
[+] Length: 164 bytes
[+] BF_KEY ptr: 0x219946c
[+] IV ptr: 0x2199439
[+] num ptr: 0x2199430 (value: 2)
[+] IV (8 bytes):
           0  1  2  3  4  5  6  7  8  9  A  B  C  D  E  F  0123456789ABCDEF
02199439  c4 9b d5 f7 3e 5d a3 8f                          ....>]..
[+] Input data (first 64 bytes):
           0  1  2  3  4  5  6  7  8  9  A  B  C  D  E  F  0123456789ABCDEF
02198022  21 ff 36 ba a2 9f cd b4 b7 fe 75 11 fc bb fe 54  !.6.......u....T
02198032  de c4 9f 8c 06 68 54 a1 65 20 b2 f4 a9 c0 0d f8  .....hT.e ......
02198042  d8 b5 d1 34 18 ed 8b 03 05 5f c9 b1 4a 9b 0d d7  ...4....._..J...
02198052  e9 d9 b4 63 ae ed 76 b0 3f 5d 15 dc 85 fb c1 2e  ...c..v.?]......
[+] Output data after DECRYPT (first 64 bytes):
           0  1  2  3  4  5  6  7  8  9  A  B  C  D  E  F  0123456789ABCDEF
02197820  f4 08 08 e7 01 10 b7 b9 1a 18 00 20 00 28 00 30  ........... .(.0
02197830  00 30 00 30 00 30 00 30 00 30 00 30 00 30 00 30  .0.0.0.0.0.0.0.0
02197840  00 30 00 30 00 30 00 30 00 30 00 30 00 30 00 30  .0.0.0.0.0.0.0.0
02197850  00 30 00 40 00 48 00 50 00 58 00 60 00 78 00 b8  .0.@.H.P.X.`.x..
[>] Encrypt wrapper called — context: 0x2198820

[+] ======= BF_cfb64_encrypt call #578 =======
[+] Mode: ENCRYPT
[+] Length: 22 bytes
[+] BF_KEY ptr: 0x219946c
[+] IV ptr: 0x2199441
[+] num ptr: 0x2199434 (value: 1)
[+] IV (8 bytes):
           0  1  2  3  4  5  6  7  8  9  A  B  C  D  E  F  0123456789ABCDEF
02199441  9f f0 af c5 a8 5b 45 f1                          .....[E.
[+] Input data (first 22 bytes):
           0  1  2  3  4  5  6  7  8  9  A  B  C  D  E  F  0123456789ABCDEF
02198820  16 00 98 08 08 76 10 fa eb ac 02 18 01 20 f0 f3  .....v....... ..
02198830  9d a3 04 28 ea 07                                ...(..
[+] Output data after ENCRYPT (first 22 bytes):
           0  1  2  3  4  5  6  7  8  9  A  B  C  D  E  F  0123456789ABCDEF
02197820  e6 af 5d a0 53 33 e1 45 3c ea 02 42 b4 2d e4 36  ..].S3.E<..B.-.6
02197830  c7 93 47 bd 79 08                                ..G.y.
[>] Encrypt wrapper called — context: 0x16f83f8

[+] ======= BF_cfb64_encrypt call #579 =======
[+] Mode: ENCRYPT
[+] Length: 8 bytes
[+] BF_KEY ptr: 0x219946c
[+] IV ptr: 0x2199441
[+] num ptr: 0x2199434 (value: 7)
[+] IV (8 bytes):
           0  1  2  3  4  5  6  7  8  9  A  B  C  D  E  F  0123456789ABCDEF
02199441  36 c7 93 47 bd 79 08 ee                          6..G.y..
[+] Input data (first 8 bytes):
           0  1  2  3  4  5  6  7  8  9  A  B  C  D  E  F  0123456789ABCDEF
016f83f8  54 51 43 6c 69 65 6e 74                          TQClient
[+] Output data after ENCRYPT (first 8 bytes):
           0  1  2  3  4  5  6  7  8  9  A  B  C  D  E  F  0123456789ABCDEF
02197820  ba 39 19 73 11 ed 14 13                          .9.s....
[>] Encrypt wrapper called — context: 0x2198820

[+] ======= BF_cfb64_encrypt call #580 =======
[+] Mode: ENCRYPT
[+] Length: 22 bytes
[+] BF_KEY ptr: 0x219946c
[+] IV ptr: 0x2199441
[+] num ptr: 0x2199434 (value: 7)
[+] IV (8 bytes):
           0  1  2  3  4  5  6  7  8  9  A  B  C  D  E  F  0123456789ABCDEF
02199441  39 19 73 11 ed 14 13 a5                          9.s.....
[+] Input data (first 22 bytes):
           0  1  2  3  4  5  6  7  8  9  A  B  C  D  E  F  0123456789ABCDEF
02198820  16 00 98 08 08 1e 10 fa eb ac 02 18 01 20 ae f5  ............. ..
02198830  9d a3 04 28 ea 07                                ...(..
[+] Output data after ENCRYPT (first 22 bytes):
           0  1  2  3  4  5  6  7  8  9  A  B  C  D  E  F  0123456789ABCDEF
02197820  b3 c1 21 48 90 3c a7 03 d6 f0 86 f0 c5 95 21 c0  ..!H.<........!.
02197830  09 f7 62 62 3b 58                                ..bb;X
[>] Encrypt wrapper called — context: 0x16f83f8

[+] ======= BF_cfb64_encrypt call #581 =======
[+] Mode: ENCRYPT
[+] Length: 8 bytes
[+] BF_KEY ptr: 0x219946c
[+] IV ptr: 0x2199441
[+] num ptr: 0x2199434 (value: 5)
[+] IV (8 bytes):
           0  1  2  3  4  5  6  7  8  9  A  B  C  D  E  F  0123456789ABCDEF
02199441  f7 62 62 3b 58 12 80 40                          .bb;X..@
[+] Input data (first 8 bytes):
           0  1  2  3  4  5  6  7  8  9  A  B  C  D  E  F  0123456789ABCDEF
016f83f8  54 51 43 6c 69 65 6e 74                          TQClient
[+] Output data after ENCRYPT (first 8 bytes):
           0  1  2  3  4  5  6  7  8  9  A  B  C  D  E  F  0123456789ABCDEF
02197820  46 d1 03 58 eb 04 0c 72                          F..X...r
[>] Decrypt wrapper called — context: 0x171afe9c

[+] ======= BF_cfb64_encrypt call #582 =======
[+] Mode: DECRYPT
[+] Length: 2 bytes
[+] BF_KEY ptr: 0x219946c
[+] IV ptr: 0x2199439
[+] num ptr: 0x2199430 (value: 6)
[+] IV (8 bytes):
           0  1  2  3  4  5  6  7  8  9  A  B  C  D  E  F  0123456789ABCDEF
02199439  55 f1 fd 42 26 75 f9 d9                          U..B&u..
[+] Input data (first 2 bytes):
           0  1  2  3  4  5  6  7  8  9  A  B  C  D  E  F  0123456789ABCDEF
171afe9c  eb d9                                            ..
[+] Output data after DECRYPT (first 2 bytes):
           0  1  2  3  4  5  6  7  8  9  A  B  C  D  E  F  0123456789ABCDEF
02197820  12 00                                            ..
[>] Decrypt wrapper called — context: 0x2198022

[+] ======= BF_cfb64_encrypt call #583 =======
[+] Mode: DECRYPT
[+] Length: 24 bytes
[+] BF_KEY ptr: 0x219946c
[+] IV ptr: 0x2199439
[+] num ptr: 0x2199430 (value: 0)
[+] IV (8 bytes):
           0  1  2  3  4  5  6  7  8  9  A  B  C  D  E  F  0123456789ABCDEF
02199439  55 f1 fd 42 26 75 eb d9                          U..B&u..
[+] Input data (first 24 bytes):
           0  1  2  3  4  5  6  7  8  9  A  B  C  D  E  F  0123456789ABCDEF
02198022  0b 3c ff 10 20 1a a0 9d 19 15 8d 5d e4 1b e4 6a  .<.. ......]...j
02198032  f6 37 00 67 2f f2 cc 64                          .7.g/..d
[+] Output data after DECRYPT (first 24 bytes):
           0  1  2  3  4  5  6  7  8  9  A  B  C  D  E  F  0123456789ABCDEF
02197820  98 08 08 02 10 9d b7 1a 18 01 20 c0 b9 d5 e0 01  .......... .....
02197830  54 51 53 65 72 76 65 72                          TQServer
[>] Decrypt wrapper called — context: 0x171afe9c

[+] ======= BF_cfb64_encrypt call #584 =======
[+] Mode: DECRYPT
[+] Length: 2 bytes
[+] BF_KEY ptr: 0x219946c
[+] IV ptr: 0x2199439
[+] num ptr: 0x2199430 (value: 0)
[+] IV (8 bytes):
           0  1  2  3  4  5  6  7  8  9  A  B  C  D  E  F  0123456789ABCDEF
02199439  f6 37 00 67 2f f2 cc 64                          .7.g/..d
[+] Input data (first 2 bytes):
           0  1  2  3  4  5  6  7  8  9  A  B  C  D  E  F  0123456789ABCDEF
171afe9c  a1 a1                                            ..
[+] Output data after DECRYPT (first 2 bytes):
           0  1  2  3  4  5  6  7  8  9  A  B  C  D  E  F  0123456789ABCDEF
02197820  12 00                                            ..
[>] Decrypt wrapper called — context: 0x2198022

[+] ======= BF_cfb64_encrypt call #585 =======
[+] Mode: DECRYPT
[+] Length: 24 bytes
[+] BF_KEY ptr: 0x219946c
[+] IV ptr: 0x2199439
[+] num ptr: 0x2199430 (value: 2)
[+] IV (8 bytes):
           0  1  2  3  4  5  6  7  8  9  A  B  C  D  E  F  0123456789ABCDEF
02199439  a1 a1 75 68 be 58 64 4d                          ..uh.XdM
[+] Input data (first 24 bytes):
           0  1  2  3  4  5  6  7  8  9  A  B  C  D  E  F  0123456789ABCDEF
02198022  ed 60 b6 5b 74 fd f1 0e 92 75 9a f6 48 84 eb a1  .`.[t....u..H...
02198032  c8 97 f2 57 86 b8 22 7c                          ...W.."|
[+] Output data after DECRYPT (first 24 bytes):
           0  1  2  3  4  5  6  7  8  9  A  B  C  D  E  F  0123456789ABCDEF
02197820  98 08 08 03 10 b0 b7 1a 18 01 20 c0 b9 d5 e0 01  .......... .....
02197830  54 51 53 65 72 76 65 72                          TQServer
[>] Decrypt wrapper called — context: 0x171afe9c

[+] ======= BF_cfb64_encrypt call #586 =======
[+] Mode: DECRYPT
[+] Length: 2 bytes
[+] BF_KEY ptr: 0x219946c
[+] IV ptr: 0x2199439
[+] num ptr: 0x2199430 (value: 2)
[+] IV (8 bytes):
           0  1  2  3  4  5  6  7  8  9  A  B  C  D  E  F  0123456789ABCDEF
02199439  22 7c 67 04 de 78 e4 a8                          "|g..x..
[+] Input data (first 2 bytes):
           0  1  2  3  4  5  6  7  8  9  A  B  C  D  E  F  0123456789ABCDEF
171afe9c  75 04                                            u.
[+] Output data after DECRYPT (first 2 bytes):
           0  1  2  3  4  5  6  7  8  9  A  B  C  D  E  F  0123456789ABCDEF
02197820  12 00                                            ..
[>] Decrypt wrapper called — context: 0x2198022

[+] ======= BF_cfb64_encrypt call #587 =======
[+] Mode: DECRYPT
[+] Length: 24 bytes
[+] BF_KEY ptr: 0x219946c
[+] IV ptr: 0x2199439
[+] num ptr: 0x2199430 (value: 4)
[+] IV (8 bytes):
           0  1  2  3  4  5  6  7  8  9  A  B  C  D  E  F  0123456789ABCDEF
02199439  22 7c 75 04 de 78 e4 a8                          "|u..x..
[+] Input data (first 24 bytes):
           0  1  2  3  4  5  6  7  8  9  A  B  C  D  E  F  0123456789ABCDEF
02198022  46 70 ec ab 93 cd 25 53 67 17 b9 ce 13 e6 df 24  Fp....%Sg......$
02198032  1e 12 83 04 5b b2 d2 d6                          ....[...
[+] Output data after DECRYPT (first 24 bytes):
           0  1  2  3  4  5  6  7  8  9  A  B  C  D  E  F  0123456789ABCDEF
02197820  98 08 08 03 10 d8 b8 1a 18 01 20 c0 b9 d5 e0 01  .......... .....
02197830  54 51 53 65 72 76 65 72                          TQServer
[>] Decrypt wrapper called — context: 0x171afe9c

[+] ======= BF_cfb64_encrypt call #588 =======
[+] Mode: DECRYPT
[+] Length: 2 bytes
[+] BF_KEY ptr: 0x219946c
[+] IV ptr: 0x2199439
[+] num ptr: 0x2199430 (value: 4)
[+] IV (8 bytes):
           0  1  2  3  4  5  6  7  8  9  A  B  C  D  E  F  0123456789ABCDEF
02199439  5b b2 d2 d6 59 8c b2 d2                          [...Y...
[+] Input data (first 2 bytes):
           0  1  2  3  4  5  6  7  8  9  A  B  C  D  E  F  0123456789ABCDEF
171afe9c  4b 8c                                            K.
[+] Output data after DECRYPT (first 2 bytes):
           0  1  2  3  4  5  6  7  8  9  A  B  C  D  E  F  0123456789ABCDEF
02197820  12 00                                            ..
[>] Decrypt wrapper called — context: 0x2198022

[+] ======= BF_cfb64_encrypt call #589 =======
[+] Mode: DECRYPT
[+] Length: 24 bytes
[+] BF_KEY ptr: 0x219946c
[+] IV ptr: 0x2199439
[+] num ptr: 0x2199430 (value: 6)
[+] IV (8 bytes):
           0  1  2  3  4  5  6  7  8  9  A  B  C  D  E  F  0123456789ABCDEF
02199439  5b b2 d2 d6 4b 8c b2 d2                          [...K...
[+] Input data (first 24 bytes):
           0  1  2  3  4  5  6  7  8  9  A  B  C  D  E  F  0123456789ABCDEF
02198022  2a da 3a bc 98 59 aa 78 d3 6b b6 7f e7 03 a7 b9  *.:..Y.x.k......
02198032  c5 dd c4 24 48 ac ba fb                          ...$H...
[+] Output data after DECRYPT (first 24 bytes):
           0  1  2  3  4  5  6  7  8  9  A  B  C  D  E  F  0123456789ABCDEF
02197820  98 08 08 03 10 98 b9 1a 18 01 20 c0 b9 d5 e0 01  .......... .....
02197830  54 51 53 65 72 76 65 72                          TQServer
[>] Decrypt wrapper called — context: 0x171afe9c

[+] ======= BF_cfb64_encrypt call #590 =======
[+] Mode: DECRYPT
[+] Length: 2 bytes
[+] BF_KEY ptr: 0x219946c
[+] IV ptr: 0x2199439
[+] num ptr: 0x2199430 (value: 6)
[+] IV (8 bytes):
           0  1  2  3  4  5  6  7  8  9  A  B  C  D  E  F  0123456789ABCDEF
02199439  c4 24 48 ac ba fb 4e cb                          .$H...N.
[+] Input data (first 2 bytes):
           0  1  2  3  4  5  6  7  8  9  A  B  C  D  E  F  0123456789ABCDEF
171afe9c  5c cb                                            \.
[+] Output data after DECRYPT (first 2 bytes):
           0  1  2  3  4  5  6  7  8  9  A  B  C  D  E  F  0123456789ABCDEF
02197820  12 00                                            ..
[>] Decrypt wrapper called — context: 0x2198022

[+] ======= BF_cfb64_encrypt call #591 =======
[+] Mode: DECRYPT
[+] Length: 24 bytes
[+] BF_KEY ptr: 0x219946c
[+] IV ptr: 0x2199439
[+] num ptr: 0x2199430 (value: 0)
[+] IV (8 bytes):
           0  1  2  3  4  5  6  7  8  9  A  B  C  D  E  F  0123456789ABCDEF
02199439  c4 24 48 ac ba fb 5c cb                          .$H...\.
[+] Input data (first 24 bytes):
           0  1  2  3  4  5  6  7  8  9  A  B  C  D  E  F  0123456789ABCDEF
02198022  e4 bc 1e 5b f2 c8 ff b1 c8 f3 df d0 19 91 64 45  ...[..........dE
02198032  35 60 0e 43 60 eb 39 d7                          5`.C`.9.
[+] Output data after DECRYPT (first 24 bytes):
           0  1  2  3  4  5  6  7  8  9  A  B  C  D  E  F  0123456789ABCDEF
02197820  98 08 08 01 10 b9 b9 1a 18 01 20 c0 b9 d5 e0 01  .......... .....
02197830  54 51 53 65 72 76 65 72                          TQServer
[>] Decrypt wrapper called — context: 0x171afe9c

[+] ======= BF_cfb64_encrypt call #592 =======
[+] Mode: DECRYPT
[+] Length: 2 bytes
[+] BF_KEY ptr: 0x219946c
[+] IV ptr: 0x2199439
[+] num ptr: 0x2199430 (value: 0)
[+] IV (8 bytes):
           0  1  2  3  4  5  6  7  8  9  A  B  C  D  E  F  0123456789ABCDEF
02199439  35 60 0e 43 60 eb 39 d7                          5`.C`.9.
[+] Input data (first 2 bytes):
           0  1  2  3  4  5  6  7  8  9  A  B  C  D  E  F  0123456789ABCDEF
171afe9c  d1 f0                                            ..
[+] Output data after DECRYPT (first 2 bytes):
           0  1  2  3  4  5  6  7  8  9  A  B  C  D  E  F  0123456789ABCDEF
02197820  12 00                                            ..
[>] Decrypt wrapper called — context: 0x2198022

[+] ======= BF_cfb64_encrypt call #593 =======
[+] Mode: DECRYPT
[+] Length: 24 bytes
[+] BF_KEY ptr: 0x219946c
[+] IV ptr: 0x2199439
[+] num ptr: 0x2199430 (value: 2)
[+] IV (8 bytes):
           0  1  2  3  4  5  6  7  8  9  A  B  C  D  E  F  0123456789ABCDEF
02199439  d1 f0 e6 9c 07 14 11 7c                          .......|
[+] Input data (first 24 bytes):
           0  1  2  3  4  5  6  7  8  9  A  B  C  D  E  F  0123456789ABCDEF
02198022  7e 94 0f 10 01 aa 8a 53 ac f9 55 f7 55 fb 49 d8  ~......S..U.U.I.
02198032  53 8d fa 9a 0b fb 5f e9                          S....._.
[+] Output data after DECRYPT (first 24 bytes):
           0  1  2  3  4  5  6  7  8  9  A  B  C  D  E  F  0123456789ABCDEF
02197820  98 08 08 04 10 d6 b9 1a 18 01 20 c0 b9 d5 e0 01  .......... .....
02197830  54 51 53 65 72 76 65 72                          TQServer
[>] Decrypt wrapper called — context: 0x171afe9c

[+] ======= BF_cfb64_encrypt call #594 =======
[+] Mode: DECRYPT
[+] Length: 2 bytes
[+] BF_KEY ptr: 0x219946c
[+] IV ptr: 0x2199439
[+] num ptr: 0x2199430 (value: 2)
[+] IV (8 bytes):
           0  1  2  3  4  5  6  7  8  9  A  B  C  D  E  F  0123456789ABCDEF
02199439  5f e9 70 03 3d e7 f0 3b                          _.p.=..;
[+] Input data (first 2 bytes):
           0  1  2  3  4  5  6  7  8  9  A  B  C  D  E  F  0123456789ABCDEF
171afe9c  62 03                                            b.
[+] Output data after DECRYPT (first 2 bytes):
           0  1  2  3  4  5  6  7  8  9  A  B  C  D  E  F  0123456789ABCDEF
02197820  12 00                                            ..
[>] Decrypt wrapper called — context: 0x2198022

[+] ======= BF_cfb64_encrypt call #595 =======
[+] Mode: DECRYPT
[+] Length: 24 bytes
[+] BF_KEY ptr: 0x219946c
[+] IV ptr: 0x2199439
[+] num ptr: 0x2199430 (value: 4)
[+] IV (8 bytes):
           0  1  2  3  4  5  6  7  8  9  A  B  C  D  E  F  0123456789ABCDEF
02199439  5f e9 62 03 3d e7 f0 3b                          _.b.=..;
[+] Input data (first 24 bytes):
           0  1  2  3  4  5  6  7  8  9  A  B  C  D  E  F  0123456789ABCDEF
02198022  a5 ef f8 3a a5 30 55 7a c6 d0 f7 e9 1d 93 30 82  ...:.0Uz......0.
02198032  a6 3f 1b 52 ab bd cb 43                          .?.R...C
[+] Output data after DECRYPT (first 24 bytes):
           0  1  2  3  4  5  6  7  8  9  A  B  C  D  E  F  0123456789ABCDEF
02197820  98 08 08 01 10 d8 b9 1a 18 01 20 c0 b9 d5 e0 01  .......... .....
02197830  54 51 53 65 72 76 65 72                          TQServer
[>] Decrypt wrapper called — context: 0x171afe9c

[+] ======= BF_cfb64_encrypt call #596 =======
[+] Mode: DECRYPT
[+] Length: 2 bytes
[+] BF_KEY ptr: 0x219946c
[+] IV ptr: 0x2199439
[+] num ptr: 0x2199430 (value: 4)
[+] IV (8 bytes):
           0  1  2  3  4  5  6  7  8  9  A  B  C  D  E  F  0123456789ABCDEF
02199439  ab bd cb 43 15 47 11 20                          ...C.G. 
[+] Input data (first 2 bytes):
           0  1  2  3  4  5  6  7  8  9  A  B  C  D  E  F  0123456789ABCDEF
171afe9c  07 47                                            .G
[+] Output data after DECRYPT (first 2 bytes):
           0  1  2  3  4  5  6  7  8  9  A  B  C  D  E  F  0123456789ABCDEF
02197820  12 00                                            ..
[>] Decrypt wrapper called — context: 0x2198022

[+] ======= BF_cfb64_encrypt call #597 =======
[+] Mode: DECRYPT
[+] Length: 24 bytes
[+] BF_KEY ptr: 0x219946c
[+] IV ptr: 0x2199439
[+] num ptr: 0x2199430 (value: 6)
[+] IV (8 bytes):
           0  1  2  3  4  5  6  7  8  9  A  B  C  D  E  F  0123456789ABCDEF
02199439  ab bd cb 43 07 47 11 20                          ...C.G. 
[+] Input data (first 24 bytes):
           0  1  2  3  4  5  6  7  8  9  A  B  C  D  E  F  0123456789ABCDEF
02198022  89 28 7a e3 6a 5c c5 e2 c0 c3 76 3d c4 44 c1 7f  .(z.j\....v=.D..
02198032  4e 2d 03 3b 56 1f 46 bd                          N-.;V.F.
[+] Output data after DECRYPT (first 24 bytes):
           0  1  2  3  4  5  6  7  8  9  A  B  C  D  E  F  0123456789ABCDEF
02197820  98 08 08 03 10 ed b9 1a 18 01 20 c0 b9 d5 e0 01  .......... .....
02197830  54 51 53 65 72 76 65 72                          TQServer
[>] Decrypt wrapper called — context: 0x171afe9c

[+] ======= BF_cfb64_encrypt call #598 =======
[+] Mode: DECRYPT
[+] Length: 2 bytes
[+] BF_KEY ptr: 0x219946c
[+] IV ptr: 0x2199439
[+] num ptr: 0x2199430 (value: 6)
[+] IV (8 bytes):
           0  1  2  3  4  5  6  7  8  9  A  B  C  D  E  F  0123456789ABCDEF
02199439  03 3b 56 1f 46 bd 06 16                          .;V.F...
[+] Input data (first 2 bytes):
           0  1  2  3  4  5  6  7  8  9  A  B  C  D  E  F  0123456789ABCDEF
171afe9c  15 16                                            ..
[+] Output data after DECRYPT (first 2 bytes):
           0  1  2  3  4  5  6  7  8  9  A  B  C  D  E  F  0123456789ABCDEF
02197820  13 00                                            ..
[>] Decrypt wrapper called — context: 0x2198022

[+] ======= BF_cfb64_encrypt call #599 =======
[+] Mode: DECRYPT
[+] Length: 25 bytes
[+] BF_KEY ptr: 0x219946c
[+] IV ptr: 0x2199439
[+] num ptr: 0x2199430 (value: 0)
[+] IV (8 bytes):
           0  1  2  3  4  5  6  7  8  9  A  B  C  D  E  F  0123456789ABCDEF
02199439  03 3b 56 1f 46 bd 15 16                          .;V.F...
[+] Input data (first 25 bytes):
           0  1  2  3  4  5  6  7  8  9  A  B  C  D  E  F  0123456789ABCDEF
02198022  79 15 21 99 ea e3 b1 13 8f 99 3a 71 b7 66 d1 66  y.!.......:q.f.f
02198032  c5 00 e2 08 6b df a2 75 6f                       ....k..uo
[+] Output data after DECRYPT (first 25 bytes):
           0  1  2  3  4  5  6  7  8  9  A  B  C  D  E  F  0123456789ABCDEF
02197820  98 08 08 76 10 fa eb ac 02 18 01 20 df b9 d5 e0  ...v....... ....
02197830  01 54 51 53 65 72 76 65 72                       .TQServer
[>] Encrypt wrapper called — context: 0x2198820

[+] ======= BF_cfb64_encrypt call #600 =======
[+] Mode: ENCRYPT
[+] Length: 34 bytes
[+] BF_KEY ptr: 0x219946c
[+] IV ptr: 0x2199441
[+] num ptr: 0x2199434 (value: 5)
[+] IV (8 bytes):
           0  1  2  3  4  5  6  7  8  9  A  B  C  D  E  F  0123456789ABCDEF
02199441  58 eb 04 0c 72 f0 60 de                          X...r.`.
[+] Input data (first 34 bytes):
           0  1  2  3  4  5  6  7  8  9  A  B  C  D  E  F  0123456789ABCDEF
02198820  22 00 38 08 08 ea f6 9d a3 04 20 fa eb ac 02 28  ".8....... ....(
02198830  e2 ca 93 f6 07 38 b4 93 02 40 b2 40 68 02 78 cf  .....8...@.@h.x.
02198840  f3 03                                            ..
[+] Output data after ENCRYPT (first 34 bytes):
           0  1  2  3  4  5  6  7  8  9  A  B  C  D  E  F  0123456789ABCDEF
02197820  d2 60 e6 87 26 27 4f 82 23 b1 23 40 58 8e ba ff  .`..&'O.#.#@X...
02197830  21 bb b5 fa c2 53 52 a8 e7 d0 bc e8 1f 94 31 e9  !....SR.......1.
02197840  e1 12                                            ..
[>] Encrypt wrapper called — context: 0x16f83f8

[+] ======= BF_cfb64_encrypt call #601 =======
[+] Mode: ENCRYPT
[+] Length: 8 bytes
[+] BF_KEY ptr: 0x219946c
[+] IV ptr: 0x2199441
[+] num ptr: 0x2199434 (value: 7)
[+] IV (8 bytes):
           0  1  2  3  4  5  6  7  8  9  A  B  C  D  E  F  0123456789ABCDEF
02199441  e8 1f 94 31 e9 e1 12 37                          ...1...7
[+] Input data (first 8 bytes):
           0  1  2  3  4  5  6  7  8  9  A  B  C  D  E  F  0123456789ABCDEF
016f83f8  54 51 43 6c 69 65 6e 74                          TQClient
[+] Output data after ENCRYPT (first 8 bytes):
           0  1  2  3  4  5  6  7  8  9  A  B  C  D  E  F  0123456789ABCDEF
02197820  63 63 07 96 82 c3 c2 8b                          cc......
[>] Decrypt wrapper called — context: 0x171afe9c

[+] ======= BF_cfb64_encrypt call #602 =======
[+] Mode: DECRYPT
[+] Length: 2 bytes
[+] BF_KEY ptr: 0x219946c
[+] IV ptr: 0x2199439
[+] num ptr: 0x2199430 (value: 1)
[+] IV (8 bytes):
           0  1  2  3  4  5  6  7  8  9  A  B  C  D  E  F  0123456789ABCDEF
02199439  6f 4c 1f 7f f0 1e e1 82                          oL......
[+] Input data (first 2 bytes):
           0  1  2  3  4  5  6  7  8  9  A  B  C  D  E  F  0123456789ABCDEF
171afe9c  5f 1f                                            _.
[+] Output data after DECRYPT (first 2 bytes):
           0  1  2  3  4  5  6  7  8  9  A  B  C  D  E  F  0123456789ABCDEF
02197820  13 00                                            ..
[>] Decrypt wrapper called — context: 0x2198022

[+] ======= BF_cfb64_encrypt call #603 =======
[+] Mode: DECRYPT
[+] Length: 25 bytes
[+] BF_KEY ptr: 0x219946c
[+] IV ptr: 0x2199439
[+] num ptr: 0x2199430 (value: 3)
[+] IV (8 bytes):
           0  1  2  3  4  5  6  7  8  9  A  B  C  D  E  F  0123456789ABCDEF
02199439  6f 5f 1f 7f f0 1e e1 82                          o_......
[+] Input data (first 25 bytes):
           0  1  2  3  4  5  6  7  8  9  A  B  C  D  E  F  0123456789ABCDEF
02198022  e7 f8 16 ff 92 44 af b7 f2 48 65 77 a7 59 a8 a2  .....D...Hew.Y..
02198032  f6 56 22 e8 05 24 57 1b 76                       .V"..$W.v
[+] Output data after DECRYPT (first 25 bytes):
           0  1  2  3  4  5  6  7  8  9  A  B  C  D  E  F  0123456789ABCDEF
02197820  98 08 08 1e 10 fa eb ac 02 18 01 20 9a bb d5 e0  ........... ....
02197830  01 54 51 53 65 72 76 65 72                       .TQServer
[>] Decrypt wrapper called — context: 0x171afe9c

[+] ======= BF_cfb64_encrypt call #604 =======
[+] Mode: DECRYPT
[+] Length: 2 bytes
[+] BF_KEY ptr: 0x219946c
[+] IV ptr: 0x2199439
[+] num ptr: 0x2199430 (value: 4)
[+] IV (8 bytes):
           0  1  2  3  4  5  6  7  8  9  A  B  C  D  E  F  0123456789ABCDEF
02199439  24 57 1b 76 11 e5 d4 d6                          $W.v....
[+] Input data (first 2 bytes):
           0  1  2  3  4  5  6  7  8  9  A  B  C  D  E  F  0123456789ABCDEF
171afe9c  39 e5                                            9.
[+] Output data after DECRYPT (first 2 bytes):
           0  1  2  3  4  5  6  7  8  9  A  B  C  D  E  F  0123456789ABCDEF
02197820  28 00                                            (.
[>] Decrypt wrapper called — context: 0x2198022

[+] ======= BF_cfb64_encrypt call #605 =======
[+] Mode: DECRYPT
[+] Length: 46 bytes
[+] BF_KEY ptr: 0x219946c
[+] IV ptr: 0x2199439
[+] num ptr: 0x2199430 (value: 6)
[+] IV (8 bytes):
           0  1  2  3  4  5  6  7  8  9  A  B  C  D  E  F  0123456789ABCDEF
02199439  24 57 1b 76 39 e5 d4 d6                          $W.v9...
[+] Input data (first 46 bytes):
           0  1  2  3  4  5  6  7  8  9  A  B  C  D  E  F  0123456789ABCDEF
02198022  ec de 43 da 0f b3 22 70 be 92 3c 79 8e ec 41 20  ..C..."p..<y..A 
02198032  34 08 b9 c9 f9 81 ce 9a 7b 4b db 77 8f d2 16 25  4.......{K.w...%
02198042  da c4 ac 39 fc 5b 20 3e 1a ce dd e5 c6 cb        ...9.[ >......
[+] Output data after DECRYPT (first 46 bytes):
           0  1  2  3  4  5  6  7  8  9  A  B  C  D  E  F  0123456789ABCDEF
02197820  38 08 18 02 20 b9 b9 1a 28 fa eb ac 02 38 c3 04  8... ...(....8..
02197830  40 d3 02 68 02 78 00 a8 01 00 c0 01 00 c8 01 00  @..h.x..........
02197840  d0 01 00 d8 01 00 54 51 53 65 72 76 65 72        ......TQServer
[>] Decrypt wrapper called — context: 0x171afe9c

[+] ======= BF_cfb64_encrypt call #606 =======
[+] Mode: DECRYPT
[+] Length: 2 bytes
[+] BF_KEY ptr: 0x219946c
[+] IV ptr: 0x2199439
[+] num ptr: 0x2199430 (value: 4)
[+] IV (8 bytes):
           0  1  2  3  4  5  6  7  8  9  A  B  C  D  E  F  0123456789ABCDEF
02199439  dd e5 c6 cb 1a 75 31 c8                          .....u1.
[+] Input data (first 2 bytes):
           0  1  2  3  4  5  6  7  8  9  A  B  C  D  E  F  0123456789ABCDEF
171afe9c  32 75                                            2u
[+] Output data after DECRYPT (first 2 bytes):
           0  1  2  3  4  5  6  7  8  9  A  B  C  D  E  F  0123456789ABCDEF
02197820  28 00                                            (.
[>] Decrypt wrapper called — context: 0x2198022

[+] ======= BF_cfb64_encrypt call #607 =======
[+] Mode: DECRYPT
[+] Length: 46 bytes
[+] BF_KEY ptr: 0x219946c
[+] IV ptr: 0x2199439
[+] num ptr: 0x2199430 (value: 6)
[+] IV (8 bytes):
           0  1  2  3  4  5  6  7  8  9  A  B  C  D  E  F  0123456789ABCDEF
02199439  dd e5 c6 cb 32 75 31 c8                          ....2u1.
[+] Input data (first 46 bytes):
           0  1  2  3  4  5  6  7  8  9  A  B  C  D  E  F  0123456789ABCDEF
02198022  09 c0 0f 34 a3 ee 72 76 ba 46 1d 97 93 04 37 00  ...4..rv.F....7.
02198032  2c b6 a1 d3 39 9e 30 63 de 3b 07 c8 9a 84 bc c8  ,...9.0c.;......
02198042  80 0a 18 0b 09 ff 1a 59 0f 93 a3 9f d5 0e        .......Y......
[+] Output data after DECRYPT (first 46 bytes):
           0  1  2  3  4  5  6  7  8  9  A  B  C  D  E  F  0123456789ABCDEF
02197820  38 08 18 02 20 d8 b9 1a 28 fa eb ac 02 38 c3 04  8... ...(....8..
02197830  40 d4 02 68 02 78 00 a8 01 00 c0 01 00 c8 01 00  @..h.x..........
02197840  d0 01 00 d8 01 00 54 51 53 65 72 76 65 72        ......TQServer
[>] Decrypt wrapper called — context: 0x171afe9c

[+] ======= BF_cfb64_encrypt call #608 =======
[+] Mode: DECRYPT
[+] Length: 2 bytes
[+] BF_KEY ptr: 0x219946c
[+] IV ptr: 0x2199439
[+] num ptr: 0x2199430 (value: 4)
[+] IV (8 bytes):
           0  1  2  3  4  5  6  7  8  9  A  B  C  D  E  F  0123456789ABCDEF
02199439  a3 9f d5 0e ce e7 9e 32                          .......2
[+] Input data (first 2 bytes):
           0  1  2  3  4  5  6  7  8  9  A  B  C  D  E  F  0123456789ABCDEF
171afe9c  de e7                                            ..
[+] Output data after DECRYPT (first 2 bytes):
           0  1  2  3  4  5  6  7  8  9  A  B  C  D  E  F  0123456789ABCDEF
02197820  10 00                                            ..
[>] Decrypt wrapper called — context: 0x2198022

[+] ======= BF_cfb64_encrypt call #609 =======
[+] Mode: DECRYPT
[+] Length: 22 bytes
[+] BF_KEY ptr: 0x219946c
[+] IV ptr: 0x2199439
[+] num ptr: 0x2199430 (value: 6)
[+] IV (8 bytes):
           0  1  2  3  4  5  6  7  8  9  A  B  C  D  E  F  0123456789ABCDEF
02199439  a3 9f d5 0e de e7 9e 32                          .......2
[+] Input data (first 22 bytes):
           0  1  2  3  4  5  6  7  8  9  A  B  C  D  E  F  0123456789ABCDEF
02198022  7c 3a ac 54 64 14 35 13 89 67 98 09 7b 72 f9 a0  |:.Td.5..g..{r..
02198032  45 62 fe 0e 1a 95                                Eb....
[+] Output data after DECRYPT (first 22 bytes):
           0  1  2  3  4  5  6  7  8  9  A  B  C  D  E  F  0123456789ABCDEF
02197820  e2 08 08 e0 1b 10 a0 93 04 18 b1 04 20 00 54 51  ............ .TQ
02197830  53 65 72 76 65 72                                Server
[>] Decrypt wrapper called — context: 0x171afe9c

[+] ======= BF_cfb64_encrypt call #610 =======
[+] Mode: DECRYPT
[+] Length: 2 bytes
[+] BF_KEY ptr: 0x219946c
[+] IV ptr: 0x2199439
[+] num ptr: 0x2199430 (value: 4)
[+] IV (8 bytes):
           0  1  2  3  4  5  6  7  8  9  A  B  C  D  E  F  0123456789ABCDEF
02199439  fe 0e 1a 95 c5 0f 74 11                          ......t.
[+] Input data (first 2 bytes):
           0  1  2  3  4  5  6  7  8  9  A  B  C  D  E  F  0123456789ABCDEF
171afe9c  ef 0f                                            ..
[+] Output data after DECRYPT (first 2 bytes):
           0  1  2  3  4  5  6  7  8  9  A  B  C  D  E  F  0123456789ABCDEF
02197820  2a 00                                            *.
[>] Decrypt wrapper called — context: 0x2198022

[+] ======= BF_cfb64_encrypt call #611 =======
[+] Mode: DECRYPT
[+] Length: 48 bytes
[+] BF_KEY ptr: 0x219946c
[+] IV ptr: 0x2199439
[+] num ptr: 0x2199430 (value: 6)
[+] IV (8 bytes):
           0  1  2  3  4  5  6  7  8  9  A  B  C  D  E  F  0123456789ABCDEF
02199439  fe 0e 1a 95 ef 0f 74 11                          ......t.
[+] Input data (first 48 bytes):
           0  1  2  3  4  5  6  7  8  9  A  B  C  D  E  F  0123456789ABCDEF
02198022  4c 19 88 6a 0b 9d 22 f4 75 e2 52 14 04 c1 b4 b2  L..j..".u.R.....
02198032  cc 2d b4 d8 9e 91 16 a9 8e 11 9f c3 01 a1 8c 23  .-.............#
02198042  43 9f 2f 23 5b 35 90 be ff ee 24 4d f1 0b 45 f3  C./#[5....$M..E.
[+] Output data after DECRYPT (first 48 bytes):
           0  1  2  3  4  5  6  7  8  9  A  B  C  D  E  F  0123456789ABCDEF
02197820  38 08 18 00 20 fa eb ac 02 28 d8 b9 1a 38 c3 04  8... ....(...8..
02197830  40 d3 02 68 02 78 8a 01 a8 01 00 c0 01 00 c8 01  @..h.x..........
02197840  00 d0 01 c4 63 d8 01 00 54 51 53 65 72 76 65 72  ....c...TQServer
[>] Decrypt wrapper called — context: 0x171afe9c

[+] ======= BF_cfb64_encrypt call #612 =======
[+] Mode: DECRYPT
[+] Length: 2 bytes
[+] BF_KEY ptr: 0x219946c
[+] IV ptr: 0x2199439
[+] num ptr: 0x2199430 (value: 6)
[+] IV (8 bytes):
           0  1  2  3  4  5  6  7  8  9  A  B  C  D  E  F  0123456789ABCDEF
02199439  24 4d f1 0b 45 f3 d3 03                          $M..E...
[+] Input data (first 2 bytes):
           0  1  2  3  4  5  6  7  8  9  A  B  C  D  E  F  0123456789ABCDEF
171afe9c  c9 03                                            ..
[+] Output data after DECRYPT (first 2 bytes):
           0  1  2  3  4  5  6  7  8  9  A  B  C  D  E  F  0123456789ABCDEF
02197820  1a 00                                            ..
[>] Decrypt wrapper called — context: 0x2198022

[+] ======= BF_cfb64_encrypt call #613 =======
[+] Mode: DECRYPT
[+] Length: 32 bytes
[+] BF_KEY ptr: 0x219946c
[+] IV ptr: 0x2199439
[+] num ptr: 0x2199430 (value: 0)
[+] IV (8 bytes):
           0  1  2  3  4  5  6  7  8  9  A  B  C  D  E  F  0123456789ABCDEF
02199439  24 4d f1 0b 45 f3 c9 03                          $M..E...
[+] Input data (first 32 bytes):
           0  1  2  3  4  5  6  7  8  9  A  B  C  D  E  F  0123456789ABCDEF
02198022  dc ef 7d 44 8f f8 ae d0 c4 ae 47 b7 69 dc ee 41  ..}D......G.i..A
02198032  29 44 a1 27 88 b6 c2 42 04 c2 b5 a6 40 51 fa 85  )D.'...B....@Q..
[+] Output data after DECRYPT (first 32 bytes):
           0  1  2  3  4  5  6  7  8  9  A  B  C  D  E  F  0123456789ABCDEF
02197820  fe 07 08 fa eb ac 02 12 08 08 ff ff ff ff 0f 10  ................
02197830  00 12 05 08 05 10 ea 06 54 51 53 65 72 76 65 72  ........TQServer
[>] Decrypt wrapper called — context: 0x171afe9c

[+] ======= BF_cfb64_encrypt call #614 =======
[+] Mode: DECRYPT
[+] Length: 2 bytes
[+] BF_KEY ptr: 0x219946c
[+] IV ptr: 0x2199439
[+] num ptr: 0x2199430 (value: 0)
[+] IV (8 bytes):
           0  1  2  3  4  5  6  7  8  9  A  B  C  D  E  F  0123456789ABCDEF
02199439  04 c2 b5 a6 40 51 fa 85                          ....@Q..
[+] Input data (first 2 bytes):
           0  1  2  3  4  5  6  7  8  9  A  B  C  D  E  F  0123456789ABCDEF
171afe9c  52 79                                            Ry
[+] Output data after DECRYPT (first 2 bytes):
           0  1  2  3  4  5  6  7  8  9  A  B  C  D  E  F  0123456789ABCDEF
02197820  24 00                                            $.
[>] Decrypt wrapper called — context: 0x2198022

[+] ======= BF_cfb64_encrypt call #615 =======
[+] Mode: DECRYPT
[+] Length: 42 bytes
[+] BF_KEY ptr: 0x219946c
[+] IV ptr: 0x2199439
[+] num ptr: 0x2199430 (value: 2)
[+] IV (8 bytes):
           0  1  2  3  4  5  6  7  8  9  A  B  C  D  E  F  0123456789ABCDEF
02199439  52 79 1c e0 0a d9 2d 24                          Ry....-$
[+] Input data (first 42 bytes):
           0  1  2  3  4  5  6  7  8  9  A  B  C  D  E  F  0123456789ABCDEF
02198022  24 e8 2a 23 c6 88 15 e0 b9 a1 c8 8b 70 42 72 d2  $.*#........pBr.
02198032  9c 02 b6 d9 fb 35 8b 31 6a ea 7f e6 c0 2a ae b7  .....5.1j....*..
02198042  0d e5 f5 28 a3 98 fb 6e af c3                    ...(...n..
[+] Output data after DECRYPT (first 42 bytes):
           0  1  2  3  4  5  6  7  8  9  A  B  C  D  E  F  0123456789ABCDEF
02197820  38 08 20 fa eb ac 02 28 d8 b9 1a 38 c3 04 40 d4  8. ....(...8..@.
02197830  02 68 0e 88 01 01 90 01 00 a8 01 00 c8 01 00 d0  .h..............
02197840  01 00 54 51 53 65 72 76 65 72                    ..TQServer
[>] Decrypt wrapper called — context: 0x171afe9c

[+] ======= BF_cfb64_encrypt call #616 =======
[+] Mode: DECRYPT
[+] Length: 2 bytes
[+] BF_KEY ptr: 0x219946c
[+] IV ptr: 0x2199439
[+] num ptr: 0x2199430 (value: 4)
[+] IV (8 bytes):
           0  1  2  3  4  5  6  7  8  9  A  B  C  D  E  F  0123456789ABCDEF
02199439  fb 6e af c3 b3 df 49 97                          .n....I.
[+] Input data (first 2 bytes):
           0  1  2  3  4  5  6  7  8  9  A  B  C  D  E  F  0123456789ABCDEF
171afe9c  83 df                                            ..
[+] Output data after DECRYPT (first 2 bytes):
           0  1  2  3  4  5  6  7  8  9  A  B  C  D  E  F  0123456789ABCDEF
02197820  30 00                                            0.
[>] Decrypt wrapper called — context: 0x2198022

[+] ======= BF_cfb64_encrypt call #617 =======
[+] Mode: DECRYPT
[+] Length: 54 bytes
[+] BF_KEY ptr: 0x219946c
[+] IV ptr: 0x2199439
[+] num ptr: 0x2199430 (value: 6)
[+] IV (8 bytes):
           0  1  2  3  4  5  6  7  8  9  A  B  C  D  E  F  0123456789ABCDEF
02199439  fb 6e af c3 83 df 49 97                          .n....I.
[+] Input data (first 54 bytes):
           0  1  2  3  4  5  6  7  8  9  A  B  C  D  E  F  0123456789ABCDEF
02198022  b7 90 a4 0a 90 81 3a 02 e5 1f cd c7 c7 5d 69 85  ......:......]i.
02198032  a7 3d b8 7d 7d 0c d9 d3 f5 4f a9 f7 35 85 6d 78  .=.}}....O..5.mx
02198042  41 b9 c3 57 32 cb 61 15 c2 aa 26 bd 71 a8 e2 d7  A..W2.a...&.q...
02198052  95 40 0e 9c 39 58                                .@..9X
[+] Output data after DECRYPT (first 54 bytes):
           0  1  2  3  4  5  6  7  8  9  A  B  C  D  E  F  0123456789ABCDEF
02197820  fe 07 08 d8 b9 1a 12 26 08 19 18 20 18 00 18 00  .......&... ....
02197830  18 00 18 00 18 00 18 00 18 00 18 00 18 00 18 00  ................
02197840  18 00 18 00 18 00 18 00 18 00 18 00 18 00 54 51  ..............TQ
02197850  53 65 72 76 65 72                                Server
[>] Decrypt wrapper called — context: 0x171afe9c

[+] ======= BF_cfb64_encrypt call #618 =======
[+] Mode: DECRYPT
[+] Length: 2 bytes
[+] BF_KEY ptr: 0x219946c
[+] IV ptr: 0x2199439
[+] num ptr: 0x2199430 (value: 4)
[+] IV (8 bytes):
           0  1  2  3  4  5  6  7  8  9  A  B  C  D  E  F  0123456789ABCDEF
02199439  0e 9c 39 58 62 66 13 15                          ..9Xbf..
[+] Input data (first 2 bytes):
           0  1  2  3  4  5  6  7  8  9  A  B  C  D  E  F  0123456789ABCDEF
171afe9c  31 66                                            1f
[+] Output data after DECRYPT (first 2 bytes):
           0  1  2  3  4  5  6  7  8  9  A  B  C  D  E  F  0123456789ABCDEF
02197820  53 00                                            S.
[>] Decrypt wrapper called — context: 0x2198022

[+] ======= BF_cfb64_encrypt call #619 =======
[+] Mode: DECRYPT
[+] Length: 89 bytes
[+] BF_KEY ptr: 0x219946c
[+] IV ptr: 0x2199439
[+] num ptr: 0x2199430 (value: 6)
[+] IV (8 bytes):
           0  1  2  3  4  5  6  7  8  9  A  B  C  D  E  F  0123456789ABCDEF
02199439  0e 9c 39 58 31 66 13 15                          ..9X1f..
[+] Input data (first 64 bytes):
           0  1  2  3  4  5  6  7  8  9  A  B  C  D  E  F  0123456789ABCDEF
02198022  2a 1c 2e 34 f8 74 6c 43 7d a5 a3 4a d7 a1 9f 3e  *..4.tlC}..J...>
02198032  f8 b4 f8 a1 4d 46 62 f6 b2 c3 98 0b 47 b6 6e 16  ....MFb.....G.n.
02198042  bf 99 ae fd 82 90 c9 89 76 ca 9e c0 ce 27 73 b6  ........v....'s.
02198052  3b c1 c2 94 ae ab d2 07 01 da b4 54 a6 00 7e cc  ;..........T..~.
[+] Output data after DECRYPT (first 64 bytes):
           0  1  2  3  4  5  6  7  8  9  A  B  C  D  E  F  0123456789ABCDEF
02197820  39 09 08 ff ff ff 07 10 d5 0f 18 00 20 b1 09 30  9........... ..0
02197830  00 38 00 40 01 48 00 50 00 5a 00 72 06 53 59 53  .8.@.H.P.Z.r.SYS
02197840  54 45 4d 72 08 41 4c 4c 55 53 45 52 53 72 00 72  TEMr.ALLUSERSr.r
02197850  20 53 54 52 5f 41 57 41 52 44 5f 50 52 4f 46 31   STR_AWARD_PROF1
[>] Decrypt wrapper called — context: 0x171afe9c

[+] ======= BF_cfb64_encrypt call #620 =======
[+] Mode: DECRYPT
[+] Length: 2 bytes
[+] BF_KEY ptr: 0x219946c
[+] IV ptr: 0x2199439
[+] num ptr: 0x2199430 (value: 7)
[+] IV (8 bytes):
           0  1  2  3  4  5  6  7  8  9  A  B  C  D  E  F  0123456789ABCDEF
02199439  57 03 f7 a9 a4 2d 7b f2                          W....-{.
[+] Input data (first 2 bytes):
           0  1  2  3  4  5  6  7  8  9  A  B  C  D  E  F  0123456789ABCDEF
171afe9c  e0 85                                            ..
[+] Output data after DECRYPT (first 2 bytes):
           0  1  2  3  4  5  6  7  8  9  A  B  C  D  E  F  0123456789ABCDEF
02197820  12 00                                            ..
[>] Decrypt wrapper called — context: 0x2198022

[+] ======= BF_cfb64_encrypt call #621 =======
[+] Mode: DECRYPT
[+] Length: 24 bytes
[+] BF_KEY ptr: 0x219946c
[+] IV ptr: 0x2199439
[+] num ptr: 0x2199430 (value: 1)
[+] IV (8 bytes):
           0  1  2  3  4  5  6  7  8  9  A  B  C  D  E  F  0123456789ABCDEF
02199439  85 7f 82 e0 ce 75 0b d5                          .....u..
[+] Input data (first 24 bytes):
           0  1  2  3  4  5  6  7  8  9  A  B  C  D  E  F  0123456789ABCDEF
02198022  e7 8a e8 cc 65 96 62 3b f0 89 c9 cd 29 24 5a 1d  ....e.b;....)$Z.
02198032  3a 8e 90 89 64 33 d9 a4                          :...d3..
[+] Output data after DECRYPT (first 24 bytes):
           0  1  2  3  4  5  6  7  8  9  A  B  C  D  E  F  0123456789ABCDEF
02197820  98 08 08 02 10 9d b7 1a 18 01 20 a6 be d5 e0 01  .......... .....
02197830  54 51 53 65 72 76 65 72                          TQServer
[>] Decrypt wrapper called — context: 0x171afe9c

[+] ======= BF_cfb64_encrypt call #622 =======
[+] Mode: DECRYPT
[+] Length: 2 bytes
[+] BF_KEY ptr: 0x219946c
[+] IV ptr: 0x2199439
[+] num ptr: 0x2199430 (value: 1)
[+] IV (8 bytes):
           0  1  2  3  4  5  6  7  8  9  A  B  C  D  E  F  0123456789ABCDEF
02199439  a4 87 37 9d 22 ac 77 d4                          ..7.".w.
[+] Input data (first 2 bytes):
           0  1  2  3  4  5  6  7  8  9  A  B  C  D  E  F  0123456789ABCDEF
171afe9c  95 37                                            .7
[+] Output data after DECRYPT (first 2 bytes):
           0  1  2  3  4  5  6  7  8  9  A  B  C  D  E  F  0123456789ABCDEF
02197820  12 00                                            ..
[>] Decrypt wrapper called — context: 0x2198022

[+] ======= BF_cfb64_encrypt call #623 =======
[+] Mode: DECRYPT
[+] Length: 24 bytes
[+] BF_KEY ptr: 0x219946c
[+] IV ptr: 0x2199439
[+] num ptr: 0x2199430 (value: 3)
[+] IV (8 bytes):
           0  1  2  3  4  5  6  7  8  9  A  B  C  D  E  F  0123456789ABCDEF
02199439  a4 95 37 9d 22 ac 77 d4                          ..7.".w.
[+] Input data (first 24 bytes):
           0  1  2  3  4  5  6  7  8  9  A  B  C  D  E  F  0123456789ABCDEF
02198022  05 2a a4 73 c4 ee d7 08 7c 7e e1 4a 98 86 8c c8  .*.s....|~.J....
02198032  d0 b3 4d c5 3b 23 b3 f7                          ..M.;#..
[+] Output data after DECRYPT (first 24 bytes):
           0  1  2  3  4  5  6  7  8  9  A  B  C  D  E  F  0123456789ABCDEF
02197820  98 08 08 04 10 b0 b7 1a 18 01 20 a6 be d5 e0 01  .......... .....
02197830  54 51 53 65 72 76 65 72                          TQServer
[>] Decrypt wrapper called — context: 0x171afe9c

[+] ======= BF_cfb64_encrypt call #624 =======
[+] Mode: DECRYPT
[+] Length: 2 bytes
[+] BF_KEY ptr: 0x219946c
[+] IV ptr: 0x2199439
[+] num ptr: 0x2199430 (value: 3)
[+] IV (8 bytes):
           0  1  2  3  4  5  6  7  8  9  A  B  C  D  E  F  0123456789ABCDEF
02199439  23 b3 f7 ab cd bd 73 3b                          #.....s;
[+] Input data (first 2 bytes):
           0  1  2  3  4  5  6  7  8  9  A  B  C  D  E  F  0123456789ABCDEF
171afe9c  b9 cd                                            ..
[+] Output data after DECRYPT (first 2 bytes):
           0  1  2  3  4  5  6  7  8  9  A  B  C  D  E  F  0123456789ABCDEF
02197820  12 00                                            ..
[>] Decrypt wrapper called — context: 0x2198022

[+] ======= BF_cfb64_encrypt call #625 =======
[+] Mode: DECRYPT
[+] Length: 24 bytes
[+] BF_KEY ptr: 0x219946c
[+] IV ptr: 0x2199439
[+] num ptr: 0x2199430 (value: 5)
[+] IV (8 bytes):
           0  1  2  3  4  5  6  7  8  9  A  B  C  D  E  F  0123456789ABCDEF
02199439  23 b3 f7 b9 cd bd 73 3b                          #.....s;
[+] Input data (first 24 bytes):
           0  1  2  3  4  5  6  7  8  9  A  B  C  D  E  F  0123456789ABCDEF
02198022  25 7b 33 3f ed ec 81 31 aa 20 49 ba 9a 27 ca e0  %{3?...1. I..'..
02198032  7b 30 f2 7d e4 a8 48 74                          {0.}..Ht
[+] Output data after DECRYPT (first 24 bytes):
           0  1  2  3  4  5  6  7  8  9  A  B  C  D  E  F  0123456789ABCDEF
02197820  98 08 08 03 10 d8 b8 1a 18 01 20 a6 be d5 e0 01  .......... .....
02197830  54 51 53 65 72 76 65 72                          TQServer
[>] Decrypt wrapper called — context: 0x171afe9c

[+] ======= BF_cfb64_encrypt call #626 =======
[+] Mode: DECRYPT
[+] Length: 2 bytes
[+] BF_KEY ptr: 0x219946c
[+] IV ptr: 0x2199439
[+] num ptr: 0x2199430 (value: 5)
[+] IV (8 bytes):
           0  1  2  3  4  5  6  7  8  9  A  B  C  D  E  F  0123456789ABCDEF
02199439  7d e4 a8 48 74 80 0b 38                          }..Ht..8
[+] Input data (first 2 bytes):
           0  1  2  3  4  5  6  7  8  9  A  B  C  D  E  F  0123456789ABCDEF
171afe9c  92 0b                                            ..
[+] Output data after DECRYPT (first 2 bytes):
           0  1  2  3  4  5  6  7  8  9  A  B  C  D  E  F  0123456789ABCDEF
02197820  12 00                                            ..
[>] Decrypt wrapper called — context: 0x2198022

[+] ======= BF_cfb64_encrypt call #627 =======
[+] Mode: DECRYPT
[+] Length: 24 bytes
[+] BF_KEY ptr: 0x219946c
[+] IV ptr: 0x2199439
[+] num ptr: 0x2199430 (value: 7)
[+] IV (8 bytes):
           0  1  2  3  4  5  6  7  8  9  A  B  C  D  E  F  0123456789ABCDEF
02199439  7d e4 a8 48 74 92 0b 38                          }..Ht..8
[+] Input data (first 24 bytes):
           0  1  2  3  4  5  6  7  8  9  A  B  C  D  E  F  0123456789ABCDEF
02198022  a0 ab 34 a1 e3 b7 32 56 fc 4d 0c cc 27 f5 8a 45  ..4...2V.M..'..E
02198032  15 b0 bc f6 0e 78 9a 8f                          .....x..
[+] Output data after DECRYPT (first 24 bytes):
           0  1  2  3  4  5  6  7  8  9  A  B  C  D  E  F  0123456789ABCDEF
02197820  98 08 08 03 10 98 b9 1a 18 01 20 a6 be d5 e0 01  .......... .....
02197830  54 51 53 65 72 76 65 72                          TQServer
[>] Decrypt wrapper called — context: 0x171afe9c

[+] ======= BF_cfb64_encrypt call #628 =======
[+] Mode: DECRYPT
[+] Length: 2 bytes
[+] BF_KEY ptr: 0x219946c
[+] IV ptr: 0x2199439
[+] num ptr: 0x2199430 (value: 7)
[+] IV (8 bytes):
           0  1  2  3  4  5  6  7  8  9  A  B  C  D  E  F  0123456789ABCDEF
02199439  b0 bc f6 0e 78 9a 8f 74                          ....x..t
[+] Input data (first 2 bytes):
           0  1  2  3  4  5  6  7  8  9  A  B  C  D  E  F  0123456789ABCDEF
171afe9c  66 94                                            f.
[+] Output data after DECRYPT (first 2 bytes):
           0  1  2  3  4  5  6  7  8  9  A  B  C  D  E  F  0123456789ABCDEF
02197820  12 00                                            ..
[>] Decrypt wrapper called — context: 0x2198022

[+] ======= BF_cfb64_encrypt call #629 =======
[+] Mode: DECRYPT
[+] Length: 24 bytes
[+] BF_KEY ptr: 0x219946c
[+] IV ptr: 0x2199439
[+] num ptr: 0x2199430 (value: 1)
[+] IV (8 bytes):
           0  1  2  3  4  5  6  7  8  9  A  B  C  D  E  F  0123456789ABCDEF
02199439  94 dd 60 ab 9c e3 57 d1                          ..`...W.
[+] Input data (first 24 bytes):
           0  1  2  3  4  5  6  7  8  9  A  B  C  D  E  F  0123456789ABCDEF
02198022  45 68 a3 98 f3 81 68 9b 0a a9 cc c4 c7 05 50 9e  Eh....h.......P.
02198032  1d 4c 6a 3e 2d 40 0d 8b                          .Lj>-@..
[+] Output data after DECRYPT (first 24 bytes):
           0  1  2  3  4  5  6  7  8  9  A  B  C  D  E  F  0123456789ABCDEF
02197820  98 08 08 04 10 d6 b9 1a 18 01 20 a6 be d5 e0 01  .......... .....
02197830  54 51 53 65 72 76 65 72                          TQServer
[>] Decrypt wrapper called — context: 0x171afe9c

[+] ======= BF_cfb64_encrypt call #630 =======
[+] Mode: DECRYPT
[+] Length: 2 bytes
[+] BF_KEY ptr: 0x219946c
[+] IV ptr: 0x2199439
[+] num ptr: 0x2199430 (value: 1)
[+] IV (8 bytes):
           0  1  2  3  4  5  6  7  8  9  A  B  C  D  E  F  0123456789ABCDEF
02199439  8b 8f 72 95 83 ed 72 fd                          ..r...r.
[+] Input data (first 2 bytes):
           0  1  2  3  4  5  6  7  8  9  A  B  C  D  E  F  0123456789ABCDEF
171afe9c  9d 72                                            .r
[+] Output data after DECRYPT (first 2 bytes):
           0  1  2  3  4  5  6  7  8  9  A  B  C  D  E  F  0123456789ABCDEF
02197820  12 00                                            ..
[>] Decrypt wrapper called — context: 0x2198022

[+] ======= BF_cfb64_encrypt call #631 =======
[+] Mode: DECRYPT
[+] Length: 24 bytes
[+] BF_KEY ptr: 0x219946c
[+] IV ptr: 0x2199439
[+] num ptr: 0x2199430 (value: 3)
[+] IV (8 bytes):
           0  1  2  3  4  5  6  7  8  9  A  B  C  D  E  F  0123456789ABCDEF
02199439  8b 9d 72 95 83 ed 72 fd                          ..r...r.
[+] Input data (first 24 bytes):
           0  1  2  3  4  5  6  7  8  9  A  B  C  D  E  F  0123456789ABCDEF
02198022  0d 8b e5 71 ed 6f 92 7e 04 37 23 24 a2 4a 45 69  ...q.o.~.7#$.JEi
02198032  ac a1 88 c2 fd 71 1b 32                          .....q.2
[+] Output data after DECRYPT (first 24 bytes):
           0  1  2  3  4  5  6  7  8  9  A  B  C  D  E  F  0123456789ABCDEF
02197820  98 08 08 03 10 ed b9 1a 18 01 20 a6 be d5 e0 01  .......... .....
02197830  54 51 53 65 72 76 65 72                          TQServer
[>] Decrypt wrapper called — context: 0x171afe9c

[+] ======= BF_cfb64_encrypt call #632 =======
[+] Mode: DECRYPT
[+] Length: 2 bytes
[+] BF_KEY ptr: 0x219946c
[+] IV ptr: 0x2199439
[+] num ptr: 0x2199430 (value: 3)
[+] IV (8 bytes):
           0  1  2  3  4  5  6  7  8  9  A  B  C  D  E  F  0123456789ABCDEF
02199439  71 1b 32 f4 66 04 34 eb                          q.2.f.4.
[+] Input data (first 2 bytes):
           0  1  2  3  4  5  6  7  8  9  A  B  C  D  E  F  0123456789ABCDEF
171afe9c  e6 66                                            .f
[+] Output data after DECRYPT (first 2 bytes):
           0  1  2  3  4  5  6  7  8  9  A  B  C  D  E  F  0123456789ABCDEF
02197820  12 00                                            ..
[>] Decrypt wrapper called — context: 0x2198022

[+] ======= BF_cfb64_encrypt call #633 =======
[+] Mode: DECRYPT
[+] Length: 24 bytes
[+] BF_KEY ptr: 0x219946c
[+] IV ptr: 0x2199439
[+] num ptr: 0x2199430 (value: 5)
[+] IV (8 bytes):
           0  1  2  3  4  5  6  7  8  9  A  B  C  D  E  F  0123456789ABCDEF
02199439  71 1b 32 e6 66 04 34 eb                          q.2.f.4.
[+] Input data (first 24 bytes):
           0  1  2  3  4  5  6  7  8  9  A  B  C  D  E  F  0123456789ABCDEF
02198022  9c 3c e3 11 f4 b7 ca cb 86 75 fd bb 7a a4 9a e8  .<.......u..z...
02198032  59 ee 41 9a f1 aa ca 9b                          Y.A.....
[+] Output data after DECRYPT (first 24 bytes):
           0  1  2  3  4  5  6  7  8  9  A  B  C  D  E  F  0123456789ABCDEF
02197820  98 08 08 06 10 d6 b9 1a 18 01 20 ee c2 d5 e0 01  .......... .....
02197830  54 51 53 65 72 76 65 72                          TQServer
[>] Encrypt wrapper called — context: 0x2198820

[+] ======= BF_cfb64_encrypt call #634 =======
[+] Mode: ENCRYPT
[+] Length: 22 bytes
[+] BF_KEY ptr: 0x219946c
[+] IV ptr: 0x2199441
[+] num ptr: 0x2199434 (value: 7)
[+] IV (8 bytes):
           0  1  2  3  4  5  6  7  8  9  A  B  C  D  E  F  0123456789ABCDEF
02199441  63 07 96 82 c3 c2 8b 8f                          c.......
[+] Input data (first 22 bytes):
           0  1  2  3  4  5  6  7  8  9  A  B  C  D  E  F  0123456789ABCDEF
02198820  16 00 98 08 08 70 10 fa eb ac 02 18 01 20 b5 ff  .....p....... ..
02198830  9d a3 04 28 ea 07                                ...(..
[+] Output data after ENCRYPT (first 22 bytes):
           0  1  2  3  4  5  6  7  8  9  A  B  C  D  E  F  0123456789ABCDEF
02197820  99 6b 1d c3 7f 17 1a 17 6c 89 b5 b5 ab b6 bb bc  .k......l.......
02197830  9c c8 94 78 1d 0c                                ...x..
[>] Encrypt wrapper called — context: 0x16f83f8

[+] ======= BF_cfb64_encrypt call #635 =======
[+] Mode: ENCRYPT
[+] Length: 8 bytes
[+] BF_KEY ptr: 0x219946c
[+] IV ptr: 0x2199441
[+] num ptr: 0x2199434 (value: 5)
[+] IV (8 bytes):
           0  1  2  3  4  5  6  7  8  9  A  B  C  D  E  F  0123456789ABCDEF
02199441  c8 94 78 1d 0c 61 52 9a                          ..x..aR.
[+] Input data (first 8 bytes):
           0  1  2  3  4  5  6  7  8  9  A  B  C  D  E  F  0123456789ABCDEF
016f83f8  54 51 43 6c 69 65 6e 74                          TQClient
[+] Output data after ENCRYPT (first 8 bytes):
           0  1  2  3  4  5  6  7  8  9  A  B  C  D  E  F  0123456789ABCDEF
02197820  35 03 d9 25 f8 33 38 11                          5..%.38.
[>] Decrypt wrapper called — context: 0x171afe9c

[+] ======= BF_cfb64_encrypt call #636 =======
[+] Mode: DECRYPT
[+] Length: 2 bytes
[+] BF_KEY ptr: 0x219946c
[+] IV ptr: 0x2199439
[+] num ptr: 0x2199430 (value: 5)
[+] IV (8 bytes):
           0  1  2  3  4  5  6  7  8  9  A  B  C  D  E  F  0123456789ABCDEF
02199439  9a f1 aa ca 9b ff dc 15                          ........
[+] Input data (first 2 bytes):
           0  1  2  3  4  5  6  7  8  9  A  B  C  D  E  F  0123456789ABCDEF
171afe9c  d7 dc                                            ..
[+] Output data after DECRYPT (first 2 bytes):
           0  1  2  3  4  5  6  7  8  9  A  B  C  D  E  F  0123456789ABCDEF
02197820  28 00                                            (.
[>] Decrypt wrapper called — context: 0x2198022

[+] ======= BF_cfb64_encrypt call #637 =======
[+] Mode: DECRYPT
[+] Length: 46 bytes
[+] BF_KEY ptr: 0x219946c
[+] IV ptr: 0x2199439
[+] num ptr: 0x2199430 (value: 7)
[+] IV (8 bytes):
           0  1  2  3  4  5  6  7  8  9  A  B  C  D  E  F  0123456789ABCDEF
02199439  9a f1 aa ca 9b d7 dc 15                          ........
[+] Input data (first 46 bytes):
           0  1  2  3  4  5  6  7  8  9  A  B  C  D  E  F  0123456789ABCDEF
02198022  2d 61 22 46 a3 07 53 c8 47 0e 1a 9d 6b 6c 38 fc  -a"F..S.G...kl8.
02198032  db ca a2 6f da 7d f6 b4 fb 48 26 eb e3 f2 47 e6  ...o.}...H&...G.
02198042  d0 e3 40 06 5d 5e 40 f1 3a a7 6d 7a 96 76        ..@.]^@.:.mz.v
[+] Output data after DECRYPT (first 46 bytes):
           0  1  2  3  4  5  6  7  8  9  A  B  C  D  E  F  0123456789ABCDEF
02197820  38 08 18 02 20 9d b7 1a 28 fa eb ac 02 38 c4 04  8... ...(....8..
02197830  40 d3 02 68 02 78 00 a8 01 00 c0 01 00 c8 01 00  @..h.x..........
02197840  d0 01 00 d8 01 00 54 51 53 65 72 76 65 72        ......TQServer
[>] Decrypt wrapper called — context: 0x171afe9c

[+] ======= BF_cfb64_encrypt call #638 =======
[+] Mode: DECRYPT
[+] Length: 2 bytes
[+] BF_KEY ptr: 0x219946c
[+] IV ptr: 0x2199439
[+] num ptr: 0x2199430 (value: 5)
[+] IV (8 bytes):
           0  1  2  3  4  5  6  7  8  9  A  B  C  D  E  F  0123456789ABCDEF
02199439  a7 6d 7a 96 76 78 73 8f                          .mz.vxs.
[+] Input data (first 2 bytes):
           0  1  2  3  4  5  6  7  8  9  A  B  C  D  E  F  0123456789ABCDEF
171afe9c  62 73                                            bs
[+] Output data after DECRYPT (first 2 bytes):
           0  1  2  3  4  5  6  7  8  9  A  B  C  D  E  F  0123456789ABCDEF
02197820  1a 00                                            ..
[>] Decrypt wrapper called — context: 0x2198022

[+] ======= BF_cfb64_encrypt call #639 =======
[+] Mode: DECRYPT
[+] Length: 32 bytes
[+] BF_KEY ptr: 0x219946c
[+] IV ptr: 0x2199439
[+] num ptr: 0x2199430 (value: 7)
[+] IV (8 bytes):
           0  1  2  3  4  5  6  7  8  9  A  B  C  D  E  F  0123456789ABCDEF
02199439  a7 6d 7a 96 76 62 73 8f                          .mz.vbs.
[+] Input data (first 32 bytes):
           0  1  2  3  4  5  6  7  8  9  A  B  C  D  E  F  0123456789ABCDEF
02198022  71 34 88 fa 43 db 0d 58 ee 0a 7f fe 02 25 12 6e  q4..C..X.....%.n
02198032  06 dd 29 88 64 4f 34 05 38 cf 2b f4 bd 34 1c 60  ..).dO4.8.+..4.`
[+] Output data after DECRYPT (first 32 bytes):
           0  1  2  3  4  5  6  7  8  9  A  B  C  D  E  F  0123456789ABCDEF
02197820  fe 07 08 fa eb ac 02 12 08 08 ff ff ff ff 0f 10  ................
02197830  00 12 05 08 00 10 97 02 54 51 53 65 72 76 65 72  ........TQServer
[>] Decrypt wrapper called — context: 0x171afe9c

[+] ======= BF_cfb64_encrypt call #640 =======
[+] Mode: DECRYPT
[+] Length: 2 bytes
[+] BF_KEY ptr: 0x219946c
[+] IV ptr: 0x2199439
[+] num ptr: 0x2199430 (value: 7)
[+] IV (8 bytes):
           0  1  2  3  4  5  6  7  8  9  A  B  C  D  E  F  0123456789ABCDEF
02199439  cf 2b f4 bd 34 1c 60 a4                          .+..4.`.
[+] Input data (first 2 bytes):
           0  1  2  3  4  5  6  7  8  9  A  B  C  D  E  F  0123456789ABCDEF
171afe9c  8c 13                                            ..
[+] Output data after DECRYPT (first 2 bytes):
           0  1  2  3  4  5  6  7  8  9  A  B  C  D  E  F  0123456789ABCDEF
02197820  28 00                                            (.
[>] Decrypt wrapper called — context: 0x2198022

[+] ======= BF_cfb64_encrypt call #641 =======
[+] Mode: DECRYPT
[+] Length: 46 bytes
[+] BF_KEY ptr: 0x219946c
[+] IV ptr: 0x2199439
[+] num ptr: 0x2199430 (value: 1)
[+] IV (8 bytes):
           0  1  2  3  4  5  6  7  8  9  A  B  C  D  E  F  0123456789ABCDEF
02199439  13 53 8d 69 51 1a 72 d4                          .S.iQ.r.
[+] Input data (first 46 bytes):
           0  1  2  3  4  5  6  7  8  9  A  B  C  D  E  F  0123456789ABCDEF
02198022  6b 85 71 51 3a c2 63 6c ba 54 0c c7 1b 11 a4 22  k.qQ:.cl.T....."
02198032  a5 d0 68 e6 8f 8d 18 28 49 b7 31 e2 83 95 bb 3e  ..h....(I.1....>
02198042  5c 4c de 14 d8 3a 68 b8 64 f1 1d 69 55 93        \L...:h.d..iU.
[+] Output data after DECRYPT (first 46 bytes):
           0  1  2  3  4  5  6  7  8  9  A  B  C  D  E  F  0123456789ABCDEF
02197820  38 08 18 00 20 b0 b7 1a 28 fa eb ac 02 38 c4 04  8... ...(....8..
02197830  40 d4 02 68 02 78 01 a8 01 00 c0 01 00 c8 01 00  @..h.x..........
02197840  d0 01 00 d8 01 00 54 51 53 65 72 76 65 72        ......TQServer
[>] Encrypt wrapper called — context: 0x2198820

[+] ======= BF_cfb64_encrypt call #642 =======
[+] Mode: ENCRYPT
[+] Length: 34 bytes
[+] BF_KEY ptr: 0x219946c
[+] IV ptr: 0x2199441
[+] num ptr: 0x2199434 (value: 5)
[+] IV (8 bytes):
           0  1  2  3  4  5  6  7  8  9  A  B  C  D  E  F  0123456789ABCDEF
02199441  25 f8 33 38 11 5d 78 3a                          %.38.]x:
[+] Input data (first 34 bytes):
           0  1  2  3  4  5  6  7  8  9  A  B  C  D  E  F  0123456789ABCDEF
02198820  22 00 38 08 08 ff 80 9e a3 04 20 fa eb ac 02 28  ".8....... ....(
02198830  e2 8a a5 f6 07 38 b4 93 02 40 b2 70 68 02 78 cf  .....8...@.ph.x.
02198840  f3 03                                            ..
[+] Output data after ENCRYPT (first 34 bytes):
           0  1  2  3  4  5  6  7  8  9  A  B  C  D  E  F  0123456789ABCDEF
02197820  7f 78 02 0e 58 91 02 85 6e b7 e4 80 29 44 ae 02  .x..X...n...)D..
02197830  8e 58 ab a9 06 29 4e cc e6 e5 ae 3e f7 9b 61 bc  .X...)N....>..a.
02197840  a9 dc                                            ..
[>] Encrypt wrapper called — context: 0x16f83f8

[+] ======= BF_cfb64_encrypt call #643 =======
[+] Mode: ENCRYPT
[+] Length: 8 bytes
[+] BF_KEY ptr: 0x219946c
[+] IV ptr: 0x2199441
[+] num ptr: 0x2199434 (value: 7)
[+] IV (8 bytes):
           0  1  2  3  4  5  6  7  8  9  A  B  C  D  E  F  0123456789ABCDEF
02199441  3e f7 9b 61 bc a9 dc 07                          >..a....
[+] Input data (first 8 bytes):
           0  1  2  3  4  5  6  7  8  9  A  B  C  D  E  F  0123456789ABCDEF
016f83f8  54 51 43 6c 69 65 6e 74                          TQClient
[+] Output data after ENCRYPT (first 8 bytes):
           0  1  2  3  4  5  6  7  8  9  A  B  C  D  E  F  0123456789ABCDEF
02197820  53 89 31 c3 00 fb a5 c0                          S.1.....
[>] Decrypt wrapper called — context: 0x171afe9c

[+] ======= BF_cfb64_encrypt call #644 =======
[+] Mode: DECRYPT
[+] Length: 2 bytes
[+] BF_KEY ptr: 0x219946c
[+] IV ptr: 0x2199439
[+] num ptr: 0x2199430 (value: 7)
[+] IV (8 bytes):
           0  1  2  3  4  5  6  7  8  9  A  B  C  D  E  F  0123456789ABCDEF
02199439  b8 64 f1 1d 69 55 93 6b                          .d..iU.k
[+] Input data (first 2 bytes):
           0  1  2  3  4  5  6  7  8  9  A  B  C  D  E  F  0123456789ABCDEF
171afe9c  78 83                                            x.
[+] Output data after DECRYPT (first 2 bytes):
           0  1  2  3  4  5  6  7  8  9  A  B  C  D  E  F  0123456789ABCDEF
02197820  13 00                                            ..
[>] Decrypt wrapper called — context: 0x2198022

[+] ======= BF_cfb64_encrypt call #645 =======
[+] Mode: DECRYPT
[+] Length: 25 bytes
[+] BF_KEY ptr: 0x219946c
[+] IV ptr: 0x2199439
[+] num ptr: 0x2199430 (value: 1)
[+] IV (8 bytes):
           0  1  2  3  4  5  6  7  8  9  A  B  C  D  E  F  0123456789ABCDEF
02199439  83 8d 84 b3 f5 9b 60 a4                          ......`.
[+] Input data (first 25 bytes):
           0  1  2  3  4  5  6  7  8  9  A  B  C  D  E  F  0123456789ABCDEF
02198022  15 8c bb 85 8b 9a 4f 42 24 9b a3 df df f3 2b 21  ......OB$.....+!
02198032  31 84 3e a5 00 82 1b de 05                       1.>......
[+] Output data after DECRYPT (first 25 bytes):
           0  1  2  3  4  5  6  7  8  9  A  B  C  D  E  F  0123456789ABCDEF
02197820  98 08 08 70 10 fa eb ac 02 18 01 20 a6 c5 d5 e0  ...p....... ....
02197830  01 54 51 53 65 72 76 65 72                       .TQServer
[>] Decrypt wrapper called — context: 0x171afe9c

[+] ======= BF_cfb64_encrypt call #646 =======
[+] Mode: DECRYPT
[+] Length: 2 bytes
[+] BF_KEY ptr: 0x219946c
[+] IV ptr: 0x2199439
[+] num ptr: 0x2199430 (value: 2)
[+] IV (8 bytes):
           0  1  2  3  4  5  6  7  8  9  A  B  C  D  E  F  0123456789ABCDEF
02199439  de 05 d6 dc c8 14 53 b6                          ......S.
[+] Input data (first 2 bytes):
           0  1  2  3  4  5  6  7  8  9  A  B  C  D  E  F  0123456789ABCDEF
171afe9c  c6 dc                                            ..
[+] Output data after DECRYPT (first 2 bytes):
           0  1  2  3  4  5  6  7  8  9  A  B  C  D  E  F  0123456789ABCDEF
02197820  10 00                                            ..
[>] Decrypt wrapper called — context: 0x2198022

[+] ======= BF_cfb64_encrypt call #647 =======
[+] Mode: DECRYPT
[+] Length: 22 bytes
[+] BF_KEY ptr: 0x219946c
[+] IV ptr: 0x2199439
[+] num ptr: 0x2199430 (value: 4)
[+] IV (8 bytes):
           0  1  2  3  4  5  6  7  8  9  A  B  C  D  E  F  0123456789ABCDEF
02199439  de 05 c6 dc c8 14 53 b6                          ......S.
[+] Input data (first 22 bytes):
           0  1  2  3  4  5  6  7  8  9  A  B  C  D  E  F  0123456789ABCDEF
02198022  2a 1c 5b 37 10 3d 18 db 4c 65 28 f1 6a 2b 81 6b  *.[7.=..Le(.j+.k
02198032  56 00 a1 c5 21 27                                V...!'
[+] Output data after DECRYPT (first 22 bytes):
           0  1  2  3  4  5  6  7  8  9  A  B  C  D  E  F  0123456789ABCDEF
02197820  e2 08 08 81 1c 10 a0 93 04 18 b1 04 20 00 54 51  ............ .TQ
02197830  53 65 72 76 65 72                                Server
[>] Decrypt wrapper called — context: 0x171afe9c

[+] ======= BF_cfb64_encrypt call #648 =======
[+] Mode: DECRYPT
[+] Length: 2 bytes
[+] BF_KEY ptr: 0x219946c
[+] IV ptr: 0x2199439
[+] num ptr: 0x2199430 (value: 2)
[+] IV (8 bytes):
           0  1  2  3  4  5  6  7  8  9  A  B  C  D  E  F  0123456789ABCDEF
02199439  21 27 fb 83 b4 65 e2 67                          !'...e.g
[+] Input data (first 2 bytes):
           0  1  2  3  4  5  6  7  8  9  A  B  C  D  E  F  0123456789ABCDEF
171afe9c  d1 83                                            ..
[+] Output data after DECRYPT (first 2 bytes):
           0  1  2  3  4  5  6  7  8  9  A  B  C  D  E  F  0123456789ABCDEF
02197820  2a 00                                            *.
[>] Decrypt wrapper called — context: 0x2198022

[+] ======= BF_cfb64_encrypt call #649 =======
[+] Mode: DECRYPT
[+] Length: 48 bytes
[+] BF_KEY ptr: 0x219946c
[+] IV ptr: 0x2199439
[+] num ptr: 0x2199430 (value: 4)
[+] IV (8 bytes):
           0  1  2  3  4  5  6  7  8  9  A  B  C  D  E  F  0123456789ABCDEF
02199439  21 27 d1 83 b4 65 e2 67                          !'...e.g
[+] Input data (first 48 bytes):
           0  1  2  3  4  5  6  7  8  9  A  B  C  D  E  F  0123456789ABCDEF
02198022  8c 6d fa 67 42 df f4 ea d5 e4 10 64 c1 c7 4c 12  .m.gB......d..L.
02198032  8e 79 40 b6 db 94 b9 5b db 55 34 da d7 b7 dd 5b  .y@....[.U4....[
02198042  a5 6d 9b 0c 12 ff f7 d0 f7 97 83 0a f6 07 f0 dc  .m..............
[+] Output data after DECRYPT (first 48 bytes):
           0  1  2  3  4  5  6  7  8  9  A  B  C  D  E  F  0123456789ABCDEF
02197820  38 08 18 00 20 fa eb ac 02 28 ed b9 1a 38 c3 04  8... ....(...8..
02197830  40 d4 02 68 02 78 8a 01 a8 01 00 c0 01 00 c8 01  @..h.x..........
02197840  00 d0 01 c4 63 d8 01 00 54 51 53 65 72 76 65 72  ....c...TQServer
[>] Decrypt wrapper called — context: 0x171afe9c

[+] ======= BF_cfb64_encrypt call #650 =======
[+] Mode: DECRYPT
[+] Length: 2 bytes
[+] BF_KEY ptr: 0x219946c
[+] IV ptr: 0x2199439
[+] num ptr: 0x2199430 (value: 4)
[+] IV (8 bytes):
           0  1  2  3  4  5  6  7  8  9  A  B  C  D  E  F  0123456789ABCDEF
02199439  f6 07 f0 dc 11 c2 fb ab                          ........
[+] Input data (first 2 bytes):
           0  1  2  3  4  5  6  7  8  9  A  B  C  D  E  F  0123456789ABCDEF
171afe9c  0b c2                                            ..
[+] Output data after DECRYPT (first 2 bytes):
           0  1  2  3  4  5  6  7  8  9  A  B  C  D  E  F  0123456789ABCDEF
02197820  1a 00                                            ..
[>] Decrypt wrapper called — context: 0x2198022

[+] ======= BF_cfb64_encrypt call #651 =======
[+] Mode: DECRYPT
[+] Length: 32 bytes
[+] BF_KEY ptr: 0x219946c
[+] IV ptr: 0x2199439
[+] num ptr: 0x2199430 (value: 6)
[+] IV (8 bytes):
           0  1  2  3  4  5  6  7  8  9  A  B  C  D  E  F  0123456789ABCDEF
02199439  f6 07 f0 dc 0b c2 fb ab                          ........
[+] Input data (first 32 bytes):
           0  1  2  3  4  5  6  7  8  9  A  B  C  D  E  F  0123456789ABCDEF
02198022  05 ac 41 22 22 dc ca 5f 2a e3 2e c8 99 39 7a aa  ..A"".._*....9z.
02198032  d7 79 19 68 1d 0b 9e d3 18 65 54 57 49 d8 f7 8b  .y.h.....eTWI...
[+] Output data after DECRYPT (first 32 bytes):
           0  1  2  3  4  5  6  7  8  9  A  B  C  D  E  F  0123456789ABCDEF
02197820  fe 07 08 fa eb ac 02 12 08 08 ff ff ff ff 0f 10  ................
02197830  00 12 05 08 05 10 ed 06 54 51 53 65 72 76 65 72  ........TQServer
[>] Decrypt wrapper called — context: 0x171afe9c

[+] ======= BF_cfb64_encrypt call #652 =======
[+] Mode: DECRYPT
[+] Length: 2 bytes
[+] BF_KEY ptr: 0x219946c
[+] IV ptr: 0x2199439
[+] num ptr: 0x2199430 (value: 6)
[+] IV (8 bytes):
           0  1  2  3  4  5  6  7  8  9  A  B  C  D  E  F  0123456789ABCDEF
02199439  54 57 49 d8 f7 8b 0a 48                          TWI....H
[+] Input data (first 2 bytes):
           0  1  2  3  4  5  6  7  8  9  A  B  C  D  E  F  0123456789ABCDEF
171afe9c  2e 48                                            .H
[+] Output data after DECRYPT (first 2 bytes):
           0  1  2  3  4  5  6  7  8  9  A  B  C  D  E  F  0123456789ABCDEF
02197820  24 00                                            $.
[>] Decrypt wrapper called — context: 0x2198022

[+] ======= BF_cfb64_encrypt call #653 =======
[+] Mode: DECRYPT
[+] Length: 42 bytes
[+] BF_KEY ptr: 0x219946c
[+] IV ptr: 0x2199439
[+] num ptr: 0x2199430 (value: 0)
[+] IV (8 bytes):
           0  1  2  3  4  5  6  7  8  9  A  B  C  D  E  F  0123456789ABCDEF
02199439  54 57 49 d8 f7 8b 2e 48                          TWI....H
[+] Input data (first 42 bytes):
           0  1  2  3  4  5  6  7  8  9  A  B  C  D  E  F  0123456789ABCDEF
02198022  92 d6 ce ff 92 77 33 8e 43 a3 44 2f 4f c7 aa d1  .....w3.C.D/O...
02198032  ab b1 cc b6 7d 39 67 65 01 b1 96 c6 0f d6 c8 ab  ....}9ge........
02198042  2b 34 47 ec 49 55 50 40 2e 38                    +4G.IUP@.8
[+] Output data after DECRYPT (first 42 bytes):
           0  1  2  3  4  5  6  7  8  9  A  B  C  D  E  F  0123456789ABCDEF
02197820  38 08 20 fa eb ac 02 28 ed b9 1a 38 c4 04 40 d5  8. ....(...8..@.
02197830  02 68 0e 88 01 01 90 01 00 a8 01 00 c8 01 00 d0  .h..............
02197840  01 00 54 51 53 65 72 76 65 72                    ..TQServer
[>] Decrypt wrapper called — context: 0x171afe9c

[+] ======= BF_cfb64_encrypt call #654 =======
[+] Mode: DECRYPT
[+] Length: 2 bytes
[+] BF_KEY ptr: 0x219946c
[+] IV ptr: 0x2199439
[+] num ptr: 0x2199430 (value: 2)
[+] IV (8 bytes):
           0  1  2  3  4  5  6  7  8  9  A  B  C  D  E  F  0123456789ABCDEF
02199439  2e 38 f0 a0 da d9 8a e8                          .8......
[+] Input data (first 2 bytes):
           0  1  2  3  4  5  6  7  8  9  A  B  C  D  E  F  0123456789ABCDEF
171afe9c  c0 a0                                            ..
[+] Output data after DECRYPT (first 2 bytes):
           0  1  2  3  4  5  6  7  8  9  A  B  C  D  E  F  0123456789ABCDEF
02197820  30 00                                            0.
[>] Decrypt wrapper called — context: 0x2198022

[+] ======= BF_cfb64_encrypt call #655 =======
[+] Mode: DECRYPT
[+] Length: 54 bytes
[+] BF_KEY ptr: 0x219946c
[+] IV ptr: 0x2199439
[+] num ptr: 0x2199430 (value: 4)
[+] IV (8 bytes):
           0  1  2  3  4  5  6  7  8  9  A  B  C  D  E  F  0123456789ABCDEF
02199439  2e 38 c0 a0 da d9 8a e8                          .8......
[+] Input data (first 54 bytes):
           0  1  2  3  4  5  6  7  8  9  A  B  C  D  E  F  0123456789ABCDEF
02198022  24 de 82 05 30 fc 0f 97 a0 cf 68 06 fc ad 67 67  $...0.....h...gg
02198032  58 58 e7 49 67 ed bc 81 b3 be e6 cc 5f 98 ed 26  XX.Ig......._..&
02198042  0a b9 eb 6d dd a6 4f b8 36 9f 2e 90 f7 58 67 f0  ...m..O.6....Xg.
02198052  40 86 b5 34 9b c0                                @..4..
[+] Output data after DECRYPT (first 54 bytes):
           0  1  2  3  4  5  6  7  8  9  A  B  C  D  E  F  0123456789ABCDEF
02197820  fe 07 08 ed b9 1a 12 26 08 19 18 20 18 00 18 00  .......&... ....
02197830  18 00 18 00 18 00 18 00 18 00 18 00 18 00 18 00  ................
02197840  18 00 18 00 18 00 18 00 18 00 18 00 18 00 54 51  ..............TQ
02197850  53 65 72 76 65 72                                Server
[>] Decrypt wrapper called — context: 0x171afe9c

[+] ======= BF_cfb64_encrypt call #656 =======
[+] Mode: DECRYPT
[+] Length: 2 bytes
[+] BF_KEY ptr: 0x219946c
[+] IV ptr: 0x2199439
[+] num ptr: 0x2199430 (value: 2)
[+] IV (8 bytes):
           0  1  2  3  4  5  6  7  8  9  A  B  C  D  E  F  0123456789ABCDEF
02199439  9b c0 64 8a 80 ae 79 1c                          ..d...y.
[+] Input data (first 2 bytes):
           0  1  2  3  4  5  6  7  8  9  A  B  C  D  E  F  0123456789ABCDEF
171afe9c  4c 8a                                            L.
[+] Output data after DECRYPT (first 2 bytes):
           0  1  2  3  4  5  6  7  8  9  A  B  C  D  E  F  0123456789ABCDEF
02197820  28 00                                            (.
[>] Decrypt wrapper called — context: 0x2198022

[+] ======= BF_cfb64_encrypt call #657 =======
[+] Mode: DECRYPT
[+] Length: 46 bytes
[+] BF_KEY ptr: 0x219946c
[+] IV ptr: 0x2199439
[+] num ptr: 0x2199430 (value: 4)
[+] IV (8 bytes):
           0  1  2  3  4  5  6  7  8  9  A  B  C  D  E  F  0123456789ABCDEF
02199439  9b c0 4c 8a 80 ae 79 1c                          ..L...y.
[+] Input data (first 46 bytes):
           0  1  2  3  4  5  6  7  8  9  A  B  C  D  E  F  0123456789ABCDEF
02198022  b8 a6 61 1e 58 ab 28 40 84 7a b8 c0 c1 a2 38 c2  ..a.X.(@.z....8.
02198032  71 d6 84 fd 72 f4 67 9a 80 bb 27 c6 98 60 5d bc  q...r.g...'..`].
02198042  3c 6e d5 2c 67 52 82 f5 61 41 ca 3f 01 a8        <n.,gR..aA.?..
[+] Output data after DECRYPT (first 46 bytes):
           0  1  2  3  4  5  6  7  8  9  A  B  C  D  E  F  0123456789ABCDEF
02197820  38 08 18 02 20 b9 b9 1a 28 fa eb ac 02 38 c3 04  8... ...(....8..
02197830  40 d3 02 68 02 78 00 a8 01 00 c0 01 00 c8 01 00  @..h.x..........
02197840  d0 01 00 d8 01 00 54 51 53 65 72 76 65 72        ......TQServer
[>] Decrypt wrapper called — context: 0x171afe9c

[+] ======= BF_cfb64_encrypt call #658 =======
[+] Mode: DECRYPT
[+] Length: 2 bytes
[+] BF_KEY ptr: 0x219946c
[+] IV ptr: 0x2199439
[+] num ptr: 0x2199430 (value: 2)
[+] IV (8 bytes):
           0  1  2  3  4  5  6  7  8  9  A  B  C  D  E  F  0123456789ABCDEF
02199439  01 a8 e2 9f 51 f5 df 4a                          ....Q..J
[+] Input data (first 2 bytes):
           0  1  2  3  4  5  6  7  8  9  A  B  C  D  E  F  0123456789ABCDEF
171afe9c  ca 9f                                            ..
[+] Output data after DECRYPT (first 2 bytes):
           0  1  2  3  4  5  6  7  8  9  A  B  C  D  E  F  0123456789ABCDEF
02197820  28 00                                            (.
[>] Decrypt wrapper called — context: 0x2198022

[+] ======= BF_cfb64_encrypt call #659 =======
[+] Mode: DECRYPT
[+] Length: 46 bytes
[+] BF_KEY ptr: 0x219946c
[+] IV ptr: 0x2199439
[+] num ptr: 0x2199430 (value: 4)
[+] IV (8 bytes):
           0  1  2  3  4  5  6  7  8  9  A  B  C  D  E  F  0123456789ABCDEF
02199439  01 a8 ca 9f 51 f5 df 4a                          ....Q..J
[+] Input data (first 46 bytes):
           0  1  2  3  4  5  6  7  8  9  A  B  C  D  E  F  0123456789ABCDEF
02198022  69 fd c7 48 3c 2e ec f8 cf fd ef 1e ea 60 8f 56  i..H<........`.V
02198032  96 d1 a7 df b9 90 51 ee eb e8 b6 0e 17 2c e1 f7  ......Q......,..
02198042  f4 6c 6f 3c c4 a8 78 db d1 5e 22 5a 2f 60        .lo<..x..^"Z/`
[+] Output data after DECRYPT (first 46 bytes):
           0  1  2  3  4  5  6  7  8  9  A  B  C  D  E  F  0123456789ABCDEF
02197820  38 08 18 02 20 d6 b9 1a 28 fa eb ac 02 38 c2 04  8... ...(....8..
02197830  40 d3 02 68 02 78 00 a8 01 00 c0 01 00 c8 01 00  @..h.x..........
02197840  d0 01 00 d8 01 00 54 51 53 65 72 76 65 72        ......TQServer
[>] Encrypt wrapper called — context: 0x2198820

[+] ======= BF_cfb64_encrypt call #660 =======
[+] Mode: ENCRYPT
[+] Length: 22 bytes
[+] BF_KEY ptr: 0x219946c
[+] IV ptr: 0x2199441
[+] num ptr: 0x2199434 (value: 7)
[+] IV (8 bytes):
           0  1  2  3  4  5  6  7  8  9  A  B  C  D  E  F  0123456789ABCDEF
02199441  89 31 c3 00 fb a5 c0 a2                          .1......
[+] Input data (first 22 bytes):
           0  1  2  3  4  5  6  7  8  9  A  B  C  D  E  F  0123456789ABCDEF
02198820  16 00 98 08 08 46 10 fa eb ac 02 18 01 20 c6 86  .....F....... ..
02198830  9e a3 04 28 ea 07                                ...(..
[+] Output data after ENCRYPT (first 22 bytes):
           0  1  2  3  4  5  6  7  8  9  A  B  C  D  E  F  0123456789ABCDEF
02197820  b4 ec 40 b4 ae 9f 8f 18 1b b5 06 ae 6a f0 43 af  ..@.........j.C.
02197830  09 1a 1c a2 e9 f1                                ......
[>] Encrypt wrapper called — context: 0x16f83f8

[+] ======= BF_cfb64_encrypt call #661 =======
[+] Mode: ENCRYPT
[+] Length: 8 bytes
[+] BF_KEY ptr: 0x219946c
[+] IV ptr: 0x2199441
[+] num ptr: 0x2199434 (value: 5)
[+] IV (8 bytes):
           0  1  2  3  4  5  6  7  8  9  A  B  C  D  E  F  0123456789ABCDEF
02199441  1a 1c a2 e9 f1 8e 1c 5e                          .......^
[+] Input data (first 8 bytes):
           0  1  2  3  4  5  6  7  8  9  A  B  C  D  E  F  0123456789ABCDEF
016f83f8  54 51 43 6c 69 65 6e 74                          TQClient
[+] Output data after ENCRYPT (first 8 bytes):
           0  1  2  3  4  5  6  7  8  9  A  B  C  D  E  F  0123456789ABCDEF
02197820  da 4d 1d 10 24 29 21 4c                          .M..$)!L
[>] Encrypt wrapper called — context: 0x2198820

[+] ======= BF_cfb64_encrypt call #662 =======
[+] Mode: ENCRYPT
[+] Length: 33 bytes
[+] BF_KEY ptr: 0x219946c
[+] IV ptr: 0x2199441
[+] num ptr: 0x2199434 (value: 5)
[+] IV (8 bytes):
           0  1  2  3  4  5  6  7  8  9  A  B  C  D  E  F  0123456789ABCDEF
02199441  10 24 29 21 4c 29 f0 6e                          .$)!L).n
[+] Input data (first 33 bytes):
           0  1  2  3  4  5  6  7  8  9  A  B  C  D  E  F  0123456789ABCDEF
02198820  21 00 38 08 08 82 88 9e a3 04 20 fa eb ac 02 28  !.8....... ....(
02198830  e2 ca f3 f6 07 38 b5 13 40 b2 70 68 02 78 cf f3  .....8..@.ph.x..
02198840  03                                               .
[+] Output data after ENCRYPT (first 33 bytes):
           0  1  2  3  4  5  6  7  8  9  A  B  C  D  E  F  0123456789ABCDEF
02197820  08 f0 56 dd e2 1d 46 b0 ef 35 b7 6d 98 c3 ba cf  ..V...F..5.m....
02197830  c2 34 75 67 ad 6d 66 58 1d 42 9f 8c 00 f3 58 0e  .4ug.mfX.B....X.
02197840  d5                                               .
[>] Encrypt wrapper called — context: 0x16f83f8

[+] ======= BF_cfb64_encrypt call #663 =======
[+] Mode: ENCRYPT
[+] Length: 8 bytes
[+] BF_KEY ptr: 0x219946c
[+] IV ptr: 0x2199441
[+] num ptr: 0x2199434 (value: 6)
[+] IV (8 bytes):
           0  1  2  3  4  5  6  7  8  9  A  B  C  D  E  F  0123456789ABCDEF
02199441  8c 00 f3 58 0e d5 3c dd                          ...X..<.
[+] Input data (first 8 bytes):
           0  1  2  3  4  5  6  7  8  9  A  B  C  D  E  F  0123456789ABCDEF
016f83f8  54 51 43 6c 69 65 6e 74                          TQClient
[+] Output data after ENCRYPT (first 8 bytes):
           0  1  2  3  4  5  6  7  8  9  A  B  C  D  E  F  0123456789ABCDEF
02197820  68 8c 50 ed 3d fe 79 57                          h.P.=.yW
[>] Decrypt wrapper called — context: 0x171afe9c

[+] ======= BF_cfb64_encrypt call #664 =======
[+] Mode: DECRYPT
[+] Length: 2 bytes
[+] BF_KEY ptr: 0x219946c
[+] IV ptr: 0x2199439
[+] num ptr: 0x2199430 (value: 2)
[+] IV (8 bytes):
           0  1  2  3  4  5  6  7  8  9  A  B  C  D  E  F  0123456789ABCDEF
02199439  2f 60 d7 35 eb 96 fa b5                          /`.5....
[+] Input data (first 2 bytes):
           0  1  2  3  4  5  6  7  8  9  A  B  C  D  E  F  0123456789ABCDEF
171afe9c  c4 35                                            .5
[+] Output data after DECRYPT (first 2 bytes):
           0  1  2  3  4  5  6  7  8  9  A  B  C  D  E  F  0123456789ABCDEF
02197820  13 00                                            ..
[>] Decrypt wrapper called — context: 0x2198022

[+] ======= BF_cfb64_encrypt call #665 =======
[+] Mode: DECRYPT
[+] Length: 25 bytes
[+] BF_KEY ptr: 0x219946c
[+] IV ptr: 0x2199439
[+] num ptr: 0x2199430 (value: 4)
[+] IV (8 bytes):
           0  1  2  3  4  5  6  7  8  9  A  B  C  D  E  F  0123456789ABCDEF
02199439  2f 60 c4 35 eb 96 fa b5                          /`.5....
[+] Input data (first 25 bytes):
           0  1  2  3  4  5  6  7  8  9  A  B  C  D  E  F  0123456789ABCDEF
02198022  73 9e f2 f3 34 04 bb 85 31 cb d8 8a 2e 72 4d cb  s...4...1....rM.
02198032  26 db 34 ef 65 41 11 51 e3                       &.4.eA.Q.
[+] Output data after DECRYPT (first 25 bytes):
           0  1  2  3  4  5  6  7  8  9  A  B  C  D  E  F  0123456789ABCDEF
02197820  98 08 08 46 10 fa eb ac 02 18 01 20 bf cc d5 e0  ...F....... ....
02197830  01 54 51 53 65 72 76 65 72                       .TQServer
[>] Decrypt wrapper called — context: 0x171afe9c

[+] ======= BF_cfb64_encrypt call #666 =======
[+] Mode: DECRYPT
[+] Length: 2 bytes
[+] BF_KEY ptr: 0x219946c
[+] IV ptr: 0x2199439
[+] num ptr: 0x2199430 (value: 5)
[+] IV (8 bytes):
           0  1  2  3  4  5  6  7  8  9  A  B  C  D  E  F  0123456789ABCDEF
02199439  65 41 11 51 e3 ed 6c a7                          eA.Q..l.
[+] Input data (first 2 bytes):
           0  1  2  3  4  5  6  7  8  9  A  B  C  D  E  F  0123456789ABCDEF
171afe9c  73 6c                                            sl
[+] Output data after DECRYPT (first 2 bytes):
           0  1  2  3  4  5  6  7  8  9  A  B  C  D  E  F  0123456789ABCDEF
02197820  9e 00                                            ..
[>] Decrypt wrapper called — context: 0x2198022

[+] ======= BF_cfb64_encrypt call #667 =======
[+] Mode: DECRYPT
[+] Length: 164 bytes
[+] BF_KEY ptr: 0x219946c
[+] IV ptr: 0x2199439
[+] num ptr: 0x2199430 (value: 7)
[+] IV (8 bytes):
           0  1  2  3  4  5  6  7  8  9  A  B  C  D  E  F  0123456789ABCDEF
02199439  65 41 11 51 e3 73 6c a7                          eA.Q.sl.
[+] Input data (first 64 bytes):
           0  1  2  3  4  5  6  7  8  9  A  B  C  D  E  F  0123456789ABCDEF
02198022  53 14 06 d8 92 d7 19 e2 a9 80 03 9c 1d 40 1b 03  S............@..
02198032  11 d5 f0 92 09 64 65 9f 7d ad 44 e3 1b fa 1a 10  .....de.}.D.....
02198042  ad b3 08 d7 a8 6b be 22 ab 7e 8b 8d 7f 99 51 f5  .....k.".~....Q.
02198052  b3 a0 09 15 93 44 d1 18 a9 a7 d7 d9 62 21 02 26  .....D......b!.&
[+] Output data after DECRYPT (first 64 bytes):
           0  1  2  3  4  5  6  7  8  9  A  B  C  D  E  F  0123456789ABCDEF
02197820  f4 08 08 e7 01 10 c3 93 1a 18 00 20 00 28 00 30  ........... .(.0
02197830  00 30 00 30 00 30 00 30 00 30 00 30 00 30 00 30  .0.0.0.0.0.0.0.0
02197840  00 30 00 30 00 30 00 30 00 30 00 30 00 30 00 30  .0.0.0.0.0.0.0.0
02197850  00 30 00 40 00 48 00 50 00 58 00 60 00 78 00 b8  .0.@.H.P.X.`.x..
[>] Decrypt wrapper called — context: 0x171afe9c

[+] ======= BF_cfb64_encrypt call #668 =======
[+] Mode: DECRYPT
[+] Length: 2 bytes
[+] BF_KEY ptr: 0x219946c
[+] IV ptr: 0x2199439
[+] num ptr: 0x2199430 (value: 3)
[+] IV (8 bytes):
           0  1  2  3  4  5  6  7  8  9  A  B  C  D  E  F  0123456789ABCDEF
02199439  0e 5b fd 50 b3 53 a2 04                          .[.P.S..
[+] Input data (first 2 bytes):
           0  1  2  3  4  5  6  7  8  9  A  B  C  D  E  F  0123456789ABCDEF
171afe9c  40 b3                                            @.
[+] Output data after DECRYPT (first 2 bytes):
           0  1  2  3  4  5  6  7  8  9  A  B  C  D  E  F  0123456789ABCDEF
02197820  10 00                                            ..
[>] Decrypt wrapper called — context: 0x2198022

[+] ======= BF_cfb64_encrypt call #669 =======
[+] Mode: DECRYPT
[+] Length: 22 bytes
[+] BF_KEY ptr: 0x219946c
[+] IV ptr: 0x2199439
[+] num ptr: 0x2199430 (value: 5)
[+] IV (8 bytes):
           0  1  2  3  4  5  6  7  8  9  A  B  C  D  E  F  0123456789ABCDEF
02199439  0e 5b fd 40 b3 53 a2 04                          .[.@.S..
[+] Input data (first 22 bytes):
           0  1  2  3  4  5  6  7  8  9  A  B  C  D  E  F  0123456789ABCDEF
02198022  b1 aa 0c 27 0b 4f d1 cb b2 2b f5 64 d2 07 8a 2a  ...'.O...+.d...*
02198032  20 e1 2b 56 af ae                                 .+V..
[+] Output data after DECRYPT (first 22 bytes):
           0  1  2  3  4  5  6  7  8  9  A  B  C  D  E  F  0123456789ABCDEF
02197820  e2 08 08 a2 1c 10 a0 93 04 18 b1 04 20 00 54 51  ............ .TQ
02197830  53 65 72 76 65 72                                Server
[>] Decrypt wrapper called — context: 0x171afe9c

[+] ======= BF_cfb64_encrypt call #670 =======
[+] Mode: DECRYPT
[+] Length: 2 bytes
[+] BF_KEY ptr: 0x219946c
[+] IV ptr: 0x2199439
[+] num ptr: 0x2199430 (value: 3)
[+] IV (8 bytes):
           0  1  2  3  4  5  6  7  8  9  A  B  C  D  E  F  0123456789ABCDEF
02199439  56 af ae 5f 82 c3 9a 7d                          V.._...}
[+] Input data (first 2 bytes):
           0  1  2  3  4  5  6  7  8  9  A  B  C  D  E  F  0123456789ABCDEF
171afe9c  75 82                                            u.
[+] Output data after DECRYPT (first 2 bytes):
           0  1  2  3  4  5  6  7  8  9  A  B  C  D  E  F  0123456789ABCDEF
02197820  2a 00                                            *.
[>] Decrypt wrapper called — context: 0x2198022

[+] ======= BF_cfb64_encrypt call #671 =======
[+] Mode: DECRYPT
[+] Length: 48 bytes
[+] BF_KEY ptr: 0x219946c
[+] IV ptr: 0x2199439
[+] num ptr: 0x2199430 (value: 5)
[+] IV (8 bytes):
           0  1  2  3  4  5  6  7  8  9  A  B  C  D  E  F  0123456789ABCDEF
02199439  56 af ae 75 82 c3 9a 7d                          V..u...}
[+] Input data (first 48 bytes):
           0  1  2  3  4  5  6  7  8  9  A  B  C  D  E  F  0123456789ABCDEF
02198022  fb 92 65 fd 2e e0 1c 5a 89 1b 1c 13 78 6c e8 da  ..e....Z....xl..
02198032  b2 d3 a8 ed ce 97 ee 49 71 85 65 ee c5 e7 b6 d4  .......Iq.e.....
02198042  4d 3c e3 79 11 7a 10 85 c5 28 9b 5a d4 03 0f 67  M<.y.z...(.Z...g
[+] Output data after DECRYPT (first 48 bytes):
           0  1  2  3  4  5  6  7  8  9  A  B  C  D  E  F  0123456789ABCDEF
02197820  38 08 18 00 20 fa eb ac 02 28 98 b9 1a 38 c4 04  8... ....(...8..
02197830  40 d4 02 68 02 78 8a 01 a8 01 00 c0 01 00 c8 01  @..h.x..........
02197840  00 d0 01 c4 63 d8 01 00 54 51 53 65 72 76 65 72  ....c...TQServer
[>] Decrypt wrapper called — context: 0x171afe9c

[+] ======= BF_cfb64_encrypt call #672 =======
[+] Mode: DECRYPT
[+] Length: 2 bytes
[+] BF_KEY ptr: 0x219946c
[+] IV ptr: 0x2199439
[+] num ptr: 0x2199430 (value: 5)
[+] IV (8 bytes):
           0  1  2  3  4  5  6  7  8  9  A  B  C  D  E  F  0123456789ABCDEF
02199439  5a d4 03 0f 67 3c 4f 4b                          Z...g<OK
[+] Input data (first 2 bytes):
           0  1  2  3  4  5  6  7  8  9  A  B  C  D  E  F  0123456789ABCDEF
171afe9c  26 4f                                            &O
[+] Output data after DECRYPT (first 2 bytes):
           0  1  2  3  4  5  6  7  8  9  A  B  C  D  E  F  0123456789ABCDEF
02197820  1a 00                                            ..
[>] Decrypt wrapper called — context: 0x2198022

[+] ======= BF_cfb64_encrypt call #673 =======
[+] Mode: DECRYPT
[+] Length: 32 bytes
[+] BF_KEY ptr: 0x219946c
[+] IV ptr: 0x2199439
[+] num ptr: 0x2199430 (value: 7)
[+] IV (8 bytes):
           0  1  2  3  4  5  6  7  8  9  A  B  C  D  E  F  0123456789ABCDEF
02199439  5a d4 03 0f 67 26 4f 4b                          Z...g&OK
[+] Input data (first 32 bytes):
           0  1  2  3  4  5  6  7  8  9  A  B  C  D  E  F  0123456789ABCDEF
02198022  b5 0e b4 61 75 cb ad 77 19 85 6d c5 e3 89 91 88  ...au..w..m.....
02198032  c0 74 c0 58 9f c4 91 f2 33 55 fb 6e 2b db f9 d7  .t.X....3U.n+...
[+] Output data after DECRYPT (first 32 bytes):
           0  1  2  3  4  5  6  7  8  9  A  B  C  D  E  F  0123456789ABCDEF
02197820  fe 07 08 fa eb ac 02 12 08 08 ff ff ff ff 0f 10  ................
02197830  00 12 05 08 05 10 f0 06 54 51 53 65 72 76 65 72  ........TQServer
[>] Decrypt wrapper called — context: 0x171afe9c

[+] ======= BF_cfb64_encrypt call #674 =======
[+] Mode: DECRYPT
[+] Length: 2 bytes
[+] BF_KEY ptr: 0x219946c
[+] IV ptr: 0x2199439
[+] num ptr: 0x2199430 (value: 7)
[+] IV (8 bytes):
           0  1  2  3  4  5  6  7  8  9  A  B  C  D  E  F  0123456789ABCDEF
02199439  55 fb 6e 2b db f9 d7 e0                          U.n+....
[+] Input data (first 2 bytes):
           0  1  2  3  4  5  6  7  8  9  A  B  C  D  E  F  0123456789ABCDEF
171afe9c  c4 8f                                            ..
[+] Output data after DECRYPT (first 2 bytes):
           0  1  2  3  4  5  6  7  8  9  A  B  C  D  E  F  0123456789ABCDEF
02197820  24 00                                            $.
[>] Decrypt wrapper called — context: 0x2198022

[+] ======= BF_cfb64_encrypt call #675 =======
[+] Mode: DECRYPT
[+] Length: 42 bytes
[+] BF_KEY ptr: 0x219946c
[+] IV ptr: 0x2199439
[+] num ptr: 0x2199430 (value: 1)
[+] IV (8 bytes):
           0  1  2  3  4  5  6  7  8  9  A  B  C  D  E  F  0123456789ABCDEF
02199439  8f 5f 35 5f c9 78 07 63                          ._5_.x.c
[+] Input data (first 42 bytes):
           0  1  2  3  4  5  6  7  8  9  A  B  C  D  E  F  0123456789ABCDEF
02198022  67 3d 7f 33 93 ab 61 1c 4e d7 35 da 2e cd 44 95  g=.3..a.N.5...D.
02198032  3d e9 47 bb d4 d2 3b 0a 96 f1 aa e3 c1 ed 5f fb  =.G...;......._.
02198042  50 16 89 38 4a 8d 14 25 50 1f                    P..8J..%P.
[+] Output data after DECRYPT (first 42 bytes):
           0  1  2  3  4  5  6  7  8  9  A  B  C  D  E  F  0123456789ABCDEF
02197820  38 08 20 fa eb ac 02 28 98 b9 1a 38 c5 04 40 d5  8. ....(...8..@.
02197830  02 68 0e 88 01 01 90 01 00 a8 01 00 c8 01 00 d0  .h..............
02197840  01 00 54 51 53 65 72 76 65 72                    ..TQServer
[>] Decrypt wrapper called — context: 0x171afe9c

[+] ======= BF_cfb64_encrypt call #676 =======
[+] Mode: DECRYPT
[+] Length: 2 bytes
[+] BF_KEY ptr: 0x219946c
[+] IV ptr: 0x2199439
[+] num ptr: 0x2199430 (value: 3)
[+] IV (8 bytes):
           0  1  2  3  4  5  6  7  8  9  A  B  C  D  E  F  0123456789ABCDEF
02199439  25 50 1f 15 ca 7f 97 e7                          %P......
[+] Input data (first 2 bytes):
           0  1  2  3  4  5  6  7  8  9  A  B  C  D  E  F  0123456789ABCDEF
171afe9c  25 ca                                            %.
[+] Output data after DECRYPT (first 2 bytes):
           0  1  2  3  4  5  6  7  8  9  A  B  C  D  E  F  0123456789ABCDEF
02197820  30 00                                            0.
[>] Decrypt wrapper called — context: 0x2198022

[+] ======= BF_cfb64_encrypt call #677 =======
[+] Mode: DECRYPT
[+] Length: 54 bytes
[+] BF_KEY ptr: 0x219946c
[+] IV ptr: 0x2199439
[+] num ptr: 0x2199430 (value: 5)
[+] IV (8 bytes):
           0  1  2  3  4  5  6  7  8  9  A  B  C  D  E  F  0123456789ABCDEF
02199439  25 50 1f 25 ca 7f 97 e7                          %P.%....
[+] Input data (first 54 bytes):
           0  1  2  3  4  5  6  7  8  9  A  B  C  D  E  F  0123456789ABCDEF
02198022  81 90 ef 2d bf b5 5c 82 d4 0b b8 7b 18 93 ce 8b  ...-..\....{....
02198032  8e 03 e4 72 bb e3 08 51 84 cc d7 7b bf af 01 49  ...r...Q...{...I
02198042  eb 96 0d b9 f4 22 25 5f fb 57 46 3f b3 8a 85 10  ....."%_.WF?....
02198052  60 dc 0b 28 39 a4                                `..(9.
[+] Output data after DECRYPT (first 54 bytes):
           0  1  2  3  4  5  6  7  8  9  A  B  C  D  E  F  0123456789ABCDEF
02197820  fe 07 08 98 b9 1a 12 26 08 19 18 20 18 00 18 00  .......&... ....
02197830  18 00 18 00 18 00 18 00 18 00 18 00 18 00 18 00  ................
02197840  18 00 18 00 18 00 18 00 18 00 18 00 18 00 54 51  ..............TQ
02197850  53 65 72 76 65 72                                Server
[>] Decrypt wrapper called — context: 0x171afe9c

[+] ======= BF_cfb64_encrypt call #678 =======
[+] Mode: DECRYPT
[+] Length: 2 bytes
[+] BF_KEY ptr: 0x219946c
[+] IV ptr: 0x2199439
[+] num ptr: 0x2199430 (value: 3)
[+] IV (8 bytes):
           0  1  2  3  4  5  6  7  8  9  A  B  C  D  E  F  0123456789ABCDEF
02199439  28 39 a4 e9 de 76 c6 cc                          (9...v..
[+] Input data (first 2 bytes):
           0  1  2  3  4  5  6  7  8  9  A  B  C  D  E  F  0123456789ABCDEF
171afe9c  f3 de                                            ..
[+] Output data after DECRYPT (first 2 bytes):
           0  1  2  3  4  5  6  7  8  9  A  B  C  D  E  F  0123456789ABCDEF
02197820  1a 00                                            ..
[>] Decrypt wrapper called — context: 0x2198022

[+] ======= BF_cfb64_encrypt call #679 =======
[+] Mode: DECRYPT
[+] Length: 32 bytes
[+] BF_KEY ptr: 0x219946c
[+] IV ptr: 0x2199439
[+] num ptr: 0x2199430 (value: 5)
[+] IV (8 bytes):
           0  1  2  3  4  5  6  7  8  9  A  B  C  D  E  F  0123456789ABCDEF
02199439  28 39 a4 f3 de 76 c6 cc                          (9...v..
[+] Input data (first 32 bytes):
           0  1  2  3  4  5  6  7  8  9  A  B  C  D  E  F  0123456789ABCDEF
02198022  88 c1 c4 aa 5e 3b d0 d4 86 b7 4f e6 15 73 2e 8a  ....^;....O..s..
02198032  09 e5 41 14 ca d9 4b b6 75 44 99 9f fe ae b8 9f  ..A...K.uD......
[+] Output data after DECRYPT (first 32 bytes):
           0  1  2  3  4  5  6  7  8  9  A  B  C  D  E  F  0123456789ABCDEF
02197820  fe 07 08 fa eb ac 02 12 08 08 ff ff ff ff 0f 10  ................
02197830  00 12 05 08 00 10 96 02 54 51 53 65 72 76 65 72  ........TQServer
[>] Decrypt wrapper called — context: 0x171afe9c

[+] ======= BF_cfb64_encrypt call #680 =======
[+] Mode: DECRYPT
[+] Length: 2 bytes
[+] BF_KEY ptr: 0x219946c
[+] IV ptr: 0x2199439
[+] num ptr: 0x2199430 (value: 5)
[+] IV (8 bytes):
           0  1  2  3  4  5  6  7  8  9  A  B  C  D  E  F  0123456789ABCDEF
02199439  9f fe ae b8 9f f7 65 aa                          ......e.
[+] Input data (first 2 bytes):
           0  1  2  3  4  5  6  7  8  9  A  B  C  D  E  F  0123456789ABCDEF
171afe9c  df 65                                            .e
[+] Output data after DECRYPT (first 2 bytes):
           0  1  2  3  4  5  6  7  8  9  A  B  C  D  E  F  0123456789ABCDEF
02197820  28 00                                            (.
[>] Decrypt wrapper called — context: 0x2198022

[+] ======= BF_cfb64_encrypt call #681 =======
[+] Mode: DECRYPT
[+] Length: 46 bytes
[+] BF_KEY ptr: 0x219946c
[+] IV ptr: 0x2199439
[+] num ptr: 0x2199430 (value: 7)
[+] IV (8 bytes):
           0  1  2  3  4  5  6  7  8  9  A  B  C  D  E  F  0123456789ABCDEF
02199439  9f fe ae b8 9f df 65 aa                          ......e.
[+] Input data (first 46 bytes):
           0  1  2  3  4  5  6  7  8  9  A  B  C  D  E  F  0123456789ABCDEF
02198022  92 0f 78 90 84 72 ca 41 84 8b 70 5a 7f dd c9 c4  ..x..r.A..pZ....
02198032  dc 51 75 5d 69 d9 31 ae 9d 04 be 5f 6f f1 53 60  .Qu]i.1...._o.S`
02198042  f3 79 43 0f 49 63 23 79 c5 e4 05 e7 c6 8d        .yC.Ic#y......
[+] Output data after DECRYPT (first 46 bytes):
           0  1  2  3  4  5  6  7  8  9  A  B  C  D  E  F  0123456789ABCDEF
02197820  38 08 18 00 20 9d b7 1a 28 fa eb ac 02 38 c4 04  8... ...(....8..
02197830  40 d3 02 68 02 78 01 a8 01 00 c0 01 00 c8 01 00  @..h.x..........
02197840  d0 01 00 d8 01 00 54 51 53 65 72 76 65 72        ......TQServer
[>] Decrypt wrapper called — context: 0x171afe9c

[+] ======= BF_cfb64_encrypt call #682 =======
[+] Mode: DECRYPT
[+] Length: 2 bytes
[+] BF_KEY ptr: 0x219946c
[+] IV ptr: 0x2199439
[+] num ptr: 0x2199430 (value: 5)
[+] IV (8 bytes):
           0  1  2  3  4  5  6  7  8  9  A  B  C  D  E  F  0123456789ABCDEF
02199439  e4 05 e7 c6 8d 9c 66 96                          ......f.
[+] Input data (first 2 bytes):
           0  1  2  3  4  5  6  7  8  9  A  B  C  D  E  F  0123456789ABCDEF
171afe9c  86 66                                            .f
[+] Output data after DECRYPT (first 2 bytes):
           0  1  2  3  4  5  6  7  8  9  A  B  C  D  E  F  0123456789ABCDEF
02197820  1a 00                                            ..
[>] Decrypt wrapper called — context: 0x2198022

[+] ======= BF_cfb64_encrypt call #683 =======
[+] Mode: DECRYPT
[+] Length: 32 bytes
[+] BF_KEY ptr: 0x219946c
[+] IV ptr: 0x2199439
[+] num ptr: 0x2199430 (value: 7)
[+] IV (8 bytes):
           0  1  2  3  4  5  6  7  8  9  A  B  C  D  E  F  0123456789ABCDEF
02199439  e4 05 e7 c6 8d 86 66 96                          ......f.
[+] Input data (first 32 bytes):
           0  1  2  3  4  5  6  7  8  9  A  B  C  D  E  F  0123456789ABCDEF
02198022  68 97 4e 1a 8d 6c d6 8f 1b d7 6b ec 7b bb a2 31  h.N..l....k.{..1
02198032  09 20 7e 01 92 0d 0d 33 09 9c 33 1a 56 8d d4 57  . ~....3..3.V..W
[+] Output data after DECRYPT (first 32 bytes):
           0  1  2  3  4  5  6  7  8  9  A  B  C  D  E  F  0123456789ABCDEF
02197820  fe 07 08 fa eb ac 02 12 08 08 ff ff ff ff 0f 10  ................
02197830  00 12 05 08 00 10 95 02 54 51 53 65 72 76 65 72  ........TQServer
[>] Decrypt wrapper called — context: 0x171afe9c

[+] ======= BF_cfb64_encrypt call #684 =======
[+] Mode: DECRYPT
[+] Length: 2 bytes
[+] BF_KEY ptr: 0x219946c
[+] IV ptr: 0x2199439
[+] num ptr: 0x2199430 (value: 7)
[+] IV (8 bytes):
           0  1  2  3  4  5  6  7  8  9  A  B  C  D  E  F  0123456789ABCDEF
02199439  9c 33 1a 56 8d d4 57 02                          .3.V..W.
[+] Input data (first 2 bytes):
           0  1  2  3  4  5  6  7  8  9  A  B  C  D  E  F  0123456789ABCDEF
171afe9c  2a 0f                                            *.
[+] Output data after DECRYPT (first 2 bytes):
           0  1  2  3  4  5  6  7  8  9  A  B  C  D  E  F  0123456789ABCDEF
02197820  28 00                                            (.
[>] Decrypt wrapper called — context: 0x2198022

[+] ======= BF_cfb64_encrypt call #685 =======
[+] Mode: DECRYPT
[+] Length: 46 bytes
[+] BF_KEY ptr: 0x219946c
[+] IV ptr: 0x2199439
[+] num ptr: 0x2199430 (value: 1)
[+] IV (8 bytes):
           0  1  2  3  4  5  6  7  8  9  A  B  C  D  E  F  0123456789ABCDEF
02199439  0f 68 4c 8f 56 9d 8c 8c                          .hL.V...
[+] Input data (first 46 bytes):
           0  1  2  3  4  5  6  7  8  9  A  B  C  D  E  F  0123456789ABCDEF
02198022  50 44 97 56 bd 3c 3b 2b 04 26 27 b5 09 3f 40 49  PD.V.<;+.&'..?@I
02198032  61 0b 97 41 58 64 2b 3e ad 37 7d 71 c4 1c ab aa  a..AXd+>.7}q....
02198042  09 c5 a3 52 de 22 2b a2 98 23 12 93 60 ea        ...R."+..#..`.
[+] Output data after DECRYPT (first 46 bytes):
           0  1  2  3  4  5  6  7  8  9  A  B  C  D  E  F  0123456789ABCDEF
02197820  38 08 18 00 20 b0 b7 1a 28 fa eb ac 02 38 c4 04  8... ...(....8..
02197830  40 d4 02 68 02 78 01 a8 01 00 c0 01 00 c8 01 00  @..h.x..........
02197840  d0 01 00 d8 01 00 54 51 53 65 72 76 65 72        ......TQServer
[>] Decrypt wrapper called — context: 0x171afe9c

[+] ======= BF_cfb64_encrypt call #686 =======
[+] Mode: DECRYPT
[+] Length: 2 bytes
[+] BF_KEY ptr: 0x219946c
[+] IV ptr: 0x2199439
[+] num ptr: 0x2199430 (value: 7)
[+] IV (8 bytes):
           0  1  2  3  4  5  6  7  8  9  A  B  C  D  E  F  0123456789ABCDEF
02199439  a2 98 23 12 93 60 ea 27                          ..#..`.'
[+] Input data (first 2 bytes):
           0  1  2  3  4  5  6  7  8  9  A  B  C  D  E  F  0123456789ABCDEF
171afe9c  0f 7a                                            .z
[+] Output data after DECRYPT (first 2 bytes):
           0  1  2  3  4  5  6  7  8  9  A  B  C  D  E  F  0123456789ABCDEF
02197820  28 00                                            (.
[>] Decrypt wrapper called — context: 0x2198022

[+] ======= BF_cfb64_encrypt call #687 =======
[+] Mode: DECRYPT
[+] Length: 46 bytes
[+] BF_KEY ptr: 0x219946c
[+] IV ptr: 0x2199439
[+] num ptr: 0x2199430 (value: 1)
[+] IV (8 bytes):
           0  1  2  3  4  5  6  7  8  9  A  B  C  D  E  F  0123456789ABCDEF
02199439  7a bd ac 9b 4f 8b 76 3c                          z...O.v<
[+] Input data (first 46 bytes):
           0  1  2  3  4  5  6  7  8  9  A  B  C  D  E  F  0123456789ABCDEF
02198022  85 a4 83 4d ab cf 85 4b 59 e6 9f 93 36 8c 41 92  ...M...KY...6.A.
02198032  02 38 34 94 16 c0 64 66 88 82 9b 09 ff 32 59 b3  .84...df.....2Y.
02198042  cc a2 39 be 93 6e f6 41 b9 a8 ac ac a4 6c        ..9..n.A.....l
[+] Output data after DECRYPT (first 46 bytes):
           0  1  2  3  4  5  6  7  8  9  A  B  C  D  E  F  0123456789ABCDEF
02197820  38 08 18 02 20 b9 b9 1a 28 fa eb ac 02 38 c3 04  8... ...(....8..
02197830  40 d3 02 68 02 78 00 a8 01 00 c0 01 00 c8 01 00  @..h.x..........
02197840  d0 01 00 d8 01 00 54 51 53 65 72 76 65 72        ......TQServer
[>] Decrypt wrapper called — context: 0x171afe9c

[+] ======= BF_cfb64_encrypt call #688 =======
[+] Mode: DECRYPT
[+] Length: 2 bytes
[+] BF_KEY ptr: 0x219946c
[+] IV ptr: 0x2199439
[+] num ptr: 0x2199430 (value: 7)
[+] IV (8 bytes):
           0  1  2  3  4  5  6  7  8  9  A  B  C  D  E  F  0123456789ABCDEF
02199439  41 b9 a8 ac ac a4 6c 95                          A.....l.
[+] Input data (first 2 bytes):
           0  1  2  3  4  5  6  7  8  9  A  B  C  D  E  F  0123456789ABCDEF
171afe9c  87 00                                            ..
[+] Output data after DECRYPT (first 2 bytes):
           0  1  2  3  4  5  6  7  8  9  A  B  C  D  E  F  0123456789ABCDEF
02197820  12 00                                            ..
[>] Decrypt wrapper called — context: 0x2198022

[+] ======= BF_cfb64_encrypt call #689 =======
[+] Mode: DECRYPT
[+] Length: 24 bytes
[+] BF_KEY ptr: 0x219946c
[+] IV ptr: 0x2199439
[+] num ptr: 0x2199430 (value: 1)
[+] IV (8 bytes):
           0  1  2  3  4  5  6  7  8  9  A  B  C  D  E  F  0123456789ABCDEF
02199439  00 5e aa c5 e5 62 b6 30                          .^...b.0
[+] Input data (first 24 bytes):
           0  1  2  3  4  5  6  7  8  9  A  B  C  D  E  F  0123456789ABCDEF
02198022  c6 a2 cd e0 72 06 87 a9 a6 40 9e 86 74 75 70 82  ....r....@..tup.
02198032  91 bc 22 0b 82 04 81 86                          ..".....
[+] Output data after DECRYPT (first 24 bytes):
           0  1  2  3  4  5  6  7  8  9  A  B  C  D  E  F  0123456789ABCDEF
02197820  98 08 08 05 10 b0 b7 1a 18 02 20 fc d0 d5 e0 01  .......... .....
02197830  54 51 53 65 72 76 65 72                          TQServer
[>] Decrypt wrapper called — context: 0x171afe9c

[+] ======= BF_cfb64_encrypt call #690 =======
[+] Mode: DECRYPT
[+] Length: 2 bytes
[+] BF_KEY ptr: 0x219946c
[+] IV ptr: 0x2199439
[+] num ptr: 0x2199430 (value: 1)
[+] IV (8 bytes):
           0  1  2  3  4  5  6  7  8  9  A  B  C  D  E  F  0123456789ABCDEF
02199439  86 d3 09 ad 6d 66 c0 36                          ....mf.6
[+] Input data (first 2 bytes):
           0  1  2  3  4  5  6  7  8  9  A  B  C  D  E  F  0123456789ABCDEF
171afe9c  c1 09                                            ..
[+] Output data after DECRYPT (first 2 bytes):
           0  1  2  3  4  5  6  7  8  9  A  B  C  D  E  F  0123456789ABCDEF
02197820  12 00                                            ..
[>] Decrypt wrapper called — context: 0x2198022

[+] ======= BF_cfb64_encrypt call #691 =======
[+] Mode: DECRYPT
[+] Length: 24 bytes
[+] BF_KEY ptr: 0x219946c
[+] IV ptr: 0x2199439
[+] num ptr: 0x2199430 (value: 3)
[+] IV (8 bytes):
           0  1  2  3  4  5  6  7  8  9  A  B  C  D  E  F  0123456789ABCDEF
02199439  86 c1 09 ad 6d 66 c0 36                          ....mf.6
[+] Input data (first 24 bytes):
           0  1  2  3  4  5  6  7  8  9  A  B  C  D  E  F  0123456789ABCDEF
02198022  35 65 6e c2 26 82 85 13 0f ef 63 d0 86 07 6d 0f  5en.&.....c...m.
02198032  30 70 99 df e9 c2 ef ba                          0p......
[+] Output data after DECRYPT (first 24 bytes):
           0  1  2  3  4  5  6  7  8  9  A  B  C  D  E  F  0123456789ABCDEF
02197820  98 08 08 02 10 b7 b9 1a 18 01 20 fc d0 d5 e0 01  .......... .....
02197830  54 51 53 65 72 76 65 72                          TQServer
[>] Encrypt wrapper called — context: 0x2198820

[+] ======= BF_cfb64_encrypt call #692 =======
[+] Mode: ENCRYPT
[+] Length: 12 bytes
[+] BF_KEY ptr: 0x219946c
[+] IV ptr: 0x2199441
[+] num ptr: 0x2199434 (value: 6)
[+] IV (8 bytes):
           0  1  2  3  4  5  6  7  8  9  A  B  C  D  E  F  0123456789ABCDEF
02199441  50 ed 3d fe 79 57 48 38                          P.=.yWH8
[+] Input data (first 12 bytes):
           0  1  2  3  4  5  6  7  8  9  A  B  C  D  E  F  0123456789ABCDEF
02198820  0c 00 36 0a 00 00 00 00 d2 86 67 44              ..6.......gD
[+] Output data after ENCRYPT (first 12 bytes):
           0  1  2  3  4  5  6  7  8  9  A  B  C  D  E  F  0123456789ABCDEF
02197820  44 38 fa cb d2 eb e5 41 19 3b 60 c2              D8.....A.;`.
[>] Encrypt wrapper called — context: 0x16f83f8

[+] ======= BF_cfb64_encrypt call #693 =======
[+] Mode: ENCRYPT
[+] Length: 8 bytes
[+] BF_KEY ptr: 0x219946c
[+] IV ptr: 0x2199441
[+] num ptr: 0x2199434 (value: 2)
[+] IV (8 bytes):
           0  1  2  3  4  5  6  7  8  9  A  B  C  D  E  F  0123456789ABCDEF
02199441  60 c2 eb 06 49 e5 3e 5c                          `...I.>\
[+] Input data (first 8 bytes):
           0  1  2  3  4  5  6  7  8  9  A  B  C  D  E  F  0123456789ABCDEF
016f83f8  54 51 43 6c 69 65 6e 74                          TQClient
[+] Output data after ENCRYPT (first 8 bytes):
           0  1  2  3  4  5  6  7  8  9  A  B  C  D  E  F  0123456789ABCDEF
02197820  bf 57 0a 89 57 39 73 06                          .W..W9s.
[>] Encrypt wrapper called — context: 0x2198820

[+] ======= BF_cfb64_encrypt call #694 =======
[+] Mode: ENCRYPT
[+] Length: 33 bytes
[+] BF_KEY ptr: 0x219946c
[+] IV ptr: 0x2199441
[+] num ptr: 0x2199434 (value: 2)
[+] IV (8 bytes):
           0  1  2  3  4  5  6  7  8  9  A  B  C  D  E  F  0123456789ABCDEF
02199441  73 06 c7 e5 8f 8f 38 b3                          s.....8.
[+] Input data (first 33 bytes):
           0  1  2  3  4  5  6  7  8  9  A  B  C  D  E  F  0123456789ABCDEF
02198820  21 00 38 08 08 dd 8e 9e a3 04 20 fa eb ac 02 28  !.8....... ....(
02198830  e2 ca d3 f6 07 38 b5 13 40 b2 70 68 02 78 cf f3  .....8..@.ph.x..
02198840  03                                               .
[+] Output data after ENCRYPT (first 33 bytes):
           0  1  2  3  4  5  6  7  8  9  A  B  C  D  E  F  0123456789ABCDEF
02197820  e6 e5 b7 87 30 6e 4b 24 65 f8 08 7f 29 85 6b 8c  ....0nK$e...).k.
02197830  ce 36 a5 10 31 94 22 ce 8c 67 ca 63 88 d9 7b a4  .6..1."..g.c..{.
02197840  d9                                               .
[>] Encrypt wrapper called — context: 0x16f83f8

[+] ======= BF_cfb64_encrypt call #695 =======
[+] Mode: ENCRYPT
[+] Length: 8 bytes
[+] BF_KEY ptr: 0x219946c
[+] IV ptr: 0x2199441
[+] num ptr: 0x2199434 (value: 3)
[+] IV (8 bytes):
           0  1  2  3  4  5  6  7  8  9  A  B  C  D  E  F  0123456789ABCDEF
02199441  7b a4 d9 7e 94 e3 31 d2                          {..~..1.
[+] Input data (first 8 bytes):
           0  1  2  3  4  5  6  7  8  9  A  B  C  D  E  F  0123456789ABCDEF
016f83f8  54 51 43 6c 69 65 6e 74                          TQClient
[+] Output data after ENCRYPT (first 8 bytes):
           0  1  2  3  4  5  6  7  8  9  A  B  C  D  E  F  0123456789ABCDEF
02197820  2a c5 a0 5d bb e5 60 f6                          *..]..`.
[>] Decrypt wrapper called — context: 0x171afe9c

[+] ======= BF_cfb64_encrypt call #696 =======
[+] Mode: DECRYPT
[+] Length: 2 bytes
[+] BF_KEY ptr: 0x219946c
[+] IV ptr: 0x2199439
[+] num ptr: 0x2199430 (value: 3)
[+] IV (8 bytes):
           0  1  2  3  4  5  6  7  8  9  A  B  C  D  E  F  0123456789ABCDEF
02199439  c2 ef ba 1f 21 07 10 62                          ....!..b
[+] Input data (first 2 bytes):
           0  1  2  3  4  5  6  7  8  9  A  B  C  D  E  F  0123456789ABCDEF
171afe9c  13 21                                            .!
[+] Output data after DECRYPT (first 2 bytes):
           0  1  2  3  4  5  6  7  8  9  A  B  C  D  E  F  0123456789ABCDEF
02197820  0c 00                                            ..
[>] Decrypt wrapper called — context: 0x2198022

[+] ======= BF_cfb64_encrypt call #697 =======
[+] Mode: DECRYPT
[+] Length: 18 bytes
[+] BF_KEY ptr: 0x219946c
[+] IV ptr: 0x2199439
[+] num ptr: 0x2199430 (value: 5)
[+] IV (8 bytes):
           0  1  2  3  4  5  6  7  8  9  A  B  C  D  E  F  0123456789ABCDEF
02199439  c2 ef ba 13 21 07 10 62                          ....!..b
[+] Input data (first 18 bytes):
           0  1  2  3  4  5  6  7  8  9  A  B  C  D  E  F  0123456789ABCDEF
02198022  31 1a 62 99 08 52 41 09 e9 1e c9 b5 dc c9 50 10  1.b..RA.......P.
02198032  94 81                                            ..
[+] Output data after DECRYPT (first 18 bytes):
           0  1  2  3  4  5  6  7  8  9  A  B  C  D  E  F  0123456789ABCDEF
02197820  36 0a 00 00 00 00 d2 86 67 44 54 51 53 65 72 76  6.......gDTQServ
02197830  65 72                                            er
[>] Decrypt wrapper called — context: 0x171afe9c

[+] ======= BF_cfb64_encrypt call #698 =======
[+] Mode: DECRYPT
[+] Length: 2 bytes
[+] BF_KEY ptr: 0x219946c
[+] IV ptr: 0x2199439
[+] num ptr: 0x2199430 (value: 7)
[+] IV (8 bytes):
           0  1  2  3  4  5  6  7  8  9  A  B  C  D  E  F  0123456789ABCDEF
02199439  b5 dc c9 50 10 94 81 a9                          ...P....
[+] Input data (first 2 bytes):
           0  1  2  3  4  5  6  7  8  9  A  B  C  D  E  F  0123456789ABCDEF
171afe9c  81 7e                                            .~
[+] Output data after DECRYPT (first 2 bytes):
           0  1  2  3  4  5  6  7  8  9  A  B  C  D  E  F  0123456789ABCDEF
02197820  28 00                                            (.
[>] Decrypt wrapper called — context: 0x2198022

[+] ======= BF_cfb64_encrypt call #699 =======
[+] Mode: DECRYPT
[+] Length: 46 bytes
[+] BF_KEY ptr: 0x219946c
[+] IV ptr: 0x2199439
[+] num ptr: 0x2199430 (value: 1)
[+] IV (8 bytes):
           0  1  2  3  4  5  6  7  8  9  A  B  C  D  E  F  0123456789ABCDEF
02199439  7e da 3c 85 d3 3a a5 ab                          ~.<..:..
[+] Input data (first 46 bytes):
           0  1  2  3  4  5  6  7  8  9  A  B  C  D  E  F  0123456789ABCDEF
02198022  e2 34 9d d1 1a 38 1c 62 33 c1 97 03 e1 f8 a3 0c  .4...8.b3.......
02198032  8d d6 b0 43 4a 75 46 4c 26 11 75 69 0e fe 1b b4  ...CJuFL&.ui....
02198042  92 ca 91 26 74 f7 48 75 77 f3 50 12 0e 2e        ...&t.Huw.P...
[+] Output data after DECRYPT (first 46 bytes):
           0  1  2  3  4  5  6  7  8  9  A  B  C  D  E  F  0123456789ABCDEF
02197820  38 08 18 02 20 9d b7 1a 28 fa eb ac 02 38 c4 04  8... ...(....8..
02197830  40 d3 02 68 02 78 00 a8 01 00 c0 01 00 c8 01 00  @..h.x..........
02197840  d0 01 00 d8 01 00 54 51 53 65 72 76 65 72        ......TQServer
[>] Decrypt wrapper called — context: 0x171afe9c

[+] ======= BF_cfb64_encrypt call #700 =======
[+] Mode: DECRYPT
[+] Length: 2 bytes
[+] BF_KEY ptr: 0x219946c
[+] IV ptr: 0x2199439
[+] num ptr: 0x2199430 (value: 7)
[+] IV (8 bytes):
           0  1  2  3  4  5  6  7  8  9  A  B  C  D  E  F  0123456789ABCDEF
02199439  75 77 f3 50 12 0e 2e 49                          uw.P...I
[+] Input data (first 2 bytes):
           0  1  2  3  4  5  6  7  8  9  A  B  C  D  E  F  0123456789ABCDEF
171afe9c  61 c7                                            a.
[+] Output data after DECRYPT (first 2 bytes):
           0  1  2  3  4  5  6  7  8  9  A  B  C  D  E  F  0123456789ABCDEF
02197820  28 00                                            (.
[>] Decrypt wrapper called — context: 0x2198022

[+] ======= BF_cfb64_encrypt call #701 =======
[+] Mode: DECRYPT
[+] Length: 46 bytes
[+] BF_KEY ptr: 0x219946c
[+] IV ptr: 0x2199439
[+] num ptr: 0x2199430 (value: 1)
[+] IV (8 bytes):
           0  1  2  3  4  5  6  7  8  9  A  B  C  D  E  F  0123456789ABCDEF
02199439  c7 a3 84 6f a4 bf 88 38                          ...o...8
[+] Input data (first 46 bytes):
           0  1  2  3  4  5  6  7  8  9  A  B  C  D  E  F  0123456789ABCDEF
02198022  9b 8c 77 a6 9f 38 8f 90 78 67 62 45 b5 97 90 b1  ..w..8..xgbE....
02198032  d8 6f b8 5d aa e5 50 61 0b 20 6a 67 90 dd 7a b4  .o.]..Pa. jg..z.
02198042  95 e9 38 80 92 3e da 1d aa b6 57 d0 30 bf        ..8..>....W.0.
[+] Output data after DECRYPT (first 46 bytes):
           0  1  2  3  4  5  6  7  8  9  A  B  C  D  E  F  0123456789ABCDEF
02197820  38 08 18 02 20 b0 b7 1a 28 fa eb ac 02 38 c5 04  8... ...(....8..
02197830  40 d3 02 68 02 78 00 a8 01 00 c0 01 00 c8 01 00  @..h.x..........
02197840  d0 01 00 d8 01 00 54 51 53 65 72 76 65 72        ......TQServer
[>] Decrypt wrapper called — context: 0x171afe9c

[+] ======= BF_cfb64_encrypt call #702 =======
[+] Mode: DECRYPT
[+] Length: 2 bytes
[+] BF_KEY ptr: 0x219946c
[+] IV ptr: 0x2199439
[+] num ptr: 0x2199430 (value: 7)
[+] IV (8 bytes):
           0  1  2  3  4  5  6  7  8  9  A  B  C  D  E  F  0123456789ABCDEF
02199439  1d aa b6 57 d0 30 bf f8                          ...W.0..
[+] Input data (first 2 bytes):
           0  1  2  3  4  5  6  7  8  9  A  B  C  D  E  F  0123456789ABCDEF
171afe9c  d0 66                                            .f
[+] Output data after DECRYPT (first 2 bytes):
           0  1  2  3  4  5  6  7  8  9  A  B  C  D  E  F  0123456789ABCDEF
02197820  28 00                                            (.
[>] Decrypt wrapper called — context: 0x2198022

[+] ======= BF_cfb64_encrypt call #703 =======
[+] Mode: DECRYPT
[+] Length: 46 bytes
[+] BF_KEY ptr: 0x219946c
[+] IV ptr: 0x2199439
[+] num ptr: 0x2199430 (value: 1)
[+] IV (8 bytes):
           0  1  2  3  4  5  6  7  8  9  A  B  C  D  E  F  0123456789ABCDEF
02199439  66 c7 3f 6d 08 b4 e9 85                          f.?m....
[+] Input data (first 46 bytes):
           0  1  2  3  4  5  6  7  8  9  A  B  C  D  E  F  0123456789ABCDEF
02198022  ff 37 75 0a 94 31 3d 14 21 09 1b a9 b4 18 2b ed  .7u..1=.!.....+.
02198032  ba af f1 d6 c9 f6 2f 8b 9a ef 43 12 58 cc ec 43  ....../...C.X..C
02198042  ed ab 35 27 50 96 b0 2e 57 a0 ca b2 c4 81        ..5'P...W.....
[+] Output data after DECRYPT (first 46 bytes):
           0  1  2  3  4  5  6  7  8  9  A  B  C  D  E  F  0123456789ABCDEF
02197820  38 08 18 02 20 d8 b8 1a 28 fa eb ac 02 38 c5 04  8... ...(....8..
02197830  40 d4 02 68 02 78 00 a8 01 00 c0 01 00 c8 01 00  @..h.x..........
02197840  d0 01 00 d8 01 00 54 51 53 65 72 76 65 72        ......TQServer
[>] Decrypt wrapper called — context: 0x171afe9c

[+] ======= BF_cfb64_encrypt call #704 =======
[+] Mode: DECRYPT
[+] Length: 2 bytes
[+] BF_KEY ptr: 0x219946c
[+] IV ptr: 0x2199439
[+] num ptr: 0x2199430 (value: 7)
[+] IV (8 bytes):
           0  1  2  3  4  5  6  7  8  9  A  B  C  D  E  F  0123456789ABCDEF
02199439  2e 57 a0 ca b2 c4 81 79                          .W.....y
[+] Input data (first 2 bytes):
           0  1  2  3  4  5  6  7  8  9  A  B  C  D  E  F  0123456789ABCDEF
171afe9c  15 57                                            .W
[+] Output data after DECRYPT (first 2 bytes):
           0  1  2  3  4  5  6  7  8  9  A  B  C  D  E  F  0123456789ABCDEF
02197820  6c 00                                            l.
[>] Decrypt wrapper called — context: 0x2198022

[+] ======= BF_cfb64_encrypt call #705 =======
[+] Mode: DECRYPT
[+] Length: 114 bytes
[+] BF_KEY ptr: 0x219946c
[+] IV ptr: 0x2199439
[+] num ptr: 0x2199430 (value: 1)
[+] IV (8 bytes):
           0  1  2  3  4  5  6  7  8  9  A  B  C  D  E  F  0123456789ABCDEF
02199439  57 f4 52 7e ed 12 41 bd                          W.R~..A.
[+] Input data (first 64 bytes):
           0  1  2  3  4  5  6  7  8  9  A  B  C  D  E  F  0123456789ABCDEF
02198022  cd 5b 76 12 ed be ba a8 c3 f7 70 c7 8a b9 31 6e  .[v.......p...1n
02198032  cf 6f 9a 1d e9 83 18 67 3a d0 53 d7 ac e4 f0 3b  .o.....g:.S....;
02198042  75 0a b8 3d 4a 3c 84 fe 9a ad 0b b2 89 b7 b8 0a  u..=J<..........
02198052  6e 29 83 9e 86 35 d3 27 22 78 45 49 21 1e d9 ad  n)...5.'"xEI!...
[+] Output data after DECRYPT (first 64 bytes):
           0  1  2  3  4  5  6  7  8  9  A  B  C  D  E  F  0123456789ABCDEF
02197820  39 09 08 ff ff ff 07 10 d5 0f 18 00 20 b1 09 30  9........... ..0
02197830  00 38 00 40 01 48 00 50 00 5a 00 72 06 53 59 53  .8.@.H.P.Z.r.SYS
02197840  54 45 4d 72 08 41 4c 4c 55 53 45 52 53 72 00 72  TEMr.ALLUSERSr.r
02197850  39 53 54 52 5f 49 44 5f 74 46 61 63 74 69 6f 6e  9STR_ID_tFaction
[>] Decrypt wrapper called — context: 0x171afe9c

[+] ======= BF_cfb64_encrypt call #706 =======
[+] Mode: DECRYPT
[+] Length: 2 bytes
[+] BF_KEY ptr: 0x219946c
[+] IV ptr: 0x2199439
[+] num ptr: 0x2199430 (value: 3)
[+] IV (8 bytes):
           0  1  2  3  4  5  6  7  8  9  A  B  C  D  E  F  0123456789ABCDEF
02199439  ae e0 aa 58 7d 47 e1 f5                          ...X}G..
[+] Input data (first 2 bytes):
           0  1  2  3  4  5  6  7  8  9  A  B  C  D  E  F  0123456789ABCDEF
171afe9c  fa 7d                                            .}
[+] Output data after DECRYPT (first 2 bytes):
           0  1  2  3  4  5  6  7  8  9  A  B  C  D  E  F  0123456789ABCDEF
02197820  a2 00                                            ..
[>] Decrypt wrapper called — context: 0x2198022

[+] ======= BF_cfb64_encrypt call #707 =======
[+] Mode: DECRYPT
[+] Length: 168 bytes
[+] BF_KEY ptr: 0x219946c
[+] IV ptr: 0x2199439
[+] num ptr: 0x2199430 (value: 5)
[+] IV (8 bytes):
           0  1  2  3  4  5  6  7  8  9  A  B  C  D  E  F  0123456789ABCDEF
02199439  ae e0 aa fa 7d 47 e1 f5                          ....}G..
[+] Input data (first 64 bytes):
           0  1  2  3  4  5  6  7  8  9  A  B  C  D  E  F  0123456789ABCDEF
02198022  31 e8 fd 13 83 ff 34 a2 f7 ca 1f cd 7a 2c fc a9  1.....4.....z,..
02198032  90 f9 08 56 5a a8 e3 a0 57 46 42 bd 3c 60 6d 25  ...VZ...WFB.<`m%
02198042  3a a7 09 72 f0 52 d5 aa 4c 5b 19 c8 61 47 44 25  :..r.R..L[..aGD%
02198052  2d cc ea 64 2c d4 bf 31 c2 12 14 45 23 58 db c0  -..d,..1...E#X..
[+] Output data after DECRYPT (first 64 bytes):
           0  1  2  3  4  5  6  7  8  9  A  B  C  D  E  F  0123456789ABCDEF
02197820  76 09 08 fa eb ac 02 18 c4 04 20 d4 02 28 92 27  v......... ..(.'
02197830  30 00 40 00 48 00 52 15 08 b7 b9 1a 10 90 01 18  0.@.H.R.........
02197840  00 20 00 28 00 30 00 38 00 40 00 48 00 52 15 08  . .(.0.8.@.H.R..
02197850  b9 b9 1a 10 95 01 18 00 20 00 28 00 30 00 38 00  ........ .(.0.8.
[>] Decrypt wrapper called — context: 0x171afe9c

[+] ======= BF_cfb64_encrypt call #708 =======
[+] Mode: DECRYPT
[+] Length: 2 bytes
[+] BF_KEY ptr: 0x219946c
[+] IV ptr: 0x2199439
[+] num ptr: 0x2199430 (value: 5)
[+] IV (8 bytes):
           0  1  2  3  4  5  6  7  8  9  A  B  C  D  E  F  0123456789ABCDEF
02199439  5a fc e4 b0 16 7e d8 05                          Z....~..
[+] Input data (first 2 bytes):
           0  1  2  3  4  5  6  7  8  9  A  B  C  D  E  F  0123456789ABCDEF
171afe9c  5a d8                                            Z.
[+] Output data after DECRYPT (first 2 bytes):
           0  1  2  3  4  5  6  7  8  9  A  B  C  D  E  F  0123456789ABCDEF
02197820  24 00                                            $.
[>] Decrypt wrapper called — context: 0x2198022

[+] ======= BF_cfb64_encrypt call #709 =======
[+] Mode: DECRYPT
[+] Length: 42 bytes
[+] BF_KEY ptr: 0x219946c
[+] IV ptr: 0x2199439
[+] num ptr: 0x2199430 (value: 7)
[+] IV (8 bytes):
           0  1  2  3  4  5  6  7  8  9  A  B  C  D  E  F  0123456789ABCDEF
02199439  5a fc e4 b0 16 5a d8 05                          Z....Z..
[+] Input data (first 42 bytes):
           0  1  2  3  4  5  6  7  8  9  A  B  C  D  E  F  0123456789ABCDEF
02198022  3d ea 09 38 56 a0 f8 6a e7 57 bb 9d 24 d2 0c 8d  =..8V..j.W..$...
02198032  da c4 24 14 1f 3a 48 d3 55 5f e5 dd 10 ef 9f 03  ..$..:H.U_......
02198042  ff 17 5f 2d ba ae ad 25 3f 34                    .._-...%?4
[+] Output data after DECRYPT (first 42 bytes):
           0  1  2  3  4  5  6  7  8  9  A  B  C  D  E  F  0123456789ABCDEF
02197820  38 08 20 fa eb ac 02 28 b9 b9 1a 38 c3 04 40 d3  8. ....(...8..@.
02197830  02 68 0e 88 01 02 90 01 00 a8 01 00 c8 01 00 d0  .h..............
02197840  01 00 54 51 53 65 72 76 65 72                    ..TQServer
[>] Decrypt wrapper called — context: 0x171afe9c

[+] ======= BF_cfb64_encrypt call #710 =======
[+] Mode: DECRYPT
[+] Length: 2 bytes
[+] BF_KEY ptr: 0x219946c
[+] IV ptr: 0x2199439
[+] num ptr: 0x2199430 (value: 1)
[+] IV (8 bytes):
           0  1  2  3  4  5  6  7  8  9  A  B  C  D  E  F  0123456789ABCDEF
02199439  34 4e 9e 00 e8 99 a1 97                          4N......
[+] Input data (first 2 bytes):
           0  1  2  3  4  5  6  7  8  9  A  B  C  D  E  F  0123456789ABCDEF
171afe9c  7e 9e                                            ~.
[+] Output data after DECRYPT (first 2 bytes):
           0  1  2  3  4  5  6  7  8  9  A  B  C  D  E  F  0123456789ABCDEF
02197820  30 00                                            0.
[>] Decrypt wrapper called — context: 0x2198022

[+] ======= BF_cfb64_encrypt call #711 =======
[+] Mode: DECRYPT
[+] Length: 54 bytes
[+] BF_KEY ptr: 0x219946c
[+] IV ptr: 0x2199439
[+] num ptr: 0x2199430 (value: 3)
[+] IV (8 bytes):
           0  1  2  3  4  5  6  7  8  9  A  B  C  D  E  F  0123456789ABCDEF
02199439  34 7e 9e 00 e8 99 a1 97                          4~......
[+] Input data (first 54 bytes):
           0  1  2  3  4  5  6  7  8  9  A  B  C  D  E  F  0123456789ABCDEF
02198022  fe ef 91 18 2e 32 ff ff ad ed e2 6c ca b3 0c 32  .....2.....l...2
02198032  1e be b1 65 e1 27 03 38 d8 49 9e ba 60 83 9e 55  ...e.'.8.I..`..U
02198042  85 bb ae de a8 63 6c 22 cb 99 03 5e 59 94 d5 77  .....cl"...^Y..w
02198052  14 9d 47 52 60 39                                ..GR`9
[+] Output data after DECRYPT (first 54 bytes):
           0  1  2  3  4  5  6  7  8  9  A  B  C  D  E  F  0123456789ABCDEF
02197820  fe 07 08 b9 b9 1a 12 26 08 19 18 20 18 00 18 00  .......&... ....
02197830  18 00 18 00 18 00 18 00 18 00 18 00 18 00 18 00  ................
02197840  18 00 18 00 18 00 18 00 18 00 18 00 18 00 54 51  ..............TQ
02197850  53 65 72 76 65 72                                Server
[>] Decrypt wrapper called — context: 0x171afe9c

[+] ======= BF_cfb64_encrypt call #712 =======
[+] Mode: DECRYPT
[+] Length: 2 bytes
[+] BF_KEY ptr: 0x219946c
[+] IV ptr: 0x2199439
[+] num ptr: 0x2199430 (value: 1)
[+] IV (8 bytes):
           0  1  2  3  4  5  6  7  8  9  A  B  C  D  E  F  0123456789ABCDEF
02199439  39 e9 25 58 b3 53 60 cf                          9.%X.S`.
[+] Input data (first 2 bytes):
           0  1  2  3  4  5  6  7  8  9  A  B  C  D  E  F  0123456789ABCDEF
171afe9c  cd 25                                            .%
[+] Output data after DECRYPT (first 2 bytes):
           0  1  2  3  4  5  6  7  8  9  A  B  C  D  E  F  0123456789ABCDEF
02197820  24 00                                            $.
[>] Decrypt wrapper called — context: 0x2198022

[+] ======= BF_cfb64_encrypt call #713 =======
[+] Mode: DECRYPT
[+] Length: 42 bytes
[+] BF_KEY ptr: 0x219946c
[+] IV ptr: 0x2199439
[+] num ptr: 0x2199430 (value: 3)
[+] IV (8 bytes):
           0  1  2  3  4  5  6  7  8  9  A  B  C  D  E  F  0123456789ABCDEF
02199439  39 cd 25 58 b3 53 60 cf                          9.%X.S`.
[+] Input data (first 42 bytes):
           0  1  2  3  4  5  6  7  8  9  A  B  C  D  E  F  0123456789ABCDEF
02198022  60 bb 73 9a 24 09 0f d7 07 6d f2 3f 46 b4 a6 0d  `.s.$....m.?F...
02198032  e6 aa 02 dd c8 69 67 53 40 4c cb 02 c0 5c 5a 8a  .....igS@L...\Z.
02198042  8b 27 60 56 67 6e ec ca 38 04                    .'`Vgn..8.
[+] Output data after DECRYPT (first 42 bytes):
           0  1  2  3  4  5  6  7  8  9  A  B  C  D  E  F  0123456789ABCDEF
02197820  38 08 20 fa eb ac 02 28 d6 b9 1a 38 c2 04 40 d3  8. ....(...8..@.
02197830  02 68 0e 88 01 02 90 01 00 a8 01 00 c8 01 00 d0  .h..............
02197840  01 00 54 51 53 65 72 76 65 72                    ..TQServer
[>] Decrypt wrapper called — context: 0x171afe9c

[+] ======= BF_cfb64_encrypt call #714 =======
[+] Mode: DECRYPT
[+] Length: 2 bytes
[+] BF_KEY ptr: 0x219946c
[+] IV ptr: 0x2199439
[+] num ptr: 0x2199430 (value: 5)
[+] IV (8 bytes):
           0  1  2  3  4  5  6  7  8  9  A  B  C  D  E  F  0123456789ABCDEF
02199439  6e ec ca 38 04 88 22 c4                          n..8..".
[+] Input data (first 2 bytes):
           0  1  2  3  4  5  6  7  8  9  A  B  C  D  E  F  0123456789ABCDEF
171afe9c  b8 22                                            ."
[+] Output data after DECRYPT (first 2 bytes):
           0  1  2  3  4  5  6  7  8  9  A  B  C  D  E  F  0123456789ABCDEF
02197820  30 00                                            0.
[>] Decrypt wrapper called — context: 0x2198022

[+] ======= BF_cfb64_encrypt call #715 =======
[+] Mode: DECRYPT
[+] Length: 54 bytes
[+] BF_KEY ptr: 0x219946c
[+] IV ptr: 0x2199439
[+] num ptr: 0x2199430 (value: 7)
[+] IV (8 bytes):
           0  1  2  3  4  5  6  7  8  9  A  B  C  D  E  F  0123456789ABCDEF
02199439  6e ec ca 38 04 b8 22 c4                          n..8..".
[+] Input data (first 54 bytes):
           0  1  2  3  4  5  6  7  8  9  A  B  C  D  E  F  0123456789ABCDEF
02198022  3a 02 f4 df 74 c4 df 42 3a 26 43 7f c3 5a f4 e0  :...t..B:&C..Z..
02198032  e9 48 1c 9a 0d f2 a6 13 53 28 3a c8 0c e6 61 87  .H......S(:...a.
02198042  f5 69 e0 e3 e1 7e f8 a3 f0 46 fe f9 d8 50 75 c7  .i...~...F...Pu.
02198052  17 1f e6 b3 37 22                                ....7"
[+] Output data after DECRYPT (first 54 bytes):
           0  1  2  3  4  5  6  7  8  9  A  B  C  D  E  F  0123456789ABCDEF
02197820  fe 07 08 d6 b9 1a 12 26 08 19 18 20 18 00 18 00  .......&... ....
02197830  18 00 18 00 18 00 18 00 18 00 18 00 18 00 18 00  ................
02197840  18 00 18 00 18 00 18 00 18 00 18 00 18 00 54 51  ..............TQ
02197850  53 65 72 76 65 72                                Server
[>] Decrypt wrapper called — context: 0x171afe9c

[+] ======= BF_cfb64_encrypt call #716 =======
[+] Mode: DECRYPT
[+] Length: 2 bytes
[+] BF_KEY ptr: 0x219946c
[+] IV ptr: 0x2199439
[+] num ptr: 0x2199430 (value: 5)
[+] IV (8 bytes):
           0  1  2  3  4  5  6  7  8  9  A  B  C  D  E  F  0123456789ABCDEF
02199439  1f e6 b3 37 22 e0 7c e6                          ...7".|.
[+] Input data (first 2 bytes):
           0  1  2  3  4  5  6  7  8  9  A  B  C  D  E  F  0123456789ABCDEF
171afe9c  c4 7c                                            .|
[+] Output data after DECRYPT (first 2 bytes):
           0  1  2  3  4  5  6  7  8  9  A  B  C  D  E  F  0123456789ABCDEF
02197820  24 00                                            $.
[>] Decrypt wrapper called — context: 0x2198022

[+] ======= BF_cfb64_encrypt call #717 =======
[+] Mode: DECRYPT
[+] Length: 42 bytes
[+] BF_KEY ptr: 0x219946c
[+] IV ptr: 0x2199439
[+] num ptr: 0x2199430 (value: 7)
[+] IV (8 bytes):
           0  1  2  3  4  5  6  7  8  9  A  B  C  D  E  F  0123456789ABCDEF
02199439  1f e6 b3 37 22 c4 7c e6                          ...7".|.
[+] Input data (first 42 bytes):
           0  1  2  3  4  5  6  7  8  9  A  B  C  D  E  F  0123456789ABCDEF
02198022  de c4 07 2d 61 bf a7 f4 a2 d2 bd 58 c2 96 1a 96  ...-a......X....
02198032  1e 38 24 f7 bb bc 1b fc d4 d5 6c c5 dc 6e b9 02  .8$.......l..n..
02198042  ed 48 32 73 b4 a9 af e4 d5 de                    .H2s......
[+] Output data after DECRYPT (first 42 bytes):
           0  1  2  3  4  5  6  7  8  9  A  B  C  D  E  F  0123456789ABCDEF
02197820  38 08 20 fa eb ac 02 28 9d b7 1a 38 c4 04 40 d3  8. ....(...8..@.
02197830  02 68 0e 88 01 02 90 01 00 a8 01 00 c8 01 00 d0  .h..............
02197840  01 00 54 51 53 65 72 76 65 72                    ..TQServer
[>] Decrypt wrapper called — context: 0x171afe9c

[+] ======= BF_cfb64_encrypt call #718 =======
[+] Mode: DECRYPT
[+] Length: 2 bytes
[+] BF_KEY ptr: 0x219946c
[+] IV ptr: 0x2199439
[+] num ptr: 0x2199430 (value: 1)
[+] IV (8 bytes):
           0  1  2  3  4  5  6  7  8  9  A  B  C  D  E  F  0123456789ABCDEF
02199439  de 6e a9 01 8b de 8c 2d                          .n.....-
[+] Input data (first 2 bytes):
           0  1  2  3  4  5  6  7  8  9  A  B  C  D  E  F  0123456789ABCDEF
171afe9c  5e a9                                            ^.
[+] Output data after DECRYPT (first 2 bytes):
           0  1  2  3  4  5  6  7  8  9  A  B  C  D  E  F  0123456789ABCDEF
02197820  30 00                                            0.
[>] Decrypt wrapper called — context: 0x2198022

[+] ======= BF_cfb64_encrypt call #719 =======
[+] Mode: DECRYPT
[+] Length: 54 bytes
[+] BF_KEY ptr: 0x219946c
[+] IV ptr: 0x2199439
[+] num ptr: 0x2199430 (value: 3)
[+] IV (8 bytes):
           0  1  2  3  4  5  6  7  8  9  A  B  C  D  E  F  0123456789ABCDEF
02199439  de 5e a9 01 8b de 8c 2d                          .^.....-
[+] Input data (first 54 bytes):
           0  1  2  3  4  5  6  7  8  9  A  B  C  D  E  F  0123456789ABCDEF
02198022  ff 8c d6 11 9a 27 ef 6f 0c bb 2a 8e ca 68 96 5a  .....'.o..*..h.Z
02198032  eb 4b 6f a2 12 cf 48 d4 42 bc 2b f0 39 e1 f1 43  .Ko...H.B.+.9..C
02198042  32 3b 5a af 41 e3 f8 c0 40 29 87 70 be 3c e9 e5  2;Z.A...@).p.<..
02198052  de 36 09 70 40 cc                                .6.p@.
[+] Output data after DECRYPT (first 54 bytes):
           0  1  2  3  4  5  6  7  8  9  A  B  C  D  E  F  0123456789ABCDEF
02197820  fe 07 08 9d b7 1a 12 26 08 19 18 20 18 00 18 00  .......&... ....
02197830  18 00 18 00 18 00 18 00 18 00 18 00 18 00 18 00  ................
02197840  18 00 18 00 18 00 18 00 18 00 18 00 18 00 54 51  ..............TQ
02197850  53 65 72 76 65 72                                Server
[>] Decrypt wrapper called — context: 0x171afe9c

[+] ======= BF_cfb64_encrypt call #720 =======
[+] Mode: DECRYPT
[+] Length: 2 bytes
[+] BF_KEY ptr: 0x219946c
[+] IV ptr: 0x2199439
[+] num ptr: 0x2199430 (value: 1)
[+] IV (8 bytes):
           0  1  2  3  4  5  6  7  8  9  A  B  C  D  E  F  0123456789ABCDEF
02199439  cc 8e 69 9a 6b 53 47 e6                          ..i.kSG.
[+] Input data (first 2 bytes):
           0  1  2  3  4  5  6  7  8  9  A  B  C  D  E  F  0123456789ABCDEF
171afe9c  aa 69                                            .i
[+] Output data after DECRYPT (first 2 bytes):
           0  1  2  3  4  5  6  7  8  9  A  B  C  D  E  F  0123456789ABCDEF
02197820  24 00                                            $.
[>] Decrypt wrapper called — context: 0x2198022

[+] ======= BF_cfb64_encrypt call #721 =======
[+] Mode: DECRYPT
[+] Length: 42 bytes
[+] BF_KEY ptr: 0x219946c
[+] IV ptr: 0x2199439
[+] num ptr: 0x2199430 (value: 3)
[+] IV (8 bytes):
           0  1  2  3  4  5  6  7  8  9  A  B  C  D  E  F  0123456789ABCDEF
02199439  cc aa 69 9a 6b 53 47 e6                          ..i.kSG.
[+] Input data (first 42 bytes):
           0  1  2  3  4  5  6  7  8  9  A  B  C  D  E  F  0123456789ABCDEF
02198022  a2 63 73 bd 0d c4 13 a7 31 2c c5 b9 50 d6 8c 87  .cs.....1,..P...
02198032  13 de 44 b9 2e 5c 99 b0 d6 b2 d1 44 75 e9 ef c4  ..D..\.....Du...
02198042  f6 eb a9 3c 29 1f a9 ae a5 82                    ...<).....
[+] Output data after DECRYPT (first 42 bytes):
           0  1  2  3  4  5  6  7  8  9  A  B  C  D  E  F  0123456789ABCDEF
02197820  38 08 20 fa eb ac 02 28 b0 b7 1a 38 c5 04 40 d3  8. ....(...8..@.
02197830  02 68 0e 88 01 02 90 01 00 a8 01 00 c8 01 00 d0  .h..............
02197840  01 00 54 51 53 65 72 76 65 72                    ..TQServer
[>] Decrypt wrapper called — context: 0x171afe9c

[+] ======= BF_cfb64_encrypt call #722 =======
[+] Mode: DECRYPT
[+] Length: 2 bytes
[+] BF_KEY ptr: 0x219946c
[+] IV ptr: 0x2199439
[+] num ptr: 0x2199430 (value: 5)
[+] IV (8 bytes):
           0  1  2  3  4  5  6  7  8  9  A  B  C  D  E  F  0123456789ABCDEF
02199439  1f a9 ae a5 82 65 01 14                          .....e..
[+] Input data (first 2 bytes):
           0  1  2  3  4  5  6  7  8  9  A  B  C  D  E  F  0123456789ABCDEF
171afe9c  55 01                                            U.
[+] Output data after DECRYPT (first 2 bytes):
           0  1  2  3  4  5  6  7  8  9  A  B  C  D  E  F  0123456789ABCDEF
02197820  30 00                                            0.
[>] Decrypt wrapper called — context: 0x2198022

[+] ======= BF_cfb64_encrypt call #723 =======
[+] Mode: DECRYPT
[+] Length: 54 bytes
[+] BF_KEY ptr: 0x219946c
[+] IV ptr: 0x2199439
[+] num ptr: 0x2199430 (value: 7)
[+] IV (8 bytes):
           0  1  2  3  4  5  6  7  8  9  A  B  C  D  E  F  0123456789ABCDEF
02199439  1f a9 ae a5 82 55 01 14                          .....U..
[+] Input data (first 54 bytes):
           0  1  2  3  4  5  6  7  8  9  A  B  C  D  E  F  0123456789ABCDEF
02198022  ea 4e cb 89 8e b8 6f e2 6f 0b 28 03 38 6c fb 15  .N....o.o.(.8l..
02198032  b7 34 09 aa 35 b9 ec 0e 0b 03 a7 cd cd 4f 37 7f  .4..5........O7.
02198042  94 26 8e e3 2b db ad f1 bc a9 40 99 7c 12 15 2f  .&..+.....@.|../
02198052  3d 88 e1 45 36 f5                                =..E6.
[+] Output data after DECRYPT (first 54 bytes):
           0  1  2  3  4  5  6  7  8  9  A  B  C  D  E  F  0123456789ABCDEF
02197820  fe 07 08 b0 b7 1a 12 26 08 19 18 20 18 00 18 00  .......&... ....
02197830  18 00 18 00 18 00 18 00 18 00 18 00 18 00 18 00  ................
02197840  18 00 18 00 18 00 18 00 18 00 18 00 18 00 54 51  ..............TQ
02197850  53 65 72 76 65 72                                Server
[>] Decrypt wrapper called — context: 0x171afe9c

[+] ======= BF_cfb64_encrypt call #724 =======
[+] Mode: DECRYPT
[+] Length: 2 bytes
[+] BF_KEY ptr: 0x219946c
[+] IV ptr: 0x2199439
[+] num ptr: 0x2199430 (value: 5)
[+] IV (8 bytes):
           0  1  2  3  4  5  6  7  8  9  A  B  C  D  E  F  0123456789ABCDEF
02199439  88 e1 45 36 f5 40 8a 47                          ..E6.@.G
[+] Input data (first 2 bytes):
           0  1  2  3  4  5  6  7  8  9  A  B  C  D  E  F  0123456789ABCDEF
171afe9c  64 8a                                            d.
[+] Output data after DECRYPT (first 2 bytes):
           0  1  2  3  4  5  6  7  8  9  A  B  C  D  E  F  0123456789ABCDEF
02197820  24 00                                            $.
[>] Decrypt wrapper called — context: 0x2198022

[+] ======= BF_cfb64_encrypt call #725 =======
[+] Mode: DECRYPT
[+] Length: 42 bytes
[+] BF_KEY ptr: 0x219946c
[+] IV ptr: 0x2199439
[+] num ptr: 0x2199430 (value: 7)
[+] IV (8 bytes):
           0  1  2  3  4  5  6  7  8  9  A  B  C  D  E  F  0123456789ABCDEF
02199439  88 e1 45 36 f5 64 8a 47                          ..E6.d.G
[+] Input data (first 42 bytes):
           0  1  2  3  4  5  6  7  8  9  A  B  C  D  E  F  0123456789ABCDEF
02198022  7f 94 0b cf e8 24 07 47 8b 75 c7 23 08 77 f9 2f  .....$.G.u.#.w./
02198032  72 b9 6c 95 9b 9e 73 24 fd 17 c3 87 fb f2 2d 74  r.l...s$......-t
02198042  b3 86 cf 15 7f 6e fc 5c 1c b2                    .....n.\..
[+] Output data after DECRYPT (first 42 bytes):
           0  1  2  3  4  5  6  7  8  9  A  B  C  D  E  F  0123456789ABCDEF
02197820  38 08 20 fa eb ac 02 28 d8 b8 1a 38 c5 04 40 d4  8. ....(...8..@.
02197830  02 68 0e 88 01 02 90 01 00 a8 01 00 c8 01 00 d0  .h..............
02197840  01 00 54 51 53 65 72 76 65 72                    ..TQServer
[>] Decrypt wrapper called — context: 0x171afe9c

[+] ======= BF_cfb64_encrypt call #726 =======
[+] Mode: DECRYPT
[+] Length: 2 bytes
[+] BF_KEY ptr: 0x219946c
[+] IV ptr: 0x2199439
[+] num ptr: 0x2199430 (value: 1)
[+] IV (8 bytes):
           0  1  2  3  4  5  6  7  8  9  A  B  C  D  E  F  0123456789ABCDEF
02199439  b2 a7 e4 1f e1 c6 6d e7                          ......m.
[+] Input data (first 2 bytes):
           0  1  2  3  4  5  6  7  8  9  A  B  C  D  E  F  0123456789ABCDEF
171afe9c  97 e4                                            ..
[+] Output data after DECRYPT (first 2 bytes):
           0  1  2  3  4  5  6  7  8  9  A  B  C  D  E  F  0123456789ABCDEF
02197820  30 00                                            0.
[>] Decrypt wrapper called — context: 0x2198022

[+] ======= BF_cfb64_encrypt call #727 =======
[+] Mode: DECRYPT
[+] Length: 54 bytes
[+] BF_KEY ptr: 0x219946c
[+] IV ptr: 0x2199439
[+] num ptr: 0x2199430 (value: 3)
[+] IV (8 bytes):
           0  1  2  3  4  5  6  7  8  9  A  B  C  D  E  F  0123456789ABCDEF
02199439  b2 97 e4 1f e1 c6 6d e7                          ......m.
[+] Input data (first 54 bytes):
           0  1  2  3  4  5  6  7  8  9  A  B  C  D  E  F  0123456789ABCDEF
02198022  e1 e6 ce b5 5f a8 32 00 82 ed 4f 36 e5 46 fc 18  ...._.2...O6.F..
02198032  a3 d5 90 14 ed 78 94 4d 55 a8 4a 9f be 0b b1 a2  .....x.MU.J.....
02198042  14 1f da 6f 20 e7 0f d2 68 4f 4a 71 83 f6 e5 ca  ...o ...hOJq....
02198052  f4 35 d3 be dc b6                                .5....
[+] Output data after DECRYPT (first 54 bytes):
           0  1  2  3  4  5  6  7  8  9  A  B  C  D  E  F  0123456789ABCDEF
02197820  fe 07 08 d8 b8 1a 12 26 08 19 18 20 18 00 18 00  .......&... ....
02197830  18 00 18 00 18 00 18 00 18 00 18 00 18 00 18 00  ................
02197840  18 00 18 00 18 00 18 00 18 00 18 00 18 00 54 51  ..............TQ
02197850  53 65 72 76 65 72                                Server
[>] Decrypt wrapper called — context: 0x171afe9c

[+] ======= BF_cfb64_encrypt call #728 =======
[+] Mode: DECRYPT
[+] Length: 2 bytes
[+] BF_KEY ptr: 0x219946c
[+] IV ptr: 0x2199439
[+] num ptr: 0x2199430 (value: 1)
[+] IV (8 bytes):
           0  1  2  3  4  5  6  7  8  9  A  B  C  D  E  F  0123456789ABCDEF
02199439  b6 24 3c 4a fe 98 f3 66                          .$<J...f
[+] Input data (first 2 bytes):
           0  1  2  3  4  5  6  7  8  9  A  B  C  D  E  F  0123456789ABCDEF
171afe9c  00 3c                                            .<
[+] Output data after DECRYPT (first 2 bytes):
           0  1  2  3  4  5  6  7  8  9  A  B  C  D  E  F  0123456789ABCDEF
02197820  24 00                                            $.
[>] Decrypt wrapper called — context: 0x2198022

[+] ======= BF_cfb64_encrypt call #729 =======
[+] Mode: DECRYPT
[+] Length: 42 bytes
[+] BF_KEY ptr: 0x219946c
[+] IV ptr: 0x2199439
[+] num ptr: 0x2199430 (value: 3)
[+] IV (8 bytes):
           0  1  2  3  4  5  6  7  8  9  A  B  C  D  E  F  0123456789ABCDEF
02199439  b6 00 3c 4a fe 98 f3 66                          ..<J...f
[+] Input data (first 42 bytes):
           0  1  2  3  4  5  6  7  8  9  A  B  C  D  E  F  0123456789ABCDEF
02198022  72 f6 b8 09 8d 1e ce f9 80 b3 f9 94 2f a5 d7 d0  r.........../...
02198032  17 6f 78 cf 34 24 fe 9f 66 94 12 86 f1 3e 53 72  .ox.4$..f....>Sr
02198042  ff 2c 26 27 e7 0a 9b 3d 68 6e                    .,&'...=hn
[+] Output data after DECRYPT (first 42 bytes):
           0  1  2  3  4  5  6  7  8  9  A  B  C  D  E  F  0123456789ABCDEF
02197820  38 08 20 fa eb ac 02 28 b7 b9 1a 38 c8 04 40 d4  8. ....(...8..@.
02197830  02 68 0e 88 01 02 90 01 00 a8 01 00 c8 01 00 d0  .h..............
02197840  01 00 54 51 53 65 72 76 65 72                    ..TQServer
[>] Decrypt wrapper called — context: 0x171afe9c

[+] ======= BF_cfb64_encrypt call #730 =======
[+] Mode: DECRYPT
[+] Length: 2 bytes
[+] BF_KEY ptr: 0x219946c
[+] IV ptr: 0x2199439
[+] num ptr: 0x2199430 (value: 5)
[+] IV (8 bytes):
           0  1  2  3  4  5  6  7  8  9  A  B  C  D  E  F  0123456789ABCDEF
02199439  0a 9b 3d 68 6e b3 97 09                          ..=hn...
[+] Input data (first 2 bytes):
           0  1  2  3  4  5  6  7  8  9  A  B  C  D  E  F  0123456789ABCDEF
171afe9c  83 97                                            ..
[+] Output data after DECRYPT (first 2 bytes):
           0  1  2  3  4  5  6  7  8  9  A  B  C  D  E  F  0123456789ABCDEF
02197820  30 00                                            0.
[>] Decrypt wrapper called — context: 0x2198022

[+] ======= BF_cfb64_encrypt call #731 =======
[+] Mode: DECRYPT
[+] Length: 54 bytes
[+] BF_KEY ptr: 0x219946c
[+] IV ptr: 0x2199439
[+] num ptr: 0x2199430 (value: 7)
[+] IV (8 bytes):
           0  1  2  3  4  5  6  7  8  9  A  B  C  D  E  F  0123456789ABCDEF
02199439  0a 9b 3d 68 6e 83 97 09                          ..=hn...
[+] Input data (first 54 bytes):
           0  1  2  3  4  5  6  7  8  9  A  B  C  D  E  F  0123456789ABCDEF
02198022  f7 59 24 52 ea 3b a6 e3 7f 2e 5d dc fe 80 1b bb  .Y$R.;....].....
02198032  79 ba d0 e0 d0 95 1c b0 1a 91 64 b1 f6 c3 8d 0e  y.........d.....
02198042  97 35 aa 0d 8c d3 28 d3 0d 4c 3a db 89 32 1a 05  .5....(..L:..2..
02198052  e8 4a d7 21 db c9                                .J.!..
[+] Output data after DECRYPT (first 54 bytes):
           0  1  2  3  4  5  6  7  8  9  A  B  C  D  E  F  0123456789ABCDEF
02197820  fe 07 08 b7 b9 1a 12 26 08 19 18 20 18 00 18 00  .......&... ....
02197830  18 00 18 00 18 00 18 00 18 00 18 00 18 00 18 00  ................
02197840  18 00 18 00 18 00 18 00 18 00 18 00 18 00 54 51  ..............TQ
02197850  53 65 72 76 65 72                                Server
[>] Decrypt wrapper called — context: 0x171afe9c

[+] ======= BF_cfb64_encrypt call #732 =======
[+] Mode: DECRYPT
[+] Length: 2 bytes
[+] BF_KEY ptr: 0x219946c
[+] IV ptr: 0x2199439
[+] num ptr: 0x2199430 (value: 5)
[+] IV (8 bytes):
           0  1  2  3  4  5  6  7  8  9  A  B  C  D  E  F  0123456789ABCDEF
02199439  4a d7 21 db c9 19 6c 0d                          J.!...l.
[+] Input data (first 2 bytes):
           0  1  2  3  4  5  6  7  8  9  A  B  C  D  E  F  0123456789ABCDEF
171afe9c  03 6c                                            .l
[+] Output data after DECRYPT (first 2 bytes):
           0  1  2  3  4  5  6  7  8  9  A  B  C  D  E  F  0123456789ABCDEF
02197820  1a 00                                            ..
[>] Decrypt wrapper called — context: 0x2198022

[+] ======= BF_cfb64_encrypt call #733 =======
[+] Mode: DECRYPT
[+] Length: 32 bytes
[+] BF_KEY ptr: 0x219946c
[+] IV ptr: 0x2199439
[+] num ptr: 0x2199430 (value: 7)
[+] IV (8 bytes):
           0  1  2  3  4  5  6  7  8  9  A  B  C  D  E  F  0123456789ABCDEF
02199439  4a d7 21 db c9 03 6c 0d                          J.!...l.
[+] Input data (first 32 bytes):
           0  1  2  3  4  5  6  7  8  9  A  B  C  D  E  F  0123456789ABCDEF
02198022  f3 fc 2f 73 82 8b 81 15 c3 dd d0 d6 2e fc c7 bb  ../s............
02198032  80 ad df de 9a 83 e2 b1 48 e1 69 eb 4d 80 54 3c  ........H.i.M.T<
[+] Output data after DECRYPT (first 32 bytes):
           0  1  2  3  4  5  6  7  8  9  A  B  C  D  E  F  0123456789ABCDEF
02197820  fe 07 08 fa eb ac 02 12 08 08 ff ff ff ff 0f 10  ................
02197830  00 12 05 08 05 10 82 07 54 51 53 65 72 76 65 72  ........TQServer
[>] Encrypt wrapper called — context: 0x2198820

[+] ======= BF_cfb64_encrypt call #734 =======
[+] Mode: ENCRYPT
[+] Length: 48 bytes
[+] BF_KEY ptr: 0x219946c
[+] IV ptr: 0x2199441
[+] num ptr: 0x2199434 (value: 3)
[+] IV (8 bytes):
           0  1  2  3  4  5  6  7  8  9  A  B  C  D  E  F  0123456789ABCDEF
02199441  e5 60 f6 00 8c 3b 37 ea                          .`...;7.
[+] Input data (first 48 bytes):
           0  1  2  3  4  5  6  7  8  9  A  B  C  D  E  F  0123456789ABCDEF
02198820  30 00 33 08 08 fa eb ac 02 38 b7 04 40 cc 02 48  0.3......8..@..H
02198830  b3 9a 9e a3 04 60 89 01 68 03 70 c4 04 78 d4 02  .....`..h.p..x..
02198840  88 01 ea 07 a0 01 ff ff ff ff ff ff ff ff ff 01  ................
[+] Output data after ENCRYPT (first 48 bytes):
           0  1  2  3  4  5  6  7  8  9  A  B  C  D  E  F  0123456789ABCDEF
02197820  30 8c 08 3f e2 c8 21 59 f3 3c 01 e9 3c 50 84 ef  0..?..!Y.<..<P..
02197830  8b 54 70 8c b5 2e 35 52 b7 de db 99 10 1b 74 29  .Tp...5R......t)
02197840  56 a9 4e da 65 e3 e4 87 47 67 6d 0e 88 15 5b 52  V.N.e...Ggm...[R
[>] Encrypt wrapper called — context: 0x16f83f8

[+] ======= BF_cfb64_encrypt call #735 =======
[+] Mode: ENCRYPT
[+] Length: 8 bytes
[+] BF_KEY ptr: 0x219946c
[+] IV ptr: 0x2199441
[+] num ptr: 0x2199434 (value: 3)
[+] IV (8 bytes):
           0  1  2  3  4  5  6  7  8  9  A  B  C  D  E  F  0123456789ABCDEF
02199441  15 5b 52 50 11 5f bf 34                          .[RP._.4
[+] Input data (first 8 bytes):
           0  1  2  3  4  5  6  7  8  9  A  B  C  D  E  F  0123456789ABCDEF
016f83f8  54 51 43 6c 69 65 6e 74                          TQClient
[+] Output data after ENCRYPT (first 8 bytes):
           0  1  2  3  4  5  6  7  8  9  A  B  C  D  E  F  0123456789ABCDEF
02197820  04 40 1c d3 5d e0 3a 2f                          .@..].:/
[>] Decrypt wrapper called — context: 0x171afe9c

[+] ======= BF_cfb64_encrypt call #736 =======
[+] Mode: DECRYPT
[+] Length: 2 bytes
[+] BF_KEY ptr: 0x219946c
[+] IV ptr: 0x2199439
[+] num ptr: 0x2199430 (value: 7)
[+] IV (8 bytes):
           0  1  2  3  4  5  6  7  8  9  A  B  C  D  E  F  0123456789ABCDEF
02199439  e1 69 eb 4d 80 54 3c e8                          .i.M.T<.
[+] Input data (first 2 bytes):
           0  1  2  3  4  5  6  7  8  9  A  B  C  D  E  F  0123456789ABCDEF
171afe9c  cf 85                                            ..
[+] Output data after DECRYPT (first 2 bytes):
           0  1  2  3  4  5  6  7  8  9  A  B  C  D  E  F  0123456789ABCDEF
02197820  27 00                                            '.
[>] Decrypt wrapper called — context: 0x2198022

[+] ======= BF_cfb64_encrypt call #737 =======
[+] Mode: DECRYPT
[+] Length: 45 bytes
[+] BF_KEY ptr: 0x219946c
[+] IV ptr: 0x2199439
[+] num ptr: 0x2199430 (value: 1)
[+] IV (8 bytes):
           0  1  2  3  4  5  6  7  8  9  A  B  C  D  E  F  0123456789ABCDEF
02199439  85 cd 3f cf d9 a6 9c f3                          ..?.....
[+] Input data (first 45 bytes):
           0  1  2  3  4  5  6  7  8  9  A  B  C  D  E  F  0123456789ABCDEF
02198022  fe 37 c7 23 4d 30 f1 af fd 13 cd 5d 50 ba 96 c7  .7.#M0.....]P...
02198032  bc 3e 3b 97 a0 fe e6 bd 0d 91 ff 6e 3c c2 a4 40  .>;........n<..@
02198042  63 24 ac 54 a7 c9 b9 ed c0 28 31 c7 95           c$.T.....(1..
[+] Output data after DECRYPT (first 45 bytes):
           0  1  2  3  4  5  6  7  8  9  A  B  C  D  E  F  0123456789ABCDEF
02197820  33 08 08 fa eb ac 02 38 b7 04 40 cc 02 48 ac e0  3......8..@..H..
02197830  d5 e0 01 60 89 01 68 03 70 c4 04 78 d4 02 88 01  ...`..h.p..x....
02197840  ea 07 b8 01 00 54 51 53 65 72 76 65 72           .....TQServer
[>] Decrypt wrapper called — context: 0x171afe9c

[+] ======= BF_cfb64_encrypt call #738 =======
[+] Mode: DECRYPT
[+] Length: 2 bytes
[+] BF_KEY ptr: 0x219946c
[+] IV ptr: 0x2199439
[+] num ptr: 0x2199430 (value: 6)
[+] IV (8 bytes):
           0  1  2  3  4  5  6  7  8  9  A  B  C  D  E  F  0123456789ABCDEF
02199439  ed c0 28 31 c7 95 e7 aa                          ..(1....
[+] Input data (first 2 bytes):
           0  1  2  3  4  5  6  7  8  9  A  B  C  D  E  F  0123456789ABCDEF
171afe9c  79 aa                                            y.
[+] Output data after DECRYPT (first 2 bytes):
           0  1  2  3  4  5  6  7  8  9  A  B  C  D  E  F  0123456789ABCDEF
02197820  9e 00                                            ..
[>] Decrypt wrapper called — context: 0x2198022

[+] ======= BF_cfb64_encrypt call #739 =======
[+] Mode: DECRYPT
[+] Length: 164 bytes
[+] BF_KEY ptr: 0x219946c
[+] IV ptr: 0x2199439
[+] num ptr: 0x2199430 (value: 0)
[+] IV (8 bytes):
           0  1  2  3  4  5  6  7  8  9  A  B  C  D  E  F  0123456789ABCDEF
02199439  ed c0 28 31 c7 95 79 aa                          ..(1..y.
[+] Input data (first 64 bytes):
           0  1  2  3  4  5  6  7  8  9  A  B  C  D  E  F  0123456789ABCDEF
02198022  a0 18 df d9 4e 99 7b 96 bc 0d a4 1f c9 eb 30 ef  ....N.{.......0.
02198032  0a b5 e2 ff 12 c6 35 18 18 30 ab c5 57 0b 2d bc  ......5..0..W.-.
02198042  b9 e1 8c 28 7c 75 eb 6d fd 25 bf 6d 07 5f bd 51  ...(|u.m.%.m._.Q
02198052  4c c8 01 b9 35 7b 75 00 53 55 13 5c 2c 3b 4d ed  L...5{u.SU.\,;M.
[+] Output data after DECRYPT (first 64 bytes):
           0  1  2  3  4  5  6  7  8  9  A  B  C  D  E  F  0123456789ABCDEF
02197820  f4 08 08 e7 01 10 e3 cb 1a 18 00 20 00 28 00 30  ........... .(.0
02197830  00 30 00 30 00 30 00 30 00 30 00 30 00 30 00 30  .0.0.0.0.0.0.0.0
02197840  00 30 00 30 00 30 00 30 00 30 00 30 00 30 00 30  .0.0.0.0.0.0.0.0
02197850  00 30 00 40 00 48 00 50 00 58 00 60 00 78 00 b8  .0.@.H.P.X.`.x..
[>] Decrypt wrapper called — context: 0x171afe9c

[+] ======= BF_cfb64_encrypt call #740 =======
[+] Mode: DECRYPT
[+] Length: 2 bytes
[+] BF_KEY ptr: 0x219946c
[+] IV ptr: 0x2199439
[+] num ptr: 0x2199430 (value: 4)
[+] IV (8 bytes):
           0  1  2  3  4  5  6  7  8  9  A  B  C  D  E  F  0123456789ABCDEF
02199439  a6 7f 21 26 11 9d d0 2f                          ..!&.../
[+] Input data (first 2 bytes):
           0  1  2  3  4  5  6  7  8  9  A  B  C  D  E  F  0123456789ABCDEF
171afe9c  8f 9d                                            ..
[+] Output data after DECRYPT (first 2 bytes):
           0  1  2  3  4  5  6  7  8  9  A  B  C  D  E  F  0123456789ABCDEF
02197820  9e 00                                            ..
[>] Decrypt wrapper called — context: 0x2198022

[+] ======= BF_cfb64_encrypt call #741 =======
[+] Mode: DECRYPT
[+] Length: 164 bytes
[+] BF_KEY ptr: 0x219946c
[+] IV ptr: 0x2199439
[+] num ptr: 0x2199430 (value: 6)
[+] IV (8 bytes):
           0  1  2  3  4  5  6  7  8  9  A  B  C  D  E  F  0123456789ABCDEF
02199439  a6 7f 21 26 8f 9d d0 2f                          ..!&.../
[+] Input data (first 64 bytes):
           0  1  2  3  4  5  6  7  8  9  A  B  C  D  E  F  0123456789ABCDEF
02198022  24 27 74 cb cf a9 9a e8 59 87 0f 24 04 b7 d8 e9  $'t.....Y..$....
02198032  89 9f 79 c3 aa ee c7 9a 1e 4d 07 ea dd a4 5b 2b  ..y......M....[+
02198042  aa 52 11 95 14 44 a2 72 d5 44 a0 11 36 f9 d6 6f  .R...D.r.D..6..o
02198052  83 4d 52 5c fa 73 72 ce c3 67 0d ef d6 46 03 47  .MR\.sr..g...F.G
[+] Output data after DECRYPT (first 64 bytes):
           0  1  2  3  4  5  6  7  8  9  A  B  C  D  E  F  0123456789ABCDEF
02197820  f4 08 08 e7 01 10 f7 cc 1a 18 00 20 00 28 00 30  ........... .(.0
02197830  00 30 00 30 00 30 00 30 00 30 00 30 00 30 00 30  .0.0.0.0.0.0.0.0
02197840  00 30 00 30 00 30 00 30 00 30 00 30 00 30 00 30  .0.0.0.0.0.0.0.0
02197850  00 30 00 40 00 48 00 50 00 58 00 60 00 78 00 b8  .0.@.H.P.X.`.x..
[>] Decrypt wrapper called — context: 0x171afe9c

[+] ======= BF_cfb64_encrypt call #742 =======
[+] Mode: DECRYPT
[+] Length: 2 bytes
[+] BF_KEY ptr: 0x219946c
[+] IV ptr: 0x2199439
[+] num ptr: 0x2199430 (value: 2)
[+] IV (8 bytes):
           0  1  2  3  4  5  6  7  8  9  A  B  C  D  E  F  0123456789ABCDEF
02199439  bc 71 20 40 3e ed 25 8d                          .q @>.%.
[+] Input data (first 2 bytes):
           0  1  2  3  4  5  6  7  8  9  A  B  C  D  E  F  0123456789ABCDEF
171afe9c  be 40                                            .@
[+] Output data after DECRYPT (first 2 bytes):
           0  1  2  3  4  5  6  7  8  9  A  B  C  D  E  F  0123456789ABCDEF
02197820  9e 00                                            ..
[>] Decrypt wrapper called — context: 0x2198022

[+] ======= BF_cfb64_encrypt call #743 =======
[+] Mode: DECRYPT
[+] Length: 164 bytes
[+] BF_KEY ptr: 0x219946c
[+] IV ptr: 0x2199439
[+] num ptr: 0x2199430 (value: 4)
[+] IV (8 bytes):
           0  1  2  3  4  5  6  7  8  9  A  B  C  D  E  F  0123456789ABCDEF
02199439  bc 71 be 40 3e ed 25 8d                          .q.@>.%.
[+] Input data (first 64 bytes):
           0  1  2  3  4  5  6  7  8  9  A  B  C  D  E  F  0123456789ABCDEF
02198022  ca e5 2d 6a 81 3e a8 84 72 8d e4 89 1f 3c 8f 30  ..-j.>..r....<.0
02198032  5a f1 d0 bd 1a be a3 a0 cb 24 01 98 1f 1a fb bc  Z........$......
02198042  a2 48 85 53 bd 3e 4a cf 33 b9 66 73 88 c7 2f 9d  .H.S.>J.3.fs../.
02198052  42 1f 40 80 42 72 7d cc 1e 68 45 c6 53 8e 79 31  B.@.Br}..hE.S.y1
[+] Output data after DECRYPT (first 64 bytes):
           0  1  2  3  4  5  6  7  8  9  A  B  C  D  E  F  0123456789ABCDEF
02197820  f4 08 08 e7 01 10 e8 cc 1a 18 00 20 00 28 00 30  ........... .(.0
02197830  00 30 00 30 00 30 00 30 00 30 00 30 00 30 00 30  .0.0.0.0.0.0.0.0
02197840  00 30 00 30 00 30 00 30 00 30 00 30 00 30 00 30  .0.0.0.0.0.0.0.0
02197850  00 30 00 40 00 48 00 50 00 58 00 60 00 78 00 b8  .0.@.H.P.X.`.x..
[>] Decrypt wrapper called — context: 0x171afe9c

[+] ======= BF_cfb64_encrypt call #744 =======
[+] Mode: DECRYPT
[+] Length: 2 bytes
[+] BF_KEY ptr: 0x219946c
[+] IV ptr: 0x2199439
[+] num ptr: 0x2199430 (value: 0)
[+] IV (8 bytes):
           0  1  2  3  4  5  6  7  8  9  A  B  C  D  E  F  0123456789ABCDEF
02199439  d8 d8 78 8c 12 ea e1 a9                          ..x.....
[+] Input data (first 2 bytes):
           0  1  2  3  4  5  6  7  8  9  A  B  C  D  E  F  0123456789ABCDEF
171afe9c  87 bf                                            ..
[+] Output data after DECRYPT (first 2 bytes):
           0  1  2  3  4  5  6  7  8  9  A  B  C  D  E  F  0123456789ABCDEF
02197820  9e 00                                            ..
[>] Decrypt wrapper called — context: 0x2198022

[+] ======= BF_cfb64_encrypt call #745 =======
[+] Mode: DECRYPT
[+] Length: 164 bytes
[+] BF_KEY ptr: 0x219946c
[+] IV ptr: 0x2199439
[+] num ptr: 0x2199430 (value: 2)
[+] IV (8 bytes):
           0  1  2  3  4  5  6  7  8  9  A  B  C  D  E  F  0123456789ABCDEF
02199439  87 bf bb 75 31 52 1f b3                          ...u1R..
[+] Input data (first 64 bytes):
           0  1  2  3  4  5  6  7  8  9  A  B  C  D  E  F  0123456789ABCDEF
02198022  4f 7d 39 b5 1e a3 7c 07 aa f7 e7 72 98 dc bf 8f  O}9...|....r....
02198032  6c b1 12 08 cd c1 99 ed cb 2c 70 a9 63 13 7f 27  l........,p.c..'
02198042  c5 73 86 a1 dc 22 f9 43 32 ff 31 41 12 de 97 e4  .s...".C2.1A....
02198052  c2 6c ae 40 22 81 49 e0 56 8d 95 82 50 7e 88 24  .l.@".I.V...P~.$
[+] Output data after DECRYPT (first 64 bytes):
           0  1  2  3  4  5  6  7  8  9  A  B  C  D  E  F  0123456789ABCDEF
02197820  f4 08 08 e7 01 10 ba cf 1a 18 00 20 00 28 00 30  ........... .(.0
02197830  00 30 00 30 00 30 00 30 00 30 00 30 00 30 00 30  .0.0.0.0.0.0.0.0
02197840  00 30 00 30 00 30 00 30 00 30 00 30 00 30 00 30  .0.0.0.0.0.0.0.0
02197850  00 30 00 40 00 48 00 50 00 58 00 60 00 78 00 b8  .0.@.H.P.X.`.x..
[>] Decrypt wrapper called — context: 0x171afe9c

[+] ======= BF_cfb64_encrypt call #746 =======
[+] Mode: DECRYPT
[+] Length: 2 bytes
[+] BF_KEY ptr: 0x219946c
[+] IV ptr: 0x2199439
[+] num ptr: 0x2199430 (value: 6)
[+] IV (8 bytes):
           0  1  2  3  4  5  6  7  8  9  A  B  C  D  E  F  0123456789ABCDEF
02199439  c2 58 86 46 b6 81 76 bf                          .X.F..v.
[+] Input data (first 2 bytes):
           0  1  2  3  4  5  6  7  8  9  A  B  C  D  E  F  0123456789ABCDEF
171afe9c  e8 bf                                            ..
[+] Output data after DECRYPT (first 2 bytes):
           0  1  2  3  4  5  6  7  8  9  A  B  C  D  E  F  0123456789ABCDEF
02197820  9e 00                                            ..
[>] Decrypt wrapper called — context: 0x2198022

[+] ======= BF_cfb64_encrypt call #747 =======
[+] Mode: DECRYPT
[+] Length: 164 bytes
[+] BF_KEY ptr: 0x219946c
[+] IV ptr: 0x2199439
[+] num ptr: 0x2199430 (value: 0)
[+] IV (8 bytes):
           0  1  2  3  4  5  6  7  8  9  A  B  C  D  E  F  0123456789ABCDEF
02199439  c2 58 86 46 b6 81 e8 bf                          .X.F....
[+] Input data (first 64 bytes):
           0  1  2  3  4  5  6  7  8  9  A  B  C  D  E  F  0123456789ABCDEF
02198022  fb ba 44 18 cc 29 21 1e 52 ef 41 85 54 10 16 49  ..D..)!.R.A.T..I
02198032  0f 5b f1 89 f8 c7 39 6a 9c 19 d7 57 c6 b6 85 69  .[....9j...W...i
02198042  17 00 7e 85 99 df fe 56 7a 00 9d 51 11 7d 67 62  ..~....Vz..Q.}gb
02198052  a3 47 be a8 21 31 70 8a 40 40 0b 06 3d e9 13 f0  .G..!1p.@@..=...
[+] Output data after DECRYPT (first 64 bytes):
           0  1  2  3  4  5  6  7  8  9  A  B  C  D  E  F  0123456789ABCDEF
02197820  f4 08 08 e7 01 10 b9 d0 18 18 00 20 00 28 00 30  ........... .(.0
02197830  00 30 00 30 00 30 00 30 00 30 00 30 00 30 00 30  .0.0.0.0.0.0.0.0
02197840  00 30 00 30 00 30 00 30 00 30 00 30 00 30 00 30  .0.0.0.0.0.0.0.0
02197850  00 30 00 40 00 48 00 50 00 58 00 60 00 78 00 b8  .0.@.H.P.X.`.x..
[>] Decrypt wrapper called — context: 0x171afe9c

[+] ======= BF_cfb64_encrypt call #748 =======
[+] Mode: DECRYPT
[+] Length: 2 bytes
[+] BF_KEY ptr: 0x219946c
[+] IV ptr: 0x2199439
[+] num ptr: 0x2199430 (value: 4)
[+] IV (8 bytes):
           0  1  2  3  4  5  6  7  8  9  A  B  C  D  E  F  0123456789ABCDEF
02199439  11 50 b6 9e f5 b8 25 20                          .P....% 
[+] Input data (first 2 bytes):
           0  1  2  3  4  5  6  7  8  9  A  B  C  D  E  F  0123456789ABCDEF
171afe9c  6b b8                                            k.
[+] Output data after DECRYPT (first 2 bytes):
           0  1  2  3  4  5  6  7  8  9  A  B  C  D  E  F  0123456789ABCDEF
02197820  9e 00                                            ..
[>] Decrypt wrapper called — context: 0x2198022

[+] ======= BF_cfb64_encrypt call #749 =======
[+] Mode: DECRYPT
[+] Length: 164 bytes
[+] BF_KEY ptr: 0x219946c
[+] IV ptr: 0x2199439
[+] num ptr: 0x2199430 (value: 6)
[+] IV (8 bytes):
           0  1  2  3  4  5  6  7  8  9  A  B  C  D  E  F  0123456789ABCDEF
02199439  11 50 b6 9e 6b b8 25 20                          .P..k.% 
[+] Input data (first 64 bytes):
           0  1  2  3  4  5  6  7  8  9  A  B  C  D  E  F  0123456789ABCDEF
02198022  d1 28 b7 12 da 88 4a 7e a1 f7 07 af e4 ac ee cf  .(....J~........
02198032  58 ee f0 5d 0a a2 8b 55 d3 a5 96 71 c1 22 c8 85  X..]...U...q."..
02198042  f8 f0 94 7d 95 b1 f0 23 1e 37 b0 3a f6 bb 45 f7  ...}...#.7.:..E.
02198052  4f 17 3d 9b 4b 81 c6 c8 f8 91 41 3d 49 99 cb 1b  O.=.K.....A=I...
[+] Output data after DECRYPT (first 64 bytes):
           0  1  2  3  4  5  6  7  8  9  A  B  C  D  E  F  0123456789ABCDEF
02197820  f4 08 08 e7 01 10 d2 d0 18 18 00 20 00 28 00 30  ........... .(.0
02197830  00 30 00 30 00 30 00 30 00 30 00 30 00 30 00 30  .0.0.0.0.0.0.0.0
02197840  00 30 00 30 00 30 00 30 00 30 00 30 00 30 00 30  .0.0.0.0.0.0.0.0
02197850  00 30 00 40 00 48 00 50 00 58 00 60 00 78 00 b8  .0.@.H.P.X.`.x..
[>] Decrypt wrapper called — context: 0x171afe9c

[+] ======= BF_cfb64_encrypt call #750 =======
[+] Mode: DECRYPT
[+] Length: 2 bytes
[+] BF_KEY ptr: 0x219946c
[+] IV ptr: 0x2199439
[+] num ptr: 0x2199430 (value: 2)
[+] IV (8 bytes):
           0  1  2  3  4  5  6  7  8  9  A  B  C  D  E  F  0123456789ABCDEF
02199439  16 e5 f9 b2 60 a6 14 85                          ....`...
[+] Input data (first 2 bytes):
           0  1  2  3  4  5  6  7  8  9  A  B  C  D  E  F  0123456789ABCDEF
171afe9c  a5 b2                                            ..
[+] Output data after DECRYPT (first 2 bytes):
           0  1  2  3  4  5  6  7  8  9  A  B  C  D  E  F  0123456789ABCDEF
02197820  5c 00                                            \.
[>] Decrypt wrapper called — context: 0x2198022

[+] ======= BF_cfb64_encrypt call #751 =======
[+] Mode: DECRYPT
[+] Length: 98 bytes
[+] BF_KEY ptr: 0x219946c
[+] IV ptr: 0x2199439
[+] num ptr: 0x2199430 (value: 4)
[+] IV (8 bytes):
           0  1  2  3  4  5  6  7  8  9  A  B  C  D  E  F  0123456789ABCDEF
02199439  16 e5 a5 b2 60 a6 14 85                          ....`...
[+] Input data (first 64 bytes):
           0  1  2  3  4  5  6  7  8  9  A  B  C  D  E  F  0123456789ABCDEF
02198022  71 ec 07 85 79 52 04 38 06 5c 9b 64 1d d2 86 ea  q...yR.8.\.d....
02198032  b1 4e 99 f5 28 35 95 d9 92 6b 03 08 8f f9 e1 a6  .N..(5...k......
02198042  fb 34 b0 be 2e bd e0 e8 1e b4 54 e7 d0 5f b1 8a  .4........T.._..
02198052  4d 15 4c 29 58 5f 54 92 07 70 ce 15 23 7b 95 11  M.L)X_T..p..#{..
[+] Output data after DECRYPT (first 64 bytes):
           0  1  2  3  4  5  6  7  8  9  A  B  C  D  E  F  0123456789ABCDEF
02197820  11 4a 13 00 7c e0 21 85 4f 92 c5 04 70 71 fb 47  .J..|.!.O...pq.G
02197830  72 b3 6b d5 20 5c a2 16 50 a4 92 a5 9a a3 05 f4  r.k. \..P.......
02197840  ec a2 d9 e2 07 5e 28 bf ca 19 50 bb 70 d5 d8 59  .....^(...P.p..Y
02197850  a7 fc 35 a0 7e a0 71 87 42 dd b2 40 33 b3 9e 03  ..5.~.q.B..@3...
[>] Decrypt wrapper called — context: 0x171afe9c

[+] ======= BF_cfb64_encrypt call #752 =======
[+] Mode: DECRYPT
[+] Length: 2 bytes
[+] BF_KEY ptr: 0x219946c
[+] IV ptr: 0x2199439
[+] num ptr: 0x2199430 (value: 6)
[+] IV (8 bytes):
           0  1  2  3  4  5  6  7  8  9  A  B  C  D  E  F  0123456789ABCDEF
02199439  22 94 c9 db c6 58 9a f7                          "....X..
[+] Input data (first 2 bytes):
           0  1  2  3  4  5  6  7  8  9  A  B  C  D  E  F  0123456789ABCDEF
171afe9c  ba f7                                            ..
[+] Output data after DECRYPT (first 2 bytes):
           0  1  2  3  4  5  6  7  8  9  A  B  C  D  E  F  0123456789ABCDEF
02197820  20 00                                             .
[>] Decrypt wrapper called — context: 0x2198022

[+] ======= BF_cfb64_encrypt call #753 =======
[+] Mode: DECRYPT
[+] Length: 38 bytes
[+] BF_KEY ptr: 0x219946c
[+] IV ptr: 0x2199439
[+] num ptr: 0x2199430 (value: 0)
[+] IV (8 bytes):
           0  1  2  3  4  5  6  7  8  9  A  B  C  D  E  F  0123456789ABCDEF
02199439  22 94 c9 db c6 58 ba f7                          "....X..
[+] Input data (first 38 bytes):
           0  1  2  3  4  5  6  7  8  9  A  B  C  D  E  F  0123456789ABCDEF
02198022  3f 66 e0 5c f1 05 f2 af 39 53 f9 28 96 d8 32 1e  ?f.\....9S.(..2.
02198032  a0 5f 56 17 b8 eb fd 39 0f 47 8b a2 28 02 7f a0  ._V....9.G..(...
02198042  a8 05 3b 30 1d 25                                ..;0.%
[+] Output data after DECRYPT (first 38 bytes):
           0  1  2  3  4  5  6  7  8  9  A  B  C  D  E  F  0123456789ABCDEF
02197820  e4 07 fa 35 4b 00 00 00 00 00 89 98 30 d5 d0 b9  ...5K.......0...
02197830  d1 33 ba a9 7c 7b ad ac 84 c6 00 00 00 00 54 51  .3..|{........TQ
02197840  53 65 72 76 65 72                                Server
[>] Decrypt wrapper called — context: 0x171afe9c

[+] ======= BF_cfb64_encrypt call #754 =======
[+] Mode: DECRYPT
[+] Length: 2 bytes
[+] BF_KEY ptr: 0x219946c
[+] IV ptr: 0x2199439
[+] num ptr: 0x2199430 (value: 6)
[+] IV (8 bytes):
           0  1  2  3  4  5  6  7  8  9  A  B  C  D  E  F  0123456789ABCDEF
02199439  a8 05 3b 30 1d 25 83 45                          ..;0.%.E
[+] Input data (first 2 bytes):
           0  1  2  3  4  5  6  7  8  9  A  B  C  D  E  F  0123456789ABCDEF
171afe9c  9a 45                                            .E
[+] Output data after DECRYPT (first 2 bytes):
           0  1  2  3  4  5  6  7  8  9  A  B  C  D  E  F  0123456789ABCDEF
02197820  19 00                                            ..
[>] Decrypt wrapper called — context: 0x2198022

[+] ======= BF_cfb64_encrypt call #755 =======
[+] Mode: DECRYPT
[+] Length: 31 bytes
[+] BF_KEY ptr: 0x219946c
[+] IV ptr: 0x2199439
[+] num ptr: 0x2199430 (value: 0)
[+] IV (8 bytes):
           0  1  2  3  4  5  6  7  8  9  A  B  C  D  E  F  0123456789ABCDEF
02199439  a8 05 3b 30 1d 25 9a 45                          ..;0.%.E
[+] Input data (first 31 bytes):
           0  1  2  3  4  5  6  7  8  9  A  B  C  D  E  F  0123456789ABCDEF
02198022  ae 19 c6 0c c9 94 5a 92 66 d8 fe 82 85 f8 a6 a1  ......Z.f.......
02198032  0b a6 1f a5 ef e2 45 fe 90 7a d5 25 74 6b e9     ......E..z.%tk.
[+] Output data after DECRYPT (first 31 bytes):
           0  1  2  3  4  5  6  7  8  9  A  B  C  D  E  F  0123456789ABCDEF
02197820  fe 07 08 fa eb ac 02 12 08 08 ff ff ff ff 0f 10  ................
02197830  00 12 04 08 1b 10 17 54 51 53 65 72 76 65 72     .......TQServer
[>] Encrypt wrapper called — context: 0x2198820

[+] ======= BF_cfb64_encrypt call #756 =======
[+] Mode: ENCRYPT
[+] Length: 32 bytes
[+] BF_KEY ptr: 0x219946c
[+] IV ptr: 0x2199441
[+] num ptr: 0x2199434 (value: 3)
[+] IV (8 bytes):
           0  1  2  3  4  5  6  7  8  9  A  B  C  D  E  F  0123456789ABCDEF
02199441  e0 3a 2f d7 bf 90 50 a0                          .:/...P.
[+] Input data (first 32 bytes):
           0  1  2  3  4  5  6  7  8  9  A  B  C  D  E  F  0123456789ABCDEF
02198820  20 00 e4 07 fa 35 4b 00 55 71 85 47 89 6f 18 68   ....5K.Uq.G.o.h
02198830  9a 60 6a 64 98 06 41 26 7e 6a e3 71 03 57 4b 9d  .`jd..A&~j.q.WK.
[+] Output data after ENCRYPT (first 32 bytes):
           0  1  2  3  4  5  6  7  8  9  A  B  C  D  E  F  0123456789ABCDEF
02197820  f7 bf 74 57 5a 75 cd 9b 49 a5 d5 50 dc a2 1a 1f  ..tWZu..I..P....
02197830  5c 57 a9 bf a2 71 20 a5 0a 88 e9 8f c9 09 da e6  \W...q .........
[>] Encrypt wrapper called — context: 0x16f83f8

[+] ======= BF_cfb64_encrypt call #757 =======
[+] Mode: ENCRYPT
[+] Length: 8 bytes
[+] BF_KEY ptr: 0x219946c
[+] IV ptr: 0x2199441
[+] num ptr: 0x2199434 (value: 3)
[+] IV (8 bytes):
           0  1  2  3  4  5  6  7  8  9  A  B  C  D  E  F  0123456789ABCDEF
02199441  09 da e6 05 30 0a 31 a1                          ....0.1.
[+] Input data (first 8 bytes):
           0  1  2  3  4  5  6  7  8  9  A  B  C  D  E  F  0123456789ABCDEF
016f83f8  54 51 43 6c 69 65 6e 74                          TQClient
[+] Output data after ENCRYPT (first 8 bytes):
           0  1  2  3  4  5  6  7  8  9  A  B  C  D  E  F  0123456789ABCDEF
02197820  51 61 49 5d c8 38 db 75                          QaI].8.u
[>] Encrypt wrapper called — context: 0x2198820

[+] ======= BF_cfb64_encrypt call #758 =======
[+] Mode: ENCRYPT
[+] Length: 48 bytes
[+] BF_KEY ptr: 0x219946c
[+] IV ptr: 0x2199441
[+] num ptr: 0x2199434 (value: 3)
[+] IV (8 bytes):
           0  1  2  3  4  5  6  7  8  9  A  B  C  D  E  F  0123456789ABCDEF
02199441  38 db 75 74 54 41 f9 89                          8.utTA..
[+] Input data (first 48 bytes):
           0  1  2  3  4  5  6  7  8  9  A  B  C  D  E  F  0123456789ABCDEF
02198820  30 00 33 08 08 fa eb ac 02 38 ac 04 40 c5 02 48  0.3......8..@..H
02198830  83 a1 9e a3 04 60 89 01 68 03 70 b7 04 78 cc 02  .....`..h.p..x..
02198840  88 01 ea 07 a0 01 ff ff ff ff ff ff ff ff ff 01  ................
[+] Output data after ENCRYPT (first 48 bytes):
           0  1  2  3  4  5  6  7  8  9  A  B  C  D  E  F  0123456789ABCDEF
02197820  44 54 72 f1 81 9b 33 be ad ae 57 2d a0 55 fe 76  DTr...3...W-.U.v
02197830  58 90 7e 3b b3 fd 8c 94 05 cd 5b 8a 61 57 5e 26  X.~;......[.aW^&
02197840  95 c1 61 fd 24 7f ad b8 72 22 2a 7a ae f2 78 44  ..a.$...r"*z..xD
[>] Encrypt wrapper called — context: 0x16f83f8

[+] ======= BF_cfb64_encrypt call #759 =======
[+] Mode: ENCRYPT
[+] Length: 8 bytes
[+] BF_KEY ptr: 0x219946c
[+] IV ptr: 0x2199441
[+] num ptr: 0x2199434 (value: 3)
[+] IV (8 bytes):
           0  1  2  3  4  5  6  7  8  9  A  B  C  D  E  F  0123456789ABCDEF
02199441  f2 78 44 5d c0 f5 aa 5d                          .xD]...]
[+] Input data (first 8 bytes):
           0  1  2  3  4  5  6  7  8  9  A  B  C  D  E  F  0123456789ABCDEF
016f83f8  54 51 43 6c 69 65 6e 74                          TQClient
[+] Output data after ENCRYPT (first 8 bytes):
           0  1  2  3  4  5  6  7  8  9  A  B  C  D  E  F  0123456789ABCDEF
02197820  09 91 b6 c6 34 07 af 38                          ....4..8
[>] Decrypt wrapper called — context: 0x171afe9c

[+] ======= BF_cfb64_encrypt call #760 =======
[+] Mode: DECRYPT
[+] Length: 2 bytes
[+] BF_KEY ptr: 0x219946c
[+] IV ptr: 0x2199439
[+] num ptr: 0x2199430 (value: 7)
[+] IV (8 bytes):
           0  1  2  3  4  5  6  7  8  9  A  B  C  D  E  F  0123456789ABCDEF
02199439  90 7a d5 25 74 6b e9 f6                          .z.%tk..
[+] Input data (first 2 bytes):
           0  1  2  3  4  5  6  7  8  9  A  B  C  D  E  F  0123456789ABCDEF
171afe9c  d1 e1                                            ..
[+] Output data after DECRYPT (first 2 bytes):
           0  1  2  3  4  5  6  7  8  9  A  B  C  D  E  F  0123456789ABCDEF
02197820  27 00                                            '.
[>] Decrypt wrapper called — context: 0x2198022

[+] ======= BF_cfb64_encrypt call #761 =======
[+] Mode: DECRYPT
[+] Length: 45 bytes
[+] BF_KEY ptr: 0x219946c
[+] IV ptr: 0x2199439
[+] num ptr: 0x2199430 (value: 1)
[+] IV (8 bytes):
           0  1  2  3  4  5  6  7  8  9  A  B  C  D  E  F  0123456789ABCDEF
02199439  e1 a3 d9 2d 46 62 be 50                          ...-Fb.P
[+] Input data (first 45 bytes):
           0  1  2  3  4  5  6  7  8  9  A  B  C  D  E  F  0123456789ABCDEF
02198022  90 d1 25 bc 89 12 52 60 93 45 f0 71 2e 64 c1 d8  ..%...R`.E.q.d..
02198032  49 38 28 00 0c 17 66 04 56 41 c0 d2 fc af 5c 80  I8(...f.VA....\.
02198042  a0 99 90 60 bd 50 86 de 5c 22 8e 8d e1           ...`.P..\"...
[+] Output data after DECRYPT (first 45 bytes):
           0  1  2  3  4  5  6  7  8  9  A  B  C  D  E  F  0123456789ABCDEF
02197820  33 08 08 fa eb ac 02 38 ac 04 40 c5 02 48 8a e7  3......8..@..H..
02197830  d5 e0 01 60 89 01 68 03 70 b7 04 78 cc 02 88 01  ...`..h.p..x....
02197840  ea 07 b8 01 00 54 51 53 65 72 76 65 72           .....TQServer
[>] Decrypt wrapper called — context: 0x171afe9c

[+] ======= BF_cfb64_encrypt call #762 =======
[+] Mode: DECRYPT
[+] Length: 2 bytes
[+] BF_KEY ptr: 0x219946c
[+] IV ptr: 0x2199439
[+] num ptr: 0x2199430 (value: 6)
[+] IV (8 bytes):
           0  1  2  3  4  5  6  7  8  9  A  B  C  D  E  F  0123456789ABCDEF
02199439  de 5c 22 8e 8d e1 fe 01                          .\".....
[+] Input data (first 2 bytes):
           0  1  2  3  4  5  6  7  8  9  A  B  C  D  E  F  0123456789ABCDEF
171afe9c  60 01                                            `.
[+] Output data after DECRYPT (first 2 bytes):
           0  1  2  3  4  5  6  7  8  9  A  B  C  D  E  F  0123456789ABCDEF
02197820  9e 00                                            ..
[>] Decrypt wrapper called — context: 0x2198022

[+] ======= BF_cfb64_encrypt call #763 =======
[+] Mode: DECRYPT
[+] Length: 164 bytes
[+] BF_KEY ptr: 0x219946c
[+] IV ptr: 0x2199439
[+] num ptr: 0x2199430 (value: 0)
[+] IV (8 bytes):
           0  1  2  3  4  5  6  7  8  9  A  B  C  D  E  F  0123456789ABCDEF
02199439  de 5c 22 8e 8d e1 60 01                          .\"...`.
[+] Input data (first 64 bytes):
           0  1  2  3  4  5  6  7  8  9  A  B  C  D  E  F  0123456789ABCDEF
02198022  e9 d5 af a1 17 a4 76 ea ae da d2 b9 ec b6 6e fd  ......v.......n.
02198032  50 76 1a e5 59 45 93 cd 30 fe 8e e0 3a 71 a5 1f  Pv..YE..0...:q..
02198042  5e 19 56 44 32 41 16 48 bf fc 34 53 02 68 46 19  ^.VD2A.H..4S.hF.
02198052  0f bc c4 c2 86 95 55 d2 13 0a a1 0c a0 13 f7 cf  ......U.........
[+] Output data after DECRYPT (first 64 bytes):
           0  1  2  3  4  5  6  7  8  9  A  B  C  D  E  F  0123456789ABCDEF
02197820  f4 08 08 e7 01 10 b9 d0 18 18 00 20 00 28 00 30  ........... .(.0
02197830  00 30 00 30 00 30 00 30 00 30 00 30 00 30 00 30  .0.0.0.0.0.0.0.0
02197840  00 30 00 30 00 30 00 30 00 30 00 30 00 30 00 30  .0.0.0.0.0.0.0.0
02197850  00 30 00 40 00 48 00 50 00 58 00 60 00 78 00 b8  .0.@.H.P.X.`.x..
[>] Decrypt wrapper called — context: 0x171afe9c

[+] ======= BF_cfb64_encrypt call #764 =======
[+] Mode: DECRYPT
[+] Length: 2 bytes
[+] BF_KEY ptr: 0x219946c
[+] IV ptr: 0x2199439
[+] num ptr: 0x2199430 (value: 4)
[+] IV (8 bytes):
           0  1  2  3  4  5  6  7  8  9  A  B  C  D  E  F  0123456789ABCDEF
02199439  5f 13 fe 3f be 80 7d b2                          _..?..}.
[+] Input data (first 2 bytes):
           0  1  2  3  4  5  6  7  8  9  A  B  C  D  E  F  0123456789ABCDEF
171afe9c  20 80                                             .
[+] Output data after DECRYPT (first 2 bytes):
           0  1  2  3  4  5  6  7  8  9  A  B  C  D  E  F  0123456789ABCDEF
02197820  9e 00                                            ..
[>] Decrypt wrapper called — context: 0x2198022

[+] ======= BF_cfb64_encrypt call #765 =======
[+] Mode: DECRYPT
[+] Length: 164 bytes
[+] BF_KEY ptr: 0x219946c
[+] IV ptr: 0x2199439
[+] num ptr: 0x2199430 (value: 6)
[+] IV (8 bytes):
           0  1  2  3  4  5  6  7  8  9  A  B  C  D  E  F  0123456789ABCDEF
02199439  5f 13 fe 3f 20 80 7d b2                          _..? .}.
[+] Input data (first 64 bytes):
           0  1  2  3  4  5  6  7  8  9  A  B  C  D  E  F  0123456789ABCDEF
02198022  89 ba 3d ad 80 8c 46 fa be 26 05 70 d1 29 33 9e  ..=...F..&.p.)3.
02198032  44 8b 52 be 2c 36 7c 39 8b bb dc d7 95 9b 77 74  D.R.,6|9......wt
02198042  ba 3e 40 59 cf 95 45 6d a1 af a9 07 b4 5b 8e d9  .>@Y..Em.....[..
02198052  61 c2 c5 ee bf 22 3c a6 a8 fa 22 5a 7c e3 55 3e  a...."<..."Z|.U>
[+] Output data after DECRYPT (first 64 bytes):
           0  1  2  3  4  5  6  7  8  9  A  B  C  D  E  F  0123456789ABCDEF
02197820  f4 08 08 e7 01 10 d2 d0 18 18 00 20 00 28 00 30  ........... .(.0
02197830  00 30 00 30 00 30 00 30 00 30 00 30 00 30 00 30  .0.0.0.0.0.0.0.0
02197840  00 30 00 30 00 30 00 30 00 30 00 30 00 30 00 30  .0.0.0.0.0.0.0.0
02197850  00 30 00 40 00 48 00 50 00 58 00 60 00 78 00 b8  .0.@.H.P.X.`.x..
[>] Decrypt wrapper called — context: 0x171afe9c

[+] ======= BF_cfb64_encrypt call #766 =======
[+] Mode: DECRYPT
[+] Length: 2 bytes
[+] BF_KEY ptr: 0x219946c
[+] IV ptr: 0x2199439
[+] num ptr: 0x2199430 (value: 2)
[+] IV (8 bytes):
           0  1  2  3  4  5  6  7  8  9  A  B  C  D  E  F  0123456789ABCDEF
02199439  4e 68 1b e7 49 b5 63 62                          Nh..I.cb
[+] Input data (first 2 bytes):
           0  1  2  3  4  5  6  7  8  9  A  B  C  D  E  F  0123456789ABCDEF
171afe9c  09 e7                                            ..
[+] Output data after DECRYPT (first 2 bytes):
           0  1  2  3  4  5  6  7  8  9  A  B  C  D  E  F  0123456789ABCDEF
02197820  12 00                                            ..
[>] Decrypt wrapper called — context: 0x2198022

[+] ======= BF_cfb64_encrypt call #767 =======
[+] Mode: DECRYPT
[+] Length: 24 bytes
[+] BF_KEY ptr: 0x219946c
[+] IV ptr: 0x2199439
[+] num ptr: 0x2199430 (value: 4)
[+] IV (8 bytes):
           0  1  2  3  4  5  6  7  8  9  A  B  C  D  E  F  0123456789ABCDEF
02199439  4e 68 09 e7 49 b5 63 62                          Nh..I.cb
[+] Input data (first 24 bytes):
           0  1  2  3  4  5  6  7  8  9  A  B  C  D  E  F  0123456789ABCDEF
02198022  d1 bd 6b 64 9b 4c 61 11 25 79 86 4d 6e 0b 5f 86  ..kd.La.%y.Mn._.
02198032  52 24 df fd 93 88 20 71                          R$.... q
[+] Output data after DECRYPT (first 24 bytes):
           0  1  2  3  4  5  6  7  8  9  A  B  C  D  E  F  0123456789ABCDEF
02197820  98 08 08 06 10 d2 d0 18 18 00 20 a8 e8 d5 e0 01  .......... .....
02197830  54 51 53 65 72 76 65 72                          TQServer
[>] Encrypt wrapper called — context: 0x2198820

[+] ======= BF_cfb64_encrypt call #768 =======
[+] Mode: ENCRYPT
[+] Length: 48 bytes
[+] BF_KEY ptr: 0x219946c
[+] IV ptr: 0x2199441
[+] num ptr: 0x2199434 (value: 3)
[+] IV (8 bytes):
           0  1  2  3  4  5  6  7  8  9  A  B  C  D  E  F  0123456789ABCDEF
02199441  07 af 38 cd 42 5a fd aa                          ..8.BZ..
[+] Input data (first 48 bytes):
           0  1  2  3  4  5  6  7  8  9  A  B  C  D  E  F  0123456789ABCDEF
02198820  30 00 33 08 08 fa eb ac 02 38 aa 04 40 bb 02 48  0.3......8..@..H
02198830  f2 a7 9e a3 04 60 89 01 68 04 70 ac 04 78 c5 02  .....`..h.p..x..
02198840  88 01 ea 07 a0 01 ff ff ff ff ff ff ff ff ff 01  ................
[+] Output data after ENCRYPT (first 48 bytes):
           0  1  2  3  4  5  6  7  8  9  A  B  C  D  E  F  0123456789ABCDEF
02197820  fd 42 69 f5 a2 37 c0 0f 9c 8c 3f 7f 99 06 b1 f0  .Bi..7....?.....
02197830  bc a6 96 f4 78 e9 bf 62 5e 29 00 4e 4a 74 e5 23  ....x..b^).NJt.#
02197840  a8 b3 14 1e 01 d6 ff 0e 15 41 48 39 4a 23 a1 a4  .........AH9J#..
[>] Encrypt wrapper called — context: 0x16f83f8

[+] ======= BF_cfb64_encrypt call #769 =======
[+] Mode: ENCRYPT
[+] Length: 8 bytes
[+] BF_KEY ptr: 0x219946c
[+] IV ptr: 0x2199441
[+] num ptr: 0x2199434 (value: 3)
[+] IV (8 bytes):
           0  1  2  3  4  5  6  7  8  9  A  B  C  D  E  F  0123456789ABCDEF
02199441  23 a1 a4 f4 bd 16 6c 5f                          #.....l_
[+] Input data (first 8 bytes):
           0  1  2  3  4  5  6  7  8  9  A  B  C  D  E  F  0123456789ABCDEF
016f83f8  54 51 43 6c 69 65 6e 74                          TQClient
[+] Output data after ENCRYPT (first 8 bytes):
           0  1  2  3  4  5  6  7  8  9  A  B  C  D  E  F  0123456789ABCDEF
02197820  a0 ec 55 00 36 7a 8c 3e                          ..U.6z.>
[>] Decrypt wrapper called — context: 0x171afe9c

[+] ======= BF_cfb64_encrypt call #770 =======
[+] Mode: DECRYPT
[+] Length: 2 bytes
[+] BF_KEY ptr: 0x219946c
[+] IV ptr: 0x2199439
[+] num ptr: 0x2199430 (value: 4)
[+] IV (8 bytes):
           0  1  2  3  4  5  6  7  8  9  A  B  C  D  E  F  0123456789ABCDEF
02199439  93 88 20 71 45 86 2b 4e                          .. qE.+N
[+] Input data (first 2 bytes):
           0  1  2  3  4  5  6  7  8  9  A  B  C  D  E  F  0123456789ABCDEF
171afe9c  62 86                                            b.
[+] Output data after DECRYPT (first 2 bytes):
           0  1  2  3  4  5  6  7  8  9  A  B  C  D  E  F  0123456789ABCDEF
02197820  27 00                                            '.
[>] Decrypt wrapper called — context: 0x2198022

[+] ======= BF_cfb64_encrypt call #771 =======
[+] Mode: DECRYPT
[+] Length: 45 bytes
[+] BF_KEY ptr: 0x219946c
[+] IV ptr: 0x2199439
[+] num ptr: 0x2199430 (value: 6)
[+] IV (8 bytes):
           0  1  2  3  4  5  6  7  8  9  A  B  C  D  E  F  0123456789ABCDEF
02199439  93 88 20 71 62 86 2b 4e                          .. qb.+N
[+] Input data (first 45 bytes):
           0  1  2  3  4  5  6  7  8  9  A  B  C  D  E  F  0123456789ABCDEF
02198022  18 46 dc a6 fd fd 8c 23 9a bf f7 4b 76 54 61 32  .F.....#...KvTa2
02198032  54 6d cc aa 6d 2b 3a c9 d7 64 2d d5 41 ab 1b 52  Tm..m+:..d-.A..R
02198042  cd 4b e6 1d 5b 3f 19 23 3f d1 24 7e c4           .K..[?.#?.$~.
[+] Output data after DECRYPT (first 45 bytes):
           0  1  2  3  4  5  6  7  8  9  A  B  C  D  E  F  0123456789ABCDEF
02197820  33 08 08 fa eb ac 02 38 aa 04 40 bb 02 48 e6 ed  3......8..@..H..
02197830  d5 e0 01 60 89 01 68 04 70 ac 04 78 c5 02 88 01  ...`..h.p..x....
02197840  ea 07 b8 01 00 54 51 53 65 72 76 65 72           .....TQServer
[>] Decrypt wrapper called — context: 0x171afe9c

[+] ======= BF_cfb64_encrypt call #772 =======
[+] Mode: DECRYPT
[+] Length: 2 bytes
[+] BF_KEY ptr: 0x219946c
[+] IV ptr: 0x2199439
[+] num ptr: 0x2199430 (value: 3)
[+] IV (8 bytes):
           0  1  2  3  4  5  6  7  8  9  A  B  C  D  E  F  0123456789ABCDEF
02199439  24 7e c4 cf ee ab 89 a2                          $~......
[+] Input data (first 2 bytes):
           0  1  2  3  4  5  6  7  8  9  A  B  C  D  E  F  0123456789ABCDEF
171afe9c  51 ee                                            Q.
[+] Output data after DECRYPT (first 2 bytes):
           0  1  2  3  4  5  6  7  8  9  A  B  C  D  E  F  0123456789ABCDEF
02197820  9e 00                                            ..
[>] Decrypt wrapper called — context: 0x2198022

[+] ======= BF_cfb64_encrypt call #773 =======
[+] Mode: DECRYPT
[+] Length: 164 bytes
[+] BF_KEY ptr: 0x219946c
[+] IV ptr: 0x2199439
[+] num ptr: 0x2199430 (value: 5)
[+] IV (8 bytes):
           0  1  2  3  4  5  6  7  8  9  A  B  C  D  E  F  0123456789ABCDEF
02199439  24 7e c4 51 ee ab 89 a2                          $~.Q....
[+] Input data (first 64 bytes):
           0  1  2  3  4  5  6  7  8  9  A  B  C  D  E  F  0123456789ABCDEF
02198022  5f 81 aa f3 ce 63 e9 92 f7 4d b6 c3 52 bf d6 3e  _....c...M..R..>
02198032  b1 19 39 17 b0 20 8d cd 91 f7 bb e3 26 ef 33 f2  ..9.. ......&.3.
02198042  e2 be d5 cd ed 8a 5d 78 9e f6 20 51 fa 80 06 ac  ......]x.. Q....
02198052  05 d8 9f 61 12 a3 d3 1b a3 f3 4e d4 51 89 fa 59  ...a......N.Q..Y
[+] Output data after DECRYPT (first 64 bytes):
           0  1  2  3  4  5  6  7  8  9  A  B  C  D  E  F  0123456789ABCDEF
02197820  f4 08 08 e7 01 10 f8 d0 18 18 00 20 00 28 00 30  ........... .(.0
02197830  00 30 00 30 00 30 00 30 00 30 00 30 00 30 00 30  .0.0.0.0.0.0.0.0
02197840  00 30 00 30 00 30 00 30 00 30 00 30 00 30 00 30  .0.0.0.0.0.0.0.0
02197850  00 30 00 40 00 48 00 50 00 58 00 60 00 78 00 b8  .0.@.H.P.X.`.x..
[>] Decrypt wrapper called — context: 0x171afe9c

[+] ======= BF_cfb64_encrypt call #774 =======
[+] Mode: DECRYPT
[+] Length: 2 bytes
[+] BF_KEY ptr: 0x219946c
[+] IV ptr: 0x2199439
[+] num ptr: 0x2199430 (value: 1)
[+] IV (8 bytes):
           0  1  2  3  4  5  6  7  8  9  A  B  C  D  E  F  0123456789ABCDEF
02199439  d1 28 b4 5b e5 75 7c 6a                          .(.[.u|j
[+] Input data (first 2 bytes):
           0  1  2  3  4  5  6  7  8  9  A  B  C  D  E  F  0123456789ABCDEF
171afe9c  b6 b4                                            ..
[+] Output data after DECRYPT (first 2 bytes):
           0  1  2  3  4  5  6  7  8  9  A  B  C  D  E  F  0123456789ABCDEF
02197820  9e 00                                            ..
[>] Decrypt wrapper called — context: 0x2198022

[+] ======= BF_cfb64_encrypt call #775 =======
[+] Mode: DECRYPT
[+] Length: 164 bytes
[+] BF_KEY ptr: 0x219946c
[+] IV ptr: 0x2199439
[+] num ptr: 0x2199430 (value: 3)
[+] IV (8 bytes):
           0  1  2  3  4  5  6  7  8  9  A  B  C  D  E  F  0123456789ABCDEF
02199439  d1 b6 b4 5b e5 75 7c 6a                          ...[.u|j
[+] Input data (first 64 bytes):
           0  1  2  3  4  5  6  7  8  9  A  B  C  D  E  F  0123456789ABCDEF
02198022  af ed 7d 9b 6b fe 5d 73 02 fa aa c9 74 88 58 69  ..}.k.]s....t.Xi
02198032  98 0f 68 bd 14 fd a6 eb 9b 31 c7 bd 0d 9b 98 84  ..h......1......
02198042  a7 84 89 08 d2 8e ee d0 2c 74 2b 67 2b af d8 e3  ........,t+g+...
02198052  71 07 d3 24 eb 8e 3f dd 9d 95 c4 7c aa f4 f8 a9  q..$..?....|....
[+] Output data after DECRYPT (first 64 bytes):
           0  1  2  3  4  5  6  7  8  9  A  B  C  D  E  F  0123456789ABCDEF
02197820  f4 08 08 e7 01 10 fe d0 18 18 00 20 00 28 00 30  ........... .(.0
02197830  00 30 00 30 00 30 00 30 00 30 00 30 00 30 00 30  .0.0.0.0.0.0.0.0
02197840  00 30 00 30 00 30 00 30 00 30 00 30 00 30 00 30  .0.0.0.0.0.0.0.0
02197850  00 30 00 40 00 48 00 50 00 58 00 60 00 78 00 b8  .0.@.H.P.X.`.x..
[>] Decrypt wrapper called — context: 0x171afe9c

[+] ======= BF_cfb64_encrypt call #776 =======
[+] Mode: DECRYPT
[+] Length: 2 bytes
[+] BF_KEY ptr: 0x219946c
[+] IV ptr: 0x2199439
[+] num ptr: 0x2199430 (value: 7)
[+] IV (8 bytes):
           0  1  2  3  4  5  6  7  8  9  A  B  C  D  E  F  0123456789ABCDEF
02199439  2f 9a 3d 9e 8d 66 01 81                          /.=..f..
[+] Input data (first 2 bytes):
           0  1  2  3  4  5  6  7  8  9  A  B  C  D  E  F  0123456789ABCDEF
171afe9c  93 fa                                            ..
[+] Output data after DECRYPT (first 2 bytes):
           0  1  2  3  4  5  6  7  8  9  A  B  C  D  E  F  0123456789ABCDEF
02197820  12 00                                            ..
[>] Decrypt wrapper called — context: 0x2198022

[+] ======= BF_cfb64_encrypt call #777 =======
[+] Mode: DECRYPT
[+] Length: 24 bytes
[+] BF_KEY ptr: 0x219946c
[+] IV ptr: 0x2199439
[+] num ptr: 0x2199430 (value: 1)
[+] IV (8 bytes):
           0  1  2  3  4  5  6  7  8  9  A  B  C  D  E  F  0123456789ABCDEF
02199439  fa 28 d6 f5 8d e2 58 ed                          .(....X.
[+] Input data (first 24 bytes):
           0  1  2  3  4  5  6  7  8  9  A  B  C  D  E  F  0123456789ABCDEF
02198022  b0 de fd 8b f2 a6 3d 72 52 ff 95 ea 48 06 5f a6  ......=rR...H._.
02198032  e4 99 2e 68 94 b6 20 36                          ...h.. 6
[+] Output data after DECRYPT (first 24 bytes):
           0  1  2  3  4  5  6  7  8  9  A  B  C  D  E  F  0123456789ABCDEF
02197820  98 08 08 06 10 fe d0 18 18 00 20 a1 ef d5 e0 01  .......... .....
02197830  54 51 53 65 72 76 65 72                          TQServer
[>] Encrypt wrapper called — context: 0x2198820

[+] ======= BF_cfb64_encrypt call #778 =======
[+] Mode: ENCRYPT
[+] Length: 48 bytes
[+] BF_KEY ptr: 0x219946c
[+] IV ptr: 0x2199441
[+] num ptr: 0x2199434 (value: 3)
[+] IV (8 bytes):
           0  1  2  3  4  5  6  7  8  9  A  B  C  D  E  F  0123456789ABCDEF
02199441  7a 8c 3e 75 6f 47 c9 1b                          z.>uoG..
[+] Input data (first 48 bytes):
           0  1  2  3  4  5  6  7  8  9  A  B  C  D  E  F  0123456789ABCDEF
02198820  30 00 33 08 08 fa eb ac 02 38 a9 04 40 b7 02 48  0.3......8..@..H
02198830  92 b1 9e a3 04 60 89 01 68 04 70 aa 04 78 bb 02  .....`..h.p..x..
02198840  88 01 ea 07 a0 01 ff ff ff ff ff ff ff ff ff 01  ................
[+] Output data after ENCRYPT (first 48 bytes):
           0  1  2  3  4  5  6  7  8  9  A  B  C  D  E  F  0123456789ABCDEF
02197820  45 6f 74 c1 13 d6 e1 05 41 4e 4c 5c ed f4 4c 59  Eot.....ANL\..LY
02197830  9d e6 3e 23 3d bd 62 b1 9c 4c af 8e 63 61 1a fc  ..>#=.b..L..ca..
02197840  ee 17 3f 5a 56 60 9b 55 ed ae 93 32 c1 c0 f2 ad  ..?ZV`.U...2....
[>] Encrypt wrapper called — context: 0x16f83f8

[+] ======= BF_cfb64_encrypt call #779 =======
[+] Mode: ENCRYPT
[+] Length: 8 bytes
[+] BF_KEY ptr: 0x219946c
[+] IV ptr: 0x2199441
[+] num ptr: 0x2199434 (value: 3)
[+] IV (8 bytes):
           0  1  2  3  4  5  6  7  8  9  A  B  C  D  E  F  0123456789ABCDEF
02199441  c0 f2 ad 8b db 11 c7 a9                          ........
[+] Input data (first 8 bytes):
           0  1  2  3  4  5  6  7  8  9  A  B  C  D  E  F  0123456789ABCDEF
016f83f8  54 51 43 6c 69 65 6e 74                          TQClient
[+] Output data after ENCRYPT (first 8 bytes):
           0  1  2  3  4  5  6  7  8  9  A  B  C  D  E  F  0123456789ABCDEF
02197820  df 8a 52 ab c0 06 98 f7                          ..R.....
[>] Decrypt wrapper called — context: 0x171afe9c

[+] ======= BF_cfb64_encrypt call #780 =======
[+] Mode: DECRYPT
[+] Length: 2 bytes
[+] BF_KEY ptr: 0x219946c
[+] IV ptr: 0x2199439
[+] num ptr: 0x2199430 (value: 1)
[+] IV (8 bytes):
           0  1  2  3  4  5  6  7  8  9  A  B  C  D  E  F  0123456789ABCDEF
02199439  36 7a bf 6b f4 40 78 3b                          6z.k.@x;
[+] Input data (first 2 bytes):
           0  1  2  3  4  5  6  7  8  9  A  B  C  D  E  F  0123456789ABCDEF
171afe9c  5d bf                                            ].
[+] Output data after DECRYPT (first 2 bytes):
           0  1  2  3  4  5  6  7  8  9  A  B  C  D  E  F  0123456789ABCDEF
02197820  27 00                                            '.
[>] Decrypt wrapper called — context: 0x2198022

[+] ======= BF_cfb64_encrypt call #781 =======
[+] Mode: DECRYPT
[+] Length: 45 bytes
[+] BF_KEY ptr: 0x219946c
[+] IV ptr: 0x2199439
[+] num ptr: 0x2199430 (value: 3)
[+] IV (8 bytes):
           0  1  2  3  4  5  6  7  8  9  A  B  C  D  E  F  0123456789ABCDEF
02199439  36 5d bf 6b f4 40 78 3b                          6].k.@x;
[+] Input data (first 45 bytes):
           0  1  2  3  4  5  6  7  8  9  A  B  C  D  E  F  0123456789ABCDEF
02198022  58 fc 48 82 d0 11 c8 63 fb cb cd 3a 62 f2 8f 7b  X.H....c...:b..{
02198032  5f 85 2e 38 17 90 13 bb 06 64 d9 d9 35 e6 fe 12  _..8.....d..5...
02198042  e5 09 aa 9a ff b2 8a cd 41 b8 26 5f 01           ........A.&_.
[+] Output data after DECRYPT (first 45 bytes):
           0  1  2  3  4  5  6  7  8  9  A  B  C  D  E  F  0123456789ABCDEF
02197820  33 08 08 fa eb ac 02 38 a9 04 40 b7 02 48 8c f7  3......8..@..H..
02197830  d5 e0 01 60 89 01 68 04 70 aa 04 78 bb 02 88 01  ...`..h.p..x....
02197840  ea 07 b8 01 00 54 51 53 65 72 76 65 72           .....TQServer
[>] Encrypt wrapper called — context: 0x2198820

[+] ======= BF_cfb64_encrypt call #782 =======
[+] Mode: ENCRYPT
[+] Length: 12 bytes
[+] BF_KEY ptr: 0x219946c
[+] IV ptr: 0x2199441
[+] num ptr: 0x2199434 (value: 3)
[+] IV (8 bytes):
           0  1  2  3  4  5  6  7  8  9  A  B  C  D  E  F  0123456789ABCDEF
02199441  06 98 f7 3e f6 b2 bc 39                          ...>...9
[+] Input data (first 12 bytes):
           0  1  2  3  4  5  6  7  8  9  A  B  C  D  E  F  0123456789ABCDEF
02198820  0c 00 36 0a 00 00 00 00 73 9a 67 44              ..6.....s.gD
[+] Output data after ENCRYPT (first 12 bytes):
           0  1  2  3  4  5  6  7  8  9  A  B  C  D  E  F  0123456789ABCDEF
02197820  32 f6 84 b6 39 15 5e e6 68 0d 57 fe              2...9.^.h.W.
[>] Encrypt wrapper called — context: 0x16f83f8

[+] ======= BF_cfb64_encrypt call #783 =======
[+] Mode: ENCRYPT
[+] Length: 8 bytes
[+] BF_KEY ptr: 0x219946c
[+] IV ptr: 0x2199441
[+] num ptr: 0x2199434 (value: 7)
[+] IV (8 bytes):
           0  1  2  3  4  5  6  7  8  9  A  B  C  D  E  F  0123456789ABCDEF
02199441  15 5e e6 68 0d 57 fe 24                          .^.h.W.$
[+] Input data (first 8 bytes):
           0  1  2  3  4  5  6  7  8  9  A  B  C  D  E  F  0123456789ABCDEF
016f83f8  54 51 43 6c 69 65 6e 74                          TQClient
[+] Output data after ENCRYPT (first 8 bytes):
           0  1  2  3  4  5  6  7  8  9  A  B  C  D  E  F  0123456789ABCDEF
02197820  70 ee ea cc e4 5b 63 7e                          p....[c~
[>] Decrypt wrapper called — context: 0x171afe9c

[+] ======= BF_cfb64_encrypt call #784 =======
[+] Mode: DECRYPT
[+] Length: 2 bytes
[+] BF_KEY ptr: 0x219946c
[+] IV ptr: 0x2199439
[+] num ptr: 0x2199430 (value: 0)
[+] IV (8 bytes):
           0  1  2  3  4  5  6  7  8  9  A  B  C  D  E  F  0123456789ABCDEF
02199439  b2 8a cd 41 b8 26 5f 01                          ...A.&_.
[+] Input data (first 2 bytes):
           0  1  2  3  4  5  6  7  8  9  A  B  C  D  E  F  0123456789ABCDEF
171afe9c  76 65                                            ve
[+] Output data after DECRYPT (first 2 bytes):
           0  1  2  3  4  5  6  7  8  9  A  B  C  D  E  F  0123456789ABCDEF
02197820  0c 00                                            ..
[>] Decrypt wrapper called — context: 0x2198022

[+] ======= BF_cfb64_encrypt call #785 =======
[+] Mode: DECRYPT
[+] Length: 18 bytes
[+] BF_KEY ptr: 0x219946c
[+] IV ptr: 0x2199439
[+] num ptr: 0x2199430 (value: 2)
[+] IV (8 bytes):
           0  1  2  3  4  5  6  7  8  9  A  B  C  D  E  F  0123456789ABCDEF
02199439  76 65 81 4c 9d b2 dd 23                          ve.L...#
[+] Input data (first 18 bytes):
           0  1  2  3  4  5  6  7  8  9  A  B  C  D  E  F  0123456789ABCDEF
02198022  b7 46 9d b2 dd 23 1e 87 2b bf 5b 04 54 69 79 45  .F...#..+.[.TiyE
02198032  8b 5d                                            .]
[+] Output data after DECRYPT (first 18 bytes):
           0  1  2  3  4  5  6  7  8  9  A  B  C  D  E  F  0123456789ABCDEF
02197820  36 0a 00 00 00 00 73 9a 67 44 54 51 53 65 72 76  6.....s.gDTQServ
02197830  65 72                                            er
[>] Decrypt wrapper called — context: 0x171afe9c

[+] ======= BF_cfb64_encrypt call #786 =======
[+] Mode: DECRYPT
[+] Length: 2 bytes
[+] BF_KEY ptr: 0x219946c
[+] IV ptr: 0x2199439
[+] num ptr: 0x2199430 (value: 4)
[+] IV (8 bytes):
           0  1  2  3  4  5  6  7  8  9  A  B  C  D  E  F  0123456789ABCDEF
02199439  79 45 8b 5d f5 37 36 d1                          yE.].76.
[+] Input data (first 2 bytes):
           0  1  2  3  4  5  6  7  8  9  A  B  C  D  E  F  0123456789ABCDEF
171afe9c  e7 37                                            .7
[+] Output data after DECRYPT (first 2 bytes):
           0  1  2  3  4  5  6  7  8  9  A  B  C  D  E  F  0123456789ABCDEF
02197820  12 00                                            ..
[>] Decrypt wrapper called — context: 0x2198022

[+] ======= BF_cfb64_encrypt call #787 =======
[+] Mode: DECRYPT
[+] Length: 24 bytes
[+] BF_KEY ptr: 0x219946c
[+] IV ptr: 0x2199439
[+] num ptr: 0x2199430 (value: 6)
[+] IV (8 bytes):
           0  1  2  3  4  5  6  7  8  9  A  B  C  D  E  F  0123456789ABCDEF
02199439  79 45 8b 5d e7 37 36 d1                          yE.].76.
[+] Input data (first 24 bytes):
           0  1  2  3  4  5  6  7  8  9  A  B  C  D  E  F  0123456789ABCDEF
02198022  ae d9 14 c9 9e e7 e2 a6 b4 73 a1 ff 25 7e ef 83  .........s..%~..
02198032  29 29 2b d6 a1 38 36 cb                          ))+..86.
[+] Output data after DECRYPT (first 24 bytes):
           0  1  2  3  4  5  6  7  8  9  A  B  C  D  E  F  0123456789ABCDEF
02197820  98 08 08 00 10 f8 d0 18 18 01 20 d9 ff d5 e0 01  .......... .....
02197830  54 51 53 65 72 76 65 72                          TQServer
[>] Encrypt wrapper called — context: 0x2198820

[+] ======= BF_cfb64_encrypt call #788 =======
[+] Mode: ENCRYPT
[+] Length: 35 bytes
[+] BF_KEY ptr: 0x219946c
[+] IV ptr: 0x2199441
[+] num ptr: 0x2199434 (value: 7)
[+] IV (8 bytes):
           0  1  2  3  4  5  6  7  8  9  A  B  C  D  E  F  0123456789ABCDEF
02199441  ee ea cc e4 5b 63 7e 31                          ....[c~1
[+] Input data (first 35 bytes):
           0  1  2  3  4  5  6  7  8  9  A  B  C  D  E  F  0123456789ABCDEF
02198820  23 00 38 08 08 be bc 9e a3 04 20 fa eb ac 02 28  #.8....... ....(
02198830  e2 8a c3 e2 06 38 a7 93 02 40 b3 80 01 68 02 78  .....8...@...h.x
02198840  cf f3 03                                         ...
[+] Output data after ENCRYPT (first 35 bytes):
           0  1  2  3  4  5  6  7  8  9  A  B  C  D  E  F  0123456789ABCDEF
02197820  12 ec 7e 76 fd 47 6c 78 1a 37 96 14 bc c5 03 a0  ..~v.Glx.7......
02197830  8b a8 b3 2d da e9 ff 93 7e e7 6b 07 d1 4d 41 99  ...-....~.k..MA.
02197840  91 63 ef                                         .c.
[>] Encrypt wrapper called — context: 0x16f83f8

[+] ======= BF_cfb64_encrypt call #789 =======
[+] Mode: ENCRYPT
[+] Length: 8 bytes
[+] BF_KEY ptr: 0x219946c
[+] IV ptr: 0x2199441
[+] num ptr: 0x2199434 (value: 2)
[+] IV (8 bytes):
           0  1  2  3  4  5  6  7  8  9  A  B  C  D  E  F  0123456789ABCDEF
02199441  63 ef 91 97 d8 82 4d 9e                          c.....M.
[+] Input data (first 8 bytes):
           0  1  2  3  4  5  6  7  8  9  A  B  C  D  E  F  0123456789ABCDEF
016f83f8  54 51 43 6c 69 65 6e 74                          TQClient
[+] Output data after ENCRYPT (first 8 bytes):
           0  1  2  3  4  5  6  7  8  9  A  B  C  D  E  F  0123456789ABCDEF
02197820  c5 c6 9b ee 24 fb 7c 66                          ....$.|f
[>] Decrypt wrapper called — context: 0x171afe9c

[+] ======= BF_cfb64_encrypt call #790 =======
[+] Mode: DECRYPT
[+] Length: 2 bytes
[+] BF_KEY ptr: 0x219946c
[+] IV ptr: 0x2199439
[+] num ptr: 0x2199430 (value: 6)
[+] IV (8 bytes):
           0  1  2  3  4  5  6  7  8  9  A  B  C  D  E  F  0123456789ABCDEF
02199439  2b d6 a1 38 36 cb 4e d8                          +..86.N.
[+] Input data (first 2 bytes):
           0  1  2  3  4  5  6  7  8  9  A  B  C  D  E  F  0123456789ABCDEF
171afe9c  54 d8                                            T.
[+] Output data after DECRYPT (first 2 bytes):
           0  1  2  3  4  5  6  7  8  9  A  B  C  D  E  F  0123456789ABCDEF
02197820  1a 00                                            ..
[>] Decrypt wrapper called — context: 0x2198022

[+] ======= BF_cfb64_encrypt call #791 =======
[+] Mode: DECRYPT
[+] Length: 32 bytes
[+] BF_KEY ptr: 0x219946c
[+] IV ptr: 0x2199439
[+] num ptr: 0x2199430 (value: 0)
[+] IV (8 bytes):
           0  1  2  3  4  5  6  7  8  9  A  B  C  D  E  F  0123456789ABCDEF
02199439  2b d6 a1 38 36 cb 54 d8                          +..86.T.
[+] Input data (first 32 bytes):
           0  1  2  3  4  5  6  7  8  9  A  B  C  D  E  F  0123456789ABCDEF
02198022  07 71 5e 1d 1e 5b df dc 41 02 d9 0f 17 e2 95 cf  .q^..[..A.......
02198032  e7 0b 95 f3 43 6e d5 13 33 74 73 63 2d 38 66 86  ....Cn..3tsc-8f.
[+] Output data after DECRYPT (first 32 bytes):
           0  1  2  3  4  5  6  7  8  9  A  B  C  D  E  F  0123456789ABCDEF
02197820  fe 07 08 fa eb ac 02 12 08 08 ff ff ff ff 0f 10  ................
02197830  00 12 05 08 00 10 94 02 54 51 53 65 72 76 65 72  ........TQServer
[>] Decrypt wrapper called — context: 0x171afe9c

[+] ======= BF_cfb64_encrypt call #792 =======
[+] Mode: DECRYPT
[+] Length: 2 bytes
[+] BF_KEY ptr: 0x219946c
[+] IV ptr: 0x2199439
[+] num ptr: 0x2199430 (value: 0)
[+] IV (8 bytes):
           0  1  2  3  4  5  6  7  8  9  A  B  C  D  E  F  0123456789ABCDEF
02199439  33 74 73 63 2d 38 66 86                          3tsc-8f.
[+] Input data (first 2 bytes):
           0  1  2  3  4  5  6  7  8  9  A  B  C  D  E  F  0123456789ABCDEF
171afe9c  e8 65                                            .e
[+] Output data after DECRYPT (first 2 bytes):
           0  1  2  3  4  5  6  7  8  9  A  B  C  D  E  F  0123456789ABCDEF
02197820  28 00                                            (.
[>] Decrypt wrapper called — context: 0x2198022

[+] ======= BF_cfb64_encrypt call #793 =======
[+] Mode: DECRYPT
[+] Length: 46 bytes
[+] BF_KEY ptr: 0x219946c
[+] IV ptr: 0x2199439
[+] num ptr: 0x2199430 (value: 2)
[+] IV (8 bytes):
           0  1  2  3  4  5  6  7  8  9  A  B  C  D  E  F  0123456789ABCDEF
02199439  e8 65 16 96 48 41 06 4c                          .e..HA.L
[+] Input data (first 46 bytes):
           0  1  2  3  4  5  6  7  8  9  A  B  C  D  E  F  0123456789ABCDEF
02198022  2e 9e 50 41 26 f5 84 84 a2 7e 2e 5a c2 2d be eb  ..PA&....~.Z.-..
02198032  00 1d 8e 52 57 8a be c2 e2 5c 56 fb 78 6c 02 4d  ...RW....\V.xl.M
02198042  dc 9f 22 d4 43 65 a8 8a 3a 30 d0 18 23 b9        ..".Ce..:0..#.
[+] Output data after DECRYPT (first 46 bytes):
           0  1  2  3  4  5  6  7  8  9  A  B  C  D  E  F  0123456789ABCDEF
02197820  38 08 18 00 20 b9 d0 18 28 fa eb ac 02 38 a9 04  8... ...(....8..
02197830  40 b6 02 68 02 78 01 a8 01 00 c0 01 00 c8 01 00  @..h.x..........
02197840  d0 01 00 d8 01 00 54 51 53 65 72 76 65 72        ......TQServer
[>] Decrypt wrapper called — context: 0x171afe9c

[+] ======= BF_cfb64_encrypt call #794 =======
[+] Mode: DECRYPT
[+] Length: 2 bytes
[+] BF_KEY ptr: 0x219946c
[+] IV ptr: 0x2199439
[+] num ptr: 0x2199430 (value: 0)
[+] IV (8 bytes):
           0  1  2  3  4  5  6  7  8  9  A  B  C  D  E  F  0123456789ABCDEF
02199439  a8 8a 3a 30 d0 18 23 b9                          ..:0..#.
[+] Input data (first 2 bytes):
           0  1  2  3  4  5  6  7  8  9  A  B  C  D  E  F  0123456789ABCDEF
171afe9c  37 29                                            7)
[+] Output data after DECRYPT (first 2 bytes):
           0  1  2  3  4  5  6  7  8  9  A  B  C  D  E  F  0123456789ABCDEF
02197820  19 00                                            ..
[>] Decrypt wrapper called — context: 0x2198022

[+] ======= BF_cfb64_encrypt call #795 =======
[+] Mode: DECRYPT
[+] Length: 31 bytes
[+] BF_KEY ptr: 0x219946c
[+] IV ptr: 0x2199439
[+] num ptr: 0x2199430 (value: 2)
[+] IV (8 bytes):
           0  1  2  3  4  5  6  7  8  9  A  B  C  D  E  F  0123456789ABCDEF
02199439  37 29 66 35 4c 1d 03 86                          7)f5L...
[+] Input data (first 31 bytes):
           0  1  2  3  4  5  6  7  8  9  A  B  C  D  E  F  0123456789ABCDEF
02198022  98 32 44 e7 e8 2a d6 56 8d aa 8c b3 4e b6 f0 17  .2D..*.V....N...
02198032  99 fc 80 76 14 a1 38 cb d0 70 f1 53 be 2b 45     ...v..8..p.S.+E
[+] Output data after DECRYPT (first 31 bytes):
           0  1  2  3  4  5  6  7  8  9  A  B  C  D  E  F  0123456789ABCDEF
02197820  fe 07 08 fa eb ac 02 12 08 08 ff ff ff ff 0f 10  ................
02197830  00 12 04 08 08 10 1e 54 51 53 65 72 76 65 72     .......TQServer
[>] Decrypt wrapper called — context: 0x171afe9c

[+] ======= BF_cfb64_encrypt call #796 =======
[+] Mode: DECRYPT
[+] Length: 2 bytes
[+] BF_KEY ptr: 0x219946c
[+] IV ptr: 0x2199439
[+] num ptr: 0x2199430 (value: 1)
[+] IV (8 bytes):
           0  1  2  3  4  5  6  7  8  9  A  B  C  D  E  F  0123456789ABCDEF
02199439  45 e5 35 88 19 8c 3d 05                          E.5...=.
[+] Input data (first 2 bytes):
           0  1  2  3  4  5  6  7  8  9  A  B  C  D  E  F  0123456789ABCDEF
171afe9c  b8 35                                            .5
[+] Output data after DECRYPT (first 2 bytes):
           0  1  2  3  4  5  6  7  8  9  A  B  C  D  E  F  0123456789ABCDEF
02197820  5d 00                                            ].
[>] Decrypt wrapper called — context: 0x2198022

[+] ======= BF_cfb64_encrypt call #797 =======
[+] Mode: DECRYPT
[+] Length: 99 bytes
[+] BF_KEY ptr: 0x219946c
[+] IV ptr: 0x2199439
[+] num ptr: 0x2199430 (value: 3)
[+] IV (8 bytes):
           0  1  2  3  4  5  6  7  8  9  A  B  C  D  E  F  0123456789ABCDEF
02199439  45 b8 35 88 19 8c 3d 05                          E.5...=.
[+] Input data (first 64 bytes):
           0  1  2  3  4  5  6  7  8  9  A  B  C  D  E  F  0123456789ABCDEF
02198022  fe 10 84 c7 ee 8e b2 46 ed ab ca bb e0 de 41 94  .......F......A.
02198032  7c 9f d1 1a a1 26 78 a6 a1 29 d5 ca a7 84 90 6d  |....&x..).....m
02198042  ff e2 b9 c2 30 b7 7d 94 f3 46 a6 4f 60 be b4 bc  ....0.}..F.O`...
02198052  e0 36 c1 d3 9f 6d e2 9b df ee 51 93 18 a1 9a 64  .6...m....Q....d
[+] Output data after DECRYPT (first 64 bytes):
           0  1  2  3  4  5  6  7  8  9  A  B  C  D  E  F  0123456789ABCDEF
02197820  76 09 08 fa eb ac 02 18 a9 04 20 b7 02 28 92 27  v......... ..(.'
02197830  30 00 40 00 48 00 52 15 08 b9 d0 18 10 98 01 18  0.@.H.R.........
02197840  00 20 00 28 00 30 00 38 00 40 00 48 00 52 15 08  . .(.0.8.@.H.R..
02197850  f8 d0 18 10 96 01 18 00 20 00 28 00 30 00 38 00  ........ .(.0.8.
[>] Decrypt wrapper called — context: 0x171afe9c

[+] ======= BF_cfb64_encrypt call #798 =======
[+] Mode: DECRYPT
[+] Length: 2 bytes
[+] BF_KEY ptr: 0x219946c
[+] IV ptr: 0x2199439
[+] num ptr: 0x2199430 (value: 6)
[+] IV (8 bytes):
           0  1  2  3  4  5  6  7  8  9  A  B  C  D  E  F  0123456789ABCDEF
02199439  2c 6f 1e bc 81 68 a8 ba                          ,o...h..
[+] Input data (first 2 bytes):
           0  1  2  3  4  5  6  7  8  9  A  B  C  D  E  F  0123456789ABCDEF
171afe9c  8c ba                                            ..
[+] Output data after DECRYPT (first 2 bytes):
           0  1  2  3  4  5  6  7  8  9  A  B  C  D  E  F  0123456789ABCDEF
02197820  24 00                                            $.
[>] Decrypt wrapper called — context: 0x2198022

[+] ======= BF_cfb64_encrypt call #799 =======
[+] Mode: DECRYPT
[+] Length: 42 bytes
[+] BF_KEY ptr: 0x219946c
[+] IV ptr: 0x2199439
[+] num ptr: 0x2199430 (value: 0)
[+] IV (8 bytes):
           0  1  2  3  4  5  6  7  8  9  A  B  C  D  E  F  0123456789ABCDEF
02199439  2c 6f 1e bc 81 68 8c ba                          ,o...h..
[+] Input data (first 42 bytes):
           0  1  2  3  4  5  6  7  8  9  A  B  C  D  E  F  0123456789ABCDEF
02198022  17 c2 5d c9 60 cc a3 69 c8 39 64 b6 1d 56 8f 77  ..].`..i.9d..V.w
02198032  4d 09 4f 42 8e b4 b4 bd 37 07 14 36 ab a9 35 8b  M.OB....7..6..5.
02198042  8f 8c d8 ca fc ab e8 a0 f8 97                    ..........
[+] Output data after DECRYPT (first 42 bytes):
           0  1  2  3  4  5  6  7  8  9  A  B  C  D  E  F  0123456789ABCDEF
02197820  38 08 20 fa eb ac 02 28 f8 d0 18 38 a9 04 40 b2  8. ....(...8..@.
02197830  02 68 0e 88 01 02 90 01 00 a8 01 00 c8 01 00 d0  .h..............
02197840  01 00 54 51 53 65 72 76 65 72                    ..TQServer
[>] Decrypt wrapper called — context: 0x171afe9c

[+] ======= BF_cfb64_encrypt call #800 =======
[+] Mode: DECRYPT
[+] Length: 2 bytes
[+] BF_KEY ptr: 0x219946c
[+] IV ptr: 0x2199439
[+] num ptr: 0x2199430 (value: 2)
[+] IV (8 bytes):
           0  1  2  3  4  5  6  7  8  9  A  B  C  D  E  F  0123456789ABCDEF
02199439  f8 97 f7 b6 df d8 23 f3                          ......#.
[+] Input data (first 2 bytes):
           0  1  2  3  4  5  6  7  8  9  A  B  C  D  E  F  0123456789ABCDEF
171afe9c  c7 b6                                            ..
[+] Output data after DECRYPT (first 2 bytes):
           0  1  2  3  4  5  6  7  8  9  A  B  C  D  E  F  0123456789ABCDEF
02197820  30 00                                            0.
[>] Decrypt wrapper called — context: 0x2198022

[+] ======= BF_cfb64_encrypt call #801 =======
[+] Mode: DECRYPT
[+] Length: 54 bytes
[+] BF_KEY ptr: 0x219946c
[+] IV ptr: 0x2199439
[+] num ptr: 0x2199430 (value: 4)
[+] IV (8 bytes):
           0  1  2  3  4  5  6  7  8  9  A  B  C  D  E  F  0123456789ABCDEF
02199439  f8 97 c7 b6 df d8 23 f3                          ......#.
[+] Input data (first 54 bytes):
           0  1  2  3  4  5  6  7  8  9  A  B  C  D  E  F  0123456789ABCDEF
02198022  21 df 2b 0b 91 fd c2 d8 01 29 19 f6 dc 4b 85 8a  !.+......)...K..
02198032  2b 9d 69 bd 67 9d bf 62 ae e0 51 21 a6 74 68 a7  +.i.g..b..Q!.th.
02198042  d1 6d e1 a2 c7 43 6a 1b 73 cc 68 dd f9 1d 3d 84  .m...Cj.s.h...=.
02198052  db 37 45 19 36 0e                                .7E.6.
[+] Output data after DECRYPT (first 54 bytes):
           0  1  2  3  4  5  6  7  8  9  A  B  C  D  E  F  0123456789ABCDEF
02197820  fe 07 08 f8 d0 18 12 26 08 19 18 20 18 00 18 00  .......&... ....
02197830  18 00 18 00 18 00 18 00 18 00 18 00 18 00 18 00  ................
02197840  18 00 18 00 18 00 18 00 18 00 18 00 18 00 54 51  ..............TQ
02197850  53 65 72 76 65 72                                Server
[>] Decrypt wrapper called — context: 0x171afe9c

[+] ======= BF_cfb64_encrypt call #802 =======
[+] Mode: DECRYPT
[+] Length: 2 bytes
[+] BF_KEY ptr: 0x219946c
[+] IV ptr: 0x2199439
[+] num ptr: 0x2199430 (value: 2)
[+] IV (8 bytes):
           0  1  2  3  4  5  6  7  8  9  A  B  C  D  E  F  0123456789ABCDEF
02199439  36 0e f1 d0 13 c0 5f e9                          6....._.
[+] Input data (first 2 bytes):
           0  1  2  3  4  5  6  7  8  9  A  B  C  D  E  F  0123456789ABCDEF
171afe9c  d5 d0                                            ..
[+] Output data after DECRYPT (first 2 bytes):
           0  1  2  3  4  5  6  7  8  9  A  B  C  D  E  F  0123456789ABCDEF
02197820  24 00                                            $.
[>] Decrypt wrapper called — context: 0x2198022

[+] ======= BF_cfb64_encrypt call #803 =======
[+] Mode: DECRYPT
[+] Length: 42 bytes
[+] BF_KEY ptr: 0x219946c
[+] IV ptr: 0x2199439
[+] num ptr: 0x2199430 (value: 4)
[+] IV (8 bytes):
           0  1  2  3  4  5  6  7  8  9  A  B  C  D  E  F  0123456789ABCDEF
02199439  36 0e d5 d0 13 c0 5f e9                          6....._.
[+] Input data (first 42 bytes):
           0  1  2  3  4  5  6  7  8  9  A  B  C  D  E  F  0123456789ABCDEF
02198022  2b c8 7f 13 ad 5c fe 29 cf b9 4c df 3f dc 95 d9  +....\.)..L.?...
02198032  e2 43 0b 9b f3 6f 41 dc b0 94 10 5f 87 10 8c cd  .C...oA...._....
02198042  11 6d d8 1b 8b 69 04 79 13 90                    .m...i.y..
[+] Output data after DECRYPT (first 42 bytes):
           0  1  2  3  4  5  6  7  8  9  A  B  C  D  E  F  0123456789ABCDEF
02197820  38 08 20 fa eb ac 02 28 d2 d0 18 38 b0 04 40 b9  8. ....(...8..@.
02197830  02 68 0e 88 01 02 90 01 00 a8 01 00 c8 01 00 d0  .h..............
02197840  01 00 54 51 53 65 72 76 65 72                    ..TQServer
[>] Decrypt wrapper called — context: 0x171afe9c

[+] ======= BF_cfb64_encrypt call #804 =======
[+] Mode: DECRYPT
[+] Length: 2 bytes
[+] BF_KEY ptr: 0x219946c
[+] IV ptr: 0x2199439
[+] num ptr: 0x2199430 (value: 6)
[+] IV (8 bytes):
           0  1  2  3  4  5  6  7  8  9  A  B  C  D  E  F  0123456789ABCDEF
02199439  8b 69 04 79 13 90 b4 b4                          .i.y....
[+] Input data (first 2 bytes):
           0  1  2  3  4  5  6  7  8  9  A  B  C  D  E  F  0123456789ABCDEF
171afe9c  84 b4                                            ..
[+] Output data after DECRYPT (first 2 bytes):
           0  1  2  3  4  5  6  7  8  9  A  B  C  D  E  F  0123456789ABCDEF
02197820  30 00                                            0.
[>] Decrypt wrapper called — context: 0x2198022

[+] ======= BF_cfb64_encrypt call #805 =======
[+] Mode: DECRYPT
[+] Length: 54 bytes
[+] BF_KEY ptr: 0x219946c
[+] IV ptr: 0x2199439
[+] num ptr: 0x2199430 (value: 0)
[+] IV (8 bytes):
           0  1  2  3  4  5  6  7  8  9  A  B  C  D  E  F  0123456789ABCDEF
02199439  8b 69 04 79 13 90 84 b4                          .i.y....
[+] Input data (first 54 bytes):
           0  1  2  3  4  5  6  7  8  9  A  B  C  D  E  F  0123456789ABCDEF
02198022  b7 c3 81 95 2c cc e8 61 37 70 e3 e9 ef 26 e1 92  ....,..a7p...&..
02198032  4a 0c 9e 4c 2e 94 f1 4b 43 f5 b9 da 19 32 d8 65  J..L...KC....2.e
02198042  67 cb c3 a8 36 3d 5d ae 5f a5 f8 49 9b c1 d7 cd  g...6=]._..I....
02198052  7a e7 ea 0c 1b e6                                z.....
[+] Output data after DECRYPT (first 54 bytes):
           0  1  2  3  4  5  6  7  8  9  A  B  C  D  E  F  0123456789ABCDEF
02197820  fe 07 08 d2 d0 18 12 26 08 19 18 20 18 00 18 00  .......&... ....
02197830  18 00 18 00 18 00 18 00 18 00 18 00 18 00 18 00  ................
02197840  18 00 18 00 18 00 18 00 18 00 18 00 18 00 54 51  ..............TQ
02197850  53 65 72 76 65 72                                Server
[>] Decrypt wrapper called — context: 0x171afe9c

[+] ======= BF_cfb64_encrypt call #806 =======
[+] Mode: DECRYPT
[+] Length: 2 bytes
[+] BF_KEY ptr: 0x219946c
[+] IV ptr: 0x2199439
[+] num ptr: 0x2199430 (value: 6)
[+] IV (8 bytes):
           0  1  2  3  4  5  6  7  8  9  A  B  C  D  E  F  0123456789ABCDEF
02199439  7a e7 ea 0c 1b e6 8c 12                          z.......
[+] Input data (first 2 bytes):
           0  1  2  3  4  5  6  7  8  9  A  B  C  D  E  F  0123456789ABCDEF
171afe9c  a8 12                                            ..
[+] Output data after DECRYPT (first 2 bytes):
           0  1  2  3  4  5  6  7  8  9  A  B  C  D  E  F  0123456789ABCDEF
02197820  24 00                                            $.
[>] Decrypt wrapper called — context: 0x2198022

[+] ======= BF_cfb64_encrypt call #807 =======
[+] Mode: DECRYPT
[+] Length: 42 bytes
[+] BF_KEY ptr: 0x219946c
[+] IV ptr: 0x2199439
[+] num ptr: 0x2199430 (value: 0)
[+] IV (8 bytes):
           0  1  2  3  4  5  6  7  8  9  A  B  C  D  E  F  0123456789ABCDEF
02199439  7a e7 ea 0c 1b e6 a8 12                          z.......
[+] Input data (first 42 bytes):
           0  1  2  3  4  5  6  7  8  9  A  B  C  D  E  F  0123456789ABCDEF
02198022  09 45 bc 04 0c 40 c8 8b 50 7c 94 47 4a 48 6f 65  .E...@..P|.GJHoe
02198032  b7 fa cc 8c 8f fd ba a9 57 ee 57 82 73 c5 85 00  ........W.W.s...
02198042  e0 cb 81 e4 b8 f8 c5 de 69 50                    ........iP
[+] Output data after DECRYPT (first 42 bytes):
           0  1  2  3  4  5  6  7  8  9  A  B  C  D  E  F  0123456789ABCDEF
02197820  38 08 20 fa eb ac 02 28 b9 d0 18 38 a9 04 40 b6  8. ....(...8..@.
02197830  02 68 0e 88 01 02 90 01 00 a8 01 00 c8 01 00 d0  .h..............
02197840  01 00 54 51 53 65 72 76 65 72                    ..TQServer
[>] Decrypt wrapper called — context: 0x171afe9c

[+] ======= BF_cfb64_encrypt call #808 =======
[+] Mode: DECRYPT
[+] Length: 2 bytes
[+] BF_KEY ptr: 0x219946c
[+] IV ptr: 0x2199439
[+] num ptr: 0x2199430 (value: 2)
[+] IV (8 bytes):
           0  1  2  3  4  5  6  7  8  9  A  B  C  D  E  F  0123456789ABCDEF
02199439  69 50 60 8c f2 13 c8 4b                          iP`....K
[+] Input data (first 2 bytes):
           0  1  2  3  4  5  6  7  8  9  A  B  C  D  E  F  0123456789ABCDEF
171afe9c  50 8c                                            P.
[+] Output data after DECRYPT (first 2 bytes):
           0  1  2  3  4  5  6  7  8  9  A  B  C  D  E  F  0123456789ABCDEF
02197820  30 00                                            0.
[>] Decrypt wrapper called — context: 0x2198022

[+] ======= BF_cfb64_encrypt call #809 =======
[+] Mode: DECRYPT
[+] Length: 54 bytes
[+] BF_KEY ptr: 0x219946c
[+] IV ptr: 0x2199439
[+] num ptr: 0x2199430 (value: 4)
[+] IV (8 bytes):
           0  1  2  3  4  5  6  7  8  9  A  B  C  D  E  F  0123456789ABCDEF
02199439  69 50 50 8c f2 13 c8 4b                          iPP....K
[+] Input data (first 54 bytes):
           0  1  2  3  4  5  6  7  8  9  A  B  C  D  E  F  0123456789ABCDEF
02198022  0c 14 c0 f2 06 95 22 f8 b5 f0 2a 0c 12 55 9c 9b  ......"...*..U..
02198032  e6 6a fd 7d ef 7a 80 48 d3 0f ed 98 57 a6 fb 62  .j.}.z.H....W..b
02198042  a8 06 54 4c ae cd a6 d3 13 06 09 53 f5 96 61 12  ..TL.......S..a.
02198052  c2 c9 27 b3 50 60                                ..'.P`
[+] Output data after DECRYPT (first 54 bytes):
           0  1  2  3  4  5  6  7  8  9  A  B  C  D  E  F  0123456789ABCDEF
02197820  fe 07 08 b9 d0 18 12 26 08 19 18 20 18 00 18 00  .......&... ....
02197830  18 00 18 00 18 00 18 00 18 00 18 00 18 00 18 00  ................
02197840  18 00 18 00 18 00 18 00 18 00 18 00 18 00 54 51  ..............TQ
02197850  53 65 72 76 65 72                                Server
[>] Decrypt wrapper called — context: 0x171afe9c

[+] ======= BF_cfb64_encrypt call #810 =======
[+] Mode: DECRYPT
[+] Length: 2 bytes
[+] BF_KEY ptr: 0x219946c
[+] IV ptr: 0x2199439
[+] num ptr: 0x2199430 (value: 2)
[+] IV (8 bytes):
           0  1  2  3  4  5  6  7  8  9  A  B  C  D  E  F  0123456789ABCDEF
02199439  50 60 c8 80 c8 67 6d 98                          P`...gm.
[+] Input data (first 2 bytes):
           0  1  2  3  4  5  6  7  8  9  A  B  C  D  E  F  0123456789ABCDEF
171afe9c  d2 80                                            ..
[+] Output data after DECRYPT (first 2 bytes):
           0  1  2  3  4  5  6  7  8  9  A  B  C  D  E  F  0123456789ABCDEF
02197820  1a 00                                            ..
[>] Decrypt wrapper called — context: 0x2198022

[+] ======= BF_cfb64_encrypt call #811 =======
[+] Mode: DECRYPT
[+] Length: 32 bytes
[+] BF_KEY ptr: 0x219946c
[+] IV ptr: 0x2199439
[+] num ptr: 0x2199430 (value: 4)
[+] IV (8 bytes):
           0  1  2  3  4  5  6  7  8  9  A  B  C  D  E  F  0123456789ABCDEF
02199439  50 60 d2 80 c8 67 6d 98                          P`...gm.
[+] Input data (first 32 bytes):
           0  1  2  3  4  5  6  7  8  9  A  B  C  D  E  F  0123456789ABCDEF
02198022  36 60 65 62 e4 a6 8e ca 54 1d 5c 06 dd d2 66 42  6`eb....T.\...fB
02198032  62 7e b6 2f 3c 8d b0 34 6a 9f aa 6b c3 1f ac ee  b~./<..4j..k....
[+] Output data after DECRYPT (first 32 bytes):
           0  1  2  3  4  5  6  7  8  9  A  B  C  D  E  F  0123456789ABCDEF
02197820  fe 07 08 fa eb ac 02 12 08 08 ff ff ff ff 0f 10  ................
02197830  00 12 05 08 05 10 8b 07 54 51 53 65 72 76 65 72  ........TQServer
[>] Encrypt wrapper called — context: 0x2198820

[+] ======= BF_cfb64_encrypt call #812 =======
[+] Mode: ENCRYPT
[+] Length: 48 bytes
[+] BF_KEY ptr: 0x219946c
[+] IV ptr: 0x2199441
[+] num ptr: 0x2199434 (value: 2)
[+] IV (8 bytes):
           0  1  2  3  4  5  6  7  8  9  A  B  C  D  E  F  0123456789ABCDEF
02199441  7c 66 4f a3 a9 60 c9 48                          |fO..`.H
[+] Input data (first 48 bytes):
           0  1  2  3  4  5  6  7  8  9  A  B  C  D  E  F  0123456789ABCDEF
02198820  30 00 33 08 08 fa eb ac 02 38 aa 04 40 b5 02 48  0.3......8..@..H
02198830  fa c1 9e a3 04 60 89 01 68 05 70 a9 04 78 b7 02  .....`..h.p..x..
02198840  88 01 ea 07 a0 01 ff ff ff ff ff ff ff ff ff 01  ................
[+] Output data after ENCRYPT (first 48 bytes):
           0  1  2  3  4  5  6  7  8  9  A  B  C  D  E  F  0123456789ABCDEF
02197820  7f a3 9a 68 c1 b2 2f 92 96 43 fe de 75 59 84 44  ...h../..C..uY.D
02197830  00 3d 52 13 6b 50 92 4f 9a e2 a6 48 a4 e4 e5 03  .=R.kP.O...H....
02197840  43 15 11 3b 09 fa 82 59 24 53 ea 06 07 03 b1 b5  C..;...Y$S......
[>] Encrypt wrapper called — context: 0x16f83f8

[+] ======= BF_cfb64_encrypt call #813 =======
[+] Mode: ENCRYPT
[+] Length: 8 bytes
[+] BF_KEY ptr: 0x219946c
[+] IV ptr: 0x2199441
[+] num ptr: 0x2199434 (value: 2)
[+] IV (8 bytes):
           0  1  2  3  4  5  6  7  8  9  A  B  C  D  E  F  0123456789ABCDEF
02199441  b1 b5 f6 cd ef f6 3d ae                          ......=.
[+] Input data (first 8 bytes):
           0  1  2  3  4  5  6  7  8  9  A  B  C  D  E  F  0123456789ABCDEF
016f83f8  54 51 43 6c 69 65 6e 74                          TQClient
[+] Output data after ENCRYPT (first 8 bytes):
           0  1  2  3  4  5  6  7  8  9  A  B  C  D  E  F  0123456789ABCDEF
02197820  a2 9c ac 9a 54 cb fb 3e                          ....T..>
[>] Decrypt wrapper called — context: 0x171afe9c

[+] ======= BF_cfb64_encrypt call #814 =======
[+] Mode: DECRYPT
[+] Length: 2 bytes
[+] BF_KEY ptr: 0x219946c
[+] IV ptr: 0x2199439
[+] num ptr: 0x2199430 (value: 4)
[+] IV (8 bytes):
           0  1  2  3  4  5  6  7  8  9  A  B  C  D  E  F  0123456789ABCDEF
02199439  c3 1f ac ee 9f 2d 36 56                          .....-6V
[+] Input data (first 2 bytes):
           0  1  2  3  4  5  6  7  8  9  A  B  C  D  E  F  0123456789ABCDEF
171afe9c  b8 2d                                            .-
[+] Output data after DECRYPT (first 2 bytes):
           0  1  2  3  4  5  6  7  8  9  A  B  C  D  E  F  0123456789ABCDEF
02197820  27 00                                            '.
[>] Decrypt wrapper called — context: 0x2198022

[+] ======= BF_cfb64_encrypt call #815 =======
[+] Mode: DECRYPT
[+] Length: 45 bytes
[+] BF_KEY ptr: 0x219946c
[+] IV ptr: 0x2199439
[+] num ptr: 0x2199430 (value: 6)
[+] IV (8 bytes):
           0  1  2  3  4  5  6  7  8  9  A  B  C  D  E  F  0123456789ABCDEF
02199439  c3 1f ac ee b8 2d 36 56                          .....-6V
[+] Input data (first 45 bytes):
           0  1  2  3  4  5  6  7  8  9  A  B  C  D  E  F  0123456789ABCDEF
02198022  05 5e e5 c6 19 86 41 64 72 21 85 0c a2 c9 d2 28  .^....Adr!.....(
02198032  56 56 57 98 34 dd a7 a1 2c c1 e4 ae b4 74 f3 fc  VVW.4...,....t..
02198042  9b 09 16 bc 81 ef 78 a1 25 d9 9f 17 df           ......x.%....
[+] Output data after DECRYPT (first 45 bytes):
           0  1  2  3  4  5  6  7  8  9  A  B  C  D  E  F  0123456789ABCDEF
02197820  33 08 08 fa eb ac 02 38 aa 04 40 b5 02 48 f8 87  3......8..@..H..
02197830  d6 e0 01 60 89 01 68 05 70 a9 04 78 b7 02 88 01  ...`..h.p..x....
02197840  ea 07 b8 01 00 54 51 53 65 72 76 65 72           .....TQServer
[>] Encrypt wrapper called — context: 0x2198820

[+] ======= BF_cfb64_encrypt call #816 =======
[+] Mode: ENCRYPT
[+] Length: 48 bytes
[+] BF_KEY ptr: 0x219946c
[+] IV ptr: 0x2199441
[+] num ptr: 0x2199434 (value: 2)
[+] IV (8 bytes):
           0  1  2  3  4  5  6  7  8  9  A  B  C  D  E  F  0123456789ABCDEF
02199441  fb 3e b9 96 12 b6 69 76                          .>....iv
[+] Input data (first 48 bytes):
           0  1  2  3  4  5  6  7  8  9  A  B  C  D  E  F  0123456789ABCDEF
02198820  30 00 33 08 08 fa eb ac 02 38 b1 04 40 af 02 48  0.3......8..@..H
02198830  c3 ca 9e a3 04 60 89 01 68 05 70 aa 04 78 b5 02  .....`..h.p..x..
02198840  88 01 ea 07 a0 01 ff ff ff ff ff ff ff ff ff 01  ................
[+] Output data after ENCRYPT (first 48 bytes):
           0  1  2  3  4  5  6  7  8  9  A  B  C  D  E  F  0123456789ABCDEF
02197820  89 96 21 be 61 8c 80 3f e2 b0 d9 4b 21 c5 8d fb  ..!.a..?...K!...
02197830  20 78 f7 01 a9 cd bd a2 9c 36 01 79 27 6e 96 fe   x.......6.y'n..
02197840  04 73 f5 e4 f6 60 72 0d 0b cf 66 c8 cf c4 65 20  .s...`r...f...e 
[>] Encrypt wrapper called — context: 0x16f83f8

[+] ======= BF_cfb64_encrypt call #817 =======
[+] Mode: ENCRYPT
[+] Length: 8 bytes
[+] BF_KEY ptr: 0x219946c
[+] IV ptr: 0x2199441
[+] num ptr: 0x2199434 (value: 2)
[+] IV (8 bytes):
           0  1  2  3  4  5  6  7  8  9  A  B  C  D  E  F  0123456789ABCDEF
02199441  65 20 b8 03 c9 41 13 5a                          e ...A.Z
[+] Input data (first 8 bytes):
           0  1  2  3  4  5  6  7  8  9  A  B  C  D  E  F  0123456789ABCDEF
016f83f8  54 51 43 6c 69 65 6e 74                          TQClient
[+] Output data after ENCRYPT (first 8 bytes):
           0  1  2  3  4  5  6  7  8  9  A  B  C  D  E  F  0123456789ABCDEF
02197820  ec 52 8a 2d 7a 3f 4e 1d                          .R.-z?N.
[>] Decrypt wrapper called — context: 0x171afe9c

[+] ======= BF_cfb64_encrypt call #818 =======
[+] Mode: DECRYPT
[+] Length: 2 bytes
[+] BF_KEY ptr: 0x219946c
[+] IV ptr: 0x2199439
[+] num ptr: 0x2199430 (value: 3)
[+] IV (8 bytes):
           0  1  2  3  4  5  6  7  8  9  A  B  C  D  E  F  0123456789ABCDEF
02199439  9f 17 df 7e 47 90 c6 68                          ...~G..h
[+] Input data (first 2 bytes):
           0  1  2  3  4  5  6  7  8  9  A  B  C  D  E  F  0123456789ABCDEF
171afe9c  59 47                                            YG
[+] Output data after DECRYPT (first 2 bytes):
           0  1  2  3  4  5  6  7  8  9  A  B  C  D  E  F  0123456789ABCDEF
02197820  27 00                                            '.
[>] Decrypt wrapper called — context: 0x2198022

[+] ======= BF_cfb64_encrypt call #819 =======
[+] Mode: DECRYPT
[+] Length: 45 bytes
[+] BF_KEY ptr: 0x219946c
[+] IV ptr: 0x2199439
[+] num ptr: 0x2199430 (value: 5)
[+] IV (8 bytes):
           0  1  2  3  4  5  6  7  8  9  A  B  C  D  E  F  0123456789ABCDEF
02199439  9f 17 df 59 47 90 c6 68                          ...YG..h
[+] Input data (first 45 bytes):
           0  1  2  3  4  5  6  7  8  9  A  B  C  D  E  F  0123456789ABCDEF
02198022  a3 ce 60 5e 88 32 20 4b c4 17 e0 6a 96 a3 7d 77  ..`^.2 K...j..}w
02198032  77 72 11 59 a8 cb 2f 45 73 c3 4a bc b8 b9 b0 4f  wr.Y../Es.J....O
02198042  f5 1d 5e 59 eb 0e ee c5 5c 1f d3 7c 56           ..^Y....\..|V
[+] Output data after DECRYPT (first 45 bytes):
           0  1  2  3  4  5  6  7  8  9  A  B  C  D  E  F  0123456789ABCDEF
02197820  33 08 08 fa eb ac 02 38 b1 04 40 af 02 48 ae 90  3......8..@..H..
02197830  d6 e0 01 60 89 01 68 05 70 aa 04 78 b5 02 88 01  ...`..h.p..x....
02197840  ea 07 b8 01 00 54 51 53 65 72 76 65 72           .....TQServer
[>] Encrypt wrapper called — context: 0x2198820

[+] ======= BF_cfb64_encrypt call #820 =======
[+] Mode: ENCRYPT
[+] Length: 33 bytes
[+] BF_KEY ptr: 0x219946c
[+] IV ptr: 0x2199441
[+] num ptr: 0x2199434 (value: 2)
[+] IV (8 bytes):
           0  1  2  3  4  5  6  7  8  9  A  B  C  D  E  F  0123456789ABCDEF
02199441  4e 1d 3a c5 d8 41 92 c6                          N.:..A..
[+] Input data (first 33 bytes):
           0  1  2  3  4  5  6  7  8  9  A  B  C  D  E  F  0123456789ABCDEF
02198820  21 00 38 08 08 b7 d5 9e a3 04 20 fa eb ac 02 28  !.8....... ....(
02198830  e2 ca fe e2 06 38 a3 93 02 40 33 68 02 78 cf f3  .....8...@3h.x..
02198840  03                                               .
[+] Output data after ENCRYPT (first 33 bytes):
           0  1  2  3  4  5  6  7  8  9  A  B  C  D  E  F  0123456789ABCDEF
02197820  1b c5 e0 49 9a 71 94 31 fd 0f 0f 90 01 cc 84 d5  ...I.q.1........
02197830  ff 57 9d 56 b0 63 fb 5f a7 8d 35 ba 4d a4 fb be  .W.V.c._..5.M...
02197840  e7                                               .
[>] Encrypt wrapper called — context: 0x16f83f8

[+] ======= BF_cfb64_encrypt call #821 =======
[+] Mode: ENCRYPT
[+] Length: 8 bytes
[+] BF_KEY ptr: 0x219946c
[+] IV ptr: 0x2199441
[+] num ptr: 0x2199434 (value: 3)
[+] IV (8 bytes):
           0  1  2  3  4  5  6  7  8  9  A  B  C  D  E  F  0123456789ABCDEF
02199441  fb be e7 41 1f 3a fe ae                          ...A.:..
[+] Input data (first 8 bytes):
           0  1  2  3  4  5  6  7  8  9  A  B  C  D  E  F  0123456789ABCDEF
016f83f8  54 51 43 6c 69 65 6e 74                          TQClient
[+] Output data after ENCRYPT (first 8 bytes):
           0  1  2  3  4  5  6  7  8  9  A  B  C  D  E  F  0123456789ABCDEF
02197820  15 4e 79 92 c7 4b 16 66                          .Ny..K.f
[>] Decrypt wrapper called — context: 0x171afe9c

[+] ======= BF_cfb64_encrypt call #822 =======
[+] Mode: DECRYPT
[+] Length: 2 bytes
[+] BF_KEY ptr: 0x219946c
[+] IV ptr: 0x2199439
[+] num ptr: 0x2199430 (value: 2)
[+] IV (8 bytes):
           0  1  2  3  4  5  6  7  8  9  A  B  C  D  E  F  0123456789ABCDEF
02199439  7c 56 6c ce 5d 2b 08 87                          |Vl.]+..
[+] Input data (first 2 bytes):
           0  1  2  3  4  5  6  7  8  9  A  B  C  D  E  F  0123456789ABCDEF
171afe9c  76 ce                                            v.
[+] Output data after DECRYPT (first 2 bytes):
           0  1  2  3  4  5  6  7  8  9  A  B  C  D  E  F  0123456789ABCDEF
02197820  1a 00                                            ..
[>] Decrypt wrapper called — context: 0x2198022

[+] ======= BF_cfb64_encrypt call #823 =======
[+] Mode: DECRYPT
[+] Length: 32 bytes
[+] BF_KEY ptr: 0x219946c
[+] IV ptr: 0x2199439
[+] num ptr: 0x2199430 (value: 4)
[+] IV (8 bytes):
           0  1  2  3  4  5  6  7  8  9  A  B  C  D  E  F  0123456789ABCDEF
02199439  7c 56 76 ce 5d 2b 08 87                          |Vv.]+..
[+] Input data (first 32 bytes):
           0  1  2  3  4  5  6  7  8  9  A  B  C  D  E  F  0123456789ABCDEF
02198022  a3 2c 00 7d c7 f2 b5 d1 4b 12 0d 5c 75 99 e6 17  .,.}....K..\u...
02198032  60 41 0f e9 9f ec 06 bf 79 9b ca 16 a4 2e e5 fd  `A......y.......
[+] Output data after DECRYPT (first 32 bytes):
           0  1  2  3  4  5  6  7  8  9  A  B  C  D  E  F  0123456789ABCDEF
02197820  fe 07 08 fa eb ac 02 12 08 08 ff ff ff ff 0f 10  ................
02197830  00 12 05 08 00 10 93 02 54 51 53 65 72 76 65 72  ........TQServer
[>] Decrypt wrapper called — context: 0x171afe9c

[+] ======= BF_cfb64_encrypt call #824 =======
[+] Mode: DECRYPT
[+] Length: 2 bytes
[+] BF_KEY ptr: 0x219946c
[+] IV ptr: 0x2199439
[+] num ptr: 0x2199430 (value: 4)
[+] IV (8 bytes):
           0  1  2  3  4  5  6  7  8  9  A  B  C  D  E  F  0123456789ABCDEF
02199439  a4 2e e5 fd db 3a 15 39                          .....:.9
[+] Input data (first 2 bytes):
           0  1  2  3  4  5  6  7  8  9  A  B  C  D  E  F  0123456789ABCDEF
171afe9c  f3 3a                                            .:
[+] Output data after DECRYPT (first 2 bytes):
           0  1  2  3  4  5  6  7  8  9  A  B  C  D  E  F  0123456789ABCDEF
02197820  28 00                                            (.
[>] Decrypt wrapper called — context: 0x2198022

[+] ======= BF_cfb64_encrypt call #825 =======
[+] Mode: DECRYPT
[+] Length: 46 bytes
[+] BF_KEY ptr: 0x219946c
[+] IV ptr: 0x2199439
[+] num ptr: 0x2199430 (value: 6)
[+] IV (8 bytes):
           0  1  2  3  4  5  6  7  8  9  A  B  C  D  E  F  0123456789ABCDEF
02199439  a4 2e e5 fd f3 3a 15 39                          .....:.9
[+] Input data (first 46 bytes):
           0  1  2  3  4  5  6  7  8  9  A  B  C  D  E  F  0123456789ABCDEF
02198022  2d 31 17 4a 2f b7 fc 47 09 23 07 3a d2 7d de ca  -1.J/..G.#.:.}..
02198032  b0 7b 8f 17 53 7a 83 e2 92 ca 6f 4f 56 06 ad 6f  .{..Sz....oOV..o
02198042  31 76 b4 cd 5f 05 58 f2 7e 07 57 3c df a7        1v.._.X.~.W<..
[+] Output data after DECRYPT (first 46 bytes):
           0  1  2  3  4  5  6  7  8  9  A  B  C  D  E  F  0123456789ABCDEF
02197820  38 08 18 00 20 fe d0 18 28 fa eb ac 02 38 b0 04  8... ...(....8..
02197830  40 ae 02 68 02 78 01 a8 01 00 c0 01 00 c8 01 00  @..h.x..........
02197840  d0 01 00 d8 01 00 54 51 53 65 72 76 65 72        ......TQServer
[>] Decrypt wrapper called — context: 0x171afe9c

[+] ======= BF_cfb64_encrypt call #826 =======
[+] Mode: DECRYPT
[+] Length: 2 bytes
[+] BF_KEY ptr: 0x219946c
[+] IV ptr: 0x2199439
[+] num ptr: 0x2199430 (value: 4)
[+] IV (8 bytes):
           0  1  2  3  4  5  6  7  8  9  A  B  C  D  E  F  0123456789ABCDEF
02199439  57 3c df a7 64 ba f1 ea                          W<..d...
[+] Input data (first 2 bytes):
           0  1  2  3  4  5  6  7  8  9  A  B  C  D  E  F  0123456789ABCDEF
171afe9c  4b ba                                            K.
[+] Output data after DECRYPT (first 2 bytes):
           0  1  2  3  4  5  6  7  8  9  A  B  C  D  E  F  0123456789ABCDEF
02197820  2f 00                                            /.
[>] Decrypt wrapper called — context: 0x2198022

[+] ======= BF_cfb64_encrypt call #827 =======
[+] Mode: DECRYPT
[+] Length: 53 bytes
[+] BF_KEY ptr: 0x219946c
[+] IV ptr: 0x2199439
[+] num ptr: 0x2199430 (value: 6)
[+] IV (8 bytes):
           0  1  2  3  4  5  6  7  8  9  A  B  C  D  E  F  0123456789ABCDEF
02199439  57 3c df a7 4b ba f1 ea                          W<..K...
[+] Input data (first 53 bytes):
           0  1  2  3  4  5  6  7  8  9  A  B  C  D  E  F  0123456789ABCDEF
02198022  87 e3 ec bf fa 14 89 fd c0 d0 d7 6d 4e 1b e0 93  ...........mN...
02198032  78 e4 6f 5d 27 c5 b7 39 3d b5 55 3b c8 a5 c2 5a  x.o]'..9=.U;...Z
02198042  1d 6a 42 28 16 44 65 94 cc 60 4a cc 9b c7 c7 5f  .jB(.De..`J...._
02198052  77 c1 20 3e bf                                   w. >.
[+] Output data after DECRYPT (first 53 bytes):
           0  1  2  3  4  5  6  7  8  9  A  B  C  D  E  F  0123456789ABCDEF
02197820  76 09 08 fa eb ac 02 18 b1 04 20 af 02 28 92 27  v......... ..(.'
02197830  30 00 40 00 48 00 52 15 08 fe d0 18 10 90 01 18  0.@.H.R.........
02197840  00 20 00 28 00 30 00 38 00 40 00 48 00 54 51 53  . .(.0.8.@.H.TQS
02197850  65 72 76 65 72                                   erver
[>] Decrypt wrapper called — context: 0x171afe9c

[+] ======= BF_cfb64_encrypt call #828 =======
[+] Mode: DECRYPT
[+] Length: 2 bytes
[+] BF_KEY ptr: 0x219946c
[+] IV ptr: 0x2199439
[+] num ptr: 0x2199430 (value: 3)
[+] IV (8 bytes):
           0  1  2  3  4  5  6  7  8  9  A  B  C  D  E  F  0123456789ABCDEF
02199439  20 3e bf 13 10 60 b8 f3                           >...`..
[+] Input data (first 2 bytes):
           0  1  2  3  4  5  6  7  8  9  A  B  C  D  E  F  0123456789ABCDEF
171afe9c  37 10                                            7.
[+] Output data after DECRYPT (first 2 bytes):
           0  1  2  3  4  5  6  7  8  9  A  B  C  D  E  F  0123456789ABCDEF
02197820  24 00                                            $.
[>] Decrypt wrapper called — context: 0x2198022

[+] ======= BF_cfb64_encrypt call #829 =======
[+] Mode: DECRYPT
[+] Length: 42 bytes
[+] BF_KEY ptr: 0x219946c
[+] IV ptr: 0x2199439
[+] num ptr: 0x2199430 (value: 5)
[+] IV (8 bytes):
           0  1  2  3  4  5  6  7  8  9  A  B  C  D  E  F  0123456789ABCDEF
02199439  20 3e bf 37 10 60 b8 f3                           >.7.`..
[+] Input data (first 42 bytes):
           0  1  2  3  4  5  6  7  8  9  A  B  C  D  E  F  0123456789ABCDEF
02198022  58 b0 d3 ff a5 1f cc 7e 84 f7 1d 1d d1 35 5b 49  X......~.....5[I
02198032  dd 46 f0 44 a5 95 30 32 4e 95 b9 71 d1 8b b7 7b  .F.D..02N..q...{
02198042  e4 8f db 29 e4 6e aa b1 53 45                    ...).n..SE
[+] Output data after DECRYPT (first 42 bytes):
           0  1  2  3  4  5  6  7  8  9  A  B  C  D  E  F  0123456789ABCDEF
02197820  38 08 20 fa eb ac 02 28 fe d0 18 38 b0 04 40 ae  8. ....(...8..@.
02197830  02 68 0e 88 01 01 90 01 00 a8 01 00 c8 01 00 d0  .h..............
02197840  01 00 54 51 53 65 72 76 65 72                    ..TQServer
[>] Decrypt wrapper called — context: 0x171afe9c

[+] ======= BF_cfb64_encrypt call #830 =======
[+] Mode: DECRYPT
[+] Length: 2 bytes
[+] BF_KEY ptr: 0x219946c
[+] IV ptr: 0x2199439
[+] num ptr: 0x2199430 (value: 7)
[+] IV (8 bytes):
           0  1  2  3  4  5  6  7  8  9  A  B  C  D  E  F  0123456789ABCDEF
02199439  29 e4 6e aa b1 53 45 bd                          ).n..SE.
[+] Input data (first 2 bytes):
           0  1  2  3  4  5  6  7  8  9  A  B  C  D  E  F  0123456789ABCDEF
171afe9c  8d 0f                                            ..
[+] Output data after DECRYPT (first 2 bytes):
           0  1  2  3  4  5  6  7  8  9  A  B  C  D  E  F  0123456789ABCDEF
02197820  30 00                                            0.
[>] Decrypt wrapper called — context: 0x2198022

[+] ======= BF_cfb64_encrypt call #831 =======
[+] Mode: DECRYPT
[+] Length: 54 bytes
[+] BF_KEY ptr: 0x219946c
[+] IV ptr: 0x2199439
[+] num ptr: 0x2199430 (value: 1)
[+] IV (8 bytes):
           0  1  2  3  4  5  6  7  8  9  A  B  C  D  E  F  0123456789ABCDEF
02199439  0f a0 43 7a 12 2c e4 49                          ..Cz.,.I
[+] Input data (first 54 bytes):
           0  1  2  3  4  5  6  7  8  9  A  B  C  D  E  F  0123456789ABCDEF
02198022  5e 44 72 ec fc fc 5b 96 11 56 39 e8 d6 21 25 b2  ^Dr...[..V9..!%.
02198032  68 8b 9d 8f ed 38 eb 1c 9e 95 b7 37 fc d1 c8 99  h....8.....7....
02198042  09 1f fe 9c 21 96 ed f0 5e 02 98 57 b7 2c ec 66  ....!...^..W.,.f
02198052  17 16 c5 4a d6 d1                                ...J..
[+] Output data after DECRYPT (first 54 bytes):
           0  1  2  3  4  5  6  7  8  9  A  B  C  D  E  F  0123456789ABCDEF
02197820  fe 07 08 fe d0 18 12 26 08 19 18 20 18 00 18 00  .......&... ....
02197830  18 00 18 00 18 00 18 00 18 00 18 00 18 00 18 00  ................
02197840  18 00 18 00 18 00 18 00 18 00 18 00 18 00 54 51  ..............TQ
02197850  53 65 72 76 65 72                                Server
[>] Decrypt wrapper called — context: 0x171afe9c

[+] ======= BF_cfb64_encrypt call #832 =======
[+] Mode: DECRYPT
[+] Length: 2 bytes
[+] BF_KEY ptr: 0x219946c
[+] IV ptr: 0x2199439
[+] num ptr: 0x2199430 (value: 7)
[+] IV (8 bytes):
           0  1  2  3  4  5  6  7  8  9  A  B  C  D  E  F  0123456789ABCDEF
02199439  66 17 16 c5 4a d6 d1 da                          f...J...
[+] Input data (first 2 bytes):
           0  1  2  3  4  5  6  7  8  9  A  B  C  D  E  F  0123456789ABCDEF
171afe9c  c0 44                                            .D
[+] Output data after DECRYPT (first 2 bytes):
           0  1  2  3  4  5  6  7  8  9  A  B  C  D  E  F  0123456789ABCDEF
02197820  1a 00                                            ..
[>] Decrypt wrapper called — context: 0x2198022

[+] ======= BF_cfb64_encrypt call #833 =======
[+] Mode: DECRYPT
[+] Length: 32 bytes
[+] BF_KEY ptr: 0x219946c
[+] IV ptr: 0x2199439
[+] num ptr: 0x2199430 (value: 1)
[+] IV (8 bytes):
           0  1  2  3  4  5  6  7  8  9  A  B  C  D  E  F  0123456789ABCDEF
02199439  44 ae 46 db 69 6a fc 40                          D.F.ij.@
[+] Input data (first 32 bytes):
           0  1  2  3  4  5  6  7  8  9  A  B  C  D  E  F  0123456789ABCDEF
02198022  50 41 d3 93 81 50 42 21 5b a2 b2 06 f3 dd e4 ef  PA...PB![.......
02198032  b9 81 a4 60 35 ad f9 51 1a 53 35 1e 03 e5 f4 d1  ...`5..Q.S5.....
[+] Output data after DECRYPT (first 32 bytes):
           0  1  2  3  4  5  6  7  8  9  A  B  C  D  E  F  0123456789ABCDEF
02197820  fe 07 08 fa eb ac 02 12 08 08 ff ff ff ff 0f 10  ................
02197830  00 12 05 08 05 10 8e 07 54 51 53 65 72 76 65 72  ........TQServer
[>] Encrypt wrapper called — context: 0x2198820

[+] ======= BF_cfb64_encrypt call #834 =======
[+] Mode: ENCRYPT
[+] Length: 12 bytes
[+] BF_KEY ptr: 0x219946c
[+] IV ptr: 0x2199441
[+] num ptr: 0x2199434 (value: 3)
[+] IV (8 bytes):
           0  1  2  3  4  5  6  7  8  9  A  B  C  D  E  F  0123456789ABCDEF
02199441  4b 16 66 77 b0 31 a5 ef                          K.fw.1..
[+] Input data (first 12 bytes):
           0  1  2  3  4  5  6  7  8  9  A  B  C  D  E  F  0123456789ABCDEF
02198820  0c 00 36 0a 00 00 00 00 fe ad 67 44              ..6.......gD
[+] Output data after ENCRYPT (first 12 bytes):
           0  1  2  3  4  5  6  7  8  9  A  B  C  D  E  F  0123456789ABCDEF
02197820  7b b0 07 af ef e9 a5 f4 da ce c3 ee              {...........
[>] Encrypt wrapper called — context: 0x16f83f8

[+] ======= BF_cfb64_encrypt call #835 =======
[+] Mode: ENCRYPT
[+] Length: 8 bytes
[+] BF_KEY ptr: 0x219946c
[+] IV ptr: 0x2199441
[+] num ptr: 0x2199434 (value: 7)
[+] IV (8 bytes):
           0  1  2  3  4  5  6  7  8  9  A  B  C  D  E  F  0123456789ABCDEF
02199441  e9 a5 f4 da ce c3 ee 02                          ........
[+] Input data (first 8 bytes):
           0  1  2  3  4  5  6  7  8  9  A  B  C  D  E  F  0123456789ABCDEF
016f83f8  54 51 43 6c 69 65 6e 74                          TQClient
[+] Output data after ENCRYPT (first 8 bytes):
           0  1  2  3  4  5  6  7  8  9  A  B  C  D  E  F  0123456789ABCDEF
02197820  56 ff e8 a3 29 4e 25 51                          V...)N%Q
[>] Encrypt wrapper called — context: 0x2198820

[+] ======= BF_cfb64_encrypt call #836 =======
[+] Mode: ENCRYPT
[+] Length: 48 bytes
[+] BF_KEY ptr: 0x219946c
[+] IV ptr: 0x2199441
[+] num ptr: 0x2199434 (value: 7)
[+] IV (8 bytes):
           0  1  2  3  4  5  6  7  8  9  A  B  C  D  E  F  0123456789ABCDEF
02199441  ff e8 a3 29 4e 25 51 46                          ...)N%QF
[+] Input data (first 48 bytes):
           0  1  2  3  4  5  6  7  8  9  A  B  C  D  E  F  0123456789ABCDEF
02198820  30 00 33 08 08 fa eb ac 02 38 a2 04 40 aa 02 48  0.3......8..@..H
02198830  da dc 9e a3 04 60 89 01 68 02 70 b1 04 78 af 02  .....`..h.p..x..
02198840  88 01 ea 07 a0 01 ff ff ff ff ff ff ff ff ff 01  ................
[+] Output data after ENCRYPT (first 48 bytes):
           0  1  2  3  4  5  6  7  8  9  A  B  C  D  E  F  0123456789ABCDEF
02197820  76 97 a6 bd 07 b9 8b 8d 03 69 fd fa be dd ff 63  v........i.....c
02197830  a2 d0 4a f2 86 e1 e5 2d 80 2b bc 7d 38 63 cb 8f  ..J....-.+.}8c..
02197840  48 df 5b 1f 10 23 64 71 38 13 55 77 8c 0a 31 d7  H.[..#dq8.Uw..1.
[>] Encrypt wrapper called — context: 0x16f83f8

[+] ======= BF_cfb64_encrypt call #837 =======
[+] Mode: ENCRYPT
[+] Length: 8 bytes
[+] BF_KEY ptr: 0x219946c
[+] IV ptr: 0x2199441
[+] num ptr: 0x2199434 (value: 7)
[+] IV (8 bytes):
           0  1  2  3  4  5  6  7  8  9  A  B  C  D  E  F  0123456789ABCDEF
02199441  13 55 77 8c 0a 31 d7 cc                          .Uw..1..
[+] Input data (first 8 bytes):
           0  1  2  3  4  5  6  7  8  9  A  B  C  D  E  F  0123456789ABCDEF
016f83f8  54 51 43 6c 69 65 6e 74                          TQClient
[+] Output data after ENCRYPT (first 8 bytes):
           0  1  2  3  4  5  6  7  8  9  A  B  C  D  E  F  0123456789ABCDEF
02197820  98 e7 34 3a bf 24 f8 72                          ..4:.$.r
[>] Decrypt wrapper called — context: 0x171afe9c

[+] ======= BF_cfb64_encrypt call #838 =======
[+] Mode: DECRYPT
[+] Length: 2 bytes
[+] BF_KEY ptr: 0x219946c
[+] IV ptr: 0x2199439
[+] num ptr: 0x2199430 (value: 1)
[+] IV (8 bytes):
           0  1  2  3  4  5  6  7  8  9  A  B  C  D  E  F  0123456789ABCDEF
02199439  d1 aa a9 f2 d2 7c 31 b0                          .....|1.
[+] Input data (first 2 bytes):
           0  1  2  3  4  5  6  7  8  9  A  B  C  D  E  F  0123456789ABCDEF
171afe9c  a6 a9                                            ..
[+] Output data after DECRYPT (first 2 bytes):
           0  1  2  3  4  5  6  7  8  9  A  B  C  D  E  F  0123456789ABCDEF
02197820  0c 00                                            ..
[>] Decrypt wrapper called — context: 0x2198022

[+] ======= BF_cfb64_encrypt call #839 =======
[+] Mode: DECRYPT
[+] Length: 18 bytes
[+] BF_KEY ptr: 0x219946c
[+] IV ptr: 0x2199439
[+] num ptr: 0x2199430 (value: 3)
[+] IV (8 bytes):
           0  1  2  3  4  5  6  7  8  9  A  B  C  D  E  F  0123456789ABCDEF
02199439  d1 a6 a9 f2 d2 7c 31 b0                          .....|1.
[+] Input data (first 18 bytes):
           0  1  2  3  4  5  6  7  8  9  A  B  C  D  E  F  0123456789ABCDEF
02198022  c4 d8 7c 31 b0 9c 82 11 d8 ad 90 af 30 82 6c 59  ..|1........0.lY
02198032  58 af                                            X.
[+] Output data after DECRYPT (first 18 bytes):
           0  1  2  3  4  5  6  7  8  9  A  B  C  D  E  F  0123456789ABCDEF
02197820  36 0a 00 00 00 00 fe ad 67 44 54 51 53 65 72 76  6.......gDTQServ
02197830  65 72                                            er
[>] Decrypt wrapper called — context: 0x171afe9c

[+] ======= BF_cfb64_encrypt call #840 =======
[+] Mode: DECRYPT
[+] Length: 2 bytes
[+] BF_KEY ptr: 0x219946c
[+] IV ptr: 0x2199439
[+] num ptr: 0x2199430 (value: 5)
[+] IV (8 bytes):
           0  1  2  3  4  5  6  7  8  9  A  B  C  D  E  F  0123456789ABCDEF
02199439  82 6c 59 58 af 60 46 60                          .lYX.`F`
[+] Input data (first 2 bytes):
           0  1  2  3  4  5  6  7  8  9  A  B  C  D  E  F  0123456789ABCDEF
171afe9c  47 46                                            GF
[+] Output data after DECRYPT (first 2 bytes):
           0  1  2  3  4  5  6  7  8  9  A  B  C  D  E  F  0123456789ABCDEF
02197820  27 00                                            '.
[>] Decrypt wrapper called — context: 0x2198022

[+] ======= BF_cfb64_encrypt call #841 =======
[+] Mode: DECRYPT
[+] Length: 45 bytes
[+] BF_KEY ptr: 0x219946c
[+] IV ptr: 0x2199439
[+] num ptr: 0x2199430 (value: 7)
[+] IV (8 bytes):
           0  1  2  3  4  5  6  7  8  9  A  B  C  D  E  F  0123456789ABCDEF
02199439  82 6c 59 58 af 47 46 60                          .lYX.GF`
[+] Input data (first 45 bytes):
           0  1  2  3  4  5  6  7  8  9  A  B  C  D  E  F  0123456789ABCDEF
02198022  53 fb e1 00 be 7d f7 5f 2d ed 14 b6 4f ef cf 31  S....}._-...O..1
02198032  c9 d8 f6 51 91 62 2f 8e 7f bd a8 ce 96 3f 66 f5  ...Q.b/......?f.
02198042  57 d9 2e 60 c2 17 63 96 b0 1a cd b5 b2           W..`..c......
[+] Output data after DECRYPT (first 45 bytes):
           0  1  2  3  4  5  6  7  8  9  A  B  C  D  E  F  0123456789ABCDEF
02197820  33 08 08 fa eb ac 02 38 a2 04 40 aa 02 48 cb a2  3......8..@..H..
02197830  d6 e0 01 60 89 01 68 02 70 b1 04 78 af 02 88 01  ...`..h.p..x....
02197840  ea 07 b8 01 00 54 51 53 65 72 76 65 72           .....TQServer
[>] Decrypt wrapper called — context: 0x171afe9c

[+] ======= BF_cfb64_encrypt call #842 =======
[+] Mode: DECRYPT
[+] Length: 2 bytes
[+] BF_KEY ptr: 0x219946c
[+] IV ptr: 0x2199439
[+] num ptr: 0x2199430 (value: 4)
[+] IV (8 bytes):
           0  1  2  3  4  5  6  7  8  9  A  B  C  D  E  F  0123456789ABCDEF
02199439  1a cd b5 b2 64 50 39 d3                          ....dP9.
[+] Input data (first 2 bytes):
           0  1  2  3  4  5  6  7  8  9  A  B  C  D  E  F  0123456789ABCDEF
171afe9c  78 50                                            xP
[+] Output data after DECRYPT (first 2 bytes):
           0  1  2  3  4  5  6  7  8  9  A  B  C  D  E  F  0123456789ABCDEF
02197820  1c 00                                            ..
[>] Decrypt wrapper called — context: 0x2198022

[+] ======= BF_cfb64_encrypt call #843 =======
[+] Mode: DECRYPT
[+] Length: 34 bytes
[+] BF_KEY ptr: 0x219946c
[+] IV ptr: 0x2199439
[+] num ptr: 0x2199430 (value: 6)
[+] IV (8 bytes):
           0  1  2  3  4  5  6  7  8  9  A  B  C  D  E  F  0123456789ABCDEF
02199439  1a cd b5 b2 78 50 39 d3                          ....xP9.
[+] Input data (first 34 bytes):
           0  1  2  3  4  5  6  7  8  9  A  B  C  D  E  F  0123456789ABCDEF
02198022  5a da 4c 6f f4 60 33 1c cc a5 f2 f7 59 88 ce 5d  Z.Lo.`3.....Y..]
02198032  ce b2 08 c7 ef 62 68 03 58 b2 cd cd f3 e5 87 43  .....bh.X......C
02198042  58 74                                            Xt
[+] Output data after DECRYPT (first 34 bytes):
           0  1  2  3  4  5  6  7  8  9  A  B  C  D  E  F  0123456789ABCDEF
02197820  63 09 08 db 9f 01 10 db 9f 01 18 00 20 90 04 28  c........... ..(
02197830  ba 02 30 a8 fe 02 38 02 40 00 54 51 53 65 72 76  ..0...8.@.TQServ
02197840  65 72                                            er
[>] Decrypt wrapper called — context: 0x171afe9c

[+] ======= BF_cfb64_encrypt call #844 =======
[+] Mode: DECRYPT
[+] Length: 2 bytes
[+] BF_KEY ptr: 0x219946c
[+] IV ptr: 0x2199439
[+] num ptr: 0x2199430 (value: 0)
[+] IV (8 bytes):
           0  1  2  3  4  5  6  7  8  9  A  B  C  D  E  F  0123456789ABCDEF
02199439  cd cd f3 e5 87 43 58 74                          .....CXt
[+] Input data (first 2 bytes):
           0  1  2  3  4  5  6  7  8  9  A  B  C  D  E  F  0123456789ABCDEF
171afe9c  59 3e                                            Y>
[+] Output data after DECRYPT (first 2 bytes):
           0  1  2  3  4  5  6  7  8  9  A  B  C  D  E  F  0123456789ABCDEF
02197820  a2 00                                            ..
[>] Decrypt wrapper called — context: 0x2198022

[+] ======= BF_cfb64_encrypt call #845 =======
[+] Mode: DECRYPT
[+] Length: 168 bytes
[+] BF_KEY ptr: 0x219946c
[+] IV ptr: 0x2199439
[+] num ptr: 0x2199430 (value: 2)
[+] IV (8 bytes):
           0  1  2  3  4  5  6  7  8  9  A  B  C  D  E  F  0123456789ABCDEF
02199439  59 3e 52 b6 db 03 82 c7                          Y>R.....
[+] Input data (first 64 bytes):
           0  1  2  3  4  5  6  7  8  9  A  B  C  D  E  F  0123456789ABCDEF
02198022  a6 be d3 87 85 d7 0b 09 f9 28 61 c0 5f 3a 6e 2f  .........(a._:n/
02198032  c3 1d 14 ab b9 99 2a 4e e3 50 c7 b4 29 c8 5d 6a  ......*N.P..).]j
02198042  a7 9f 6d 64 7b 69 ce 49 90 38 f7 f3 fe ba bf 35  ..md{i.I.8.....5
02198052  36 b5 bc f4 61 72 cd 4c 36 b2 8f 50 45 41 3c dd  6...ar.L6..PEA<.
[+] Output data after DECRYPT (first 64 bytes):
           0  1  2  3  4  5  6  7  8  9  A  B  C  D  E  F  0123456789ABCDEF
02197820  f4 08 08 84 07 10 a4 81 1a 18 00 20 00 28 00 30  ........... .(.0
02197830  00 30 00 30 00 30 00 30 00 30 00 30 00 30 00 30  .0.0.0.0.0.0.0.0
02197840  00 30 00 30 00 30 00 30 00 30 00 30 00 30 00 30  .0.0.0.0.0.0.0.0
02197850  00 30 00 40 00 48 00 50 00 58 00 60 00 78 00 b8  .0.@.H.P.X.`.x..
[>] Decrypt wrapper called — context: 0x171afe9c

[+] ======= BF_cfb64_encrypt call #846 =======
[+] Mode: DECRYPT
[+] Length: 2 bytes
[+] BF_KEY ptr: 0x219946c
[+] IV ptr: 0x2199439
[+] num ptr: 0x2199430 (value: 2)
[+] IV (8 bytes):
           0  1  2  3  4  5  6  7  8  9  A  B  C  D  E  F  0123456789ABCDEF
02199439  47 b6 0f af 21 ac 57 eb                          G...!.W.
[+] Input data (first 2 bytes):
           0  1  2  3  4  5  6  7  8  9  A  B  C  D  E  F  0123456789ABCDEF
171afe9c  91 af                                            ..
[+] Output data after DECRYPT (first 2 bytes):
           0  1  2  3  4  5  6  7  8  9  A  B  C  D  E  F  0123456789ABCDEF
02197820  9e 00                                            ..
[>] Decrypt wrapper called — context: 0x2198022

[+] ======= BF_cfb64_encrypt call #847 =======
[+] Mode: DECRYPT
[+] Length: 164 bytes
[+] BF_KEY ptr: 0x219946c
[+] IV ptr: 0x2199439
[+] num ptr: 0x2199430 (value: 4)
[+] IV (8 bytes):
           0  1  2  3  4  5  6  7  8  9  A  B  C  D  E  F  0123456789ABCDEF
02199439  47 b6 91 af 21 ac 57 eb                          G...!.W.
[+] Input data (first 64 bytes):
           0  1  2  3  4  5  6  7  8  9  A  B  C  D  E  F  0123456789ABCDEF
02198022  d5 a4 5f 0c b1 00 29 51 c6 40 94 e7 04 17 2b 1e  .._...)Q.@....+.
02198032  2d 25 80 37 e6 35 e3 68 5e 43 e3 cb fa 2f 75 d2  -%.7.5.h^C.../u.
02198042  1f a5 a9 2a b2 3a b7 49 33 9e d2 18 0e cf a4 c9  ...*.:.I3.......
02198052  e5 52 07 f9 10 e1 8a de b3 b6 75 c0 31 10 e8 10  .R........u.1...
[+] Output data after DECRYPT (first 64 bytes):
           0  1  2  3  4  5  6  7  8  9  A  B  C  D  E  F  0123456789ABCDEF
02197820  f4 08 08 e7 01 10 da c3 19 18 00 20 00 28 00 30  ........... .(.0
02197830  00 30 00 30 00 30 00 30 00 30 00 30 00 30 00 30  .0.0.0.0.0.0.0.0
02197840  00 30 00 30 00 30 00 30 00 30 00 30 00 30 00 30  .0.0.0.0.0.0.0.0
02197850  00 30 00 40 00 48 00 50 00 58 00 60 00 78 00 b8  .0.@.H.P.X.`.x..
[>] Decrypt wrapper called — context: 0x171afe9c

[+] ======= BF_cfb64_encrypt call #848 =======
[+] Mode: DECRYPT
[+] Length: 2 bytes
[+] BF_KEY ptr: 0x219946c
[+] IV ptr: 0x2199439
[+] num ptr: 0x2199430 (value: 0)
[+] IV (8 bytes):
           0  1  2  3  4  5  6  7  8  9  A  B  C  D  E  F  0123456789ABCDEF
02199439  d5 5a 5d 64 0f fa 1c 23                          .Z]d...#
[+] Input data (first 2 bytes):
           0  1  2  3  4  5  6  7  8  9  A  B  C  D  E  F  0123456789ABCDEF
171afe9c  3e 39                                            >9
[+] Output data after DECRYPT (first 2 bytes):
           0  1  2  3  4  5  6  7  8  9  A  B  C  D  E  F  0123456789ABCDEF
02197820  9e 00                                            ..
[>] Decrypt wrapper called — context: 0x2198022

[+] ======= BF_cfb64_encrypt call #849 =======
[+] Mode: DECRYPT
[+] Length: 164 bytes
[+] BF_KEY ptr: 0x219946c
[+] IV ptr: 0x2199439
[+] num ptr: 0x2199430 (value: 2)
[+] IV (8 bytes):
           0  1  2  3  4  5  6  7  8  9  A  B  C  D  E  F  0123456789ABCDEF
02199439  3e 39 e7 40 ff 50 c9 1c                          >9.@.P..
[+] Input data (first 64 bytes):
           0  1  2  3  4  5  6  7  8  9  A  B  C  D  E  F  0123456789ABCDEF
02198022  13 48 f7 b7 c8 0c 7a 1f 9d 19 8d 1f 3b 43 88 17  .H....z.....;C..
02198032  34 3b 74 10 76 06 f9 d5 2c 9f 49 f8 46 4a 47 5f  4;t.v...,.I.FJG_
02198042  8a f4 61 6e 9a 60 ec 1b a2 d4 e3 d8 03 3d 6a 89  ..an.`.......=j.
02198052  ca 01 ff 3e 0c f9 3b 6e af e0 ad 5f 2d 15 78 4b  ...>..;n..._-.xK
[+] Output data after DECRYPT (first 64 bytes):
           0  1  2  3  4  5  6  7  8  9  A  B  C  D  E  F  0123456789ABCDEF
02197820  f4 08 08 e7 01 10 82 c4 19 18 00 20 00 28 00 30  ........... .(.0
02197830  00 30 00 30 00 30 00 30 00 30 00 30 00 30 00 30  .0.0.0.0.0.0.0.0
02197840  00 30 00 30 00 30 00 30 00 30 00 30 00 30 00 30  .0.0.0.0.0.0.0.0
02197850  00 30 00 40 00 48 00 50 00 58 00 60 00 78 00 b8  .0.@.H.P.X.`.x..
[>] Decrypt wrapper called — context: 0x171afe9c

[+] ======= BF_cfb64_encrypt call #850 =======
[+] Mode: DECRYPT
[+] Length: 2 bytes
[+] BF_KEY ptr: 0x219946c
[+] IV ptr: 0x2199439
[+] num ptr: 0x2199430 (value: 6)
[+] IV (8 bytes):
           0  1  2  3  4  5  6  7  8  9  A  B  C  D  E  F  0123456789ABCDEF
02199439  de 1b 38 02 37 0a ff 8b                          ..8.7...
[+] Input data (first 2 bytes):
           0  1  2  3  4  5  6  7  8  9  A  B  C  D  E  F  0123456789ABCDEF
171afe9c  61 8b                                            a.
[+] Output data after DECRYPT (first 2 bytes):
           0  1  2  3  4  5  6  7  8  9  A  B  C  D  E  F  0123456789ABCDEF
02197820  9e 00                                            ..
[>] Decrypt wrapper called — context: 0x2198022

[+] ======= BF_cfb64_encrypt call #851 =======
[+] Mode: DECRYPT
[+] Length: 164 bytes
[+] BF_KEY ptr: 0x219946c
[+] IV ptr: 0x2199439
[+] num ptr: 0x2199430 (value: 0)
[+] IV (8 bytes):
           0  1  2  3  4  5  6  7  8  9  A  B  C  D  E  F  0123456789ABCDEF
02199439  de 1b 38 02 37 0a 61 8b                          ..8.7.a.
[+] Input data (first 64 bytes):
           0  1  2  3  4  5  6  7  8  9  A  B  C  D  E  F  0123456789ABCDEF
02198022  a2 9c 40 e8 48 ab 36 f3 b5 61 da 51 a9 66 09 cf  ..@.H.6..a.Q.f..
02198032  44 91 d2 79 da bd b5 a4 8d 65 09 e6 7c a1 c5 dd  D..y.....e..|...
02198042  c7 ae f0 b0 95 0b 1e 1b 88 0b db 2e 9b 21 74 45  .............!tE
02198052  75 c8 9d e4 ce f3 c3 40 65 f0 fb c4 42 9a dc 1f  u......@e...B...
[+] Output data after DECRYPT (first 64 bytes):
           0  1  2  3  4  5  6  7  8  9  A  B  C  D  E  F  0123456789ABCDEF
02197820  f4 08 08 e7 01 10 cf c0 19 18 00 20 00 28 00 30  ........... .(.0
02197830  00 30 00 30 00 30 00 30 00 30 00 30 00 30 00 30  .0.0.0.0.0.0.0.0
02197840  00 30 00 30 00 30 00 30 00 30 00 30 00 30 00 30  .0.0.0.0.0.0.0.0
02197850  00 30 00 40 00 48 00 50 00 58 00 60 00 78 00 b8  .0.@.H.P.X.`.x..
[>] Decrypt wrapper called — context: 0x171afe9c

[+] ======= BF_cfb64_encrypt call #852 =======
[+] Mode: DECRYPT
[+] Length: 2 bytes
[+] BF_KEY ptr: 0x219946c
[+] IV ptr: 0x2199439
[+] num ptr: 0x2199430 (value: 4)
[+] IV (8 bytes):
           0  1  2  3  4  5  6  7  8  9  A  B  C  D  E  F  0123456789ABCDEF
02199439  0a ae f6 b1 25 53 20 cd                          ....%S .
[+] Input data (first 2 bytes):
           0  1  2  3  4  5  6  7  8  9  A  B  C  D  E  F  0123456789ABCDEF
171afe9c  bb 53                                            .S
[+] Output data after DECRYPT (first 2 bytes):
           0  1  2  3  4  5  6  7  8  9  A  B  C  D  E  F  0123456789ABCDEF
02197820  9e 00                                            ..
[>] Decrypt wrapper called — context: 0x2198022

[+] ======= BF_cfb64_encrypt call #853 =======
[+] Mode: DECRYPT
[+] Length: 164 bytes
[+] BF_KEY ptr: 0x219946c
[+] IV ptr: 0x2199439
[+] num ptr: 0x2199430 (value: 6)
[+] IV (8 bytes):
           0  1  2  3  4  5  6  7  8  9  A  B  C  D  E  F  0123456789ABCDEF
02199439  0a ae f6 b1 bb 53 20 cd                          .....S .
[+] Input data (first 64 bytes):
           0  1  2  3  4  5  6  7  8  9  A  B  C  D  E  F  0123456789ABCDEF
02198022  d4 c5 93 c2 1d 51 3b a7 fc 49 18 40 53 9a 1d 2e  .....Q;..I.@S...
02198032  c3 72 60 6f e6 08 08 4e 01 ff 27 bf 9b 59 2c d7  .r`o...N..'..Y,.
02198042  83 49 de 94 75 fb 04 72 50 f2 6d 37 ad e0 bc b9  .I..u..rP.m7....
02198052  35 1f 06 16 84 c0 2b 67 99 ff a5 db 43 77 14 c4  5.....+g....Cw..
[+] Output data after DECRYPT (first 64 bytes):
           0  1  2  3  4  5  6  7  8  9  A  B  C  D  E  F  0123456789ABCDEF
02197820  f4 08 08 e7 01 10 e9 c3 19 18 00 20 00 28 00 30  ........... .(.0
02197830  00 30 00 30 00 30 00 30 00 30 00 30 00 30 00 30  .0.0.0.0.0.0.0.0
02197840  00 30 00 30 00 30 00 30 00 30 00 30 00 30 00 30  .0.0.0.0.0.0.0.0
02197850  00 30 00 40 00 48 00 50 00 58 00 60 00 78 00 b8  .0.@.H.P.X.`.x..
[>] Decrypt wrapper called — context: 0x171afe9c

[+] ======= BF_cfb64_encrypt call #854 =======
[+] Mode: DECRYPT
[+] Length: 2 bytes
[+] BF_KEY ptr: 0x219946c
[+] IV ptr: 0x2199439
[+] num ptr: 0x2199430 (value: 2)
[+] IV (8 bytes):
           0  1  2  3  4  5  6  7  8  9  A  B  C  D  E  F  0123456789ABCDEF
02199439  6b 0f c8 d2 71 bb 15 65                          k...q..e
[+] Input data (first 2 bytes):
           0  1  2  3  4  5  6  7  8  9  A  B  C  D  E  F  0123456789ABCDEF
171afe9c  56 d2                                            V.
[+] Output data after DECRYPT (first 2 bytes):
           0  1  2  3  4  5  6  7  8  9  A  B  C  D  E  F  0123456789ABCDEF
02197820  9e 00                                            ..
[>] Decrypt wrapper called — context: 0x2198022

[+] ======= BF_cfb64_encrypt call #855 =======
[+] Mode: DECRYPT
[+] Length: 164 bytes
[+] BF_KEY ptr: 0x219946c
[+] IV ptr: 0x2199439
[+] num ptr: 0x2199430 (value: 4)
[+] IV (8 bytes):
           0  1  2  3  4  5  6  7  8  9  A  B  C  D  E  F  0123456789ABCDEF
02199439  6b 0f 56 d2 71 bb 15 65                          k.V.q..e
[+] Input data (first 64 bytes):
           0  1  2  3  4  5  6  7  8  9  A  B  C  D  E  F  0123456789ABCDEF
02198022  85 b3 1d 82 f7 a4 f6 27 4e 0b 50 6a a8 a4 b0 a5  .......'N.Pj....
02198032  06 11 da 0f f2 09 87 1d 4d dd d4 0a 0b ce 87 43  ........M......C
02198042  72 52 9d e2 e9 23 e8 ef e4 2b 14 4f 74 20 c5 67  rR...#...+.Ot .g
02198052  b9 e5 d9 e6 0e d8 b2 a3 17 96 b6 ff 71 7b 08 aa  ............q{..
[+] Output data after DECRYPT (first 64 bytes):
           0  1  2  3  4  5  6  7  8  9  A  B  C  D  E  F  0123456789ABCDEF
02197820  f4 08 08 e7 01 10 e0 ba 19 18 00 20 00 28 00 30  ........... .(.0
02197830  00 30 00 30 00 30 00 30 00 30 00 30 00 30 00 30  .0.0.0.0.0.0.0.0
02197840  00 30 00 30 00 30 00 30 00 30 00 30 00 30 00 30  .0.0.0.0.0.0.0.0
02197850  00 30 00 40 00 48 00 50 00 58 00 60 00 78 00 b8  .0.@.H.P.X.`.x..
[>] Decrypt wrapper called — context: 0x171afe9c

[+] ======= BF_cfb64_encrypt call #856 =======
[+] Mode: DECRYPT
[+] Length: 2 bytes
[+] BF_KEY ptr: 0x219946c
[+] IV ptr: 0x2199439
[+] num ptr: 0x2199430 (value: 0)
[+] IV (8 bytes):
           0  1  2  3  4  5  6  7  8  9  A  B  C  D  E  F  0123456789ABCDEF
02199439  72 97 af 55 00 81 74 8d                          r..U..t.
[+] Input data (first 2 bytes):
           0  1  2  3  4  5  6  7  8  9  A  B  C  D  E  F  0123456789ABCDEF
171afe9c  17 4f                                            .O
[+] Output data after DECRYPT (first 2 bytes):
           0  1  2  3  4  5  6  7  8  9  A  B  C  D  E  F  0123456789ABCDEF
02197820  12 00                                            ..
[>] Decrypt wrapper called — context: 0x2198022

[+] ======= BF_cfb64_encrypt call #857 =======
[+] Mode: DECRYPT
[+] Length: 24 bytes
[+] BF_KEY ptr: 0x219946c
[+] IV ptr: 0x2199439
[+] num ptr: 0x2199430 (value: 2)
[+] IV (8 bytes):
           0  1  2  3  4  5  6  7  8  9  A  B  C  D  E  F  0123456789ABCDEF
02199439  17 4f cd 55 a8 7f 6c 70                          .O.U..lp
[+] Input data (first 24 bytes):
           0  1  2  3  4  5  6  7  8  9  A  B  C  D  E  F  0123456789ABCDEF
02198022  55 5d a0 7e 7c f2 22 a4 6b 53 8a 40 ac 8d 89 b4  U].~|.".kS.@....
02198032  58 3e 2d c3 55 a8 a9 eb                          X>-.U...
[+] Output data after DECRYPT (first 24 bytes):
           0  1  2  3  4  5  6  7  8  9  A  B  C  D  E  F  0123456789ABCDEF
02197820  98 08 08 01 10 82 c4 19 18 00 20 ce a7 d6 e0 01  .......... .....
02197830  54 51 53 65 72 76 65 72                          TQServer
[>] Encrypt wrapper called — context: 0x2198820

[+] ======= BF_cfb64_encrypt call #858 =======
[+] Mode: ENCRYPT
[+] Length: 48 bytes
[+] BF_KEY ptr: 0x219946c
[+] IV ptr: 0x2199441
[+] num ptr: 0x2199434 (value: 7)
[+] IV (8 bytes):
           0  1  2  3  4  5  6  7  8  9  A  B  C  D  E  F  0123456789ABCDEF
02199441  e7 34 3a bf 24 f8 72 a5                          .4:.$.r.
[+] Input data (first 48 bytes):
           0  1  2  3  4  5  6  7  8  9  A  B  C  D  E  F  0123456789ABCDEF
02198820  30 00 33 08 08 fa eb ac 02 38 96 04 40 a6 02 48  0.3......8..@..H
02198830  ac e4 9e a3 04 60 89 01 68 02 70 a2 04 78 aa 02  .....`..h.p..x..
02198840  88 01 ea 07 a0 01 ff ff ff ff ff ff ff ff ff 01  ................
[+] Output data after ENCRYPT (first 48 bytes):
           0  1  2  3  4  5  6  7  8  9  A  B  C  D  E  F  0123456789ABCDEF
02197820  95 20 6a 85 42 6e 1f 98 3c 70 f9 01 9a 43 56 de  . j.Bn..<p...CV.
02197830  95 a2 cd cf 8c 7f 6c 21 c2 84 2b 2d 1d c2 88 3e  ......l!..+-...>
02197840  55 18 dc bd 46 50 b3 e3 ca 9e 26 47 2e 56 6b 8d  U...FP....&G.Vk.
[>] Encrypt wrapper called — context: 0x16f83f8

[+] ======= BF_cfb64_encrypt call #859 =======
[+] Mode: ENCRYPT
[+] Length: 8 bytes
[+] BF_KEY ptr: 0x219946c
[+] IV ptr: 0x2199441
[+] num ptr: 0x2199434 (value: 7)
[+] IV (8 bytes):
           0  1  2  3  4  5  6  7  8  9  A  B  C  D  E  F  0123456789ABCDEF
02199441  9e 26 47 2e 56 6b 8d 80                          .&G.Vk..
[+] Input data (first 8 bytes):
           0  1  2  3  4  5  6  7  8  9  A  B  C  D  E  F  0123456789ABCDEF
016f83f8  54 51 43 6c 69 65 6e 74                          TQClient
[+] Output data after ENCRYPT (first 8 bytes):
           0  1  2  3  4  5  6  7  8  9  A  B  C  D  E  F  0123456789ABCDEF
02197820  d4 48 3d e6 53 89 c6 c2                          .H=.S...
[>] Decrypt wrapper called — context: 0x171afe9c

[+] ======= BF_cfb64_encrypt call #860 =======
[+] Mode: DECRYPT
[+] Length: 2 bytes
[+] BF_KEY ptr: 0x219946c
[+] IV ptr: 0x2199439
[+] num ptr: 0x2199430 (value: 2)
[+] IV (8 bytes):
           0  1  2  3  4  5  6  7  8  9  A  B  C  D  E  F  0123456789ABCDEF
02199439  a9 eb d6 56 02 e0 25 76                          ...V..%v
[+] Input data (first 2 bytes):
           0  1  2  3  4  5  6  7  8  9  A  B  C  D  E  F  0123456789ABCDEF
171afe9c  f1 56                                            .V
[+] Output data after DECRYPT (first 2 bytes):
           0  1  2  3  4  5  6  7  8  9  A  B  C  D  E  F  0123456789ABCDEF
02197820  27 00                                            '.
[>] Decrypt wrapper called — context: 0x2198022

[+] ======= BF_cfb64_encrypt call #861 =======
[+] Mode: DECRYPT
[+] Length: 45 bytes
[+] BF_KEY ptr: 0x219946c
[+] IV ptr: 0x2199439
[+] num ptr: 0x2199430 (value: 4)
[+] IV (8 bytes):
           0  1  2  3  4  5  6  7  8  9  A  B  C  D  E  F  0123456789ABCDEF
02199439  a9 eb f1 56 02 e0 25 76                          ...V..%v
[+] Input data (first 45 bytes):
           0  1  2  3  4  5  6  7  8  9  A  B  C  D  E  F  0123456789ABCDEF
02198022  31 e8 2d 8c 41 39 b0 45 b9 fe 8b 39 dc f2 cf 09  1.-.A9.E...9....
02198032  83 16 38 71 20 67 e0 a8 cf 47 55 8f d9 67 f2 68  ..8q g...GU..g.h
02198042  51 ad 68 19 df 53 cd 75 fc b1 b6 21 a0           Q.h..S.u...!.
[+] Output data after DECRYPT (first 45 bytes):
           0  1  2  3  4  5  6  7  8  9  A  B  C  D  E  F  0123456789ABCDEF
02197820  33 08 08 fa eb ac 02 38 96 04 40 a6 02 48 9c aa  3......8..@..H..
02197830  d6 e0 01 60 89 01 68 02 70 a2 04 78 aa 02 88 01  ...`..h.p..x....
02197840  ea 07 b8 01 00 54 51 53 65 72 76 65 72           .....TQServer
[>] Decrypt wrapper called — context: 0x171afe9c

[+] ======= BF_cfb64_encrypt call #862 =======
[+] Mode: DECRYPT
[+] Length: 2 bytes
[+] BF_KEY ptr: 0x219946c
[+] IV ptr: 0x2199439
[+] num ptr: 0x2199430 (value: 1)
[+] IV (8 bytes):
           0  1  2  3  4  5  6  7  8  9  A  B  C  D  E  F  0123456789ABCDEF
02199439  a0 91 a0 2a 54 a4 d9 25                          ...*T..%
[+] Input data (first 2 bytes):
           0  1  2  3  4  5  6  7  8  9  A  B  C  D  E  F  0123456789ABCDEF
171afe9c  8b a0                                            ..
[+] Output data after DECRYPT (first 2 bytes):
           0  1  2  3  4  5  6  7  8  9  A  B  C  D  E  F  0123456789ABCDEF
02197820  1a 00                                            ..
[>] Decrypt wrapper called — context: 0x2198022

[+] ======= BF_cfb64_encrypt call #863 =======
[+] Mode: DECRYPT
[+] Length: 32 bytes
[+] BF_KEY ptr: 0x219946c
[+] IV ptr: 0x2199439
[+] num ptr: 0x2199430 (value: 3)
[+] IV (8 bytes):
           0  1  2  3  4  5  6  7  8  9  A  B  C  D  E  F  0123456789ABCDEF
02199439  a0 8b a0 2a 54 a4 d9 25                          ...*T..%
[+] Input data (first 32 bytes):
           0  1  2  3  4  5  6  7  8  9  A  B  C  D  E  F  0123456789ABCDEF
02198022  49 5d ac 6e 1b e3 13 47 2f 8b 57 a5 0f 39 17 af  I].n...G/.W..9..
02198032  1c c5 aa df 91 db 1d e3 f7 f8 cf e9 8b 99 ac 14  ................
[+] Output data after DECRYPT (first 32 bytes):
           0  1  2  3  4  5  6  7  8  9  A  B  C  D  E  F  0123456789ABCDEF
02197820  63 09 08 b7 3e 10 b7 3e 18 00 20 8d 04 28 be 02  c...>..>.. ..(..
02197830  30 f2 ad 40 38 02 40 00 54 51 53 65 72 76 65 72  0..@8.@.TQServer
[>] Decrypt wrapper called — context: 0x171afe9c

[+] ======= BF_cfb64_encrypt call #864 =======
[+] Mode: DECRYPT
[+] Length: 2 bytes
[+] BF_KEY ptr: 0x219946c
[+] IV ptr: 0x2199439
[+] num ptr: 0x2199430 (value: 3)
[+] IV (8 bytes):
           0  1  2  3  4  5  6  7  8  9  A  B  C  D  E  F  0123456789ABCDEF
02199439  99 ac 14 39 db 81 08 b0                          ...9....
[+] Input data (first 2 bytes):
           0  1  2  3  4  5  6  7  8  9  A  B  C  D  E  F  0123456789ABCDEF
171afe9c  a7 db                                            ..
[+] Output data after DECRYPT (first 2 bytes):
           0  1  2  3  4  5  6  7  8  9  A  B  C  D  E  F  0123456789ABCDEF
02197820  9e 00                                            ..
[>] Decrypt wrapper called — context: 0x2198022

[+] ======= BF_cfb64_encrypt call #865 =======
[+] Mode: DECRYPT
[+] Length: 164 bytes
[+] BF_KEY ptr: 0x219946c
[+] IV ptr: 0x2199439
[+] num ptr: 0x2199430 (value: 5)
[+] IV (8 bytes):
           0  1  2  3  4  5  6  7  8  9  A  B  C  D  E  F  0123456789ABCDEF
02199439  99 ac 14 a7 db 81 08 b0                          ........
[+] Input data (first 64 bytes):
           0  1  2  3  4  5  6  7  8  9  A  B  C  D  E  F  0123456789ABCDEF
02198022  75 00 b8 51 e0 83 70 1b c9 b8 64 07 48 1d 31 e2  u..Q..p...d.H.1.
02198032  84 1a a0 08 ed 2c 5f 7d 28 6a b4 74 db 48 c3 b2  .....,_}(j.t.H..
02198042  d1 73 9b c9 61 1d 4f 12 2b 35 5b 32 48 0b 67 16  .s..a.O.+5[2H.g.
02198052  9b 1c ed f7 03 60 5e aa 5f a4 50 61 89 33 3c a8  .....`^._.Pa.3<.
[+] Output data after DECRYPT (first 64 bytes):
           0  1  2  3  4  5  6  7  8  9  A  B  C  D  E  F  0123456789ABCDEF
02197820  f4 08 08 e7 01 10 f6 c3 19 18 00 20 00 28 00 30  ........... .(.0
02197830  00 30 00 30 00 30 00 30 00 30 00 30 00 30 00 30  .0.0.0.0.0.0.0.0
02197840  00 30 00 30 00 30 00 30 00 30 00 30 00 30 00 30  .0.0.0.0.0.0.0.0
02197850  00 30 00 40 00 48 00 50 00 58 00 60 00 78 00 b8  .0.@.H.P.X.`.x..
[>] Encrypt wrapper called — context: 0x2198820

[+] ======= BF_cfb64_encrypt call #866 =======
[+] Mode: ENCRYPT
[+] Length: 48 bytes
[+] BF_KEY ptr: 0x219946c
[+] IV ptr: 0x2199441
[+] num ptr: 0x2199434 (value: 7)
[+] IV (8 bytes):
           0  1  2  3  4  5  6  7  8  9  A  B  C  D  E  F  0123456789ABCDEF
02199441  48 3d e6 53 89 c6 c2 f8                          H=.S....
[+] Input data (first 48 bytes):
           0  1  2  3  4  5  6  7  8  9  A  B  C  D  E  F  0123456789ABCDEF
02198820  30 00 33 08 08 fa eb ac 02 38 8c 04 40 a1 02 48  0.3......8..@..H
02198830  8a ec 9e a3 04 60 89 01 68 03 70 96 04 78 a6 02  .....`..h.p..x..
02198840  88 01 ea 07 a0 01 ff ff ff ff ff ff ff ff ff 01  ................
[+] Output data after ENCRYPT (first 48 bytes):
           0  1  2  3  4  5  6  7  8  9  A  B  C  D  E  F  0123456789ABCDEF
02197820  c8 fc 1e 77 2c 50 23 18 0f 6a a5 41 c1 d8 ec d6  ...w,P#..j.A....
02197830  29 7f 26 26 23 7c df 64 52 b6 9e 49 8c 72 9d 82  ).&&#|.dR..I.r..
02197840  c1 34 ea 74 9f 85 4b 84 c7 f0 2a 42 3c 32 3b ff  .4.t..K...*B<2;.
[>] Encrypt wrapper called — context: 0x16f83f8

[+] ======= BF_cfb64_encrypt call #867 =======
[+] Mode: ENCRYPT
[+] Length: 8 bytes
[+] BF_KEY ptr: 0x219946c
[+] IV ptr: 0x2199441
[+] num ptr: 0x2199434 (value: 7)
[+] IV (8 bytes):
           0  1  2  3  4  5  6  7  8  9  A  B  C  D  E  F  0123456789ABCDEF
02199441  f0 2a 42 3c 32 3b ff d8                          .*B<2;..
[+] Input data (first 8 bytes):
           0  1  2  3  4  5  6  7  8  9  A  B  C  D  E  F  0123456789ABCDEF
016f83f8  54 51 43 6c 69 65 6e 74                          TQClient
[+] Output data after ENCRYPT (first 8 bytes):
           0  1  2  3  4  5  6  7  8  9  A  B  C  D  E  F  0123456789ABCDEF
02197820  8c 29 63 4c 7f 5c 64 31                          .)cL.\d1
[>] Decrypt wrapper called — context: 0x171afe9c

[+] ======= BF_cfb64_encrypt call #868 =======
[+] Mode: DECRYPT
[+] Length: 2 bytes
[+] BF_KEY ptr: 0x219946c
[+] IV ptr: 0x2199439
[+] num ptr: 0x2199430 (value: 1)
[+] IV (8 bytes):
           0  1  2  3  4  5  6  7  8  9  A  B  C  D  E  F  0123456789ABCDEF
02199439  66 3b 1b 50 9f 77 08 e0                          f;.P.w..
[+] Input data (first 2 bytes):
           0  1  2  3  4  5  6  7  8  9  A  B  C  D  E  F  0123456789ABCDEF
171afe9c  1c 1b                                            ..
[+] Output data after DECRYPT (first 2 bytes):
           0  1  2  3  4  5  6  7  8  9  A  B  C  D  E  F  0123456789ABCDEF
02197820  27 00                                            '.
[>] Decrypt wrapper called — context: 0x2198022

[+] ======= BF_cfb64_encrypt call #869 =======
[+] Mode: DECRYPT
[+] Length: 45 bytes
[+] BF_KEY ptr: 0x219946c
[+] IV ptr: 0x2199439
[+] num ptr: 0x2199430 (value: 3)
[+] IV (8 bytes):
           0  1  2  3  4  5  6  7  8  9  A  B  C  D  E  F  0123456789ABCDEF
02199439  66 1c 1b 50 9f 77 08 e0                          f..P.w..
[+] Input data (first 45 bytes):
           0  1  2  3  4  5  6  7  8  9  A  B  C  D  E  F  0123456789ABCDEF
02198022  63 97 7f f2 0b e2 b1 92 68 c7 84 03 19 bf e5 89  c.......h.......
02198032  3d b7 29 ad 98 23 a1 ad ce 17 86 4d 05 b9 eb e5  =.)..#.....M....
02198042  b1 fa 19 b4 9f ee 79 5a 4b 7f 06 aa 82           ......yZK....
[+] Output data after DECRYPT (first 45 bytes):
           0  1  2  3  4  5  6  7  8  9  A  B  C  D  E  F  0123456789ABCDEF
02197820  33 08 08 fa eb ac 02 38 8c 04 40 a1 02 48 f8 b1  3......8..@..H..
02197830  d6 e0 01 60 89 01 68 03 70 96 04 78 a6 02 88 01  ...`..h.p..x....
02197840  ea 07 b8 01 00 54 51 53 65 72 76 65 72           .....TQServer
[>] Encrypt wrapper called — context: 0x2198820

[+] ======= BF_cfb64_encrypt call #870 =======
[+] Mode: ENCRYPT
[+] Length: 48 bytes
[+] BF_KEY ptr: 0x219946c
[+] IV ptr: 0x2199441
[+] num ptr: 0x2199434 (value: 7)
[+] IV (8 bytes):
           0  1  2  3  4  5  6  7  8  9  A  B  C  D  E  F  0123456789ABCDEF
02199441  29 63 4c 7f 5c 64 31 8d                          )cL.\d1.
[+] Input data (first 48 bytes):
           0  1  2  3  4  5  6  7  8  9  A  B  C  D  E  F  0123456789ABCDEF
02198820  30 00 33 08 08 fa eb ac 02 38 89 04 40 a0 02 48  0.3......8..@..H
02198830  82 f2 9e a3 04 60 89 01 68 02 70 8c 04 78 a1 02  .....`..h.p..x..
02198840  88 01 ea 07 a0 01 ff ff ff ff ff ff ff ff ff 01  ................
[+] Output data after ENCRYPT (first 48 bytes):
           0  1  2  3  4  5  6  7  8  9  A  B  C  D  E  F  0123456789ABCDEF
02197820  bd 97 eb cf 89 e0 ab 37 05 d5 65 a7 96 8f 21 bb  .......7..e...!.
02197830  60 ce 77 71 ed 83 08 4c 82 b1 d6 dc ef 9a 72 2d  `.wq...L......r-
02197840  83 31 74 a8 96 3a e2 4e be 79 64 af ff 60 de c7  .1t..:.N.yd..`..
[>] Encrypt wrapper called — context: 0x16f83f8

[+] ======= BF_cfb64_encrypt call #871 =======
[+] Mode: ENCRYPT
[+] Length: 8 bytes
[+] BF_KEY ptr: 0x219946c
[+] IV ptr: 0x2199441
[+] num ptr: 0x2199434 (value: 7)
[+] IV (8 bytes):
           0  1  2  3  4  5  6  7  8  9  A  B  C  D  E  F  0123456789ABCDEF
02199441  79 64 af ff 60 de c7 ae                          yd..`...
[+] Input data (first 8 bytes):
           0  1  2  3  4  5  6  7  8  9  A  B  C  D  E  F  0123456789ABCDEF
016f83f8  54 51 43 6c 69 65 6e 74                          TQClient
[+] Output data after ENCRYPT (first 8 bytes):
           0  1  2  3  4  5  6  7  8  9  A  B  C  D  E  F  0123456789ABCDEF
02197820  fa c4 9f 81 4e bb cd 3e                          ....N..>
[>] Decrypt wrapper called — context: 0x171afe9c

[+] ======= BF_cfb64_encrypt call #872 =======
[+] Mode: DECRYPT
[+] Length: 2 bytes
[+] BF_KEY ptr: 0x219946c
[+] IV ptr: 0x2199439
[+] num ptr: 0x2199430 (value: 0)
[+] IV (8 bytes):
           0  1  2  3  4  5  6  7  8  9  A  B  C  D  E  F  0123456789ABCDEF
02199439  ee 79 5a 4b 7f 06 aa 82                          .yZK....
[+] Input data (first 2 bytes):
           0  1  2  3  4  5  6  7  8  9  A  B  C  D  E  F  0123456789ABCDEF
171afe9c  39 db                                            9.
[+] Output data after DECRYPT (first 2 bytes):
           0  1  2  3  4  5  6  7  8  9  A  B  C  D  E  F  0123456789ABCDEF
02197820  27 00                                            '.
[>] Decrypt wrapper called — context: 0x2198022

[+] ======= BF_cfb64_encrypt call #873 =======
[+] Mode: DECRYPT
[+] Length: 45 bytes
[+] BF_KEY ptr: 0x219946c
[+] IV ptr: 0x2199439
[+] num ptr: 0x2199430 (value: 2)
[+] IV (8 bytes):
           0  1  2  3  4  5  6  7  8  9  A  B  C  D  E  F  0123456789ABCDEF
02199439  39 db ad 50 37 ac 05 68                          9..P7..h
[+] Input data (first 45 bytes):
           0  1  2  3  4  5  6  7  8  9  A  B  C  D  E  F  0123456789ABCDEF
02198022  9e 58 3f 56 ee c4 3b 70 0a bc 0b 56 87 29 be 0a  .X?V..;p...V.)..
02198032  53 eb 78 f4 2a 69 f4 ee 6d 17 33 a6 81 44 d9 51  S.x.*i..m.3..D.Q
02198042  d4 f3 08 db 04 f6 62 1f 00 61 35 db 14           ......b..a5..
[+] Output data after DECRYPT (first 45 bytes):
           0  1  2  3  4  5  6  7  8  9  A  B  C  D  E  F  0123456789ABCDEF
02197820  33 08 08 fa eb ac 02 38 89 04 40 a0 02 48 ef b7  3......8..@..H..
02197830  d6 e0 01 60 89 01 68 02 70 8c 04 78 a1 02 88 01  ...`..h.p..x....
02197840  ea 07 b8 01 00 54 51 53 65 72 76 65 72           .....TQServer
[>] Encrypt wrapper called — context: 0x2198820

[+] ======= BF_cfb64_encrypt call #874 =======
[+] Mode: ENCRYPT
[+] Length: 23 bytes
[+] BF_KEY ptr: 0x219946c
[+] IV ptr: 0x2199441
[+] num ptr: 0x2199434 (value: 7)
[+] IV (8 bytes):
           0  1  2  3  4  5  6  7  8  9  A  B  C  D  E  F  0123456789ABCDEF
02199441  c4 9f 81 4e bb cd 3e 18                          ...N..>.
[+] Input data (first 23 bytes):
           0  1  2  3  4  5  6  7  8  9  A  B  C  D  E  F  0123456789ABCDEF
02198820  17 00 98 08 08 a5 01 10 fa eb ac 02 18 01 20 d5  .............. .
02198830  fe 9e a3 04 28 ea 07                             ....(..
[+] Output data after ENCRYPT (first 23 bytes):
           0  1  2  3  4  5  6  7  8  9  A  B  C  D  E  F  0123456789ABCDEF
02197820  0f 6d d3 85 af a8 a3 40 7f 17 36 c0 2c 0e ca f9  .m.....@..6.,...
02197830  e5 04 7a cb ea 05 8d                             ..z....
[>] Encrypt wrapper called — context: 0x16f83f8

[+] ======= BF_cfb64_encrypt call #875 =======
[+] Mode: ENCRYPT
[+] Length: 8 bytes
[+] BF_KEY ptr: 0x219946c
[+] IV ptr: 0x2199441
[+] num ptr: 0x2199434 (value: 6)
[+] IV (8 bytes):
           0  1  2  3  4  5  6  7  8  9  A  B  C  D  E  F  0123456789ABCDEF
02199441  04 7a cb ea 05 8d f3 46                          .z.....F
[+] Input data (first 8 bytes):
           0  1  2  3  4  5  6  7  8  9  A  B  C  D  E  F  0123456789ABCDEF
016f83f8  54 51 43 6c 69 65 6e 74                          TQClient
[+] Output data after ENCRYPT (first 8 bytes):
           0  1  2  3  4  5  6  7  8  9  A  B  C  D  E  F  0123456789ABCDEF
02197820  a7 17 18 89 29 14 9c a8                          ....)...
[>] Decrypt wrapper called — context: 0x171afe9c

[+] ======= BF_cfb64_encrypt call #876 =======
[+] Mode: DECRYPT
[+] Length: 2 bytes
[+] BF_KEY ptr: 0x219946c
[+] IV ptr: 0x2199439
[+] num ptr: 0x2199430 (value: 7)
[+] IV (8 bytes):
           0  1  2  3  4  5  6  7  8  9  A  B  C  D  E  F  0123456789ABCDEF
02199439  62 1f 00 61 35 db 14 d8                          b..a5...
[+] Input data (first 2 bytes):
           0  1  2  3  4  5  6  7  8  9  A  B  C  D  E  F  0123456789ABCDEF
171afe9c  cc 32                                            .2
[+] Output data after DECRYPT (first 2 bytes):
           0  1  2  3  4  5  6  7  8  9  A  B  C  D  E  F  0123456789ABCDEF
02197820  14 00                                            ..
[>] Decrypt wrapper called — context: 0x2198022

[+] ======= BF_cfb64_encrypt call #877 =======
[+] Mode: DECRYPT
[+] Length: 26 bytes
[+] BF_KEY ptr: 0x219946c
[+] IV ptr: 0x2199439
[+] num ptr: 0x2199430 (value: 1)
[+] IV (8 bytes):
           0  1  2  3  4  5  6  7  8  9  A  B  C  D  E  F  0123456789ABCDEF
02199439  32 fc 0d de eb b6 34 89                          2.....4.
[+] Input data (first 26 bytes):
           0  1  2  3  4  5  6  7  8  9  A  B  C  D  E  F  0123456789ABCDEF
02198022  64 05 d6 4e b7 24 73 83 43 98 1b dc d8 1e 9b eb  d..N.$s.C.......
02198032  6e 26 53 db bd 68 ae d9 4f 70                    n&S..h..Op
[+] Output data after DECRYPT (first 26 bytes):
           0  1  2  3  4  5  6  7  8  9  A  B  C  D  E  F  0123456789ABCDEF
02197820  98 08 08 a5 01 10 fa eb ac 02 18 01 20 d2 c4 d6  ............ ...
02197830  e0 01 54 51 53 65 72 76 65 72                    ..TQServer
[>] Encrypt wrapper called — context: 0x2198820

[+] ======= BF_cfb64_encrypt call #878 =======
[+] Mode: ENCRYPT
[+] Length: 12 bytes
[+] BF_KEY ptr: 0x219946c
[+] IV ptr: 0x2199441
[+] num ptr: 0x2199434 (value: 6)
[+] IV (8 bytes):
           0  1  2  3  4  5  6  7  8  9  A  B  C  D  E  F  0123456789ABCDEF
02199441  18 89 29 14 9c a8 dc 09                          ..).....
[+] Input data (first 12 bytes):
           0  1  2  3  4  5  6  7  8  9  A  B  C  D  E  F  0123456789ABCDEF
02198820  0c 00 36 0a 00 00 00 00 95 c1 67 44              ..6.......gD
[+] Output data after ENCRYPT (first 12 bytes):
           0  1  2  3  4  5  6  7  8  9  A  B  C  D  E  F  0123456789ABCDEF
02197820  d0 09 58 a0 53 36 a4 f8 e0 bb dc 06              ..X.S6......
[>] Encrypt wrapper called — context: 0x16f83f8

[+] ======= BF_cfb64_encrypt call #879 =======
[+] Mode: ENCRYPT
[+] Length: 8 bytes
[+] BF_KEY ptr: 0x219946c
[+] IV ptr: 0x2199441
[+] num ptr: 0x2199434 (value: 2)
[+] IV (8 bytes):
           0  1  2  3  4  5  6  7  8  9  A  B  C  D  E  F  0123456789ABCDEF
02199441  dc 06 96 d7 3b 5c fa 85                          ....;\..
[+] Input data (first 8 bytes):
           0  1  2  3  4  5  6  7  8  9  A  B  C  D  E  F  0123456789ABCDEF
016f83f8  54 51 43 6c 69 65 6e 74                          TQClient
[+] Output data after ENCRYPT (first 8 bytes):
           0  1  2  3  4  5  6  7  8  9  A  B  C  D  E  F  0123456789ABCDEF
02197820  c2 86 78 30 93 e0 ef 22                          ..x0..."
